DOI,LOI_instrument,LOI_locator,LOI_pct,LOI_standard,R400_pct,R500_pct,R600_pct,R700_pct,T10_C,TGA_instrument,TG_end_C,TG_locator,TG_start_C,Tmax1_C,Tmax2_C,atmosphere,composition,conditions_locator,dataset_type,direct_numeric_use,evidence_reviewed_at,evidence_reviewed_by,heating_rate_C_min,journal,limitations,material_category,material_form,material_form_LOI,material_form_TGA,native_sample_label,numeric_evidence_type,pairing_evidence,pairing_status,publication_type,publication_type_evidence,residue_pct,residue_temp_C,review_disposition,reviewed_measurement_fingerprint,sample_state,source_BaCl2_bath_g_L,source_CH_MW_kDa,source_CH_bath_wt_pct,source_CH_deacetylation_pct,source_FR_bath_pct,source_FR_bath_percent_basis,source_K2CO3_coating_statement_mg_mL,source_K2CO3_solution_preparation_mg_mL,source_LOI_Lewis_synergist_reference_pct,source_LOI_Table1_mean_pct,source_LOI_Table1_replicates_pct,source_LOI_Table4_abstract_pct,source_LOI_conflict_scope,source_LOI_instrument,source_LOI_replicates,source_LOI_specimen_size_mm,source_LOI_uncertainty_pct,source_Onset_hold,source_PA_bath_wt_pct,source_SI_S2_loading_basis,source_SI_S2_reported_loading_pct,source_SI_S4_mass_at_200C_pct,source_SI_S4_mass_at_300C_pct,source_SI_S4_mass_at_400C_pct,source_SI_S4_mass_at_500C_pct,source_SI_S4_mass_at_600C_pct,source_SI_S4_mass_at_700C_pct,source_SI_S5_Endset_C,source_SI_S5_Onset_C,source_SI_S5_TG_run_end_C,source_SI_S5_TG_run_start_C,source_SI_S5_midpoint_C,source_SI_S5_weight_loss_pct,source_SI_S6_DSC_enthalpy_J_g,source_SI_S6_DSC_peak_C,source_SI_url,source_TG_flow,source_TG_flow_mL_min,source_TG_mass_mg,source_TG_replicates,source_TG_start,source_Tmax_label,source_Vmax1_pct_C,source_Vmax2_pct_C,source_catalyst_dicyandiamide_pct,source_catalyst_percent_basis,source_coating_GO_FGO_mg_mL,source_deposition_count,source_document_version,source_feed_ratio,source_horizontal_burning_rate_SD_mm_s,source_horizontal_burning_rate_mm_s,source_horizontal_char_length_mm,source_location,source_main_TG_nominal_end_C,source_measured_weight_gain_pct_owf,source_preparation,source_time_complete_burning_s,source_title,source_url,source_washing_cycles,source_weight_gain_SD_pct,source_weight_gain_replicates,source_weight_gain_uncertainty_pct,source_weight_gain_uncertainty_type,supplement_review_status,treatment_method,treatment_state,washing_state,year
10.1016/j.ijbiomac.2019.08.049,"5801A,VOUCH,China",MainTable4PDFp7/printed309;abstractPDFp1/303;LewisreferenceEq1PDFp6/308,16.2,GB/T5454;editionunreported,,,0,,341.2,"STA PT1600,Linseis,Germany",600,MainTable1/Fig4PDFp5/printed307;thermalprosePDFpp3-5/printed305-307,,360.9,,N2,Control,MainmethodsPDFp2/printed304,literature,TG+LOI,2026-10-01,Codexcomplete8nativepublisherpages/tables/figures/methods;oneprimaryreviewer,15,International Journal of Biological Macromolecules,"All8nativepublisherjournalpages303-310reviewed. Owninitialcottonfabric4orderedcoatingstates matchTable1PDFp5/printed307TGandTable4PDFp7/printed309LOI;methodsPDFp2/printed304,N2/air15C/minroomtemp-600C. InitialdegradationT-10%is10%masslossthreshold,notT5/Tonset;genericTmaxstoredinlegacysinglemaximumTmax1withunnumberedsource label,notcompleteDTGstageenumeration. Table1sourceTGcontrolR600zero inbothgases retained,notmissing;MCCresidue3.65/29.7andpeakTp/heatratesarenotTG. SourceLOIcontrol16.2isownTable4andabstract,notgenericcotton18.1. PA/Ba/PA/BaTable4/abstract18.0contrastsLewisEq1PDFp6/printed308unnamedcotton-plus-synergistLOIs16.4;recipe/stateidentityof16.4groupunresolved. Donotassumeseparategroupnorcorrecttable;holdPA/BabothgasconditionswithcanonicalLOIblank/rawreports18.0/16.4untilcomparison-scope clarified. Other3ownstatesuncontested. NativeTable1/Fig2addon0.6[0.3]/10.7[0.5]/5.2[0.5]SDof5measurements;onlyaddonbracketed,noinventedTGnumericSDorassayspecificreplicatecount. ControladdonTabledashnotzeroinferred. LOIreplicates/uncertainty, TGmass/flow/specificrepeatsunreported;MCC4.5-5mg1C/snotTG15C/min. 120x50mmLOIspecimensnothorizontal80x160mm. GB/T5454editionunreported. CHbath1wt%/PA3wt%/Ba4gLnotdrycomponentfractions;NaOH10wt%pretreatmentnotdosage/wash. CHMW50-190kDa80-95%deacetylatedreported;massofmeasuredfinishrelativeuncoatedcontrolnoassumedcomponentfractions. WaterdurabilityDIstir300rpm6h/dry60C6hhasthreehorizontalflammability-onlystatesTable3/Fig9,nocorrespondingLOI/TG;notlaunderingstandard/homeLCs. NoSIcitedincomplete8pages;oneprimaryreviewer,noindependentphysicalreplicate/reviewerclaim. PublishedjournalVORvolume140pp303-310DOI/title/authorsavailable12Aug2019. Allpriorstatespreserved;sourceversionrelatedreuseauditedbeforeadmission.",cotton,"Cotton fabric;121g/m2;Hongda Fabric Industry,Hebei;weavepatternunreported","Cotton fabric;121g/m2;Hongda Fabric Industry,Hebei;weavepatternunreported","Cotton fabric;121g/m2;Hongda Fabric Industry,Hebei;weavepatternunreported",Control,tabulated,"Owninitial121g/m2cottonfabricfourorderedcoatings;exactTable1Table4source labels,regularN2/airTGrate15andLOI;no washedfabrics/constituentfiber/MCC transfer",verified_exact,journal_article,NativepublishedjournalPDFp1DOI/title/authors/volume140pages303-310/2019;notauthorpreprint,0,600,source_review_approved,313da695de3d078ba633832fdf7bfbf3831cd64d9536292af2e377a1b4531094,Control,,,,,,,,,,,,,,,,120x50,,,,,,,,,,,,,,,,,,,,,Unreported,,,,Roomtemperature;numericstartunreported,"Tmax,unnumberedmaximumdegradationratetemperature;legacyTmax1doesnotclaimcompleteDTGstageorder",,,,,,,Native publisher journal version ofrecord;volume140pages303-310;available12Aug2019,,,,,MainTable1PDFp5/307;Table4PDFp7/309;methodsPDFp2/304,,,"Precleanwithcommondetergent,ethanol,DIwater;dry60C6h. CoatedfabricsNaOH10wt%RT10minmercerizationbeforedeposition,ovendrytemperatureunreported;controlmercerizationunreported. CH1wt%DIinitialpH2HCl,stir>24h;PA3wt%bathpreparedfrom70wt%aqueousstock,stir24h;bothadjustpH4beforedeposition. BaCl2aqueous4g/L. Fourordereddepositonsbyname,eachdip5min,pad,dry80C3min;finaldry60C3h;wetpickup/catalystunreported.",,"Eco-friendly flame retardant coating deposited on cotton fabrics from bio-based chitosan, phytic acid and divalent metal ions",https://doi.org/10.1016/j.ijbiomac.2019.08.049,,,,,,NoSIcitedincomplete8nativepages;exactlocalinventoryonePDF;noSIreviewclaim,Ownuncoatedprecleanedfabric;controlmercerizationunreported,Initial prepared fabric state,Initial prepared state;precleaning/mercerizationnotdurabilitywaterwash,2019
10.1016/j.ijbiomac.2019.08.049,"5801A,VOUCH,China",MainTable4PDFp7/printed309;abstractPDFp1/303;LewisreferenceEq1PDFp6/308,16.2,GB/T5454;editionunreported,,,0,,331.8,"STA PT1600,Linseis,Germany",600,MainTable1/Fig4PDFp5/printed307;thermalprosePDFpp3-5/printed305-307,,355.7,,air,Control,MainmethodsPDFp2/printed304,literature,TG+LOI,2026-10-01,Codexcomplete8nativepublisherpages/tables/figures/methods;oneprimaryreviewer,15,International Journal of Biological Macromolecules,"All8nativepublisherjournalpages303-310reviewed. Owninitialcottonfabric4orderedcoatingstates matchTable1PDFp5/printed307TGandTable4PDFp7/printed309LOI;methodsPDFp2/printed304,N2/air15C/minroomtemp-600C. InitialdegradationT-10%is10%masslossthreshold,notT5/Tonset;genericTmaxstoredinlegacysinglemaximumTmax1withunnumberedsource label,notcompleteDTGstageenumeration. Table1sourceTGcontrolR600zero inbothgases retained,notmissing;MCCresidue3.65/29.7andpeakTp/heatratesarenotTG. SourceLOIcontrol16.2isownTable4andabstract,notgenericcotton18.1. PA/Ba/PA/BaTable4/abstract18.0contrastsLewisEq1PDFp6/printed308unnamedcotton-plus-synergistLOIs16.4;recipe/stateidentityof16.4groupunresolved. Donotassumeseparategroupnorcorrecttable;holdPA/BabothgasconditionswithcanonicalLOIblank/rawreports18.0/16.4untilcomparison-scope clarified. Other3ownstatesuncontested. NativeTable1/Fig2addon0.6[0.3]/10.7[0.5]/5.2[0.5]SDof5measurements;onlyaddonbracketed,noinventedTGnumericSDorassayspecificreplicatecount. ControladdonTabledashnotzeroinferred. LOIreplicates/uncertainty, TGmass/flow/specificrepeatsunreported;MCC4.5-5mg1C/snotTG15C/min. 120x50mmLOIspecimensnothorizontal80x160mm. GB/T5454editionunreported. CHbath1wt%/PA3wt%/Ba4gLnotdrycomponentfractions;NaOH10wt%pretreatmentnotdosage/wash. CHMW50-190kDa80-95%deacetylatedreported;massofmeasuredfinishrelativeuncoatedcontrolnoassumedcomponentfractions. WaterdurabilityDIstir300rpm6h/dry60C6hhasthreehorizontalflammability-onlystatesTable3/Fig9,nocorrespondingLOI/TG;notlaunderingstandard/homeLCs. NoSIcitedincomplete8pages;oneprimaryreviewer,noindependentphysicalreplicate/reviewerclaim. PublishedjournalVORvolume140pp303-310DOI/title/authorsavailable12Aug2019. Allpriorstatespreserved;sourceversionrelatedreuseauditedbeforeadmission.",cotton,"Cotton fabric;121g/m2;Hongda Fabric Industry,Hebei;weavepatternunreported","Cotton fabric;121g/m2;Hongda Fabric Industry,Hebei;weavepatternunreported","Cotton fabric;121g/m2;Hongda Fabric Industry,Hebei;weavepatternunreported",Control,tabulated,"Owninitial121g/m2cottonfabricfourorderedcoatings;exactTable1Table4source labels,regularN2/airTGrate15andLOI;no washedfabrics/constituentfiber/MCC transfer",verified_exact,journal_article,NativepublishedjournalPDFp1DOI/title/authors/volume140pages303-310/2019;notauthorpreprint,0,600,source_review_approved,77896b3accd9e68ec2e19dd1706292aff4355cceafcd98c2dc1a96d811a8bdf3,Control,,,,,,,,,,,,,,,,120x50,,,,,,,,,,,,,,,,,,,,,Unreported,,,,Roomtemperature;numericstartunreported,"Tmax,unnumberedmaximumdegradationratetemperature;legacyTmax1doesnotclaimcompleteDTGstageorder",,,,,,,Native publisher journal version ofrecord;volume140pages303-310;available12Aug2019,,,,,MainTable1PDFp5/307;Table4PDFp7/309;methodsPDFp2/304,,,"Precleanwithcommondetergent,ethanol,DIwater;dry60C6h. CoatedfabricsNaOH10wt%RT10minmercerizationbeforedeposition,ovendrytemperatureunreported;controlmercerizationunreported. CH1wt%DIinitialpH2HCl,stir>24h;PA3wt%bathpreparedfrom70wt%aqueousstock,stir24h;bothadjustpH4beforedeposition. BaCl2aqueous4g/L. Fourordereddepositonsbyname,eachdip5min,pad,dry80C3min;finaldry60C3h;wetpickup/catalystunreported.",,"Eco-friendly flame retardant coating deposited on cotton fabrics from bio-based chitosan, phytic acid and divalent metal ions",https://doi.org/10.1016/j.ijbiomac.2019.08.049,,,,,,NoSIcitedincomplete8nativepages;exactlocalinventoryonePDF;noSIreviewclaim,Ownuncoatedprecleanedfabric;controlmercerizationunreported,Initial prepared fabric state,Initial prepared state;precleaning/mercerizationnotdurabilitywaterwash,2019
10.1016/j.ijbiomac.2019.08.049,"5801A,VOUCH,China",MainTable4PDFp7/printed309;abstractPDFp1/303;LewisreferenceEq1PDFp6/308,,GB/T5454;editionunreported,,,17.0,,278.6,"STA PT1600,Linseis,Germany",600,MainTable1/Fig4PDFp5/printed307;thermalprosePDFpp3-5/printed305-307,,332.4,,N2,PA/Ba/PA/Ba,MainmethodsPDFp2/printed304,literature,TG-only;LOIreferencehold,2026-10-01,Codexcomplete8nativepublisherpages/tables/figures/methods;oneprimaryreviewer,15,International Journal of Biological Macromolecules,"All8nativepublisherjournalpages303-310reviewed. Owninitialcottonfabric4orderedcoatingstates matchTable1PDFp5/printed307TGandTable4PDFp7/printed309LOI;methodsPDFp2/printed304,N2/air15C/minroomtemp-600C. InitialdegradationT-10%is10%masslossthreshold,notT5/Tonset;genericTmaxstoredinlegacysinglemaximumTmax1withunnumberedsource label,notcompleteDTGstageenumeration. Table1sourceTGcontrolR600zero inbothgases retained,notmissing;MCCresidue3.65/29.7andpeakTp/heatratesarenotTG. SourceLOIcontrol16.2isownTable4andabstract,notgenericcotton18.1. PA/Ba/PA/BaTable4/abstract18.0contrastsLewisEq1PDFp6/printed308unnamedcotton-plus-synergistLOIs16.4;recipe/stateidentityof16.4groupunresolved. Donotassumeseparategroupnorcorrecttable;holdPA/BabothgasconditionswithcanonicalLOIblank/rawreports18.0/16.4untilcomparison-scope clarified. Other3ownstatesuncontested. NativeTable1/Fig2addon0.6[0.3]/10.7[0.5]/5.2[0.5]SDof5measurements;onlyaddonbracketed,noinventedTGnumericSDorassayspecificreplicatecount. ControladdonTabledashnotzeroinferred. LOIreplicates/uncertainty, TGmass/flow/specificrepeatsunreported;MCC4.5-5mg1C/snotTG15C/min. 120x50mmLOIspecimensnothorizontal80x160mm. GB/T5454editionunreported. CHbath1wt%/PA3wt%/Ba4gLnotdrycomponentfractions;NaOH10wt%pretreatmentnotdosage/wash. CHMW50-190kDa80-95%deacetylatedreported;massofmeasuredfinishrelativeuncoatedcontrolnoassumedcomponentfractions. WaterdurabilityDIstir300rpm6h/dry60C6hhasthreehorizontalflammability-onlystatesTable3/Fig9,nocorrespondingLOI/TG;notlaunderingstandard/homeLCs. NoSIcitedincomplete8pages;oneprimaryreviewer,noindependentphysicalreplicate/reviewerclaim. PublishedjournalVORvolume140pp303-310DOI/title/authorsavailable12Aug2019. Allpriorstatespreserved;sourceversionrelatedreuseauditedbeforeadmission.",cotton,"Cotton fabric;121g/m2;Hongda Fabric Industry,Hebei;weavepatternunreported","Cotton fabric;121g/m2;Hongda Fabric Industry,Hebei;weavepatternunreported","Cotton fabric;121g/m2;Hongda Fabric Industry,Hebei;weavepatternunreported",PA/Ba/PA/Ba,tabulated,"Owninitial121g/m2cottonfabricfourorderedcoatings;exactTable1Table4source labels,regularN2/airTGrate15andLOI;no washedfabrics/constituentfiber/MCC transfer",held_LOI_synergy_reference_scope_unresolved,journal_article,NativepublishedjournalPDFp1DOI/title/authors/volume140pages303-310/2019;notauthorpreprint,17.0,600,held_outside_verified_target,,PA/Ba/PA/Ba,4,,,,,,,,16.4,,,18.0,Recipe/stateidentityof16.4Lewisreference unresolvedrelativePA/Ba18.0Table4;canonicalLOIblankandbothgasconditionsheld,,,120x50,,,3,,,,,,,,,,,,,,,,,,Unreported,,,,Roomtemperature;numericstartunreported,"Tmax,unnumberedmaximumdegradationratetemperature;legacyTmax1doesnotclaimcompleteDTGstageorder",,,,,,4,Native publisher journal version ofrecord;volume140pages303-310;available12Aug2019,,,,,MainTable1PDFp5/307;Table4PDFp7/309;methodsPDFp2/304,,0.6,"Precleanwithcommondetergent,ethanol,DIwater;dry60C6h. CoatedfabricsNaOH10wt%RT10minmercerizationbeforedeposition,ovendrytemperatureunreported;controlmercerizationunreported. CH1wt%DIinitialpH2HCl,stir>24h;PA3wt%bathpreparedfrom70wt%aqueousstock,stir24h;bothadjustpH4beforedeposition. BaCl2aqueous4g/L. Fourordereddepositonsbyname,eachdip5min,pad,dry80C3min;finaldry60C3h;wetpickup/catalystunreported.",,"Eco-friendly flame retardant coating deposited on cotton fabrics from bio-based chitosan, phytic acid and divalent metal ions",https://doi.org/10.1016/j.ijbiomac.2019.08.049,,0.3,5,,,NoSIcitedincomplete8nativepages;exactlocalinventoryonePDF;noSIreviewclaim,"Precleanwithcommondetergent,ethanol,DIwater;dry60C6h. CoatedfabricsNaOH10wt%RT10minmercerizationbeforedeposition,ovendrytemperatureunreported;controlmercerizationunreported. CH1wt%DIinitialpH2HCl,stir>24h;PA3wt%bathpreparedfrom70wt%aqueousstock,stir24h;bothadjustpH4beforedeposition. BaCl2aqueous4g/L. Fourordereddepositonsbyname,eachdip5min,pad,dry80C3min;finaldry60C3h;wetpickup/catalystunreported.",Initial prepared fabric state,Initial prepared state;precleaning/mercerizationnotdurabilitywaterwash,2019
10.1016/j.ijbiomac.2019.08.049,"5801A,VOUCH,China",MainTable4PDFp7/printed309;abstractPDFp1/303;LewisreferenceEq1PDFp6/308,,GB/T5454;editionunreported,,,2.4,,268.4,"STA PT1600,Linseis,Germany",600,MainTable1/Fig4PDFp5/printed307;thermalprosePDFpp3-5/printed305-307,,324.6,,air,PA/Ba/PA/Ba,MainmethodsPDFp2/printed304,literature,TG-only;LOIreferencehold,2026-10-01,Codexcomplete8nativepublisherpages/tables/figures/methods;oneprimaryreviewer,15,International Journal of Biological Macromolecules,"All8nativepublisherjournalpages303-310reviewed. Owninitialcottonfabric4orderedcoatingstates matchTable1PDFp5/printed307TGandTable4PDFp7/printed309LOI;methodsPDFp2/printed304,N2/air15C/minroomtemp-600C. InitialdegradationT-10%is10%masslossthreshold,notT5/Tonset;genericTmaxstoredinlegacysinglemaximumTmax1withunnumberedsource label,notcompleteDTGstageenumeration. Table1sourceTGcontrolR600zero inbothgases retained,notmissing;MCCresidue3.65/29.7andpeakTp/heatratesarenotTG. SourceLOIcontrol16.2isownTable4andabstract,notgenericcotton18.1. PA/Ba/PA/BaTable4/abstract18.0contrastsLewisEq1PDFp6/printed308unnamedcotton-plus-synergistLOIs16.4;recipe/stateidentityof16.4groupunresolved. Donotassumeseparategroupnorcorrecttable;holdPA/BabothgasconditionswithcanonicalLOIblank/rawreports18.0/16.4untilcomparison-scope clarified. Other3ownstatesuncontested. NativeTable1/Fig2addon0.6[0.3]/10.7[0.5]/5.2[0.5]SDof5measurements;onlyaddonbracketed,noinventedTGnumericSDorassayspecificreplicatecount. ControladdonTabledashnotzeroinferred. LOIreplicates/uncertainty, TGmass/flow/specificrepeatsunreported;MCC4.5-5mg1C/snotTG15C/min. 120x50mmLOIspecimensnothorizontal80x160mm. GB/T5454editionunreported. CHbath1wt%/PA3wt%/Ba4gLnotdrycomponentfractions;NaOH10wt%pretreatmentnotdosage/wash. CHMW50-190kDa80-95%deacetylatedreported;massofmeasuredfinishrelativeuncoatedcontrolnoassumedcomponentfractions. WaterdurabilityDIstir300rpm6h/dry60C6hhasthreehorizontalflammability-onlystatesTable3/Fig9,nocorrespondingLOI/TG;notlaunderingstandard/homeLCs. NoSIcitedincomplete8pages;oneprimaryreviewer,noindependentphysicalreplicate/reviewerclaim. PublishedjournalVORvolume140pp303-310DOI/title/authorsavailable12Aug2019. Allpriorstatespreserved;sourceversionrelatedreuseauditedbeforeadmission.",cotton,"Cotton fabric;121g/m2;Hongda Fabric Industry,Hebei;weavepatternunreported","Cotton fabric;121g/m2;Hongda Fabric Industry,Hebei;weavepatternunreported","Cotton fabric;121g/m2;Hongda Fabric Industry,Hebei;weavepatternunreported",PA/Ba/PA/Ba,tabulated,"Owninitial121g/m2cottonfabricfourorderedcoatings;exactTable1Table4source labels,regularN2/airTGrate15andLOI;no washedfabrics/constituentfiber/MCC transfer",held_LOI_synergy_reference_scope_unresolved,journal_article,NativepublishedjournalPDFp1DOI/title/authors/volume140pages303-310/2019;notauthorpreprint,2.4,600,held_outside_verified_target,,PA/Ba/PA/Ba,4,,,,,,,,16.4,,,18.0,Recipe/stateidentityof16.4Lewisreference unresolvedrelativePA/Ba18.0Table4;canonicalLOIblankandbothgasconditionsheld,,,120x50,,,3,,,,,,,,,,,,,,,,,,Unreported,,,,Roomtemperature;numericstartunreported,"Tmax,unnumberedmaximumdegradationratetemperature;legacyTmax1doesnotclaimcompleteDTGstageorder",,,,,,4,Native publisher journal version ofrecord;volume140pages303-310;available12Aug2019,,,,,MainTable1PDFp5/307;Table4PDFp7/309;methodsPDFp2/304,,0.6,"Precleanwithcommondetergent,ethanol,DIwater;dry60C6h. CoatedfabricsNaOH10wt%RT10minmercerizationbeforedeposition,ovendrytemperatureunreported;controlmercerizationunreported. CH1wt%DIinitialpH2HCl,stir>24h;PA3wt%bathpreparedfrom70wt%aqueousstock,stir24h;bothadjustpH4beforedeposition. BaCl2aqueous4g/L. Fourordereddepositonsbyname,eachdip5min,pad,dry80C3min;finaldry60C3h;wetpickup/catalystunreported.",,"Eco-friendly flame retardant coating deposited on cotton fabrics from bio-based chitosan, phytic acid and divalent metal ions",https://doi.org/10.1016/j.ijbiomac.2019.08.049,,0.3,5,,,NoSIcitedincomplete8nativepages;exactlocalinventoryonePDF;noSIreviewclaim,"Precleanwithcommondetergent,ethanol,DIwater;dry60C6h. CoatedfabricsNaOH10wt%RT10minmercerizationbeforedeposition,ovendrytemperatureunreported;controlmercerizationunreported. CH1wt%DIinitialpH2HCl,stir>24h;PA3wt%bathpreparedfrom70wt%aqueousstock,stir24h;bothadjustpH4beforedeposition. BaCl2aqueous4g/L. Fourordereddepositonsbyname,eachdip5min,pad,dry80C3min;finaldry60C3h;wetpickup/catalystunreported.",Initial prepared fabric state,Initial prepared state;precleaning/mercerizationnotdurabilitywaterwash,2019
10.1016/j.ijbiomac.2019.08.049,"5801A,VOUCH,China",MainTable4PDFp7/printed309;abstractPDFp1/303;LewisreferenceEq1PDFp6/308,20.2,GB/T5454;editionunreported,,,29.2,,278.5,"STA PT1600,Linseis,Germany",600,MainTable1/Fig4PDFp5/printed307;thermalprosePDFpp3-5/printed305-307,,323.0,,N2,CH/PA/CH/PA,MainmethodsPDFp2/printed304,literature,TG+LOI,2026-10-01,Codexcomplete8nativepublisherpages/tables/figures/methods;oneprimaryreviewer,15,International Journal of Biological Macromolecules,"All8nativepublisherjournalpages303-310reviewed. Owninitialcottonfabric4orderedcoatingstates matchTable1PDFp5/printed307TGandTable4PDFp7/printed309LOI;methodsPDFp2/printed304,N2/air15C/minroomtemp-600C. InitialdegradationT-10%is10%masslossthreshold,notT5/Tonset;genericTmaxstoredinlegacysinglemaximumTmax1withunnumberedsource label,notcompleteDTGstageenumeration. Table1sourceTGcontrolR600zero inbothgases retained,notmissing;MCCresidue3.65/29.7andpeakTp/heatratesarenotTG. SourceLOIcontrol16.2isownTable4andabstract,notgenericcotton18.1. PA/Ba/PA/BaTable4/abstract18.0contrastsLewisEq1PDFp6/printed308unnamedcotton-plus-synergistLOIs16.4;recipe/stateidentityof16.4groupunresolved. Donotassumeseparategroupnorcorrecttable;holdPA/BabothgasconditionswithcanonicalLOIblank/rawreports18.0/16.4untilcomparison-scope clarified. Other3ownstatesuncontested. NativeTable1/Fig2addon0.6[0.3]/10.7[0.5]/5.2[0.5]SDof5measurements;onlyaddonbracketed,noinventedTGnumericSDorassayspecificreplicatecount. ControladdonTabledashnotzeroinferred. LOIreplicates/uncertainty, TGmass/flow/specificrepeatsunreported;MCC4.5-5mg1C/snotTG15C/min. 120x50mmLOIspecimensnothorizontal80x160mm. GB/T5454editionunreported. CHbath1wt%/PA3wt%/Ba4gLnotdrycomponentfractions;NaOH10wt%pretreatmentnotdosage/wash. CHMW50-190kDa80-95%deacetylatedreported;massofmeasuredfinishrelativeuncoatedcontrolnoassumedcomponentfractions. WaterdurabilityDIstir300rpm6h/dry60C6hhasthreehorizontalflammability-onlystatesTable3/Fig9,nocorrespondingLOI/TG;notlaunderingstandard/homeLCs. NoSIcitedincomplete8pages;oneprimaryreviewer,noindependentphysicalreplicate/reviewerclaim. PublishedjournalVORvolume140pp303-310DOI/title/authorsavailable12Aug2019. Allpriorstatespreserved;sourceversionrelatedreuseauditedbeforeadmission.",cotton,"Cotton fabric;121g/m2;Hongda Fabric Industry,Hebei;weavepatternunreported","Cotton fabric;121g/m2;Hongda Fabric Industry,Hebei;weavepatternunreported","Cotton fabric;121g/m2;Hongda Fabric Industry,Hebei;weavepatternunreported",CH/PA/CH/PA,tabulated,"Owninitial121g/m2cottonfabricfourorderedcoatings;exactTable1Table4source labels,regularN2/airTGrate15andLOI;no washedfabrics/constituentfiber/MCC transfer",verified_exact,journal_article,NativepublishedjournalPDFp1DOI/title/authors/volume140pages303-310/2019;notauthorpreprint,29.2,600,source_review_approved,c9c9f20b48c77ddc94a8624d7fa8bd646c59b8c94a8b4fb17438d960dc5bc934,CH/PA/CH/PA,,50-190,1,80-95,,,,,,,,,,,,120x50,,,3,,,,,,,,,,,,,,,,,,Unreported,,,,Roomtemperature;numericstartunreported,"Tmax,unnumberedmaximumdegradationratetemperature;legacyTmax1doesnotclaimcompleteDTGstageorder",,,,,,4,Native publisher journal version ofrecord;volume140pages303-310;available12Aug2019,,,,,MainTable1PDFp5/307;Table4PDFp7/309;methodsPDFp2/304,,10.7,"Precleanwithcommondetergent,ethanol,DIwater;dry60C6h. CoatedfabricsNaOH10wt%RT10minmercerizationbeforedeposition,ovendrytemperatureunreported;controlmercerizationunreported. CH1wt%DIinitialpH2HCl,stir>24h;PA3wt%bathpreparedfrom70wt%aqueousstock,stir24h;bothadjustpH4beforedeposition. BaCl2aqueous4g/L. Fourordereddepositonsbyname,eachdip5min,pad,dry80C3min;finaldry60C3h;wetpickup/catalystunreported.",,"Eco-friendly flame retardant coating deposited on cotton fabrics from bio-based chitosan, phytic acid and divalent metal ions",https://doi.org/10.1016/j.ijbiomac.2019.08.049,,0.5,5,,,NoSIcitedincomplete8nativepages;exactlocalinventoryonePDF;noSIreviewclaim,"Precleanwithcommondetergent,ethanol,DIwater;dry60C6h. CoatedfabricsNaOH10wt%RT10minmercerizationbeforedeposition,ovendrytemperatureunreported;controlmercerizationunreported. CH1wt%DIinitialpH2HCl,stir>24h;PA3wt%bathpreparedfrom70wt%aqueousstock,stir24h;bothadjustpH4beforedeposition. BaCl2aqueous4g/L. Fourordereddepositonsbyname,eachdip5min,pad,dry80C3min;finaldry60C3h;wetpickup/catalystunreported.",Initial prepared fabric state,Initial prepared state;precleaning/mercerizationnotdurabilitywaterwash,2019
10.1016/j.ijbiomac.2019.08.049,"5801A,VOUCH,China",MainTable4PDFp7/printed309;abstractPDFp1/303;LewisreferenceEq1PDFp6/308,20.2,GB/T5454;editionunreported,,,10.3,,262.0,"STA PT1600,Linseis,Germany",600,MainTable1/Fig4PDFp5/printed307;thermalprosePDFpp3-5/printed305-307,,316.2,,air,CH/PA/CH/PA,MainmethodsPDFp2/printed304,literature,TG+LOI,2026-10-01,Codexcomplete8nativepublisherpages/tables/figures/methods;oneprimaryreviewer,15,International Journal of Biological Macromolecules,"All8nativepublisherjournalpages303-310reviewed. Owninitialcottonfabric4orderedcoatingstates matchTable1PDFp5/printed307TGandTable4PDFp7/printed309LOI;methodsPDFp2/printed304,N2/air15C/minroomtemp-600C. InitialdegradationT-10%is10%masslossthreshold,notT5/Tonset;genericTmaxstoredinlegacysinglemaximumTmax1withunnumberedsource label,notcompleteDTGstageenumeration. Table1sourceTGcontrolR600zero inbothgases retained,notmissing;MCCresidue3.65/29.7andpeakTp/heatratesarenotTG. SourceLOIcontrol16.2isownTable4andabstract,notgenericcotton18.1. PA/Ba/PA/BaTable4/abstract18.0contrastsLewisEq1PDFp6/printed308unnamedcotton-plus-synergistLOIs16.4;recipe/stateidentityof16.4groupunresolved. Donotassumeseparategroupnorcorrecttable;holdPA/BabothgasconditionswithcanonicalLOIblank/rawreports18.0/16.4untilcomparison-scope clarified. Other3ownstatesuncontested. NativeTable1/Fig2addon0.6[0.3]/10.7[0.5]/5.2[0.5]SDof5measurements;onlyaddonbracketed,noinventedTGnumericSDorassayspecificreplicatecount. ControladdonTabledashnotzeroinferred. LOIreplicates/uncertainty, TGmass/flow/specificrepeatsunreported;MCC4.5-5mg1C/snotTG15C/min. 120x50mmLOIspecimensnothorizontal80x160mm. GB/T5454editionunreported. CHbath1wt%/PA3wt%/Ba4gLnotdrycomponentfractions;NaOH10wt%pretreatmentnotdosage/wash. CHMW50-190kDa80-95%deacetylatedreported;massofmeasuredfinishrelativeuncoatedcontrolnoassumedcomponentfractions. WaterdurabilityDIstir300rpm6h/dry60C6hhasthreehorizontalflammability-onlystatesTable3/Fig9,nocorrespondingLOI/TG;notlaunderingstandard/homeLCs. NoSIcitedincomplete8pages;oneprimaryreviewer,noindependentphysicalreplicate/reviewerclaim. PublishedjournalVORvolume140pp303-310DOI/title/authorsavailable12Aug2019. Allpriorstatespreserved;sourceversionrelatedreuseauditedbeforeadmission.",cotton,"Cotton fabric;121g/m2;Hongda Fabric Industry,Hebei;weavepatternunreported","Cotton fabric;121g/m2;Hongda Fabric Industry,Hebei;weavepatternunreported","Cotton fabric;121g/m2;Hongda Fabric Industry,Hebei;weavepatternunreported",CH/PA/CH/PA,tabulated,"Owninitial121g/m2cottonfabricfourorderedcoatings;exactTable1Table4source labels,regularN2/airTGrate15andLOI;no washedfabrics/constituentfiber/MCC transfer",verified_exact,journal_article,NativepublishedjournalPDFp1DOI/title/authors/volume140pages303-310/2019;notauthorpreprint,10.3,600,source_review_approved,84bb9e4234ebe53ab589654b0dde1b7f651a8a7195891f5a79f8f8e601eaab68,CH/PA/CH/PA,,50-190,1,80-95,,,,,,,,,,,,120x50,,,3,,,,,,,,,,,,,,,,,,Unreported,,,,Roomtemperature;numericstartunreported,"Tmax,unnumberedmaximumdegradationratetemperature;legacyTmax1doesnotclaimcompleteDTGstageorder",,,,,,4,Native publisher journal version ofrecord;volume140pages303-310;available12Aug2019,,,,,MainTable1PDFp5/307;Table4PDFp7/309;methodsPDFp2/304,,10.7,"Precleanwithcommondetergent,ethanol,DIwater;dry60C6h. CoatedfabricsNaOH10wt%RT10minmercerizationbeforedeposition,ovendrytemperatureunreported;controlmercerizationunreported. CH1wt%DIinitialpH2HCl,stir>24h;PA3wt%bathpreparedfrom70wt%aqueousstock,stir24h;bothadjustpH4beforedeposition. BaCl2aqueous4g/L. Fourordereddepositonsbyname,eachdip5min,pad,dry80C3min;finaldry60C3h;wetpickup/catalystunreported.",,"Eco-friendly flame retardant coating deposited on cotton fabrics from bio-based chitosan, phytic acid and divalent metal ions",https://doi.org/10.1016/j.ijbiomac.2019.08.049,,0.5,5,,,NoSIcitedincomplete8nativepages;exactlocalinventoryonePDF;noSIreviewclaim,"Precleanwithcommondetergent,ethanol,DIwater;dry60C6h. CoatedfabricsNaOH10wt%RT10minmercerizationbeforedeposition,ovendrytemperatureunreported;controlmercerizationunreported. CH1wt%DIinitialpH2HCl,stir>24h;PA3wt%bathpreparedfrom70wt%aqueousstock,stir24h;bothadjustpH4beforedeposition. BaCl2aqueous4g/L. Fourordereddepositonsbyname,eachdip5min,pad,dry80C3min;finaldry60C3h;wetpickup/catalystunreported.",Initial prepared fabric state,Initial prepared state;precleaning/mercerizationnotdurabilitywaterwash,2019
10.1016/j.ijbiomac.2019.08.049,"5801A,VOUCH,China",MainTable4PDFp7/printed309;abstractPDFp1/303;LewisreferenceEq1PDFp6/308,22.0,GB/T5454;editionunreported,,,29.4,,284.1,"STA PT1600,Linseis,Germany",600,MainTable1/Fig4PDFp5/printed307;thermalprosePDFpp3-5/printed305-307,,319.1,,N2,CH/PA/Ba/PA,MainmethodsPDFp2/printed304,literature,TG+LOI,2026-10-01,Codexcomplete8nativepublisherpages/tables/figures/methods;oneprimaryreviewer,15,International Journal of Biological Macromolecules,"All8nativepublisherjournalpages303-310reviewed. Owninitialcottonfabric4orderedcoatingstates matchTable1PDFp5/printed307TGandTable4PDFp7/printed309LOI;methodsPDFp2/printed304,N2/air15C/minroomtemp-600C. InitialdegradationT-10%is10%masslossthreshold,notT5/Tonset;genericTmaxstoredinlegacysinglemaximumTmax1withunnumberedsource label,notcompleteDTGstageenumeration. Table1sourceTGcontrolR600zero inbothgases retained,notmissing;MCCresidue3.65/29.7andpeakTp/heatratesarenotTG. SourceLOIcontrol16.2isownTable4andabstract,notgenericcotton18.1. PA/Ba/PA/BaTable4/abstract18.0contrastsLewisEq1PDFp6/printed308unnamedcotton-plus-synergistLOIs16.4;recipe/stateidentityof16.4groupunresolved. Donotassumeseparategroupnorcorrecttable;holdPA/BabothgasconditionswithcanonicalLOIblank/rawreports18.0/16.4untilcomparison-scope clarified. Other3ownstatesuncontested. NativeTable1/Fig2addon0.6[0.3]/10.7[0.5]/5.2[0.5]SDof5measurements;onlyaddonbracketed,noinventedTGnumericSDorassayspecificreplicatecount. ControladdonTabledashnotzeroinferred. LOIreplicates/uncertainty, TGmass/flow/specificrepeatsunreported;MCC4.5-5mg1C/snotTG15C/min. 120x50mmLOIspecimensnothorizontal80x160mm. GB/T5454editionunreported. CHbath1wt%/PA3wt%/Ba4gLnotdrycomponentfractions;NaOH10wt%pretreatmentnotdosage/wash. CHMW50-190kDa80-95%deacetylatedreported;massofmeasuredfinishrelativeuncoatedcontrolnoassumedcomponentfractions. WaterdurabilityDIstir300rpm6h/dry60C6hhasthreehorizontalflammability-onlystatesTable3/Fig9,nocorrespondingLOI/TG;notlaunderingstandard/homeLCs. NoSIcitedincomplete8pages;oneprimaryreviewer,noindependentphysicalreplicate/reviewerclaim. PublishedjournalVORvolume140pp303-310DOI/title/authorsavailable12Aug2019. Allpriorstatespreserved;sourceversionrelatedreuseauditedbeforeadmission.",cotton,"Cotton fabric;121g/m2;Hongda Fabric Industry,Hebei;weavepatternunreported","Cotton fabric;121g/m2;Hongda Fabric Industry,Hebei;weavepatternunreported","Cotton fabric;121g/m2;Hongda Fabric Industry,Hebei;weavepatternunreported",CH/PA/Ba/PA,tabulated,"Owninitial121g/m2cottonfabricfourorderedcoatings;exactTable1Table4source labels,regularN2/airTGrate15andLOI;no washedfabrics/constituentfiber/MCC transfer",verified_exact,journal_article,NativepublishedjournalPDFp1DOI/title/authors/volume140pages303-310/2019;notauthorpreprint,29.4,600,source_review_approved,08842f2a35521721ac456f2379837c9c6c6c3143506c39dc7f1c0d33ad185f9a,CH/PA/Ba/PA,4,50-190,1,80-95,,,,,,,,,,,,120x50,,,3,,,,,,,,,,,,,,,,,,Unreported,,,,Roomtemperature;numericstartunreported,"Tmax,unnumberedmaximumdegradationratetemperature;legacyTmax1doesnotclaimcompleteDTGstageorder",,,,,,4,Native publisher journal version ofrecord;volume140pages303-310;available12Aug2019,,,,,MainTable1PDFp5/307;Table4PDFp7/309;methodsPDFp2/304,,5.2,"Precleanwithcommondetergent,ethanol,DIwater;dry60C6h. CoatedfabricsNaOH10wt%RT10minmercerizationbeforedeposition,ovendrytemperatureunreported;controlmercerizationunreported. CH1wt%DIinitialpH2HCl,stir>24h;PA3wt%bathpreparedfrom70wt%aqueousstock,stir24h;bothadjustpH4beforedeposition. BaCl2aqueous4g/L. Fourordereddepositonsbyname,eachdip5min,pad,dry80C3min;finaldry60C3h;wetpickup/catalystunreported.",,"Eco-friendly flame retardant coating deposited on cotton fabrics from bio-based chitosan, phytic acid and divalent metal ions",https://doi.org/10.1016/j.ijbiomac.2019.08.049,,0.5,5,,,NoSIcitedincomplete8nativepages;exactlocalinventoryonePDF;noSIreviewclaim,"Precleanwithcommondetergent,ethanol,DIwater;dry60C6h. CoatedfabricsNaOH10wt%RT10minmercerizationbeforedeposition,ovendrytemperatureunreported;controlmercerizationunreported. CH1wt%DIinitialpH2HCl,stir>24h;PA3wt%bathpreparedfrom70wt%aqueousstock,stir24h;bothadjustpH4beforedeposition. BaCl2aqueous4g/L. Fourordereddepositonsbyname,eachdip5min,pad,dry80C3min;finaldry60C3h;wetpickup/catalystunreported.",Initial prepared fabric state,Initial prepared state;precleaning/mercerizationnotdurabilitywaterwash,2019
10.1016/j.ijbiomac.2019.08.049,"5801A,VOUCH,China",MainTable4PDFp7/printed309;abstractPDFp1/303;LewisreferenceEq1PDFp6/308,22.0,GB/T5454;editionunreported,,,18.9,,291.9,"STA PT1600,Linseis,Germany",600,MainTable1/Fig4PDFp5/printed307;thermalprosePDFpp3-5/printed305-307,,318.6,,air,CH/PA/Ba/PA,MainmethodsPDFp2/printed304,literature,TG+LOI,2026-10-01,Codexcomplete8nativepublisherpages/tables/figures/methods;oneprimaryreviewer,15,International Journal of Biological Macromolecules,"All8nativepublisherjournalpages303-310reviewed. Owninitialcottonfabric4orderedcoatingstates matchTable1PDFp5/printed307TGandTable4PDFp7/printed309LOI;methodsPDFp2/printed304,N2/air15C/minroomtemp-600C. InitialdegradationT-10%is10%masslossthreshold,notT5/Tonset;genericTmaxstoredinlegacysinglemaximumTmax1withunnumberedsource label,notcompleteDTGstageenumeration. Table1sourceTGcontrolR600zero inbothgases retained,notmissing;MCCresidue3.65/29.7andpeakTp/heatratesarenotTG. SourceLOIcontrol16.2isownTable4andabstract,notgenericcotton18.1. PA/Ba/PA/BaTable4/abstract18.0contrastsLewisEq1PDFp6/printed308unnamedcotton-plus-synergistLOIs16.4;recipe/stateidentityof16.4groupunresolved. Donotassumeseparategroupnorcorrecttable;holdPA/BabothgasconditionswithcanonicalLOIblank/rawreports18.0/16.4untilcomparison-scope clarified. Other3ownstatesuncontested. NativeTable1/Fig2addon0.6[0.3]/10.7[0.5]/5.2[0.5]SDof5measurements;onlyaddonbracketed,noinventedTGnumericSDorassayspecificreplicatecount. ControladdonTabledashnotzeroinferred. LOIreplicates/uncertainty, TGmass/flow/specificrepeatsunreported;MCC4.5-5mg1C/snotTG15C/min. 120x50mmLOIspecimensnothorizontal80x160mm. GB/T5454editionunreported. CHbath1wt%/PA3wt%/Ba4gLnotdrycomponentfractions;NaOH10wt%pretreatmentnotdosage/wash. CHMW50-190kDa80-95%deacetylatedreported;massofmeasuredfinishrelativeuncoatedcontrolnoassumedcomponentfractions. WaterdurabilityDIstir300rpm6h/dry60C6hhasthreehorizontalflammability-onlystatesTable3/Fig9,nocorrespondingLOI/TG;notlaunderingstandard/homeLCs. NoSIcitedincomplete8pages;oneprimaryreviewer,noindependentphysicalreplicate/reviewerclaim. PublishedjournalVORvolume140pp303-310DOI/title/authorsavailable12Aug2019. Allpriorstatespreserved;sourceversionrelatedreuseauditedbeforeadmission.",cotton,"Cotton fabric;121g/m2;Hongda Fabric Industry,Hebei;weavepatternunreported","Cotton fabric;121g/m2;Hongda Fabric Industry,Hebei;weavepatternunreported","Cotton fabric;121g/m2;Hongda Fabric Industry,Hebei;weavepatternunreported",CH/PA/Ba/PA,tabulated,"Owninitial121g/m2cottonfabricfourorderedcoatings;exactTable1Table4source labels,regularN2/airTGrate15andLOI;no washedfabrics/constituentfiber/MCC transfer",verified_exact,journal_article,NativepublishedjournalPDFp1DOI/title/authors/volume140pages303-310/2019;notauthorpreprint,18.9,600,source_review_approved,27e4348cb9375377d48172e5ce07349a25231c317aacd56206ceb03ce018cc4b,CH/PA/Ba/PA,4,50-190,1,80-95,,,,,,,,,,,,120x50,,,3,,,,,,,,,,,,,,,,,,Unreported,,,,Roomtemperature;numericstartunreported,"Tmax,unnumberedmaximumdegradationratetemperature;legacyTmax1doesnotclaimcompleteDTGstageorder",,,,,,4,Native publisher journal version ofrecord;volume140pages303-310;available12Aug2019,,,,,MainTable1PDFp5/307;Table4PDFp7/309;methodsPDFp2/304,,5.2,"Precleanwithcommondetergent,ethanol,DIwater;dry60C6h. CoatedfabricsNaOH10wt%RT10minmercerizationbeforedeposition,ovendrytemperatureunreported;controlmercerizationunreported. CH1wt%DIinitialpH2HCl,stir>24h;PA3wt%bathpreparedfrom70wt%aqueousstock,stir24h;bothadjustpH4beforedeposition. BaCl2aqueous4g/L. Fourordereddepositonsbyname,eachdip5min,pad,dry80C3min;finaldry60C3h;wetpickup/catalystunreported.",,"Eco-friendly flame retardant coating deposited on cotton fabrics from bio-based chitosan, phytic acid and divalent metal ions",https://doi.org/10.1016/j.ijbiomac.2019.08.049,,0.5,5,,,NoSIcitedincomplete8nativepages;exactlocalinventoryonePDF;noSIreviewclaim,"Precleanwithcommondetergent,ethanol,DIwater;dry60C6h. CoatedfabricsNaOH10wt%RT10minmercerizationbeforedeposition,ovendrytemperatureunreported;controlmercerizationunreported. CH1wt%DIinitialpH2HCl,stir>24h;PA3wt%bathpreparedfrom70wt%aqueousstock,stir24h;bothadjustpH4beforedeposition. BaCl2aqueous4g/L. Fourordereddepositonsbyname,eachdip5min,pad,dry80C3min;finaldry60C3h;wetpickup/catalystunreported.",Initial prepared fabric state,Initial prepared state;precleaning/mercerizationnotdurabilitywaterwash,2019
10.1016/j.ijbiomac.2019.08.049,,,,,,,,,,,,,,,,,,,,HFT-only,,,,,"All8nativepublisherjournalpages303-310reviewed. Owninitialcottonfabric4orderedcoatingstates matchTable1PDFp5/printed307TGandTable4PDFp7/printed309LOI;methodsPDFp2/printed304,N2/air15C/minroomtemp-600C. InitialdegradationT-10%is10%masslossthreshold,notT5/Tonset;genericTmaxstoredinlegacysinglemaximumTmax1withunnumberedsource label,notcompleteDTGstageenumeration. Table1sourceTGcontrolR600zero inbothgases retained,notmissing;MCCresidue3.65/29.7andpeakTp/heatratesarenotTG. SourceLOIcontrol16.2isownTable4andabstract,notgenericcotton18.1. PA/Ba/PA/BaTable4/abstract18.0contrastsLewisEq1PDFp6/printed308unnamedcotton-plus-synergistLOIs16.4;recipe/stateidentityof16.4groupunresolved. Donotassumeseparategroupnorcorrecttable;holdPA/BabothgasconditionswithcanonicalLOIblank/rawreports18.0/16.4untilcomparison-scope clarified. Other3ownstatesuncontested. NativeTable1/Fig2addon0.6[0.3]/10.7[0.5]/5.2[0.5]SDof5measurements;onlyaddonbracketed,noinventedTGnumericSDorassayspecificreplicatecount. ControladdonTabledashnotzeroinferred. LOIreplicates/uncertainty, TGmass/flow/specificrepeatsunreported;MCC4.5-5mg1C/snotTG15C/min. 120x50mmLOIspecimensnothorizontal80x160mm. GB/T5454editionunreported. CHbath1wt%/PA3wt%/Ba4gLnotdrycomponentfractions;NaOH10wt%pretreatmentnotdosage/wash. CHMW50-190kDa80-95%deacetylatedreported;massofmeasuredfinishrelativeuncoatedcontrolnoassumedcomponentfractions. WaterdurabilityDIstir300rpm6h/dry60C6hhasthreehorizontalflammability-onlystatesTable3/Fig9,nocorrespondingLOI/TG;notlaunderingstandard/homeLCs. NoSIcitedincomplete8pages;oneprimaryreviewer,noindependentphysicalreplicate/reviewerclaim. PublishedjournalVORvolume140pp303-310DOI/title/authorsavailable12Aug2019. Allpriorstatespreserved;sourceversionrelatedreuseauditedbeforeadmission.",,"Cotton fabric;121g/m2;Hongda Fabric Industry,Hebei;weavepatternunreported",,,,,,held_waterwashed_HFT_only_no_own_LOI_TG,,,,,held_outside_verified_target,,PA/Ba/PA/Baafter6hDIwaterstir,,,,,,,,,,,,,,,,,,,,,,,,,,,,,,,,,,,,,,,,,,,,,,,,,,,0.2,2.8,14,MainTable3PDFp6/printed308;Fig9/waterdurabilityPDFp8/printed310,,,,,"Eco-friendly flame retardant coating deposited on cotton fabrics from bio-based chitosan, phytic acid and divalent metal ions",https://doi.org/10.1016/j.ijbiomac.2019.08.049,,,,,,,,,DIwaterstir300rpm6h;dry60C6h;notstandardlaunderingcycle,
10.1016/j.ijbiomac.2019.08.049,,,,,,,,,,,,,,,,,,,,HFT-only,,,,,"All8nativepublisherjournalpages303-310reviewed. Owninitialcottonfabric4orderedcoatingstates matchTable1PDFp5/printed307TGandTable4PDFp7/printed309LOI;methodsPDFp2/printed304,N2/air15C/minroomtemp-600C. InitialdegradationT-10%is10%masslossthreshold,notT5/Tonset;genericTmaxstoredinlegacysinglemaximumTmax1withunnumberedsource label,notcompleteDTGstageenumeration. Table1sourceTGcontrolR600zero inbothgases retained,notmissing;MCCresidue3.65/29.7andpeakTp/heatratesarenotTG. SourceLOIcontrol16.2isownTable4andabstract,notgenericcotton18.1. PA/Ba/PA/BaTable4/abstract18.0contrastsLewisEq1PDFp6/printed308unnamedcotton-plus-synergistLOIs16.4;recipe/stateidentityof16.4groupunresolved. Donotassumeseparategroupnorcorrecttable;holdPA/BabothgasconditionswithcanonicalLOIblank/rawreports18.0/16.4untilcomparison-scope clarified. Other3ownstatesuncontested. NativeTable1/Fig2addon0.6[0.3]/10.7[0.5]/5.2[0.5]SDof5measurements;onlyaddonbracketed,noinventedTGnumericSDorassayspecificreplicatecount. ControladdonTabledashnotzeroinferred. LOIreplicates/uncertainty, TGmass/flow/specificrepeatsunreported;MCC4.5-5mg1C/snotTG15C/min. 120x50mmLOIspecimensnothorizontal80x160mm. GB/T5454editionunreported. CHbath1wt%/PA3wt%/Ba4gLnotdrycomponentfractions;NaOH10wt%pretreatmentnotdosage/wash. CHMW50-190kDa80-95%deacetylatedreported;massofmeasuredfinishrelativeuncoatedcontrolnoassumedcomponentfractions. WaterdurabilityDIstir300rpm6h/dry60C6hhasthreehorizontalflammability-onlystatesTable3/Fig9,nocorrespondingLOI/TG;notlaunderingstandard/homeLCs. NoSIcitedincomplete8pages;oneprimaryreviewer,noindependentphysicalreplicate/reviewerclaim. PublishedjournalVORvolume140pp303-310DOI/title/authorsavailable12Aug2019. Allpriorstatespreserved;sourceversionrelatedreuseauditedbeforeadmission.",,"Cotton fabric;121g/m2;Hongda Fabric Industry,Hebei;weavepatternunreported",,,,,,held_waterwashed_HFT_only_no_own_LOI_TG,,,,,held_outside_verified_target,,CH/PA/CH/PAafter6hDIwaterstir,,,,,,,,,,,,,,,,,,,,,,,,,,,,,,,,,,,,,,,,,,,,,,,,,,,0.1,2.3,14,MainTable3PDFp6/printed308;Fig9/waterdurabilityPDFp8/printed310,,,,,"Eco-friendly flame retardant coating deposited on cotton fabrics from bio-based chitosan, phytic acid and divalent metal ions",https://doi.org/10.1016/j.ijbiomac.2019.08.049,,,,,,,,,DIwaterstir300rpm6h;dry60C6h;notstandardlaunderingcycle,
10.1016/j.ijbiomac.2019.08.049,,,,,,,,,,,,,,,,,,,,HFT-only,,,,,"All8nativepublisherjournalpages303-310reviewed. Owninitialcottonfabric4orderedcoatingstates matchTable1PDFp5/printed307TGandTable4PDFp7/printed309LOI;methodsPDFp2/printed304,N2/air15C/minroomtemp-600C. InitialdegradationT-10%is10%masslossthreshold,notT5/Tonset;genericTmaxstoredinlegacysinglemaximumTmax1withunnumberedsource label,notcompleteDTGstageenumeration. Table1sourceTGcontrolR600zero inbothgases retained,notmissing;MCCresidue3.65/29.7andpeakTp/heatratesarenotTG. SourceLOIcontrol16.2isownTable4andabstract,notgenericcotton18.1. PA/Ba/PA/BaTable4/abstract18.0contrastsLewisEq1PDFp6/printed308unnamedcotton-plus-synergistLOIs16.4;recipe/stateidentityof16.4groupunresolved. Donotassumeseparategroupnorcorrecttable;holdPA/BabothgasconditionswithcanonicalLOIblank/rawreports18.0/16.4untilcomparison-scope clarified. Other3ownstatesuncontested. NativeTable1/Fig2addon0.6[0.3]/10.7[0.5]/5.2[0.5]SDof5measurements;onlyaddonbracketed,noinventedTGnumericSDorassayspecificreplicatecount. ControladdonTabledashnotzeroinferred. LOIreplicates/uncertainty, TGmass/flow/specificrepeatsunreported;MCC4.5-5mg1C/snotTG15C/min. 120x50mmLOIspecimensnothorizontal80x160mm. GB/T5454editionunreported. CHbath1wt%/PA3wt%/Ba4gLnotdrycomponentfractions;NaOH10wt%pretreatmentnotdosage/wash. CHMW50-190kDa80-95%deacetylatedreported;massofmeasuredfinishrelativeuncoatedcontrolnoassumedcomponentfractions. WaterdurabilityDIstir300rpm6h/dry60C6hhasthreehorizontalflammability-onlystatesTable3/Fig9,nocorrespondingLOI/TG;notlaunderingstandard/homeLCs. NoSIcitedincomplete8pages;oneprimaryreviewer,noindependentphysicalreplicate/reviewerclaim. PublishedjournalVORvolume140pp303-310DOI/title/authorsavailable12Aug2019. Allpriorstatespreserved;sourceversionrelatedreuseauditedbeforeadmission.",,"Cotton fabric;121g/m2;Hongda Fabric Industry,Hebei;weavepatternunreported",,,,,,held_waterwashed_HFT_only_no_own_LOI_TG,,,,,held_outside_verified_target,,CH/PA/Ba/PAafter6hDIwaterstir,,,,,,,,,,,,,,,,,,,,,,,,,,,,,,,,,,,,,,,,,,,,,,,,,,,0.1,1.8,14,MainTable3PDFp6/printed308;Fig9/waterdurabilityPDFp8/printed310,,,,,"Eco-friendly flame retardant coating deposited on cotton fabrics from bio-based chitosan, phytic acid and divalent metal ions",https://doi.org/10.1016/j.ijbiomac.2019.08.049,,,,,,,,,DIwaterstir300rpm6h;dry60C6h;notstandardlaunderingcycle,
10.1007/s10570-019-02599-3,"M606B,QingdaoShanfang,China",MainexplicitLOIprosePDFp6;Fig3PDFp7graphnotdigitized,16.7,ASTMD2863-2000,,,2.38,,334.0,"Pyris1,PerkinElmer,USA",700,MainTable5/Fig6PDFp10;thermalprosePDFpp9-11,40,352.4,,N2,Owncontrolcotton,MainmethodsPDFp5,,TG+LOI,2026-10-01,Codexcomplete16nativepublisherpages;oneprimaryreviewer,10,Cellulose,"Complete16nativepublisheronlinefirstjournalpagesreviewed,DOI/title/authorsandoriginalresearchidentity,oneprimaryreviewer. NoSIcitedandonePDFlocalinventory;noSIclaim. Own105.4g/m2cottonfabricC0/CG-30/CA-30/CL-30sameinitialstatesregularTGTable5/Fig6PDFp10andexplicitLOIprosePDFp6. TG40-700C10C/min60mL/minN2andair;CY600at600CnotR700. SourceT10%is10%masslossnotT5/Tonset. N2unnumberedTmaxstoredlegacyTmax1withoutcompletepeakstageclaim;airnative1st/2ndlabelsretained,control491.2Csecondcharoxidationnotwaterpeak;treated2nddashblanknotzero. SourcecontrolairCY600zero retained. Vmaxunits%/Cnotpeaktemperature. TG-IRspectrawavenumbersandcone/MCCparametersnotTGmetrics. LOIC016.7/CG-3041.2/CA-3040.5/CL-3042.1exactprose;Fig3p7allotherbarsnoexplicitnumericlabelsnotdigitized. Table3p8titlementionsLOIbutactualcolumnsnoLOInumbers. Three30%dose40LCLOI26.4/26.0/27.1exact,noownwashedTG. Six10/20%doseinitialand33remainingwashedstatesLOIgraphonlyheld;10%dose26.0-28.0groupboundnotindividualvalues. 39graphonlyand3explicitwashedfactskeptoutsideverifiedtarget. Bath10/20/30percentbasisanddicyandiamide5percentbasisunreportednotwt/owfinferred. Table3weightgainplusminusuncertaintytype/repeatsunreportednotSDassumed. 100%wetpickup,1:20bath,70C30min,180C8min,finalwash/dry60CnotdurabilityLC. AATCC61-2006at49Cmethodnumber/homeequivalentunreported. LOIASTMD2863-2000M606B,specimensize/repeatsunreported;tensile25x180mmnotLOIsize. SynthesisH3PO3phosphorousacidnotphosphoric,HCHO37%usedsynthesisdespitefinalformaldehydefreeclaim;nohiddenrecipecorrection. Noindependentphysicalreplicate/reviewerclaim.",cotton,"Cotton fabric;105.4g/m2;ChaotianmenMarket,Chongqing;weavepatternunreported","Cotton fabric;105.4g/m2;ChaotianmenMarket,Chongqing;weavepatternunreported","Cotton fabric;105.4g/m2;ChaotianmenMarket,Chongqing;weavepatternunreported",C0,explicit_text,Owninitial105.4g/m2cottonC0/CG-30/CA-30/CL-30explicit30percentFRidentityPDFp5;exactsamefabriclabelsTable5andLOIproseN2/air10Cmin;nootherdose/washed/conetransfer,verified_exact,journal_article,NativePDFp1DOI/title/authors/ORIGINALRESEARCH/accepted26June2019;notpreprint,2.38,600,source_review_approved,67666284f39250c732da2073c8c779351e8cd0548ecea187cf03282aefe2d630,C0,,,,,,Unreported;notwt/owfassumed,,,,,,,,,,,,,,,,,,,,,,,,,,,,,,,,60,,,,N2unnumberedTmaxlegacyTmax1;airnative1st/2ndstageheaders,3.15,,,Unreported,,,Nativepublisheronlinefirstjournaloriginalresearch2019;unpaginatedPDF;noinventedprintpagination,,,,,MainTable5/Fig6PDFp10;LOIprosePDFp6;methodsPDFp5,,,"FR-G/FR-A/FR-L ammoniumsaltsrespectivelyN,N-bis(phosphonomethyl)glycine/asparticacidandN,N,N,N-tetra(phosphonomethyl)lysine. BathFR10/20/30percentbasisunreported+dicyandiamide5percentbasisunreported;1:20bathratio70C30min,pad100%wetpickup,cure180C8min,finalwash/dry60C;precleaning/controlpreconditioningunreported. SynthesisTable1/Scheme1HCl/H3PO3/HCHO37percentfirststage110CrefuxHCHOaddition1hthen3h,precip2propanoldry60C24h;ureasecondstage140Cabout1hpH5-6ethanolprecipdry60C24h.",,Synthesis of three novel amino acids-based flame retardants with multiple reactive groups for cotton fabrics,https://doi.org/10.1007/s10570-019-02599-3,,,,,Unreported,NoSIcitedincomplete16pages;onePDFinventory;noSIclaim,Owncontrolfabricpreconditioningunreported,Initial prepared fabric state,Initial prepared state;finalpreparationwashnotdurabilityLC,2019
10.1007/s10570-019-02599-3,"M606B,QingdaoShanfang,China",MainexplicitLOIprosePDFp6;Fig3PDFp7graphnotdigitized,16.7,ASTMD2863-2000,,,0,,319.3,"Pyris1,PerkinElmer,USA",700,MainTable5/Fig6PDFp10;thermalprosePDFpp9-11,40,341.3,491.2,air,Owncontrolcotton,MainmethodsPDFp5,,TG+LOI,2026-10-01,Codexcomplete16nativepublisherpages;oneprimaryreviewer,10,Cellulose,"Complete16nativepublisheronlinefirstjournalpagesreviewed,DOI/title/authorsandoriginalresearchidentity,oneprimaryreviewer. NoSIcitedandonePDFlocalinventory;noSIclaim. Own105.4g/m2cottonfabricC0/CG-30/CA-30/CL-30sameinitialstatesregularTGTable5/Fig6PDFp10andexplicitLOIprosePDFp6. TG40-700C10C/min60mL/minN2andair;CY600at600CnotR700. SourceT10%is10%masslossnotT5/Tonset. N2unnumberedTmaxstoredlegacyTmax1withoutcompletepeakstageclaim;airnative1st/2ndlabelsretained,control491.2Csecondcharoxidationnotwaterpeak;treated2nddashblanknotzero. SourcecontrolairCY600zero retained. Vmaxunits%/Cnotpeaktemperature. TG-IRspectrawavenumbersandcone/MCCparametersnotTGmetrics. LOIC016.7/CG-3041.2/CA-3040.5/CL-3042.1exactprose;Fig3p7allotherbarsnoexplicitnumericlabelsnotdigitized. Table3p8titlementionsLOIbutactualcolumnsnoLOInumbers. Three30%dose40LCLOI26.4/26.0/27.1exact,noownwashedTG. Six10/20%doseinitialand33remainingwashedstatesLOIgraphonlyheld;10%dose26.0-28.0groupboundnotindividualvalues. 39graphonlyand3explicitwashedfactskeptoutsideverifiedtarget. Bath10/20/30percentbasisanddicyandiamide5percentbasisunreportednotwt/owfinferred. Table3weightgainplusminusuncertaintytype/repeatsunreportednotSDassumed. 100%wetpickup,1:20bath,70C30min,180C8min,finalwash/dry60CnotdurabilityLC. AATCC61-2006at49Cmethodnumber/homeequivalentunreported. LOIASTMD2863-2000M606B,specimensize/repeatsunreported;tensile25x180mmnotLOIsize. SynthesisH3PO3phosphorousacidnotphosphoric,HCHO37%usedsynthesisdespitefinalformaldehydefreeclaim;nohiddenrecipecorrection. Noindependentphysicalreplicate/reviewerclaim.",cotton,"Cotton fabric;105.4g/m2;ChaotianmenMarket,Chongqing;weavepatternunreported","Cotton fabric;105.4g/m2;ChaotianmenMarket,Chongqing;weavepatternunreported","Cotton fabric;105.4g/m2;ChaotianmenMarket,Chongqing;weavepatternunreported",C0,explicit_text,Owninitial105.4g/m2cottonC0/CG-30/CA-30/CL-30explicit30percentFRidentityPDFp5;exactsamefabriclabelsTable5andLOIproseN2/air10Cmin;nootherdose/washed/conetransfer,verified_exact,journal_article,NativePDFp1DOI/title/authors/ORIGINALRESEARCH/accepted26June2019;notpreprint,0,600,source_review_approved,26e232f8554ab0c92dba1a1228930686c44f5859f815c0d6bcb906b02be9b918,C0,,,,,,Unreported;notwt/owfassumed,,,,,,,,,,,,,,,,,,,,,,,,,,,,,,,,60,,,,N2unnumberedTmaxlegacyTmax1;airnative1st/2ndstageheaders,4.3,0.97,,Unreported,,,Nativepublisheronlinefirstjournaloriginalresearch2019;unpaginatedPDF;noinventedprintpagination,,,,,MainTable5/Fig6PDFp10;LOIprosePDFp6;methodsPDFp5,,,"FR-G/FR-A/FR-L ammoniumsaltsrespectivelyN,N-bis(phosphonomethyl)glycine/asparticacidandN,N,N,N-tetra(phosphonomethyl)lysine. BathFR10/20/30percentbasisunreported+dicyandiamide5percentbasisunreported;1:20bathratio70C30min,pad100%wetpickup,cure180C8min,finalwash/dry60C;precleaning/controlpreconditioningunreported. SynthesisTable1/Scheme1HCl/H3PO3/HCHO37percentfirststage110CrefuxHCHOaddition1hthen3h,precip2propanoldry60C24h;ureasecondstage140Cabout1hpH5-6ethanolprecipdry60C24h.",,Synthesis of three novel amino acids-based flame retardants with multiple reactive groups for cotton fabrics,https://doi.org/10.1007/s10570-019-02599-3,,,,,Unreported,NoSIcitedincomplete16pages;onePDFinventory;noSIclaim,Owncontrolfabricpreconditioningunreported,Initial prepared fabric state,Initial prepared state;finalpreparationwashnotdurabilityLC,2019
10.1007/s10570-019-02599-3,"M606B,QingdaoShanfang,China",MainexplicitLOIprosePDFp6;Fig3PDFp7graphnotdigitized,41.2,ASTMD2863-2000,,,37.82,,267.9,"Pyris1,PerkinElmer,USA",700,MainTable5/Fig6PDFp10;thermalprosePDFpp9-11,40,294.9,,N2,FR-G30percentbath,MainmethodsPDFp5,,TG+LOI,2026-10-01,Codexcomplete16nativepublisherpages;oneprimaryreviewer,10,Cellulose,"Complete16nativepublisheronlinefirstjournalpagesreviewed,DOI/title/authorsandoriginalresearchidentity,oneprimaryreviewer. NoSIcitedandonePDFlocalinventory;noSIclaim. Own105.4g/m2cottonfabricC0/CG-30/CA-30/CL-30sameinitialstatesregularTGTable5/Fig6PDFp10andexplicitLOIprosePDFp6. TG40-700C10C/min60mL/minN2andair;CY600at600CnotR700. SourceT10%is10%masslossnotT5/Tonset. N2unnumberedTmaxstoredlegacyTmax1withoutcompletepeakstageclaim;airnative1st/2ndlabelsretained,control491.2Csecondcharoxidationnotwaterpeak;treated2nddashblanknotzero. SourcecontrolairCY600zero retained. Vmaxunits%/Cnotpeaktemperature. TG-IRspectrawavenumbersandcone/MCCparametersnotTGmetrics. LOIC016.7/CG-3041.2/CA-3040.5/CL-3042.1exactprose;Fig3p7allotherbarsnoexplicitnumericlabelsnotdigitized. Table3p8titlementionsLOIbutactualcolumnsnoLOInumbers. Three30%dose40LCLOI26.4/26.0/27.1exact,noownwashedTG. Six10/20%doseinitialand33remainingwashedstatesLOIgraphonlyheld;10%dose26.0-28.0groupboundnotindividualvalues. 39graphonlyand3explicitwashedfactskeptoutsideverifiedtarget. Bath10/20/30percentbasisanddicyandiamide5percentbasisunreportednotwt/owfinferred. Table3weightgainplusminusuncertaintytype/repeatsunreportednotSDassumed. 100%wetpickup,1:20bath,70C30min,180C8min,finalwash/dry60CnotdurabilityLC. AATCC61-2006at49Cmethodnumber/homeequivalentunreported. LOIASTMD2863-2000M606B,specimensize/repeatsunreported;tensile25x180mmnotLOIsize. SynthesisH3PO3phosphorousacidnotphosphoric,HCHO37%usedsynthesisdespitefinalformaldehydefreeclaim;nohiddenrecipecorrection. Noindependentphysicalreplicate/reviewerclaim.",cotton,"Cotton fabric;105.4g/m2;ChaotianmenMarket,Chongqing;weavepatternunreported","Cotton fabric;105.4g/m2;ChaotianmenMarket,Chongqing;weavepatternunreported","Cotton fabric;105.4g/m2;ChaotianmenMarket,Chongqing;weavepatternunreported",CG-30,explicit_text,Owninitial105.4g/m2cottonC0/CG-30/CA-30/CL-30explicit30percentFRidentityPDFp5;exactsamefabriclabelsTable5andLOIproseN2/air10Cmin;nootherdose/washed/conetransfer,verified_exact,journal_article,NativePDFp1DOI/title/authors/ORIGINALRESEARCH/accepted26June2019;notpreprint,37.82,600,source_review_approved,af9378dd25ac04692d82697a6c6a1c4ce442a8862583f7d1bce4c28171342ccc,CG-30,,,,,30,Unreported;notwt/owfassumed,,,,,,,,,,,,,,,,,,,,,,,,,,,,,,,,60,,,,N2unnumberedTmaxlegacyTmax1;airnative1st/2ndstageheaders,2.66,,5,Unreported,,,Nativepublisheronlinefirstjournaloriginalresearch2019;unpaginatedPDF;noinventedprintpagination,,,,,MainTable5/Fig6PDFp10;LOIprosePDFp6;methodsPDFp5,,16.3,"FR-G/FR-A/FR-L ammoniumsaltsrespectivelyN,N-bis(phosphonomethyl)glycine/asparticacidandN,N,N,N-tetra(phosphonomethyl)lysine. BathFR10/20/30percentbasisunreported+dicyandiamide5percentbasisunreported;1:20bathratio70C30min,pad100%wetpickup,cure180C8min,finalwash/dry60C;precleaning/controlpreconditioningunreported. SynthesisTable1/Scheme1HCl/H3PO3/HCHO37percentfirststage110CrefuxHCHOaddition1hthen3h,precip2propanoldry60C24h;ureasecondstage140Cabout1hpH5-6ethanolprecipdry60C24h.",,Synthesis of three novel amino acids-based flame retardants with multiple reactive groups for cotton fabrics,https://doi.org/10.1007/s10570-019-02599-3,,,,0.6,Unreported,NoSIcitedincomplete16pages;onePDFinventory;noSIclaim,"FR-G/FR-A/FR-L ammoniumsaltsrespectivelyN,N-bis(phosphonomethyl)glycine/asparticacidandN,N,N,N-tetra(phosphonomethyl)lysine. BathFR10/20/30percentbasisunreported+dicyandiamide5percentbasisunreported;1:20bathratio70C30min,pad100%wetpickup,cure180C8min,finalwash/dry60C;precleaning/controlpreconditioningunreported. SynthesisTable1/Scheme1HCl/H3PO3/HCHO37percentfirststage110CrefuxHCHOaddition1hthen3h,precip2propanoldry60C24h;ureasecondstage140Cabout1hpH5-6ethanolprecipdry60C24h.",Initial prepared fabric state,Initial prepared state;finalpreparationwashnotdurabilityLC,2019
10.1007/s10570-019-02599-3,"M606B,QingdaoShanfang,China",MainexplicitLOIprosePDFp6;Fig3PDFp7graphnotdigitized,41.2,ASTMD2863-2000,,,18.07,,263.6,"Pyris1,PerkinElmer,USA",700,MainTable5/Fig6PDFp10;thermalprosePDFpp9-11,40,292.3,,air,FR-G30percentbath,MainmethodsPDFp5,,TG+LOI,2026-10-01,Codexcomplete16nativepublisherpages;oneprimaryreviewer,10,Cellulose,"Complete16nativepublisheronlinefirstjournalpagesreviewed,DOI/title/authorsandoriginalresearchidentity,oneprimaryreviewer. NoSIcitedandonePDFlocalinventory;noSIclaim. Own105.4g/m2cottonfabricC0/CG-30/CA-30/CL-30sameinitialstatesregularTGTable5/Fig6PDFp10andexplicitLOIprosePDFp6. TG40-700C10C/min60mL/minN2andair;CY600at600CnotR700. SourceT10%is10%masslossnotT5/Tonset. N2unnumberedTmaxstoredlegacyTmax1withoutcompletepeakstageclaim;airnative1st/2ndlabelsretained,control491.2Csecondcharoxidationnotwaterpeak;treated2nddashblanknotzero. SourcecontrolairCY600zero retained. Vmaxunits%/Cnotpeaktemperature. TG-IRspectrawavenumbersandcone/MCCparametersnotTGmetrics. LOIC016.7/CG-3041.2/CA-3040.5/CL-3042.1exactprose;Fig3p7allotherbarsnoexplicitnumericlabelsnotdigitized. Table3p8titlementionsLOIbutactualcolumnsnoLOInumbers. Three30%dose40LCLOI26.4/26.0/27.1exact,noownwashedTG. Six10/20%doseinitialand33remainingwashedstatesLOIgraphonlyheld;10%dose26.0-28.0groupboundnotindividualvalues. 39graphonlyand3explicitwashedfactskeptoutsideverifiedtarget. Bath10/20/30percentbasisanddicyandiamide5percentbasisunreportednotwt/owfinferred. Table3weightgainplusminusuncertaintytype/repeatsunreportednotSDassumed. 100%wetpickup,1:20bath,70C30min,180C8min,finalwash/dry60CnotdurabilityLC. AATCC61-2006at49Cmethodnumber/homeequivalentunreported. LOIASTMD2863-2000M606B,specimensize/repeatsunreported;tensile25x180mmnotLOIsize. SynthesisH3PO3phosphorousacidnotphosphoric,HCHO37%usedsynthesisdespitefinalformaldehydefreeclaim;nohiddenrecipecorrection. Noindependentphysicalreplicate/reviewerclaim.",cotton,"Cotton fabric;105.4g/m2;ChaotianmenMarket,Chongqing;weavepatternunreported","Cotton fabric;105.4g/m2;ChaotianmenMarket,Chongqing;weavepatternunreported","Cotton fabric;105.4g/m2;ChaotianmenMarket,Chongqing;weavepatternunreported",CG-30,explicit_text,Owninitial105.4g/m2cottonC0/CG-30/CA-30/CL-30explicit30percentFRidentityPDFp5;exactsamefabriclabelsTable5andLOIproseN2/air10Cmin;nootherdose/washed/conetransfer,verified_exact,journal_article,NativePDFp1DOI/title/authors/ORIGINALRESEARCH/accepted26June2019;notpreprint,18.07,600,source_review_approved,ef3604ab1fe391c2ba6450308c0b8edf46b6e0adafb6a59a9a13cee4fdb62eba,CG-30,,,,,30,Unreported;notwt/owfassumed,,,,,,,,,,,,,,,,,,,,,,,,,,,,,,,,60,,,,N2unnumberedTmaxlegacyTmax1;airnative1st/2ndstageheaders,4.16,,5,Unreported,,,Nativepublisheronlinefirstjournaloriginalresearch2019;unpaginatedPDF;noinventedprintpagination,,,,,MainTable5/Fig6PDFp10;LOIprosePDFp6;methodsPDFp5,,16.3,"FR-G/FR-A/FR-L ammoniumsaltsrespectivelyN,N-bis(phosphonomethyl)glycine/asparticacidandN,N,N,N-tetra(phosphonomethyl)lysine. BathFR10/20/30percentbasisunreported+dicyandiamide5percentbasisunreported;1:20bathratio70C30min,pad100%wetpickup,cure180C8min,finalwash/dry60C;precleaning/controlpreconditioningunreported. SynthesisTable1/Scheme1HCl/H3PO3/HCHO37percentfirststage110CrefuxHCHOaddition1hthen3h,precip2propanoldry60C24h;ureasecondstage140Cabout1hpH5-6ethanolprecipdry60C24h.",,Synthesis of three novel amino acids-based flame retardants with multiple reactive groups for cotton fabrics,https://doi.org/10.1007/s10570-019-02599-3,,,,0.6,Unreported,NoSIcitedincomplete16pages;onePDFinventory;noSIclaim,"FR-G/FR-A/FR-L ammoniumsaltsrespectivelyN,N-bis(phosphonomethyl)glycine/asparticacidandN,N,N,N-tetra(phosphonomethyl)lysine. BathFR10/20/30percentbasisunreported+dicyandiamide5percentbasisunreported;1:20bathratio70C30min,pad100%wetpickup,cure180C8min,finalwash/dry60C;precleaning/controlpreconditioningunreported. SynthesisTable1/Scheme1HCl/H3PO3/HCHO37percentfirststage110CrefuxHCHOaddition1hthen3h,precip2propanoldry60C24h;ureasecondstage140Cabout1hpH5-6ethanolprecipdry60C24h.",Initial prepared fabric state,Initial prepared state;finalpreparationwashnotdurabilityLC,2019
10.1007/s10570-019-02599-3,"M606B,QingdaoShanfang,China",MainexplicitLOIprosePDFp6;Fig3PDFp7graphnotdigitized,40.5,ASTMD2863-2000,,,33.68,,261.9,"Pyris1,PerkinElmer,USA",700,MainTable5/Fig6PDFp10;thermalprosePDFpp9-11,40,289.9,,N2,FR-A30percentbath,MainmethodsPDFp5,,TG+LOI,2026-10-01,Codexcomplete16nativepublisherpages;oneprimaryreviewer,10,Cellulose,"Complete16nativepublisheronlinefirstjournalpagesreviewed,DOI/title/authorsandoriginalresearchidentity,oneprimaryreviewer. NoSIcitedandonePDFlocalinventory;noSIclaim. Own105.4g/m2cottonfabricC0/CG-30/CA-30/CL-30sameinitialstatesregularTGTable5/Fig6PDFp10andexplicitLOIprosePDFp6. TG40-700C10C/min60mL/minN2andair;CY600at600CnotR700. SourceT10%is10%masslossnotT5/Tonset. N2unnumberedTmaxstoredlegacyTmax1withoutcompletepeakstageclaim;airnative1st/2ndlabelsretained,control491.2Csecondcharoxidationnotwaterpeak;treated2nddashblanknotzero. SourcecontrolairCY600zero retained. Vmaxunits%/Cnotpeaktemperature. TG-IRspectrawavenumbersandcone/MCCparametersnotTGmetrics. LOIC016.7/CG-3041.2/CA-3040.5/CL-3042.1exactprose;Fig3p7allotherbarsnoexplicitnumericlabelsnotdigitized. Table3p8titlementionsLOIbutactualcolumnsnoLOInumbers. Three30%dose40LCLOI26.4/26.0/27.1exact,noownwashedTG. Six10/20%doseinitialand33remainingwashedstatesLOIgraphonlyheld;10%dose26.0-28.0groupboundnotindividualvalues. 39graphonlyand3explicitwashedfactskeptoutsideverifiedtarget. Bath10/20/30percentbasisanddicyandiamide5percentbasisunreportednotwt/owfinferred. Table3weightgainplusminusuncertaintytype/repeatsunreportednotSDassumed. 100%wetpickup,1:20bath,70C30min,180C8min,finalwash/dry60CnotdurabilityLC. AATCC61-2006at49Cmethodnumber/homeequivalentunreported. LOIASTMD2863-2000M606B,specimensize/repeatsunreported;tensile25x180mmnotLOIsize. SynthesisH3PO3phosphorousacidnotphosphoric,HCHO37%usedsynthesisdespitefinalformaldehydefreeclaim;nohiddenrecipecorrection. Noindependentphysicalreplicate/reviewerclaim.",cotton,"Cotton fabric;105.4g/m2;ChaotianmenMarket,Chongqing;weavepatternunreported","Cotton fabric;105.4g/m2;ChaotianmenMarket,Chongqing;weavepatternunreported","Cotton fabric;105.4g/m2;ChaotianmenMarket,Chongqing;weavepatternunreported",CA-30,explicit_text,Owninitial105.4g/m2cottonC0/CG-30/CA-30/CL-30explicit30percentFRidentityPDFp5;exactsamefabriclabelsTable5andLOIproseN2/air10Cmin;nootherdose/washed/conetransfer,verified_exact,journal_article,NativePDFp1DOI/title/authors/ORIGINALRESEARCH/accepted26June2019;notpreprint,33.68,600,source_review_approved,f60d4452534a32beebf39d82e3f6a6f756100726ae14fd0a87b5b65c1bd556a3,CA-30,,,,,30,Unreported;notwt/owfassumed,,,,,,,,,,,,,,,,,,,,,,,,,,,,,,,,60,,,,N2unnumberedTmaxlegacyTmax1;airnative1st/2ndstageheaders,2.59,,5,Unreported,,,Nativepublisheronlinefirstjournaloriginalresearch2019;unpaginatedPDF;noinventedprintpagination,,,,,MainTable5/Fig6PDFp10;LOIprosePDFp6;methodsPDFp5,,15.6,"FR-G/FR-A/FR-L ammoniumsaltsrespectivelyN,N-bis(phosphonomethyl)glycine/asparticacidandN,N,N,N-tetra(phosphonomethyl)lysine. BathFR10/20/30percentbasisunreported+dicyandiamide5percentbasisunreported;1:20bathratio70C30min,pad100%wetpickup,cure180C8min,finalwash/dry60C;precleaning/controlpreconditioningunreported. SynthesisTable1/Scheme1HCl/H3PO3/HCHO37percentfirststage110CrefuxHCHOaddition1hthen3h,precip2propanoldry60C24h;ureasecondstage140Cabout1hpH5-6ethanolprecipdry60C24h.",,Synthesis of three novel amino acids-based flame retardants with multiple reactive groups for cotton fabrics,https://doi.org/10.1007/s10570-019-02599-3,,,,0.6,Unreported,NoSIcitedincomplete16pages;onePDFinventory;noSIclaim,"FR-G/FR-A/FR-L ammoniumsaltsrespectivelyN,N-bis(phosphonomethyl)glycine/asparticacidandN,N,N,N-tetra(phosphonomethyl)lysine. BathFR10/20/30percentbasisunreported+dicyandiamide5percentbasisunreported;1:20bathratio70C30min,pad100%wetpickup,cure180C8min,finalwash/dry60C;precleaning/controlpreconditioningunreported. SynthesisTable1/Scheme1HCl/H3PO3/HCHO37percentfirststage110CrefuxHCHOaddition1hthen3h,precip2propanoldry60C24h;ureasecondstage140Cabout1hpH5-6ethanolprecipdry60C24h.",Initial prepared fabric state,Initial prepared state;finalpreparationwashnotdurabilityLC,2019
10.1007/s10570-019-02599-3,"M606B,QingdaoShanfang,China",MainexplicitLOIprosePDFp6;Fig3PDFp7graphnotdigitized,40.5,ASTMD2863-2000,,,16.01,,268.3,"Pyris1,PerkinElmer,USA",700,MainTable5/Fig6PDFp10;thermalprosePDFpp9-11,40,293.6,,air,FR-A30percentbath,MainmethodsPDFp5,,TG+LOI,2026-10-01,Codexcomplete16nativepublisherpages;oneprimaryreviewer,10,Cellulose,"Complete16nativepublisheronlinefirstjournalpagesreviewed,DOI/title/authorsandoriginalresearchidentity,oneprimaryreviewer. NoSIcitedandonePDFlocalinventory;noSIclaim. Own105.4g/m2cottonfabricC0/CG-30/CA-30/CL-30sameinitialstatesregularTGTable5/Fig6PDFp10andexplicitLOIprosePDFp6. TG40-700C10C/min60mL/minN2andair;CY600at600CnotR700. SourceT10%is10%masslossnotT5/Tonset. N2unnumberedTmaxstoredlegacyTmax1withoutcompletepeakstageclaim;airnative1st/2ndlabelsretained,control491.2Csecondcharoxidationnotwaterpeak;treated2nddashblanknotzero. SourcecontrolairCY600zero retained. Vmaxunits%/Cnotpeaktemperature. TG-IRspectrawavenumbersandcone/MCCparametersnotTGmetrics. LOIC016.7/CG-3041.2/CA-3040.5/CL-3042.1exactprose;Fig3p7allotherbarsnoexplicitnumericlabelsnotdigitized. Table3p8titlementionsLOIbutactualcolumnsnoLOInumbers. Three30%dose40LCLOI26.4/26.0/27.1exact,noownwashedTG. Six10/20%doseinitialand33remainingwashedstatesLOIgraphonlyheld;10%dose26.0-28.0groupboundnotindividualvalues. 39graphonlyand3explicitwashedfactskeptoutsideverifiedtarget. Bath10/20/30percentbasisanddicyandiamide5percentbasisunreportednotwt/owfinferred. Table3weightgainplusminusuncertaintytype/repeatsunreportednotSDassumed. 100%wetpickup,1:20bath,70C30min,180C8min,finalwash/dry60CnotdurabilityLC. AATCC61-2006at49Cmethodnumber/homeequivalentunreported. LOIASTMD2863-2000M606B,specimensize/repeatsunreported;tensile25x180mmnotLOIsize. SynthesisH3PO3phosphorousacidnotphosphoric,HCHO37%usedsynthesisdespitefinalformaldehydefreeclaim;nohiddenrecipecorrection. Noindependentphysicalreplicate/reviewerclaim.",cotton,"Cotton fabric;105.4g/m2;ChaotianmenMarket,Chongqing;weavepatternunreported","Cotton fabric;105.4g/m2;ChaotianmenMarket,Chongqing;weavepatternunreported","Cotton fabric;105.4g/m2;ChaotianmenMarket,Chongqing;weavepatternunreported",CA-30,explicit_text,Owninitial105.4g/m2cottonC0/CG-30/CA-30/CL-30explicit30percentFRidentityPDFp5;exactsamefabriclabelsTable5andLOIproseN2/air10Cmin;nootherdose/washed/conetransfer,verified_exact,journal_article,NativePDFp1DOI/title/authors/ORIGINALRESEARCH/accepted26June2019;notpreprint,16.01,600,source_review_approved,386f561447a06464e811963d50abd8cf093adfa42d385483200ec8074c4243d3,CA-30,,,,,30,Unreported;notwt/owfassumed,,,,,,,,,,,,,,,,,,,,,,,,,,,,,,,,60,,,,N2unnumberedTmaxlegacyTmax1;airnative1st/2ndstageheaders,3.98,,5,Unreported,,,Nativepublisheronlinefirstjournaloriginalresearch2019;unpaginatedPDF;noinventedprintpagination,,,,,MainTable5/Fig6PDFp10;LOIprosePDFp6;methodsPDFp5,,15.6,"FR-G/FR-A/FR-L ammoniumsaltsrespectivelyN,N-bis(phosphonomethyl)glycine/asparticacidandN,N,N,N-tetra(phosphonomethyl)lysine. BathFR10/20/30percentbasisunreported+dicyandiamide5percentbasisunreported;1:20bathratio70C30min,pad100%wetpickup,cure180C8min,finalwash/dry60C;precleaning/controlpreconditioningunreported. SynthesisTable1/Scheme1HCl/H3PO3/HCHO37percentfirststage110CrefuxHCHOaddition1hthen3h,precip2propanoldry60C24h;ureasecondstage140Cabout1hpH5-6ethanolprecipdry60C24h.",,Synthesis of three novel amino acids-based flame retardants with multiple reactive groups for cotton fabrics,https://doi.org/10.1007/s10570-019-02599-3,,,,0.6,Unreported,NoSIcitedincomplete16pages;onePDFinventory;noSIclaim,"FR-G/FR-A/FR-L ammoniumsaltsrespectivelyN,N-bis(phosphonomethyl)glycine/asparticacidandN,N,N,N-tetra(phosphonomethyl)lysine. BathFR10/20/30percentbasisunreported+dicyandiamide5percentbasisunreported;1:20bathratio70C30min,pad100%wetpickup,cure180C8min,finalwash/dry60C;precleaning/controlpreconditioningunreported. SynthesisTable1/Scheme1HCl/H3PO3/HCHO37percentfirststage110CrefuxHCHOaddition1hthen3h,precip2propanoldry60C24h;ureasecondstage140Cabout1hpH5-6ethanolprecipdry60C24h.",Initial prepared fabric state,Initial prepared state;finalpreparationwashnotdurabilityLC,2019
10.1007/s10570-019-02599-3,"M606B,QingdaoShanfang,China",MainexplicitLOIprosePDFp6;Fig3PDFp7graphnotdigitized,42.1,ASTMD2863-2000,,,43.32,,272.8,"Pyris1,PerkinElmer,USA",700,MainTable5/Fig6PDFp10;thermalprosePDFpp9-11,40,298.8,,N2,FR-L30percentbath,MainmethodsPDFp5,,TG+LOI,2026-10-01,Codexcomplete16nativepublisherpages;oneprimaryreviewer,10,Cellulose,"Complete16nativepublisheronlinefirstjournalpagesreviewed,DOI/title/authorsandoriginalresearchidentity,oneprimaryreviewer. NoSIcitedandonePDFlocalinventory;noSIclaim. Own105.4g/m2cottonfabricC0/CG-30/CA-30/CL-30sameinitialstatesregularTGTable5/Fig6PDFp10andexplicitLOIprosePDFp6. TG40-700C10C/min60mL/minN2andair;CY600at600CnotR700. SourceT10%is10%masslossnotT5/Tonset. N2unnumberedTmaxstoredlegacyTmax1withoutcompletepeakstageclaim;airnative1st/2ndlabelsretained,control491.2Csecondcharoxidationnotwaterpeak;treated2nddashblanknotzero. SourcecontrolairCY600zero retained. Vmaxunits%/Cnotpeaktemperature. TG-IRspectrawavenumbersandcone/MCCparametersnotTGmetrics. LOIC016.7/CG-3041.2/CA-3040.5/CL-3042.1exactprose;Fig3p7allotherbarsnoexplicitnumericlabelsnotdigitized. Table3p8titlementionsLOIbutactualcolumnsnoLOInumbers. Three30%dose40LCLOI26.4/26.0/27.1exact,noownwashedTG. Six10/20%doseinitialand33remainingwashedstatesLOIgraphonlyheld;10%dose26.0-28.0groupboundnotindividualvalues. 39graphonlyand3explicitwashedfactskeptoutsideverifiedtarget. Bath10/20/30percentbasisanddicyandiamide5percentbasisunreportednotwt/owfinferred. Table3weightgainplusminusuncertaintytype/repeatsunreportednotSDassumed. 100%wetpickup,1:20bath,70C30min,180C8min,finalwash/dry60CnotdurabilityLC. AATCC61-2006at49Cmethodnumber/homeequivalentunreported. LOIASTMD2863-2000M606B,specimensize/repeatsunreported;tensile25x180mmnotLOIsize. SynthesisH3PO3phosphorousacidnotphosphoric,HCHO37%usedsynthesisdespitefinalformaldehydefreeclaim;nohiddenrecipecorrection. Noindependentphysicalreplicate/reviewerclaim.",cotton,"Cotton fabric;105.4g/m2;ChaotianmenMarket,Chongqing;weavepatternunreported","Cotton fabric;105.4g/m2;ChaotianmenMarket,Chongqing;weavepatternunreported","Cotton fabric;105.4g/m2;ChaotianmenMarket,Chongqing;weavepatternunreported",CL-30,explicit_text,Owninitial105.4g/m2cottonC0/CG-30/CA-30/CL-30explicit30percentFRidentityPDFp5;exactsamefabriclabelsTable5andLOIproseN2/air10Cmin;nootherdose/washed/conetransfer,verified_exact,journal_article,NativePDFp1DOI/title/authors/ORIGINALRESEARCH/accepted26June2019;notpreprint,43.32,600,source_review_approved,9da40e2bac658f5ae8e65bf012449bf4254b6e900777e665e6fa68d7b4bb4996,CL-30,,,,,30,Unreported;notwt/owfassumed,,,,,,,,,,,,,,,,,,,,,,,,,,,,,,,,60,,,,N2unnumberedTmaxlegacyTmax1;airnative1st/2ndstageheaders,2.66,,5,Unreported,,,Nativepublisheronlinefirstjournaloriginalresearch2019;unpaginatedPDF;noinventedprintpagination,,,,,MainTable5/Fig6PDFp10;LOIprosePDFp6;methodsPDFp5,,18.7,"FR-G/FR-A/FR-L ammoniumsaltsrespectivelyN,N-bis(phosphonomethyl)glycine/asparticacidandN,N,N,N-tetra(phosphonomethyl)lysine. BathFR10/20/30percentbasisunreported+dicyandiamide5percentbasisunreported;1:20bathratio70C30min,pad100%wetpickup,cure180C8min,finalwash/dry60C;precleaning/controlpreconditioningunreported. SynthesisTable1/Scheme1HCl/H3PO3/HCHO37percentfirststage110CrefuxHCHOaddition1hthen3h,precip2propanoldry60C24h;ureasecondstage140Cabout1hpH5-6ethanolprecipdry60C24h.",,Synthesis of three novel amino acids-based flame retardants with multiple reactive groups for cotton fabrics,https://doi.org/10.1007/s10570-019-02599-3,,,,0.8,Unreported,NoSIcitedincomplete16pages;onePDFinventory;noSIclaim,"FR-G/FR-A/FR-L ammoniumsaltsrespectivelyN,N-bis(phosphonomethyl)glycine/asparticacidandN,N,N,N-tetra(phosphonomethyl)lysine. BathFR10/20/30percentbasisunreported+dicyandiamide5percentbasisunreported;1:20bathratio70C30min,pad100%wetpickup,cure180C8min,finalwash/dry60C;precleaning/controlpreconditioningunreported. SynthesisTable1/Scheme1HCl/H3PO3/HCHO37percentfirststage110CrefuxHCHOaddition1hthen3h,precip2propanoldry60C24h;ureasecondstage140Cabout1hpH5-6ethanolprecipdry60C24h.",Initial prepared fabric state,Initial prepared state;finalpreparationwashnotdurabilityLC,2019
10.1007/s10570-019-02599-3,"M606B,QingdaoShanfang,China",MainexplicitLOIprosePDFp6;Fig3PDFp7graphnotdigitized,42.1,ASTMD2863-2000,,,19.27,,269.5,"Pyris1,PerkinElmer,USA",700,MainTable5/Fig6PDFp10;thermalprosePDFpp9-11,40,294.5,,air,FR-L30percentbath,MainmethodsPDFp5,,TG+LOI,2026-10-01,Codexcomplete16nativepublisherpages;oneprimaryreviewer,10,Cellulose,"Complete16nativepublisheronlinefirstjournalpagesreviewed,DOI/title/authorsandoriginalresearchidentity,oneprimaryreviewer. NoSIcitedandonePDFlocalinventory;noSIclaim. Own105.4g/m2cottonfabricC0/CG-30/CA-30/CL-30sameinitialstatesregularTGTable5/Fig6PDFp10andexplicitLOIprosePDFp6. TG40-700C10C/min60mL/minN2andair;CY600at600CnotR700. SourceT10%is10%masslossnotT5/Tonset. N2unnumberedTmaxstoredlegacyTmax1withoutcompletepeakstageclaim;airnative1st/2ndlabelsretained,control491.2Csecondcharoxidationnotwaterpeak;treated2nddashblanknotzero. SourcecontrolairCY600zero retained. Vmaxunits%/Cnotpeaktemperature. TG-IRspectrawavenumbersandcone/MCCparametersnotTGmetrics. LOIC016.7/CG-3041.2/CA-3040.5/CL-3042.1exactprose;Fig3p7allotherbarsnoexplicitnumericlabelsnotdigitized. Table3p8titlementionsLOIbutactualcolumnsnoLOInumbers. Three30%dose40LCLOI26.4/26.0/27.1exact,noownwashedTG. Six10/20%doseinitialand33remainingwashedstatesLOIgraphonlyheld;10%dose26.0-28.0groupboundnotindividualvalues. 39graphonlyand3explicitwashedfactskeptoutsideverifiedtarget. Bath10/20/30percentbasisanddicyandiamide5percentbasisunreportednotwt/owfinferred. Table3weightgainplusminusuncertaintytype/repeatsunreportednotSDassumed. 100%wetpickup,1:20bath,70C30min,180C8min,finalwash/dry60CnotdurabilityLC. AATCC61-2006at49Cmethodnumber/homeequivalentunreported. LOIASTMD2863-2000M606B,specimensize/repeatsunreported;tensile25x180mmnotLOIsize. SynthesisH3PO3phosphorousacidnotphosphoric,HCHO37%usedsynthesisdespitefinalformaldehydefreeclaim;nohiddenrecipecorrection. Noindependentphysicalreplicate/reviewerclaim.",cotton,"Cotton fabric;105.4g/m2;ChaotianmenMarket,Chongqing;weavepatternunreported","Cotton fabric;105.4g/m2;ChaotianmenMarket,Chongqing;weavepatternunreported","Cotton fabric;105.4g/m2;ChaotianmenMarket,Chongqing;weavepatternunreported",CL-30,explicit_text,Owninitial105.4g/m2cottonC0/CG-30/CA-30/CL-30explicit30percentFRidentityPDFp5;exactsamefabriclabelsTable5andLOIproseN2/air10Cmin;nootherdose/washed/conetransfer,verified_exact,journal_article,NativePDFp1DOI/title/authors/ORIGINALRESEARCH/accepted26June2019;notpreprint,19.27,600,source_review_approved,7654741ec51fcf333c44adbafedacba85569c5e050feb08e983fa4329ff671be,CL-30,,,,,30,Unreported;notwt/owfassumed,,,,,,,,,,,,,,,,,,,,,,,,,,,,,,,,60,,,,N2unnumberedTmaxlegacyTmax1;airnative1st/2ndstageheaders,4.12,,5,Unreported,,,Nativepublisheronlinefirstjournaloriginalresearch2019;unpaginatedPDF;noinventedprintpagination,,,,,MainTable5/Fig6PDFp10;LOIprosePDFp6;methodsPDFp5,,18.7,"FR-G/FR-A/FR-L ammoniumsaltsrespectivelyN,N-bis(phosphonomethyl)glycine/asparticacidandN,N,N,N-tetra(phosphonomethyl)lysine. BathFR10/20/30percentbasisunreported+dicyandiamide5percentbasisunreported;1:20bathratio70C30min,pad100%wetpickup,cure180C8min,finalwash/dry60C;precleaning/controlpreconditioningunreported. SynthesisTable1/Scheme1HCl/H3PO3/HCHO37percentfirststage110CrefuxHCHOaddition1hthen3h,precip2propanoldry60C24h;ureasecondstage140Cabout1hpH5-6ethanolprecipdry60C24h.",,Synthesis of three novel amino acids-based flame retardants with multiple reactive groups for cotton fabrics,https://doi.org/10.1007/s10570-019-02599-3,,,,0.8,Unreported,NoSIcitedincomplete16pages;onePDFinventory;noSIclaim,"FR-G/FR-A/FR-L ammoniumsaltsrespectivelyN,N-bis(phosphonomethyl)glycine/asparticacidandN,N,N,N-tetra(phosphonomethyl)lysine. BathFR10/20/30percentbasisunreported+dicyandiamide5percentbasisunreported;1:20bathratio70C30min,pad100%wetpickup,cure180C8min,finalwash/dry60C;precleaning/controlpreconditioningunreported. SynthesisTable1/Scheme1HCl/H3PO3/HCHO37percentfirststage110CrefuxHCHOaddition1hthen3h,precip2propanoldry60C24h;ureasecondstage140Cabout1hpH5-6ethanolprecipdry60C24h.",Initial prepared fabric state,Initial prepared state;finalpreparationwashnotdurabilityLC,2019
10.1007/s10570-019-02599-3,,MainFig3PDFp7unlabelledbars,,,,,,,,,,,,,,,,,,LOI_graph_only_not_digitized,,,,,"Complete16nativepublisheronlinefirstjournalpagesreviewed,DOI/title/authorsandoriginalresearchidentity,oneprimaryreviewer. NoSIcitedandonePDFlocalinventory;noSIclaim. Own105.4g/m2cottonfabricC0/CG-30/CA-30/CL-30sameinitialstatesregularTGTable5/Fig6PDFp10andexplicitLOIprosePDFp6. TG40-700C10C/min60mL/minN2andair;CY600at600CnotR700. SourceT10%is10%masslossnotT5/Tonset. N2unnumberedTmaxstoredlegacyTmax1withoutcompletepeakstageclaim;airnative1st/2ndlabelsretained,control491.2Csecondcharoxidationnotwaterpeak;treated2nddashblanknotzero. SourcecontrolairCY600zero retained. Vmaxunits%/Cnotpeaktemperature. TG-IRspectrawavenumbersandcone/MCCparametersnotTGmetrics. LOIC016.7/CG-3041.2/CA-3040.5/CL-3042.1exactprose;Fig3p7allotherbarsnoexplicitnumericlabelsnotdigitized. Table3p8titlementionsLOIbutactualcolumnsnoLOInumbers. Three30%dose40LCLOI26.4/26.0/27.1exact,noownwashedTG. Six10/20%doseinitialand33remainingwashedstatesLOIgraphonlyheld;10%dose26.0-28.0groupboundnotindividualvalues. 39graphonlyand3explicitwashedfactskeptoutsideverifiedtarget. Bath10/20/30percentbasisanddicyandiamide5percentbasisunreportednotwt/owfinferred. Table3weightgainplusminusuncertaintytype/repeatsunreportednotSDassumed. 100%wetpickup,1:20bath,70C30min,180C8min,finalwash/dry60CnotdurabilityLC. AATCC61-2006at49Cmethodnumber/homeequivalentunreported. LOIASTMD2863-2000M606B,specimensize/repeatsunreported;tensile25x180mmnotLOIsize. SynthesisH3PO3phosphorousacidnotphosphoric,HCHO37%usedsynthesisdespitefinalformaldehydefreeclaim;nohiddenrecipecorrection. Noindependentphysicalreplicate/reviewerclaim.",,"Cotton fabric;105.4g/m2;ChaotianmenMarket,Chongqing;weavepatternunreported",,,CG-10,,,held_graphonly_LOI_not_digitized_no_own_TG,,,,,held_outside_verified_target,,CG-10,,,,,10,Unreported,,,,,,,,,,,,,,,,,,,,,,,,,,,,,,,,,,,,,,,,,,,,,,,,MainFig3PDFp7;methodsPDFp5;LOIprosePDFp6,,,,,Synthesis of three novel amino acids-based flame retardants with multiple reactive groups for cotton fabrics,https://doi.org/10.1007/s10570-019-02599-3,0,,,,,,,,Initial prepared state,
10.1007/s10570-019-02599-3,,MainFig3PDFp7unlabelledbars,,,,,,,,,,,,,,,,,,LOI_graph_only_not_digitized,,,,,"Complete16nativepublisheronlinefirstjournalpagesreviewed,DOI/title/authorsandoriginalresearchidentity,oneprimaryreviewer. NoSIcitedandonePDFlocalinventory;noSIclaim. Own105.4g/m2cottonfabricC0/CG-30/CA-30/CL-30sameinitialstatesregularTGTable5/Fig6PDFp10andexplicitLOIprosePDFp6. TG40-700C10C/min60mL/minN2andair;CY600at600CnotR700. SourceT10%is10%masslossnotT5/Tonset. N2unnumberedTmaxstoredlegacyTmax1withoutcompletepeakstageclaim;airnative1st/2ndlabelsretained,control491.2Csecondcharoxidationnotwaterpeak;treated2nddashblanknotzero. SourcecontrolairCY600zero retained. Vmaxunits%/Cnotpeaktemperature. TG-IRspectrawavenumbersandcone/MCCparametersnotTGmetrics. LOIC016.7/CG-3041.2/CA-3040.5/CL-3042.1exactprose;Fig3p7allotherbarsnoexplicitnumericlabelsnotdigitized. Table3p8titlementionsLOIbutactualcolumnsnoLOInumbers. Three30%dose40LCLOI26.4/26.0/27.1exact,noownwashedTG. Six10/20%doseinitialand33remainingwashedstatesLOIgraphonlyheld;10%dose26.0-28.0groupboundnotindividualvalues. 39graphonlyand3explicitwashedfactskeptoutsideverifiedtarget. Bath10/20/30percentbasisanddicyandiamide5percentbasisunreportednotwt/owfinferred. Table3weightgainplusminusuncertaintytype/repeatsunreportednotSDassumed. 100%wetpickup,1:20bath,70C30min,180C8min,finalwash/dry60CnotdurabilityLC. AATCC61-2006at49Cmethodnumber/homeequivalentunreported. LOIASTMD2863-2000M606B,specimensize/repeatsunreported;tensile25x180mmnotLOIsize. SynthesisH3PO3phosphorousacidnotphosphoric,HCHO37%usedsynthesisdespitefinalformaldehydefreeclaim;nohiddenrecipecorrection. Noindependentphysicalreplicate/reviewerclaim.",,"Cotton fabric;105.4g/m2;ChaotianmenMarket,Chongqing;weavepatternunreported",,,CG-10,,,held_graphonly_LOI_not_digitized_no_own_TG,,,,,held_outside_verified_target,,CG-10after10LC,,,,,10,Unreported,,,,,,,,,,,,,,,,,,,,,,,,,,,,,,,,,,,,,,,,,,,,,,,,MainFig3PDFp7;methodsPDFp5;LOIprosePDFp6,,,,,Synthesis of three novel amino acids-based flame retardants with multiple reactive groups for cotton fabrics,https://doi.org/10.1007/s10570-019-02599-3,10,,,,,,,,10sourceLC;AATCC61-2006at49C;methodnumber/homeequivalentunreported,
10.1007/s10570-019-02599-3,,MainFig3PDFp7unlabelledbars,,,,,,,,,,,,,,,,,,LOI_graph_only_not_digitized,,,,,"Complete16nativepublisheronlinefirstjournalpagesreviewed,DOI/title/authorsandoriginalresearchidentity,oneprimaryreviewer. NoSIcitedandonePDFlocalinventory;noSIclaim. Own105.4g/m2cottonfabricC0/CG-30/CA-30/CL-30sameinitialstatesregularTGTable5/Fig6PDFp10andexplicitLOIprosePDFp6. TG40-700C10C/min60mL/minN2andair;CY600at600CnotR700. SourceT10%is10%masslossnotT5/Tonset. N2unnumberedTmaxstoredlegacyTmax1withoutcompletepeakstageclaim;airnative1st/2ndlabelsretained,control491.2Csecondcharoxidationnotwaterpeak;treated2nddashblanknotzero. SourcecontrolairCY600zero retained. Vmaxunits%/Cnotpeaktemperature. TG-IRspectrawavenumbersandcone/MCCparametersnotTGmetrics. LOIC016.7/CG-3041.2/CA-3040.5/CL-3042.1exactprose;Fig3p7allotherbarsnoexplicitnumericlabelsnotdigitized. Table3p8titlementionsLOIbutactualcolumnsnoLOInumbers. Three30%dose40LCLOI26.4/26.0/27.1exact,noownwashedTG. Six10/20%doseinitialand33remainingwashedstatesLOIgraphonlyheld;10%dose26.0-28.0groupboundnotindividualvalues. 39graphonlyand3explicitwashedfactskeptoutsideverifiedtarget. Bath10/20/30percentbasisanddicyandiamide5percentbasisunreportednotwt/owfinferred. Table3weightgainplusminusuncertaintytype/repeatsunreportednotSDassumed. 100%wetpickup,1:20bath,70C30min,180C8min,finalwash/dry60CnotdurabilityLC. AATCC61-2006at49Cmethodnumber/homeequivalentunreported. LOIASTMD2863-2000M606B,specimensize/repeatsunreported;tensile25x180mmnotLOIsize. SynthesisH3PO3phosphorousacidnotphosphoric,HCHO37%usedsynthesisdespitefinalformaldehydefreeclaim;nohiddenrecipecorrection. Noindependentphysicalreplicate/reviewerclaim.",,"Cotton fabric;105.4g/m2;ChaotianmenMarket,Chongqing;weavepatternunreported",,,CG-10,,,held_graphonly_LOI_not_digitized_no_own_TG,,,,,held_outside_verified_target,,CG-10after20LC,,,,,10,Unreported,,,,,,,,,,,,,,,,,,,,,,,,,,,,,,,,,,,,,,,,,,,,,,,,MainFig3PDFp7;methodsPDFp5;LOIprosePDFp6,,,,,Synthesis of three novel amino acids-based flame retardants with multiple reactive groups for cotton fabrics,https://doi.org/10.1007/s10570-019-02599-3,20,,,,,,,,20sourceLC;AATCC61-2006at49C;methodnumber/homeequivalentunreported,
10.1007/s10570-019-02599-3,,MainFig3PDFp7unlabelledbars,,,,,,,,,,,,,,,,,,LOI_graph_only_not_digitized,,,,,"Complete16nativepublisheronlinefirstjournalpagesreviewed,DOI/title/authorsandoriginalresearchidentity,oneprimaryreviewer. NoSIcitedandonePDFlocalinventory;noSIclaim. Own105.4g/m2cottonfabricC0/CG-30/CA-30/CL-30sameinitialstatesregularTGTable5/Fig6PDFp10andexplicitLOIprosePDFp6. TG40-700C10C/min60mL/minN2andair;CY600at600CnotR700. SourceT10%is10%masslossnotT5/Tonset. N2unnumberedTmaxstoredlegacyTmax1withoutcompletepeakstageclaim;airnative1st/2ndlabelsretained,control491.2Csecondcharoxidationnotwaterpeak;treated2nddashblanknotzero. SourcecontrolairCY600zero retained. Vmaxunits%/Cnotpeaktemperature. TG-IRspectrawavenumbersandcone/MCCparametersnotTGmetrics. LOIC016.7/CG-3041.2/CA-3040.5/CL-3042.1exactprose;Fig3p7allotherbarsnoexplicitnumericlabelsnotdigitized. Table3p8titlementionsLOIbutactualcolumnsnoLOInumbers. Three30%dose40LCLOI26.4/26.0/27.1exact,noownwashedTG. Six10/20%doseinitialand33remainingwashedstatesLOIgraphonlyheld;10%dose26.0-28.0groupboundnotindividualvalues. 39graphonlyand3explicitwashedfactskeptoutsideverifiedtarget. Bath10/20/30percentbasisanddicyandiamide5percentbasisunreportednotwt/owfinferred. Table3weightgainplusminusuncertaintytype/repeatsunreportednotSDassumed. 100%wetpickup,1:20bath,70C30min,180C8min,finalwash/dry60CnotdurabilityLC. AATCC61-2006at49Cmethodnumber/homeequivalentunreported. LOIASTMD2863-2000M606B,specimensize/repeatsunreported;tensile25x180mmnotLOIsize. SynthesisH3PO3phosphorousacidnotphosphoric,HCHO37%usedsynthesisdespitefinalformaldehydefreeclaim;nohiddenrecipecorrection. Noindependentphysicalreplicate/reviewerclaim.",,"Cotton fabric;105.4g/m2;ChaotianmenMarket,Chongqing;weavepatternunreported",,,CG-10,,,held_graphonly_LOI_not_digitized_no_own_TG,,,,,held_outside_verified_target,,CG-10after30LC,,,,,10,Unreported,,,,,,,,,,,,,,,,,,,,,,,,,,,,,,,,,,,,,,,,,,,,,,,,MainFig3PDFp7;methodsPDFp5;LOIprosePDFp6,,,,,Synthesis of three novel amino acids-based flame retardants with multiple reactive groups for cotton fabrics,https://doi.org/10.1007/s10570-019-02599-3,30,,,,,,,,30sourceLC;AATCC61-2006at49C;methodnumber/homeequivalentunreported,
10.1007/s10570-019-02599-3,,MainFig3PDFp7unlabelledbars,,,,,,,,,,,,,,,,,,LOI_graph_only_not_digitized,,,,,"Complete16nativepublisheronlinefirstjournalpagesreviewed,DOI/title/authorsandoriginalresearchidentity,oneprimaryreviewer. NoSIcitedandonePDFlocalinventory;noSIclaim. Own105.4g/m2cottonfabricC0/CG-30/CA-30/CL-30sameinitialstatesregularTGTable5/Fig6PDFp10andexplicitLOIprosePDFp6. TG40-700C10C/min60mL/minN2andair;CY600at600CnotR700. SourceT10%is10%masslossnotT5/Tonset. N2unnumberedTmaxstoredlegacyTmax1withoutcompletepeakstageclaim;airnative1st/2ndlabelsretained,control491.2Csecondcharoxidationnotwaterpeak;treated2nddashblanknotzero. SourcecontrolairCY600zero retained. Vmaxunits%/Cnotpeaktemperature. TG-IRspectrawavenumbersandcone/MCCparametersnotTGmetrics. LOIC016.7/CG-3041.2/CA-3040.5/CL-3042.1exactprose;Fig3p7allotherbarsnoexplicitnumericlabelsnotdigitized. Table3p8titlementionsLOIbutactualcolumnsnoLOInumbers. Three30%dose40LCLOI26.4/26.0/27.1exact,noownwashedTG. Six10/20%doseinitialand33remainingwashedstatesLOIgraphonlyheld;10%dose26.0-28.0groupboundnotindividualvalues. 39graphonlyand3explicitwashedfactskeptoutsideverifiedtarget. Bath10/20/30percentbasisanddicyandiamide5percentbasisunreportednotwt/owfinferred. Table3weightgainplusminusuncertaintytype/repeatsunreportednotSDassumed. 100%wetpickup,1:20bath,70C30min,180C8min,finalwash/dry60CnotdurabilityLC. AATCC61-2006at49Cmethodnumber/homeequivalentunreported. LOIASTMD2863-2000M606B,specimensize/repeatsunreported;tensile25x180mmnotLOIsize. SynthesisH3PO3phosphorousacidnotphosphoric,HCHO37%usedsynthesisdespitefinalformaldehydefreeclaim;nohiddenrecipecorrection. Noindependentphysicalreplicate/reviewerclaim.",,"Cotton fabric;105.4g/m2;ChaotianmenMarket,Chongqing;weavepatternunreported",,,CG-10,,,held_graphonly_LOI_not_digitized_no_own_TG,,,,,held_outside_verified_target,,CG-10after40LC,,,,,10,Unreported,,,,,,,,,,,,,,,,,,,,,,,,,,,,,,,,,,,,,,,,,,,,,,,,MainFig3PDFp7;methodsPDFp5;LOIprosePDFp6,,,,,Synthesis of three novel amino acids-based flame retardants with multiple reactive groups for cotton fabrics,https://doi.org/10.1007/s10570-019-02599-3,40,,,,,,,,40sourceLC;AATCC61-2006at49C;methodnumber/homeequivalentunreported,
10.1007/s10570-019-02599-3,,MainFig3PDFp7unlabelledbars,,,,,,,,,,,,,,,,,,LOI_graph_only_not_digitized,,,,,"Complete16nativepublisheronlinefirstjournalpagesreviewed,DOI/title/authorsandoriginalresearchidentity,oneprimaryreviewer. NoSIcitedandonePDFlocalinventory;noSIclaim. Own105.4g/m2cottonfabricC0/CG-30/CA-30/CL-30sameinitialstatesregularTGTable5/Fig6PDFp10andexplicitLOIprosePDFp6. TG40-700C10C/min60mL/minN2andair;CY600at600CnotR700. SourceT10%is10%masslossnotT5/Tonset. N2unnumberedTmaxstoredlegacyTmax1withoutcompletepeakstageclaim;airnative1st/2ndlabelsretained,control491.2Csecondcharoxidationnotwaterpeak;treated2nddashblanknotzero. SourcecontrolairCY600zero retained. Vmaxunits%/Cnotpeaktemperature. TG-IRspectrawavenumbersandcone/MCCparametersnotTGmetrics. LOIC016.7/CG-3041.2/CA-3040.5/CL-3042.1exactprose;Fig3p7allotherbarsnoexplicitnumericlabelsnotdigitized. Table3p8titlementionsLOIbutactualcolumnsnoLOInumbers. Three30%dose40LCLOI26.4/26.0/27.1exact,noownwashedTG. Six10/20%doseinitialand33remainingwashedstatesLOIgraphonlyheld;10%dose26.0-28.0groupboundnotindividualvalues. 39graphonlyand3explicitwashedfactskeptoutsideverifiedtarget. Bath10/20/30percentbasisanddicyandiamide5percentbasisunreportednotwt/owfinferred. Table3weightgainplusminusuncertaintytype/repeatsunreportednotSDassumed. 100%wetpickup,1:20bath,70C30min,180C8min,finalwash/dry60CnotdurabilityLC. AATCC61-2006at49Cmethodnumber/homeequivalentunreported. LOIASTMD2863-2000M606B,specimensize/repeatsunreported;tensile25x180mmnotLOIsize. SynthesisH3PO3phosphorousacidnotphosphoric,HCHO37%usedsynthesisdespitefinalformaldehydefreeclaim;nohiddenrecipecorrection. Noindependentphysicalreplicate/reviewerclaim.",,"Cotton fabric;105.4g/m2;ChaotianmenMarket,Chongqing;weavepatternunreported",,,CG-20,,,held_graphonly_LOI_not_digitized_no_own_TG,,,,,held_outside_verified_target,,CG-20,,,,,20,Unreported,,,,,,,,,,,,,,,,,,,,,,,,,,,,,,,,,,,,,,,,,,,,,,,,MainFig3PDFp7;methodsPDFp5;LOIprosePDFp6,,,,,Synthesis of three novel amino acids-based flame retardants with multiple reactive groups for cotton fabrics,https://doi.org/10.1007/s10570-019-02599-3,0,,,,,,,,Initial prepared state,
10.1007/s10570-019-02599-3,,MainFig3PDFp7unlabelledbars,,,,,,,,,,,,,,,,,,LOI_graph_only_not_digitized,,,,,"Complete16nativepublisheronlinefirstjournalpagesreviewed,DOI/title/authorsandoriginalresearchidentity,oneprimaryreviewer. NoSIcitedandonePDFlocalinventory;noSIclaim. Own105.4g/m2cottonfabricC0/CG-30/CA-30/CL-30sameinitialstatesregularTGTable5/Fig6PDFp10andexplicitLOIprosePDFp6. TG40-700C10C/min60mL/minN2andair;CY600at600CnotR700. SourceT10%is10%masslossnotT5/Tonset. N2unnumberedTmaxstoredlegacyTmax1withoutcompletepeakstageclaim;airnative1st/2ndlabelsretained,control491.2Csecondcharoxidationnotwaterpeak;treated2nddashblanknotzero. SourcecontrolairCY600zero retained. Vmaxunits%/Cnotpeaktemperature. TG-IRspectrawavenumbersandcone/MCCparametersnotTGmetrics. LOIC016.7/CG-3041.2/CA-3040.5/CL-3042.1exactprose;Fig3p7allotherbarsnoexplicitnumericlabelsnotdigitized. Table3p8titlementionsLOIbutactualcolumnsnoLOInumbers. Three30%dose40LCLOI26.4/26.0/27.1exact,noownwashedTG. Six10/20%doseinitialand33remainingwashedstatesLOIgraphonlyheld;10%dose26.0-28.0groupboundnotindividualvalues. 39graphonlyand3explicitwashedfactskeptoutsideverifiedtarget. Bath10/20/30percentbasisanddicyandiamide5percentbasisunreportednotwt/owfinferred. Table3weightgainplusminusuncertaintytype/repeatsunreportednotSDassumed. 100%wetpickup,1:20bath,70C30min,180C8min,finalwash/dry60CnotdurabilityLC. AATCC61-2006at49Cmethodnumber/homeequivalentunreported. LOIASTMD2863-2000M606B,specimensize/repeatsunreported;tensile25x180mmnotLOIsize. SynthesisH3PO3phosphorousacidnotphosphoric,HCHO37%usedsynthesisdespitefinalformaldehydefreeclaim;nohiddenrecipecorrection. Noindependentphysicalreplicate/reviewerclaim.",,"Cotton fabric;105.4g/m2;ChaotianmenMarket,Chongqing;weavepatternunreported",,,CG-20,,,held_graphonly_LOI_not_digitized_no_own_TG,,,,,held_outside_verified_target,,CG-20after10LC,,,,,20,Unreported,,,,,,,,,,,,,,,,,,,,,,,,,,,,,,,,,,,,,,,,,,,,,,,,MainFig3PDFp7;methodsPDFp5;LOIprosePDFp6,,,,,Synthesis of three novel amino acids-based flame retardants with multiple reactive groups for cotton fabrics,https://doi.org/10.1007/s10570-019-02599-3,10,,,,,,,,10sourceLC;AATCC61-2006at49C;methodnumber/homeequivalentunreported,
10.1007/s10570-019-02599-3,,MainFig3PDFp7unlabelledbars,,,,,,,,,,,,,,,,,,LOI_graph_only_not_digitized,,,,,"Complete16nativepublisheronlinefirstjournalpagesreviewed,DOI/title/authorsandoriginalresearchidentity,oneprimaryreviewer. NoSIcitedandonePDFlocalinventory;noSIclaim. Own105.4g/m2cottonfabricC0/CG-30/CA-30/CL-30sameinitialstatesregularTGTable5/Fig6PDFp10andexplicitLOIprosePDFp6. TG40-700C10C/min60mL/minN2andair;CY600at600CnotR700. SourceT10%is10%masslossnotT5/Tonset. N2unnumberedTmaxstoredlegacyTmax1withoutcompletepeakstageclaim;airnative1st/2ndlabelsretained,control491.2Csecondcharoxidationnotwaterpeak;treated2nddashblanknotzero. SourcecontrolairCY600zero retained. Vmaxunits%/Cnotpeaktemperature. TG-IRspectrawavenumbersandcone/MCCparametersnotTGmetrics. LOIC016.7/CG-3041.2/CA-3040.5/CL-3042.1exactprose;Fig3p7allotherbarsnoexplicitnumericlabelsnotdigitized. Table3p8titlementionsLOIbutactualcolumnsnoLOInumbers. Three30%dose40LCLOI26.4/26.0/27.1exact,noownwashedTG. Six10/20%doseinitialand33remainingwashedstatesLOIgraphonlyheld;10%dose26.0-28.0groupboundnotindividualvalues. 39graphonlyand3explicitwashedfactskeptoutsideverifiedtarget. Bath10/20/30percentbasisanddicyandiamide5percentbasisunreportednotwt/owfinferred. Table3weightgainplusminusuncertaintytype/repeatsunreportednotSDassumed. 100%wetpickup,1:20bath,70C30min,180C8min,finalwash/dry60CnotdurabilityLC. AATCC61-2006at49Cmethodnumber/homeequivalentunreported. LOIASTMD2863-2000M606B,specimensize/repeatsunreported;tensile25x180mmnotLOIsize. SynthesisH3PO3phosphorousacidnotphosphoric,HCHO37%usedsynthesisdespitefinalformaldehydefreeclaim;nohiddenrecipecorrection. Noindependentphysicalreplicate/reviewerclaim.",,"Cotton fabric;105.4g/m2;ChaotianmenMarket,Chongqing;weavepatternunreported",,,CG-20,,,held_graphonly_LOI_not_digitized_no_own_TG,,,,,held_outside_verified_target,,CG-20after20LC,,,,,20,Unreported,,,,,,,,,,,,,,,,,,,,,,,,,,,,,,,,,,,,,,,,,,,,,,,,MainFig3PDFp7;methodsPDFp5;LOIprosePDFp6,,,,,Synthesis of three novel amino acids-based flame retardants with multiple reactive groups for cotton fabrics,https://doi.org/10.1007/s10570-019-02599-3,20,,,,,,,,20sourceLC;AATCC61-2006at49C;methodnumber/homeequivalentunreported,
10.1007/s10570-019-02599-3,,MainFig3PDFp7unlabelledbars,,,,,,,,,,,,,,,,,,LOI_graph_only_not_digitized,,,,,"Complete16nativepublisheronlinefirstjournalpagesreviewed,DOI/title/authorsandoriginalresearchidentity,oneprimaryreviewer. NoSIcitedandonePDFlocalinventory;noSIclaim. Own105.4g/m2cottonfabricC0/CG-30/CA-30/CL-30sameinitialstatesregularTGTable5/Fig6PDFp10andexplicitLOIprosePDFp6. TG40-700C10C/min60mL/minN2andair;CY600at600CnotR700. SourceT10%is10%masslossnotT5/Tonset. N2unnumberedTmaxstoredlegacyTmax1withoutcompletepeakstageclaim;airnative1st/2ndlabelsretained,control491.2Csecondcharoxidationnotwaterpeak;treated2nddashblanknotzero. SourcecontrolairCY600zero retained. Vmaxunits%/Cnotpeaktemperature. TG-IRspectrawavenumbersandcone/MCCparametersnotTGmetrics. LOIC016.7/CG-3041.2/CA-3040.5/CL-3042.1exactprose;Fig3p7allotherbarsnoexplicitnumericlabelsnotdigitized. Table3p8titlementionsLOIbutactualcolumnsnoLOInumbers. Three30%dose40LCLOI26.4/26.0/27.1exact,noownwashedTG. Six10/20%doseinitialand33remainingwashedstatesLOIgraphonlyheld;10%dose26.0-28.0groupboundnotindividualvalues. 39graphonlyand3explicitwashedfactskeptoutsideverifiedtarget. Bath10/20/30percentbasisanddicyandiamide5percentbasisunreportednotwt/owfinferred. Table3weightgainplusminusuncertaintytype/repeatsunreportednotSDassumed. 100%wetpickup,1:20bath,70C30min,180C8min,finalwash/dry60CnotdurabilityLC. AATCC61-2006at49Cmethodnumber/homeequivalentunreported. LOIASTMD2863-2000M606B,specimensize/repeatsunreported;tensile25x180mmnotLOIsize. SynthesisH3PO3phosphorousacidnotphosphoric,HCHO37%usedsynthesisdespitefinalformaldehydefreeclaim;nohiddenrecipecorrection. Noindependentphysicalreplicate/reviewerclaim.",,"Cotton fabric;105.4g/m2;ChaotianmenMarket,Chongqing;weavepatternunreported",,,CG-20,,,held_graphonly_LOI_not_digitized_no_own_TG,,,,,held_outside_verified_target,,CG-20after30LC,,,,,20,Unreported,,,,,,,,,,,,,,,,,,,,,,,,,,,,,,,,,,,,,,,,,,,,,,,,MainFig3PDFp7;methodsPDFp5;LOIprosePDFp6,,,,,Synthesis of three novel amino acids-based flame retardants with multiple reactive groups for cotton fabrics,https://doi.org/10.1007/s10570-019-02599-3,30,,,,,,,,30sourceLC;AATCC61-2006at49C;methodnumber/homeequivalentunreported,
10.1007/s10570-019-02599-3,,MainFig3PDFp7unlabelledbars,,,,,,,,,,,,,,,,,,LOI_graph_only_not_digitized,,,,,"Complete16nativepublisheronlinefirstjournalpagesreviewed,DOI/title/authorsandoriginalresearchidentity,oneprimaryreviewer. NoSIcitedandonePDFlocalinventory;noSIclaim. Own105.4g/m2cottonfabricC0/CG-30/CA-30/CL-30sameinitialstatesregularTGTable5/Fig6PDFp10andexplicitLOIprosePDFp6. TG40-700C10C/min60mL/minN2andair;CY600at600CnotR700. SourceT10%is10%masslossnotT5/Tonset. N2unnumberedTmaxstoredlegacyTmax1withoutcompletepeakstageclaim;airnative1st/2ndlabelsretained,control491.2Csecondcharoxidationnotwaterpeak;treated2nddashblanknotzero. SourcecontrolairCY600zero retained. Vmaxunits%/Cnotpeaktemperature. TG-IRspectrawavenumbersandcone/MCCparametersnotTGmetrics. LOIC016.7/CG-3041.2/CA-3040.5/CL-3042.1exactprose;Fig3p7allotherbarsnoexplicitnumericlabelsnotdigitized. Table3p8titlementionsLOIbutactualcolumnsnoLOInumbers. Three30%dose40LCLOI26.4/26.0/27.1exact,noownwashedTG. Six10/20%doseinitialand33remainingwashedstatesLOIgraphonlyheld;10%dose26.0-28.0groupboundnotindividualvalues. 39graphonlyand3explicitwashedfactskeptoutsideverifiedtarget. Bath10/20/30percentbasisanddicyandiamide5percentbasisunreportednotwt/owfinferred. Table3weightgainplusminusuncertaintytype/repeatsunreportednotSDassumed. 100%wetpickup,1:20bath,70C30min,180C8min,finalwash/dry60CnotdurabilityLC. AATCC61-2006at49Cmethodnumber/homeequivalentunreported. LOIASTMD2863-2000M606B,specimensize/repeatsunreported;tensile25x180mmnotLOIsize. SynthesisH3PO3phosphorousacidnotphosphoric,HCHO37%usedsynthesisdespitefinalformaldehydefreeclaim;nohiddenrecipecorrection. Noindependentphysicalreplicate/reviewerclaim.",,"Cotton fabric;105.4g/m2;ChaotianmenMarket,Chongqing;weavepatternunreported",,,CG-20,,,held_graphonly_LOI_not_digitized_no_own_TG,,,,,held_outside_verified_target,,CG-20after40LC,,,,,20,Unreported,,,,,,,,,,,,,,,,,,,,,,,,,,,,,,,,,,,,,,,,,,,,,,,,MainFig3PDFp7;methodsPDFp5;LOIprosePDFp6,,,,,Synthesis of three novel amino acids-based flame retardants with multiple reactive groups for cotton fabrics,https://doi.org/10.1007/s10570-019-02599-3,40,,,,,,,,40sourceLC;AATCC61-2006at49C;methodnumber/homeequivalentunreported,
10.1007/s10570-019-02599-3,,MainFig3PDFp7unlabelledbars,,,,,,,,,,,,,,,,,,LOI_graph_only_not_digitized,,,,,"Complete16nativepublisheronlinefirstjournalpagesreviewed,DOI/title/authorsandoriginalresearchidentity,oneprimaryreviewer. NoSIcitedandonePDFlocalinventory;noSIclaim. Own105.4g/m2cottonfabricC0/CG-30/CA-30/CL-30sameinitialstatesregularTGTable5/Fig6PDFp10andexplicitLOIprosePDFp6. TG40-700C10C/min60mL/minN2andair;CY600at600CnotR700. SourceT10%is10%masslossnotT5/Tonset. N2unnumberedTmaxstoredlegacyTmax1withoutcompletepeakstageclaim;airnative1st/2ndlabelsretained,control491.2Csecondcharoxidationnotwaterpeak;treated2nddashblanknotzero. SourcecontrolairCY600zero retained. Vmaxunits%/Cnotpeaktemperature. TG-IRspectrawavenumbersandcone/MCCparametersnotTGmetrics. LOIC016.7/CG-3041.2/CA-3040.5/CL-3042.1exactprose;Fig3p7allotherbarsnoexplicitnumericlabelsnotdigitized. Table3p8titlementionsLOIbutactualcolumnsnoLOInumbers. Three30%dose40LCLOI26.4/26.0/27.1exact,noownwashedTG. Six10/20%doseinitialand33remainingwashedstatesLOIgraphonlyheld;10%dose26.0-28.0groupboundnotindividualvalues. 39graphonlyand3explicitwashedfactskeptoutsideverifiedtarget. Bath10/20/30percentbasisanddicyandiamide5percentbasisunreportednotwt/owfinferred. Table3weightgainplusminusuncertaintytype/repeatsunreportednotSDassumed. 100%wetpickup,1:20bath,70C30min,180C8min,finalwash/dry60CnotdurabilityLC. AATCC61-2006at49Cmethodnumber/homeequivalentunreported. LOIASTMD2863-2000M606B,specimensize/repeatsunreported;tensile25x180mmnotLOIsize. SynthesisH3PO3phosphorousacidnotphosphoric,HCHO37%usedsynthesisdespitefinalformaldehydefreeclaim;nohiddenrecipecorrection. Noindependentphysicalreplicate/reviewerclaim.",,"Cotton fabric;105.4g/m2;ChaotianmenMarket,Chongqing;weavepatternunreported",,,CG-30,,,held_graphonly_LOI_not_digitized_no_own_TG,,,,,held_outside_verified_target,,CG-30after10LC,,,,,30,Unreported,,,,,,,,,,,,,,,,,,,,,,,,,,,,,,,,,,,,,,,,,,,,,,,,MainFig3PDFp7;methodsPDFp5;LOIprosePDFp6,,,,,Synthesis of three novel amino acids-based flame retardants with multiple reactive groups for cotton fabrics,https://doi.org/10.1007/s10570-019-02599-3,10,,,,,,,,10sourceLC;AATCC61-2006at49C;methodnumber/homeequivalentunreported,
10.1007/s10570-019-02599-3,,MainFig3PDFp7unlabelledbars,,,,,,,,,,,,,,,,,,LOI_graph_only_not_digitized,,,,,"Complete16nativepublisheronlinefirstjournalpagesreviewed,DOI/title/authorsandoriginalresearchidentity,oneprimaryreviewer. NoSIcitedandonePDFlocalinventory;noSIclaim. Own105.4g/m2cottonfabricC0/CG-30/CA-30/CL-30sameinitialstatesregularTGTable5/Fig6PDFp10andexplicitLOIprosePDFp6. TG40-700C10C/min60mL/minN2andair;CY600at600CnotR700. SourceT10%is10%masslossnotT5/Tonset. N2unnumberedTmaxstoredlegacyTmax1withoutcompletepeakstageclaim;airnative1st/2ndlabelsretained,control491.2Csecondcharoxidationnotwaterpeak;treated2nddashblanknotzero. SourcecontrolairCY600zero retained. Vmaxunits%/Cnotpeaktemperature. TG-IRspectrawavenumbersandcone/MCCparametersnotTGmetrics. LOIC016.7/CG-3041.2/CA-3040.5/CL-3042.1exactprose;Fig3p7allotherbarsnoexplicitnumericlabelsnotdigitized. Table3p8titlementionsLOIbutactualcolumnsnoLOInumbers. Three30%dose40LCLOI26.4/26.0/27.1exact,noownwashedTG. Six10/20%doseinitialand33remainingwashedstatesLOIgraphonlyheld;10%dose26.0-28.0groupboundnotindividualvalues. 39graphonlyand3explicitwashedfactskeptoutsideverifiedtarget. Bath10/20/30percentbasisanddicyandiamide5percentbasisunreportednotwt/owfinferred. Table3weightgainplusminusuncertaintytype/repeatsunreportednotSDassumed. 100%wetpickup,1:20bath,70C30min,180C8min,finalwash/dry60CnotdurabilityLC. AATCC61-2006at49Cmethodnumber/homeequivalentunreported. LOIASTMD2863-2000M606B,specimensize/repeatsunreported;tensile25x180mmnotLOIsize. SynthesisH3PO3phosphorousacidnotphosphoric,HCHO37%usedsynthesisdespitefinalformaldehydefreeclaim;nohiddenrecipecorrection. Noindependentphysicalreplicate/reviewerclaim.",,"Cotton fabric;105.4g/m2;ChaotianmenMarket,Chongqing;weavepatternunreported",,,CG-30,,,held_graphonly_LOI_not_digitized_no_own_TG,,,,,held_outside_verified_target,,CG-30after20LC,,,,,30,Unreported,,,,,,,,,,,,,,,,,,,,,,,,,,,,,,,,,,,,,,,,,,,,,,,,MainFig3PDFp7;methodsPDFp5;LOIprosePDFp6,,,,,Synthesis of three novel amino acids-based flame retardants with multiple reactive groups for cotton fabrics,https://doi.org/10.1007/s10570-019-02599-3,20,,,,,,,,20sourceLC;AATCC61-2006at49C;methodnumber/homeequivalentunreported,
10.1007/s10570-019-02599-3,,MainFig3PDFp7unlabelledbars,,,,,,,,,,,,,,,,,,LOI_graph_only_not_digitized,,,,,"Complete16nativepublisheronlinefirstjournalpagesreviewed,DOI/title/authorsandoriginalresearchidentity,oneprimaryreviewer. NoSIcitedandonePDFlocalinventory;noSIclaim. Own105.4g/m2cottonfabricC0/CG-30/CA-30/CL-30sameinitialstatesregularTGTable5/Fig6PDFp10andexplicitLOIprosePDFp6. TG40-700C10C/min60mL/minN2andair;CY600at600CnotR700. SourceT10%is10%masslossnotT5/Tonset. N2unnumberedTmaxstoredlegacyTmax1withoutcompletepeakstageclaim;airnative1st/2ndlabelsretained,control491.2Csecondcharoxidationnotwaterpeak;treated2nddashblanknotzero. SourcecontrolairCY600zero retained. Vmaxunits%/Cnotpeaktemperature. TG-IRspectrawavenumbersandcone/MCCparametersnotTGmetrics. LOIC016.7/CG-3041.2/CA-3040.5/CL-3042.1exactprose;Fig3p7allotherbarsnoexplicitnumericlabelsnotdigitized. Table3p8titlementionsLOIbutactualcolumnsnoLOInumbers. Three30%dose40LCLOI26.4/26.0/27.1exact,noownwashedTG. Six10/20%doseinitialand33remainingwashedstatesLOIgraphonlyheld;10%dose26.0-28.0groupboundnotindividualvalues. 39graphonlyand3explicitwashedfactskeptoutsideverifiedtarget. Bath10/20/30percentbasisanddicyandiamide5percentbasisunreportednotwt/owfinferred. Table3weightgainplusminusuncertaintytype/repeatsunreportednotSDassumed. 100%wetpickup,1:20bath,70C30min,180C8min,finalwash/dry60CnotdurabilityLC. AATCC61-2006at49Cmethodnumber/homeequivalentunreported. LOIASTMD2863-2000M606B,specimensize/repeatsunreported;tensile25x180mmnotLOIsize. SynthesisH3PO3phosphorousacidnotphosphoric,HCHO37%usedsynthesisdespitefinalformaldehydefreeclaim;nohiddenrecipecorrection. Noindependentphysicalreplicate/reviewerclaim.",,"Cotton fabric;105.4g/m2;ChaotianmenMarket,Chongqing;weavepatternunreported",,,CG-30,,,held_graphonly_LOI_not_digitized_no_own_TG,,,,,held_outside_verified_target,,CG-30after30LC,,,,,30,Unreported,,,,,,,,,,,,,,,,,,,,,,,,,,,,,,,,,,,,,,,,,,,,,,,,MainFig3PDFp7;methodsPDFp5;LOIprosePDFp6,,,,,Synthesis of three novel amino acids-based flame retardants with multiple reactive groups for cotton fabrics,https://doi.org/10.1007/s10570-019-02599-3,30,,,,,,,,30sourceLC;AATCC61-2006at49C;methodnumber/homeequivalentunreported,
10.1007/s10570-019-02599-3,,MainexplicitLOIprosePDFp6/abstractp1,26.4,,,,,,,,,,,,,,,,,LOI-only,,,,,"Complete16nativepublisheronlinefirstjournalpagesreviewed,DOI/title/authorsandoriginalresearchidentity,oneprimaryreviewer. NoSIcitedandonePDFlocalinventory;noSIclaim. Own105.4g/m2cottonfabricC0/CG-30/CA-30/CL-30sameinitialstatesregularTGTable5/Fig6PDFp10andexplicitLOIprosePDFp6. TG40-700C10C/min60mL/minN2andair;CY600at600CnotR700. SourceT10%is10%masslossnotT5/Tonset. N2unnumberedTmaxstoredlegacyTmax1withoutcompletepeakstageclaim;airnative1st/2ndlabelsretained,control491.2Csecondcharoxidationnotwaterpeak;treated2nddashblanknotzero. SourcecontrolairCY600zero retained. Vmaxunits%/Cnotpeaktemperature. TG-IRspectrawavenumbersandcone/MCCparametersnotTGmetrics. LOIC016.7/CG-3041.2/CA-3040.5/CL-3042.1exactprose;Fig3p7allotherbarsnoexplicitnumericlabelsnotdigitized. Table3p8titlementionsLOIbutactualcolumnsnoLOInumbers. Three30%dose40LCLOI26.4/26.0/27.1exact,noownwashedTG. Six10/20%doseinitialand33remainingwashedstatesLOIgraphonlyheld;10%dose26.0-28.0groupboundnotindividualvalues. 39graphonlyand3explicitwashedfactskeptoutsideverifiedtarget. Bath10/20/30percentbasisanddicyandiamide5percentbasisunreportednotwt/owfinferred. Table3weightgainplusminusuncertaintytype/repeatsunreportednotSDassumed. 100%wetpickup,1:20bath,70C30min,180C8min,finalwash/dry60CnotdurabilityLC. AATCC61-2006at49Cmethodnumber/homeequivalentunreported. LOIASTMD2863-2000M606B,specimensize/repeatsunreported;tensile25x180mmnotLOIsize. SynthesisH3PO3phosphorousacidnotphosphoric,HCHO37%usedsynthesisdespitefinalformaldehydefreeclaim;nohiddenrecipecorrection. Noindependentphysicalreplicate/reviewerclaim.",,"Cotton fabric;105.4g/m2;ChaotianmenMarket,Chongqing;weavepatternunreported",,,CG-30,,,held_exact_washed_LOI_no_own_TG,,,,,held_outside_verified_target,,CG-30after40LC,,,,,30,Unreported,,,,,,,,,,,,,,,,,,,,,,,,,,,,,,,,,,,,,,,,,,,,,,,,MainFig3PDFp7;methodsPDFp5;LOIprosePDFp6,,,,,Synthesis of three novel amino acids-based flame retardants with multiple reactive groups for cotton fabrics,https://doi.org/10.1007/s10570-019-02599-3,40,,,,,,,,40sourceLC;AATCC61-2006at49C;methodnumber/homeequivalentunreported,
10.1007/s10570-019-02599-3,,MainFig3PDFp7unlabelledbars,,,,,,,,,,,,,,,,,,LOI_graph_only_not_digitized,,,,,"Complete16nativepublisheronlinefirstjournalpagesreviewed,DOI/title/authorsandoriginalresearchidentity,oneprimaryreviewer. NoSIcitedandonePDFlocalinventory;noSIclaim. Own105.4g/m2cottonfabricC0/CG-30/CA-30/CL-30sameinitialstatesregularTGTable5/Fig6PDFp10andexplicitLOIprosePDFp6. TG40-700C10C/min60mL/minN2andair;CY600at600CnotR700. SourceT10%is10%masslossnotT5/Tonset. N2unnumberedTmaxstoredlegacyTmax1withoutcompletepeakstageclaim;airnative1st/2ndlabelsretained,control491.2Csecondcharoxidationnotwaterpeak;treated2nddashblanknotzero. SourcecontrolairCY600zero retained. Vmaxunits%/Cnotpeaktemperature. TG-IRspectrawavenumbersandcone/MCCparametersnotTGmetrics. LOIC016.7/CG-3041.2/CA-3040.5/CL-3042.1exactprose;Fig3p7allotherbarsnoexplicitnumericlabelsnotdigitized. Table3p8titlementionsLOIbutactualcolumnsnoLOInumbers. Three30%dose40LCLOI26.4/26.0/27.1exact,noownwashedTG. Six10/20%doseinitialand33remainingwashedstatesLOIgraphonlyheld;10%dose26.0-28.0groupboundnotindividualvalues. 39graphonlyand3explicitwashedfactskeptoutsideverifiedtarget. Bath10/20/30percentbasisanddicyandiamide5percentbasisunreportednotwt/owfinferred. Table3weightgainplusminusuncertaintytype/repeatsunreportednotSDassumed. 100%wetpickup,1:20bath,70C30min,180C8min,finalwash/dry60CnotdurabilityLC. AATCC61-2006at49Cmethodnumber/homeequivalentunreported. LOIASTMD2863-2000M606B,specimensize/repeatsunreported;tensile25x180mmnotLOIsize. SynthesisH3PO3phosphorousacidnotphosphoric,HCHO37%usedsynthesisdespitefinalformaldehydefreeclaim;nohiddenrecipecorrection. Noindependentphysicalreplicate/reviewerclaim.",,"Cotton fabric;105.4g/m2;ChaotianmenMarket,Chongqing;weavepatternunreported",,,CA-10,,,held_graphonly_LOI_not_digitized_no_own_TG,,,,,held_outside_verified_target,,CA-10,,,,,10,Unreported,,,,,,,,,,,,,,,,,,,,,,,,,,,,,,,,,,,,,,,,,,,,,,,,MainFig3PDFp7;methodsPDFp5;LOIprosePDFp6,,,,,Synthesis of three novel amino acids-based flame retardants with multiple reactive groups for cotton fabrics,https://doi.org/10.1007/s10570-019-02599-3,0,,,,,,,,Initial prepared state,
10.1007/s10570-019-02599-3,,MainFig3PDFp7unlabelledbars,,,,,,,,,,,,,,,,,,LOI_graph_only_not_digitized,,,,,"Complete16nativepublisheronlinefirstjournalpagesreviewed,DOI/title/authorsandoriginalresearchidentity,oneprimaryreviewer. NoSIcitedandonePDFlocalinventory;noSIclaim. Own105.4g/m2cottonfabricC0/CG-30/CA-30/CL-30sameinitialstatesregularTGTable5/Fig6PDFp10andexplicitLOIprosePDFp6. TG40-700C10C/min60mL/minN2andair;CY600at600CnotR700. SourceT10%is10%masslossnotT5/Tonset. N2unnumberedTmaxstoredlegacyTmax1withoutcompletepeakstageclaim;airnative1st/2ndlabelsretained,control491.2Csecondcharoxidationnotwaterpeak;treated2nddashblanknotzero. SourcecontrolairCY600zero retained. Vmaxunits%/Cnotpeaktemperature. TG-IRspectrawavenumbersandcone/MCCparametersnotTGmetrics. LOIC016.7/CG-3041.2/CA-3040.5/CL-3042.1exactprose;Fig3p7allotherbarsnoexplicitnumericlabelsnotdigitized. Table3p8titlementionsLOIbutactualcolumnsnoLOInumbers. Three30%dose40LCLOI26.4/26.0/27.1exact,noownwashedTG. Six10/20%doseinitialand33remainingwashedstatesLOIgraphonlyheld;10%dose26.0-28.0groupboundnotindividualvalues. 39graphonlyand3explicitwashedfactskeptoutsideverifiedtarget. Bath10/20/30percentbasisanddicyandiamide5percentbasisunreportednotwt/owfinferred. Table3weightgainplusminusuncertaintytype/repeatsunreportednotSDassumed. 100%wetpickup,1:20bath,70C30min,180C8min,finalwash/dry60CnotdurabilityLC. AATCC61-2006at49Cmethodnumber/homeequivalentunreported. LOIASTMD2863-2000M606B,specimensize/repeatsunreported;tensile25x180mmnotLOIsize. SynthesisH3PO3phosphorousacidnotphosphoric,HCHO37%usedsynthesisdespitefinalformaldehydefreeclaim;nohiddenrecipecorrection. Noindependentphysicalreplicate/reviewerclaim.",,"Cotton fabric;105.4g/m2;ChaotianmenMarket,Chongqing;weavepatternunreported",,,CA-10,,,held_graphonly_LOI_not_digitized_no_own_TG,,,,,held_outside_verified_target,,CA-10after10LC,,,,,10,Unreported,,,,,,,,,,,,,,,,,,,,,,,,,,,,,,,,,,,,,,,,,,,,,,,,MainFig3PDFp7;methodsPDFp5;LOIprosePDFp6,,,,,Synthesis of three novel amino acids-based flame retardants with multiple reactive groups for cotton fabrics,https://doi.org/10.1007/s10570-019-02599-3,10,,,,,,,,10sourceLC;AATCC61-2006at49C;methodnumber/homeequivalentunreported,
10.1007/s10570-019-02599-3,,MainFig3PDFp7unlabelledbars,,,,,,,,,,,,,,,,,,LOI_graph_only_not_digitized,,,,,"Complete16nativepublisheronlinefirstjournalpagesreviewed,DOI/title/authorsandoriginalresearchidentity,oneprimaryreviewer. NoSIcitedandonePDFlocalinventory;noSIclaim. Own105.4g/m2cottonfabricC0/CG-30/CA-30/CL-30sameinitialstatesregularTGTable5/Fig6PDFp10andexplicitLOIprosePDFp6. TG40-700C10C/min60mL/minN2andair;CY600at600CnotR700. SourceT10%is10%masslossnotT5/Tonset. N2unnumberedTmaxstoredlegacyTmax1withoutcompletepeakstageclaim;airnative1st/2ndlabelsretained,control491.2Csecondcharoxidationnotwaterpeak;treated2nddashblanknotzero. SourcecontrolairCY600zero retained. Vmaxunits%/Cnotpeaktemperature. TG-IRspectrawavenumbersandcone/MCCparametersnotTGmetrics. LOIC016.7/CG-3041.2/CA-3040.5/CL-3042.1exactprose;Fig3p7allotherbarsnoexplicitnumericlabelsnotdigitized. Table3p8titlementionsLOIbutactualcolumnsnoLOInumbers. Three30%dose40LCLOI26.4/26.0/27.1exact,noownwashedTG. Six10/20%doseinitialand33remainingwashedstatesLOIgraphonlyheld;10%dose26.0-28.0groupboundnotindividualvalues. 39graphonlyand3explicitwashedfactskeptoutsideverifiedtarget. Bath10/20/30percentbasisanddicyandiamide5percentbasisunreportednotwt/owfinferred. Table3weightgainplusminusuncertaintytype/repeatsunreportednotSDassumed. 100%wetpickup,1:20bath,70C30min,180C8min,finalwash/dry60CnotdurabilityLC. AATCC61-2006at49Cmethodnumber/homeequivalentunreported. LOIASTMD2863-2000M606B,specimensize/repeatsunreported;tensile25x180mmnotLOIsize. SynthesisH3PO3phosphorousacidnotphosphoric,HCHO37%usedsynthesisdespitefinalformaldehydefreeclaim;nohiddenrecipecorrection. Noindependentphysicalreplicate/reviewerclaim.",,"Cotton fabric;105.4g/m2;ChaotianmenMarket,Chongqing;weavepatternunreported",,,CA-10,,,held_graphonly_LOI_not_digitized_no_own_TG,,,,,held_outside_verified_target,,CA-10after20LC,,,,,10,Unreported,,,,,,,,,,,,,,,,,,,,,,,,,,,,,,,,,,,,,,,,,,,,,,,,MainFig3PDFp7;methodsPDFp5;LOIprosePDFp6,,,,,Synthesis of three novel amino acids-based flame retardants with multiple reactive groups for cotton fabrics,https://doi.org/10.1007/s10570-019-02599-3,20,,,,,,,,20sourceLC;AATCC61-2006at49C;methodnumber/homeequivalentunreported,
10.1007/s10570-019-02599-3,,MainFig3PDFp7unlabelledbars,,,,,,,,,,,,,,,,,,LOI_graph_only_not_digitized,,,,,"Complete16nativepublisheronlinefirstjournalpagesreviewed,DOI/title/authorsandoriginalresearchidentity,oneprimaryreviewer. NoSIcitedandonePDFlocalinventory;noSIclaim. Own105.4g/m2cottonfabricC0/CG-30/CA-30/CL-30sameinitialstatesregularTGTable5/Fig6PDFp10andexplicitLOIprosePDFp6. TG40-700C10C/min60mL/minN2andair;CY600at600CnotR700. SourceT10%is10%masslossnotT5/Tonset. N2unnumberedTmaxstoredlegacyTmax1withoutcompletepeakstageclaim;airnative1st/2ndlabelsretained,control491.2Csecondcharoxidationnotwaterpeak;treated2nddashblanknotzero. SourcecontrolairCY600zero retained. Vmaxunits%/Cnotpeaktemperature. TG-IRspectrawavenumbersandcone/MCCparametersnotTGmetrics. LOIC016.7/CG-3041.2/CA-3040.5/CL-3042.1exactprose;Fig3p7allotherbarsnoexplicitnumericlabelsnotdigitized. Table3p8titlementionsLOIbutactualcolumnsnoLOInumbers. Three30%dose40LCLOI26.4/26.0/27.1exact,noownwashedTG. Six10/20%doseinitialand33remainingwashedstatesLOIgraphonlyheld;10%dose26.0-28.0groupboundnotindividualvalues. 39graphonlyand3explicitwashedfactskeptoutsideverifiedtarget. Bath10/20/30percentbasisanddicyandiamide5percentbasisunreportednotwt/owfinferred. Table3weightgainplusminusuncertaintytype/repeatsunreportednotSDassumed. 100%wetpickup,1:20bath,70C30min,180C8min,finalwash/dry60CnotdurabilityLC. AATCC61-2006at49Cmethodnumber/homeequivalentunreported. LOIASTMD2863-2000M606B,specimensize/repeatsunreported;tensile25x180mmnotLOIsize. SynthesisH3PO3phosphorousacidnotphosphoric,HCHO37%usedsynthesisdespitefinalformaldehydefreeclaim;nohiddenrecipecorrection. Noindependentphysicalreplicate/reviewerclaim.",,"Cotton fabric;105.4g/m2;ChaotianmenMarket,Chongqing;weavepatternunreported",,,CA-10,,,held_graphonly_LOI_not_digitized_no_own_TG,,,,,held_outside_verified_target,,CA-10after30LC,,,,,10,Unreported,,,,,,,,,,,,,,,,,,,,,,,,,,,,,,,,,,,,,,,,,,,,,,,,MainFig3PDFp7;methodsPDFp5;LOIprosePDFp6,,,,,Synthesis of three novel amino acids-based flame retardants with multiple reactive groups for cotton fabrics,https://doi.org/10.1007/s10570-019-02599-3,30,,,,,,,,30sourceLC;AATCC61-2006at49C;methodnumber/homeequivalentunreported,
10.1007/s10570-019-02599-3,,MainFig3PDFp7unlabelledbars,,,,,,,,,,,,,,,,,,LOI_graph_only_not_digitized,,,,,"Complete16nativepublisheronlinefirstjournalpagesreviewed,DOI/title/authorsandoriginalresearchidentity,oneprimaryreviewer. NoSIcitedandonePDFlocalinventory;noSIclaim. Own105.4g/m2cottonfabricC0/CG-30/CA-30/CL-30sameinitialstatesregularTGTable5/Fig6PDFp10andexplicitLOIprosePDFp6. TG40-700C10C/min60mL/minN2andair;CY600at600CnotR700. SourceT10%is10%masslossnotT5/Tonset. N2unnumberedTmaxstoredlegacyTmax1withoutcompletepeakstageclaim;airnative1st/2ndlabelsretained,control491.2Csecondcharoxidationnotwaterpeak;treated2nddashblanknotzero. SourcecontrolairCY600zero retained. Vmaxunits%/Cnotpeaktemperature. TG-IRspectrawavenumbersandcone/MCCparametersnotTGmetrics. LOIC016.7/CG-3041.2/CA-3040.5/CL-3042.1exactprose;Fig3p7allotherbarsnoexplicitnumericlabelsnotdigitized. Table3p8titlementionsLOIbutactualcolumnsnoLOInumbers. Three30%dose40LCLOI26.4/26.0/27.1exact,noownwashedTG. Six10/20%doseinitialand33remainingwashedstatesLOIgraphonlyheld;10%dose26.0-28.0groupboundnotindividualvalues. 39graphonlyand3explicitwashedfactskeptoutsideverifiedtarget. Bath10/20/30percentbasisanddicyandiamide5percentbasisunreportednotwt/owfinferred. Table3weightgainplusminusuncertaintytype/repeatsunreportednotSDassumed. 100%wetpickup,1:20bath,70C30min,180C8min,finalwash/dry60CnotdurabilityLC. AATCC61-2006at49Cmethodnumber/homeequivalentunreported. LOIASTMD2863-2000M606B,specimensize/repeatsunreported;tensile25x180mmnotLOIsize. SynthesisH3PO3phosphorousacidnotphosphoric,HCHO37%usedsynthesisdespitefinalformaldehydefreeclaim;nohiddenrecipecorrection. Noindependentphysicalreplicate/reviewerclaim.",,"Cotton fabric;105.4g/m2;ChaotianmenMarket,Chongqing;weavepatternunreported",,,CA-10,,,held_graphonly_LOI_not_digitized_no_own_TG,,,,,held_outside_verified_target,,CA-10after40LC,,,,,10,Unreported,,,,,,,,,,,,,,,,,,,,,,,,,,,,,,,,,,,,,,,,,,,,,,,,MainFig3PDFp7;methodsPDFp5;LOIprosePDFp6,,,,,Synthesis of three novel amino acids-based flame retardants with multiple reactive groups for cotton fabrics,https://doi.org/10.1007/s10570-019-02599-3,40,,,,,,,,40sourceLC;AATCC61-2006at49C;methodnumber/homeequivalentunreported,
10.1007/s10570-019-02599-3,,MainFig3PDFp7unlabelledbars,,,,,,,,,,,,,,,,,,LOI_graph_only_not_digitized,,,,,"Complete16nativepublisheronlinefirstjournalpagesreviewed,DOI/title/authorsandoriginalresearchidentity,oneprimaryreviewer. NoSIcitedandonePDFlocalinventory;noSIclaim. Own105.4g/m2cottonfabricC0/CG-30/CA-30/CL-30sameinitialstatesregularTGTable5/Fig6PDFp10andexplicitLOIprosePDFp6. TG40-700C10C/min60mL/minN2andair;CY600at600CnotR700. SourceT10%is10%masslossnotT5/Tonset. N2unnumberedTmaxstoredlegacyTmax1withoutcompletepeakstageclaim;airnative1st/2ndlabelsretained,control491.2Csecondcharoxidationnotwaterpeak;treated2nddashblanknotzero. SourcecontrolairCY600zero retained. Vmaxunits%/Cnotpeaktemperature. TG-IRspectrawavenumbersandcone/MCCparametersnotTGmetrics. LOIC016.7/CG-3041.2/CA-3040.5/CL-3042.1exactprose;Fig3p7allotherbarsnoexplicitnumericlabelsnotdigitized. Table3p8titlementionsLOIbutactualcolumnsnoLOInumbers. Three30%dose40LCLOI26.4/26.0/27.1exact,noownwashedTG. Six10/20%doseinitialand33remainingwashedstatesLOIgraphonlyheld;10%dose26.0-28.0groupboundnotindividualvalues. 39graphonlyand3explicitwashedfactskeptoutsideverifiedtarget. Bath10/20/30percentbasisanddicyandiamide5percentbasisunreportednotwt/owfinferred. Table3weightgainplusminusuncertaintytype/repeatsunreportednotSDassumed. 100%wetpickup,1:20bath,70C30min,180C8min,finalwash/dry60CnotdurabilityLC. AATCC61-2006at49Cmethodnumber/homeequivalentunreported. LOIASTMD2863-2000M606B,specimensize/repeatsunreported;tensile25x180mmnotLOIsize. SynthesisH3PO3phosphorousacidnotphosphoric,HCHO37%usedsynthesisdespitefinalformaldehydefreeclaim;nohiddenrecipecorrection. Noindependentphysicalreplicate/reviewerclaim.",,"Cotton fabric;105.4g/m2;ChaotianmenMarket,Chongqing;weavepatternunreported",,,CA-20,,,held_graphonly_LOI_not_digitized_no_own_TG,,,,,held_outside_verified_target,,CA-20,,,,,20,Unreported,,,,,,,,,,,,,,,,,,,,,,,,,,,,,,,,,,,,,,,,,,,,,,,,MainFig3PDFp7;methodsPDFp5;LOIprosePDFp6,,,,,Synthesis of three novel amino acids-based flame retardants with multiple reactive groups for cotton fabrics,https://doi.org/10.1007/s10570-019-02599-3,0,,,,,,,,Initial prepared state,
10.1007/s10570-019-02599-3,,MainFig3PDFp7unlabelledbars,,,,,,,,,,,,,,,,,,LOI_graph_only_not_digitized,,,,,"Complete16nativepublisheronlinefirstjournalpagesreviewed,DOI/title/authorsandoriginalresearchidentity,oneprimaryreviewer. NoSIcitedandonePDFlocalinventory;noSIclaim. Own105.4g/m2cottonfabricC0/CG-30/CA-30/CL-30sameinitialstatesregularTGTable5/Fig6PDFp10andexplicitLOIprosePDFp6. TG40-700C10C/min60mL/minN2andair;CY600at600CnotR700. SourceT10%is10%masslossnotT5/Tonset. N2unnumberedTmaxstoredlegacyTmax1withoutcompletepeakstageclaim;airnative1st/2ndlabelsretained,control491.2Csecondcharoxidationnotwaterpeak;treated2nddashblanknotzero. SourcecontrolairCY600zero retained. Vmaxunits%/Cnotpeaktemperature. TG-IRspectrawavenumbersandcone/MCCparametersnotTGmetrics. LOIC016.7/CG-3041.2/CA-3040.5/CL-3042.1exactprose;Fig3p7allotherbarsnoexplicitnumericlabelsnotdigitized. Table3p8titlementionsLOIbutactualcolumnsnoLOInumbers. Three30%dose40LCLOI26.4/26.0/27.1exact,noownwashedTG. Six10/20%doseinitialand33remainingwashedstatesLOIgraphonlyheld;10%dose26.0-28.0groupboundnotindividualvalues. 39graphonlyand3explicitwashedfactskeptoutsideverifiedtarget. Bath10/20/30percentbasisanddicyandiamide5percentbasisunreportednotwt/owfinferred. Table3weightgainplusminusuncertaintytype/repeatsunreportednotSDassumed. 100%wetpickup,1:20bath,70C30min,180C8min,finalwash/dry60CnotdurabilityLC. AATCC61-2006at49Cmethodnumber/homeequivalentunreported. LOIASTMD2863-2000M606B,specimensize/repeatsunreported;tensile25x180mmnotLOIsize. SynthesisH3PO3phosphorousacidnotphosphoric,HCHO37%usedsynthesisdespitefinalformaldehydefreeclaim;nohiddenrecipecorrection. Noindependentphysicalreplicate/reviewerclaim.",,"Cotton fabric;105.4g/m2;ChaotianmenMarket,Chongqing;weavepatternunreported",,,CA-20,,,held_graphonly_LOI_not_digitized_no_own_TG,,,,,held_outside_verified_target,,CA-20after10LC,,,,,20,Unreported,,,,,,,,,,,,,,,,,,,,,,,,,,,,,,,,,,,,,,,,,,,,,,,,MainFig3PDFp7;methodsPDFp5;LOIprosePDFp6,,,,,Synthesis of three novel amino acids-based flame retardants with multiple reactive groups for cotton fabrics,https://doi.org/10.1007/s10570-019-02599-3,10,,,,,,,,10sourceLC;AATCC61-2006at49C;methodnumber/homeequivalentunreported,
10.1007/s10570-019-02599-3,,MainFig3PDFp7unlabelledbars,,,,,,,,,,,,,,,,,,LOI_graph_only_not_digitized,,,,,"Complete16nativepublisheronlinefirstjournalpagesreviewed,DOI/title/authorsandoriginalresearchidentity,oneprimaryreviewer. NoSIcitedandonePDFlocalinventory;noSIclaim. Own105.4g/m2cottonfabricC0/CG-30/CA-30/CL-30sameinitialstatesregularTGTable5/Fig6PDFp10andexplicitLOIprosePDFp6. TG40-700C10C/min60mL/minN2andair;CY600at600CnotR700. SourceT10%is10%masslossnotT5/Tonset. N2unnumberedTmaxstoredlegacyTmax1withoutcompletepeakstageclaim;airnative1st/2ndlabelsretained,control491.2Csecondcharoxidationnotwaterpeak;treated2nddashblanknotzero. SourcecontrolairCY600zero retained. Vmaxunits%/Cnotpeaktemperature. TG-IRspectrawavenumbersandcone/MCCparametersnotTGmetrics. LOIC016.7/CG-3041.2/CA-3040.5/CL-3042.1exactprose;Fig3p7allotherbarsnoexplicitnumericlabelsnotdigitized. Table3p8titlementionsLOIbutactualcolumnsnoLOInumbers. Three30%dose40LCLOI26.4/26.0/27.1exact,noownwashedTG. Six10/20%doseinitialand33remainingwashedstatesLOIgraphonlyheld;10%dose26.0-28.0groupboundnotindividualvalues. 39graphonlyand3explicitwashedfactskeptoutsideverifiedtarget. Bath10/20/30percentbasisanddicyandiamide5percentbasisunreportednotwt/owfinferred. Table3weightgainplusminusuncertaintytype/repeatsunreportednotSDassumed. 100%wetpickup,1:20bath,70C30min,180C8min,finalwash/dry60CnotdurabilityLC. AATCC61-2006at49Cmethodnumber/homeequivalentunreported. LOIASTMD2863-2000M606B,specimensize/repeatsunreported;tensile25x180mmnotLOIsize. SynthesisH3PO3phosphorousacidnotphosphoric,HCHO37%usedsynthesisdespitefinalformaldehydefreeclaim;nohiddenrecipecorrection. Noindependentphysicalreplicate/reviewerclaim.",,"Cotton fabric;105.4g/m2;ChaotianmenMarket,Chongqing;weavepatternunreported",,,CA-20,,,held_graphonly_LOI_not_digitized_no_own_TG,,,,,held_outside_verified_target,,CA-20after20LC,,,,,20,Unreported,,,,,,,,,,,,,,,,,,,,,,,,,,,,,,,,,,,,,,,,,,,,,,,,MainFig3PDFp7;methodsPDFp5;LOIprosePDFp6,,,,,Synthesis of three novel amino acids-based flame retardants with multiple reactive groups for cotton fabrics,https://doi.org/10.1007/s10570-019-02599-3,20,,,,,,,,20sourceLC;AATCC61-2006at49C;methodnumber/homeequivalentunreported,
10.1007/s10570-019-02599-3,,MainFig3PDFp7unlabelledbars,,,,,,,,,,,,,,,,,,LOI_graph_only_not_digitized,,,,,"Complete16nativepublisheronlinefirstjournalpagesreviewed,DOI/title/authorsandoriginalresearchidentity,oneprimaryreviewer. NoSIcitedandonePDFlocalinventory;noSIclaim. Own105.4g/m2cottonfabricC0/CG-30/CA-30/CL-30sameinitialstatesregularTGTable5/Fig6PDFp10andexplicitLOIprosePDFp6. TG40-700C10C/min60mL/minN2andair;CY600at600CnotR700. SourceT10%is10%masslossnotT5/Tonset. N2unnumberedTmaxstoredlegacyTmax1withoutcompletepeakstageclaim;airnative1st/2ndlabelsretained,control491.2Csecondcharoxidationnotwaterpeak;treated2nddashblanknotzero. SourcecontrolairCY600zero retained. Vmaxunits%/Cnotpeaktemperature. TG-IRspectrawavenumbersandcone/MCCparametersnotTGmetrics. LOIC016.7/CG-3041.2/CA-3040.5/CL-3042.1exactprose;Fig3p7allotherbarsnoexplicitnumericlabelsnotdigitized. Table3p8titlementionsLOIbutactualcolumnsnoLOInumbers. Three30%dose40LCLOI26.4/26.0/27.1exact,noownwashedTG. Six10/20%doseinitialand33remainingwashedstatesLOIgraphonlyheld;10%dose26.0-28.0groupboundnotindividualvalues. 39graphonlyand3explicitwashedfactskeptoutsideverifiedtarget. Bath10/20/30percentbasisanddicyandiamide5percentbasisunreportednotwt/owfinferred. Table3weightgainplusminusuncertaintytype/repeatsunreportednotSDassumed. 100%wetpickup,1:20bath,70C30min,180C8min,finalwash/dry60CnotdurabilityLC. AATCC61-2006at49Cmethodnumber/homeequivalentunreported. LOIASTMD2863-2000M606B,specimensize/repeatsunreported;tensile25x180mmnotLOIsize. SynthesisH3PO3phosphorousacidnotphosphoric,HCHO37%usedsynthesisdespitefinalformaldehydefreeclaim;nohiddenrecipecorrection. Noindependentphysicalreplicate/reviewerclaim.",,"Cotton fabric;105.4g/m2;ChaotianmenMarket,Chongqing;weavepatternunreported",,,CA-20,,,held_graphonly_LOI_not_digitized_no_own_TG,,,,,held_outside_verified_target,,CA-20after30LC,,,,,20,Unreported,,,,,,,,,,,,,,,,,,,,,,,,,,,,,,,,,,,,,,,,,,,,,,,,MainFig3PDFp7;methodsPDFp5;LOIprosePDFp6,,,,,Synthesis of three novel amino acids-based flame retardants with multiple reactive groups for cotton fabrics,https://doi.org/10.1007/s10570-019-02599-3,30,,,,,,,,30sourceLC;AATCC61-2006at49C;methodnumber/homeequivalentunreported,
10.1007/s10570-019-02599-3,,MainFig3PDFp7unlabelledbars,,,,,,,,,,,,,,,,,,LOI_graph_only_not_digitized,,,,,"Complete16nativepublisheronlinefirstjournalpagesreviewed,DOI/title/authorsandoriginalresearchidentity,oneprimaryreviewer. NoSIcitedandonePDFlocalinventory;noSIclaim. Own105.4g/m2cottonfabricC0/CG-30/CA-30/CL-30sameinitialstatesregularTGTable5/Fig6PDFp10andexplicitLOIprosePDFp6. TG40-700C10C/min60mL/minN2andair;CY600at600CnotR700. SourceT10%is10%masslossnotT5/Tonset. N2unnumberedTmaxstoredlegacyTmax1withoutcompletepeakstageclaim;airnative1st/2ndlabelsretained,control491.2Csecondcharoxidationnotwaterpeak;treated2nddashblanknotzero. SourcecontrolairCY600zero retained. Vmaxunits%/Cnotpeaktemperature. TG-IRspectrawavenumbersandcone/MCCparametersnotTGmetrics. LOIC016.7/CG-3041.2/CA-3040.5/CL-3042.1exactprose;Fig3p7allotherbarsnoexplicitnumericlabelsnotdigitized. Table3p8titlementionsLOIbutactualcolumnsnoLOInumbers. Three30%dose40LCLOI26.4/26.0/27.1exact,noownwashedTG. Six10/20%doseinitialand33remainingwashedstatesLOIgraphonlyheld;10%dose26.0-28.0groupboundnotindividualvalues. 39graphonlyand3explicitwashedfactskeptoutsideverifiedtarget. Bath10/20/30percentbasisanddicyandiamide5percentbasisunreportednotwt/owfinferred. Table3weightgainplusminusuncertaintytype/repeatsunreportednotSDassumed. 100%wetpickup,1:20bath,70C30min,180C8min,finalwash/dry60CnotdurabilityLC. AATCC61-2006at49Cmethodnumber/homeequivalentunreported. LOIASTMD2863-2000M606B,specimensize/repeatsunreported;tensile25x180mmnotLOIsize. SynthesisH3PO3phosphorousacidnotphosphoric,HCHO37%usedsynthesisdespitefinalformaldehydefreeclaim;nohiddenrecipecorrection. Noindependentphysicalreplicate/reviewerclaim.",,"Cotton fabric;105.4g/m2;ChaotianmenMarket,Chongqing;weavepatternunreported",,,CA-20,,,held_graphonly_LOI_not_digitized_no_own_TG,,,,,held_outside_verified_target,,CA-20after40LC,,,,,20,Unreported,,,,,,,,,,,,,,,,,,,,,,,,,,,,,,,,,,,,,,,,,,,,,,,,MainFig3PDFp7;methodsPDFp5;LOIprosePDFp6,,,,,Synthesis of three novel amino acids-based flame retardants with multiple reactive groups for cotton fabrics,https://doi.org/10.1007/s10570-019-02599-3,40,,,,,,,,40sourceLC;AATCC61-2006at49C;methodnumber/homeequivalentunreported,
10.1007/s10570-019-02599-3,,MainFig3PDFp7unlabelledbars,,,,,,,,,,,,,,,,,,LOI_graph_only_not_digitized,,,,,"Complete16nativepublisheronlinefirstjournalpagesreviewed,DOI/title/authorsandoriginalresearchidentity,oneprimaryreviewer. NoSIcitedandonePDFlocalinventory;noSIclaim. Own105.4g/m2cottonfabricC0/CG-30/CA-30/CL-30sameinitialstatesregularTGTable5/Fig6PDFp10andexplicitLOIprosePDFp6. TG40-700C10C/min60mL/minN2andair;CY600at600CnotR700. SourceT10%is10%masslossnotT5/Tonset. N2unnumberedTmaxstoredlegacyTmax1withoutcompletepeakstageclaim;airnative1st/2ndlabelsretained,control491.2Csecondcharoxidationnotwaterpeak;treated2nddashblanknotzero. SourcecontrolairCY600zero retained. Vmaxunits%/Cnotpeaktemperature. TG-IRspectrawavenumbersandcone/MCCparametersnotTGmetrics. LOIC016.7/CG-3041.2/CA-3040.5/CL-3042.1exactprose;Fig3p7allotherbarsnoexplicitnumericlabelsnotdigitized. Table3p8titlementionsLOIbutactualcolumnsnoLOInumbers. Three30%dose40LCLOI26.4/26.0/27.1exact,noownwashedTG. Six10/20%doseinitialand33remainingwashedstatesLOIgraphonlyheld;10%dose26.0-28.0groupboundnotindividualvalues. 39graphonlyand3explicitwashedfactskeptoutsideverifiedtarget. Bath10/20/30percentbasisanddicyandiamide5percentbasisunreportednotwt/owfinferred. Table3weightgainplusminusuncertaintytype/repeatsunreportednotSDassumed. 100%wetpickup,1:20bath,70C30min,180C8min,finalwash/dry60CnotdurabilityLC. AATCC61-2006at49Cmethodnumber/homeequivalentunreported. LOIASTMD2863-2000M606B,specimensize/repeatsunreported;tensile25x180mmnotLOIsize. SynthesisH3PO3phosphorousacidnotphosphoric,HCHO37%usedsynthesisdespitefinalformaldehydefreeclaim;nohiddenrecipecorrection. Noindependentphysicalreplicate/reviewerclaim.",,"Cotton fabric;105.4g/m2;ChaotianmenMarket,Chongqing;weavepatternunreported",,,CA-30,,,held_graphonly_LOI_not_digitized_no_own_TG,,,,,held_outside_verified_target,,CA-30after10LC,,,,,30,Unreported,,,,,,,,,,,,,,,,,,,,,,,,,,,,,,,,,,,,,,,,,,,,,,,,MainFig3PDFp7;methodsPDFp5;LOIprosePDFp6,,,,,Synthesis of three novel amino acids-based flame retardants with multiple reactive groups for cotton fabrics,https://doi.org/10.1007/s10570-019-02599-3,10,,,,,,,,10sourceLC;AATCC61-2006at49C;methodnumber/homeequivalentunreported,
10.1007/s10570-019-02599-3,,MainFig3PDFp7unlabelledbars,,,,,,,,,,,,,,,,,,LOI_graph_only_not_digitized,,,,,"Complete16nativepublisheronlinefirstjournalpagesreviewed,DOI/title/authorsandoriginalresearchidentity,oneprimaryreviewer. NoSIcitedandonePDFlocalinventory;noSIclaim. Own105.4g/m2cottonfabricC0/CG-30/CA-30/CL-30sameinitialstatesregularTGTable5/Fig6PDFp10andexplicitLOIprosePDFp6. TG40-700C10C/min60mL/minN2andair;CY600at600CnotR700. SourceT10%is10%masslossnotT5/Tonset. N2unnumberedTmaxstoredlegacyTmax1withoutcompletepeakstageclaim;airnative1st/2ndlabelsretained,control491.2Csecondcharoxidationnotwaterpeak;treated2nddashblanknotzero. SourcecontrolairCY600zero retained. Vmaxunits%/Cnotpeaktemperature. TG-IRspectrawavenumbersandcone/MCCparametersnotTGmetrics. LOIC016.7/CG-3041.2/CA-3040.5/CL-3042.1exactprose;Fig3p7allotherbarsnoexplicitnumericlabelsnotdigitized. Table3p8titlementionsLOIbutactualcolumnsnoLOInumbers. Three30%dose40LCLOI26.4/26.0/27.1exact,noownwashedTG. Six10/20%doseinitialand33remainingwashedstatesLOIgraphonlyheld;10%dose26.0-28.0groupboundnotindividualvalues. 39graphonlyand3explicitwashedfactskeptoutsideverifiedtarget. Bath10/20/30percentbasisanddicyandiamide5percentbasisunreportednotwt/owfinferred. Table3weightgainplusminusuncertaintytype/repeatsunreportednotSDassumed. 100%wetpickup,1:20bath,70C30min,180C8min,finalwash/dry60CnotdurabilityLC. AATCC61-2006at49Cmethodnumber/homeequivalentunreported. LOIASTMD2863-2000M606B,specimensize/repeatsunreported;tensile25x180mmnotLOIsize. SynthesisH3PO3phosphorousacidnotphosphoric,HCHO37%usedsynthesisdespitefinalformaldehydefreeclaim;nohiddenrecipecorrection. Noindependentphysicalreplicate/reviewerclaim.",,"Cotton fabric;105.4g/m2;ChaotianmenMarket,Chongqing;weavepatternunreported",,,CA-30,,,held_graphonly_LOI_not_digitized_no_own_TG,,,,,held_outside_verified_target,,CA-30after20LC,,,,,30,Unreported,,,,,,,,,,,,,,,,,,,,,,,,,,,,,,,,,,,,,,,,,,,,,,,,MainFig3PDFp7;methodsPDFp5;LOIprosePDFp6,,,,,Synthesis of three novel amino acids-based flame retardants with multiple reactive groups for cotton fabrics,https://doi.org/10.1007/s10570-019-02599-3,20,,,,,,,,20sourceLC;AATCC61-2006at49C;methodnumber/homeequivalentunreported,
10.1007/s10570-019-02599-3,,MainFig3PDFp7unlabelledbars,,,,,,,,,,,,,,,,,,LOI_graph_only_not_digitized,,,,,"Complete16nativepublisheronlinefirstjournalpagesreviewed,DOI/title/authorsandoriginalresearchidentity,oneprimaryreviewer. NoSIcitedandonePDFlocalinventory;noSIclaim. Own105.4g/m2cottonfabricC0/CG-30/CA-30/CL-30sameinitialstatesregularTGTable5/Fig6PDFp10andexplicitLOIprosePDFp6. TG40-700C10C/min60mL/minN2andair;CY600at600CnotR700. SourceT10%is10%masslossnotT5/Tonset. N2unnumberedTmaxstoredlegacyTmax1withoutcompletepeakstageclaim;airnative1st/2ndlabelsretained,control491.2Csecondcharoxidationnotwaterpeak;treated2nddashblanknotzero. SourcecontrolairCY600zero retained. Vmaxunits%/Cnotpeaktemperature. TG-IRspectrawavenumbersandcone/MCCparametersnotTGmetrics. LOIC016.7/CG-3041.2/CA-3040.5/CL-3042.1exactprose;Fig3p7allotherbarsnoexplicitnumericlabelsnotdigitized. Table3p8titlementionsLOIbutactualcolumnsnoLOInumbers. Three30%dose40LCLOI26.4/26.0/27.1exact,noownwashedTG. Six10/20%doseinitialand33remainingwashedstatesLOIgraphonlyheld;10%dose26.0-28.0groupboundnotindividualvalues. 39graphonlyand3explicitwashedfactskeptoutsideverifiedtarget. Bath10/20/30percentbasisanddicyandiamide5percentbasisunreportednotwt/owfinferred. Table3weightgainplusminusuncertaintytype/repeatsunreportednotSDassumed. 100%wetpickup,1:20bath,70C30min,180C8min,finalwash/dry60CnotdurabilityLC. AATCC61-2006at49Cmethodnumber/homeequivalentunreported. LOIASTMD2863-2000M606B,specimensize/repeatsunreported;tensile25x180mmnotLOIsize. SynthesisH3PO3phosphorousacidnotphosphoric,HCHO37%usedsynthesisdespitefinalformaldehydefreeclaim;nohiddenrecipecorrection. Noindependentphysicalreplicate/reviewerclaim.",,"Cotton fabric;105.4g/m2;ChaotianmenMarket,Chongqing;weavepatternunreported",,,CA-30,,,held_graphonly_LOI_not_digitized_no_own_TG,,,,,held_outside_verified_target,,CA-30after30LC,,,,,30,Unreported,,,,,,,,,,,,,,,,,,,,,,,,,,,,,,,,,,,,,,,,,,,,,,,,MainFig3PDFp7;methodsPDFp5;LOIprosePDFp6,,,,,Synthesis of three novel amino acids-based flame retardants with multiple reactive groups for cotton fabrics,https://doi.org/10.1007/s10570-019-02599-3,30,,,,,,,,30sourceLC;AATCC61-2006at49C;methodnumber/homeequivalentunreported,
10.1007/s10570-019-02599-3,,MainexplicitLOIprosePDFp6/abstractp1,26.0,,,,,,,,,,,,,,,,,LOI-only,,,,,"Complete16nativepublisheronlinefirstjournalpagesreviewed,DOI/title/authorsandoriginalresearchidentity,oneprimaryreviewer. NoSIcitedandonePDFlocalinventory;noSIclaim. Own105.4g/m2cottonfabricC0/CG-30/CA-30/CL-30sameinitialstatesregularTGTable5/Fig6PDFp10andexplicitLOIprosePDFp6. TG40-700C10C/min60mL/minN2andair;CY600at600CnotR700. SourceT10%is10%masslossnotT5/Tonset. N2unnumberedTmaxstoredlegacyTmax1withoutcompletepeakstageclaim;airnative1st/2ndlabelsretained,control491.2Csecondcharoxidationnotwaterpeak;treated2nddashblanknotzero. SourcecontrolairCY600zero retained. Vmaxunits%/Cnotpeaktemperature. TG-IRspectrawavenumbersandcone/MCCparametersnotTGmetrics. LOIC016.7/CG-3041.2/CA-3040.5/CL-3042.1exactprose;Fig3p7allotherbarsnoexplicitnumericlabelsnotdigitized. Table3p8titlementionsLOIbutactualcolumnsnoLOInumbers. Three30%dose40LCLOI26.4/26.0/27.1exact,noownwashedTG. Six10/20%doseinitialand33remainingwashedstatesLOIgraphonlyheld;10%dose26.0-28.0groupboundnotindividualvalues. 39graphonlyand3explicitwashedfactskeptoutsideverifiedtarget. Bath10/20/30percentbasisanddicyandiamide5percentbasisunreportednotwt/owfinferred. Table3weightgainplusminusuncertaintytype/repeatsunreportednotSDassumed. 100%wetpickup,1:20bath,70C30min,180C8min,finalwash/dry60CnotdurabilityLC. AATCC61-2006at49Cmethodnumber/homeequivalentunreported. LOIASTMD2863-2000M606B,specimensize/repeatsunreported;tensile25x180mmnotLOIsize. SynthesisH3PO3phosphorousacidnotphosphoric,HCHO37%usedsynthesisdespitefinalformaldehydefreeclaim;nohiddenrecipecorrection. Noindependentphysicalreplicate/reviewerclaim.",,"Cotton fabric;105.4g/m2;ChaotianmenMarket,Chongqing;weavepatternunreported",,,CA-30,,,held_exact_washed_LOI_no_own_TG,,,,,held_outside_verified_target,,CA-30after40LC,,,,,30,Unreported,,,,,,,,,,,,,,,,,,,,,,,,,,,,,,,,,,,,,,,,,,,,,,,,MainFig3PDFp7;methodsPDFp5;LOIprosePDFp6,,,,,Synthesis of three novel amino acids-based flame retardants with multiple reactive groups for cotton fabrics,https://doi.org/10.1007/s10570-019-02599-3,40,,,,,,,,40sourceLC;AATCC61-2006at49C;methodnumber/homeequivalentunreported,
10.1007/s10570-019-02599-3,,MainFig3PDFp7unlabelledbars,,,,,,,,,,,,,,,,,,LOI_graph_only_not_digitized,,,,,"Complete16nativepublisheronlinefirstjournalpagesreviewed,DOI/title/authorsandoriginalresearchidentity,oneprimaryreviewer. NoSIcitedandonePDFlocalinventory;noSIclaim. Own105.4g/m2cottonfabricC0/CG-30/CA-30/CL-30sameinitialstatesregularTGTable5/Fig6PDFp10andexplicitLOIprosePDFp6. TG40-700C10C/min60mL/minN2andair;CY600at600CnotR700. SourceT10%is10%masslossnotT5/Tonset. N2unnumberedTmaxstoredlegacyTmax1withoutcompletepeakstageclaim;airnative1st/2ndlabelsretained,control491.2Csecondcharoxidationnotwaterpeak;treated2nddashblanknotzero. SourcecontrolairCY600zero retained. Vmaxunits%/Cnotpeaktemperature. TG-IRspectrawavenumbersandcone/MCCparametersnotTGmetrics. LOIC016.7/CG-3041.2/CA-3040.5/CL-3042.1exactprose;Fig3p7allotherbarsnoexplicitnumericlabelsnotdigitized. Table3p8titlementionsLOIbutactualcolumnsnoLOInumbers. Three30%dose40LCLOI26.4/26.0/27.1exact,noownwashedTG. Six10/20%doseinitialand33remainingwashedstatesLOIgraphonlyheld;10%dose26.0-28.0groupboundnotindividualvalues. 39graphonlyand3explicitwashedfactskeptoutsideverifiedtarget. Bath10/20/30percentbasisanddicyandiamide5percentbasisunreportednotwt/owfinferred. Table3weightgainplusminusuncertaintytype/repeatsunreportednotSDassumed. 100%wetpickup,1:20bath,70C30min,180C8min,finalwash/dry60CnotdurabilityLC. AATCC61-2006at49Cmethodnumber/homeequivalentunreported. LOIASTMD2863-2000M606B,specimensize/repeatsunreported;tensile25x180mmnotLOIsize. SynthesisH3PO3phosphorousacidnotphosphoric,HCHO37%usedsynthesisdespitefinalformaldehydefreeclaim;nohiddenrecipecorrection. Noindependentphysicalreplicate/reviewerclaim.",,"Cotton fabric;105.4g/m2;ChaotianmenMarket,Chongqing;weavepatternunreported",,,CL-10,,,held_graphonly_LOI_not_digitized_no_own_TG,,,,,held_outside_verified_target,,CL-10,,,,,10,Unreported,,,,,,,,,,,,,,,,,,,,,,,,,,,,,,,,,,,,,,,,,,,,,,,,MainFig3PDFp7;methodsPDFp5;LOIprosePDFp6,,,,,Synthesis of three novel amino acids-based flame retardants with multiple reactive groups for cotton fabrics,https://doi.org/10.1007/s10570-019-02599-3,0,,,,,,,,Initial prepared state,
10.1007/s10570-019-02599-3,,MainFig3PDFp7unlabelledbars,,,,,,,,,,,,,,,,,,LOI_graph_only_not_digitized,,,,,"Complete16nativepublisheronlinefirstjournalpagesreviewed,DOI/title/authorsandoriginalresearchidentity,oneprimaryreviewer. NoSIcitedandonePDFlocalinventory;noSIclaim. Own105.4g/m2cottonfabricC0/CG-30/CA-30/CL-30sameinitialstatesregularTGTable5/Fig6PDFp10andexplicitLOIprosePDFp6. TG40-700C10C/min60mL/minN2andair;CY600at600CnotR700. SourceT10%is10%masslossnotT5/Tonset. N2unnumberedTmaxstoredlegacyTmax1withoutcompletepeakstageclaim;airnative1st/2ndlabelsretained,control491.2Csecondcharoxidationnotwaterpeak;treated2nddashblanknotzero. SourcecontrolairCY600zero retained. Vmaxunits%/Cnotpeaktemperature. TG-IRspectrawavenumbersandcone/MCCparametersnotTGmetrics. LOIC016.7/CG-3041.2/CA-3040.5/CL-3042.1exactprose;Fig3p7allotherbarsnoexplicitnumericlabelsnotdigitized. Table3p8titlementionsLOIbutactualcolumnsnoLOInumbers. Three30%dose40LCLOI26.4/26.0/27.1exact,noownwashedTG. Six10/20%doseinitialand33remainingwashedstatesLOIgraphonlyheld;10%dose26.0-28.0groupboundnotindividualvalues. 39graphonlyand3explicitwashedfactskeptoutsideverifiedtarget. Bath10/20/30percentbasisanddicyandiamide5percentbasisunreportednotwt/owfinferred. Table3weightgainplusminusuncertaintytype/repeatsunreportednotSDassumed. 100%wetpickup,1:20bath,70C30min,180C8min,finalwash/dry60CnotdurabilityLC. AATCC61-2006at49Cmethodnumber/homeequivalentunreported. LOIASTMD2863-2000M606B,specimensize/repeatsunreported;tensile25x180mmnotLOIsize. SynthesisH3PO3phosphorousacidnotphosphoric,HCHO37%usedsynthesisdespitefinalformaldehydefreeclaim;nohiddenrecipecorrection. Noindependentphysicalreplicate/reviewerclaim.",,"Cotton fabric;105.4g/m2;ChaotianmenMarket,Chongqing;weavepatternunreported",,,CL-10,,,held_graphonly_LOI_not_digitized_no_own_TG,,,,,held_outside_verified_target,,CL-10after10LC,,,,,10,Unreported,,,,,,,,,,,,,,,,,,,,,,,,,,,,,,,,,,,,,,,,,,,,,,,,MainFig3PDFp7;methodsPDFp5;LOIprosePDFp6,,,,,Synthesis of three novel amino acids-based flame retardants with multiple reactive groups for cotton fabrics,https://doi.org/10.1007/s10570-019-02599-3,10,,,,,,,,10sourceLC;AATCC61-2006at49C;methodnumber/homeequivalentunreported,
10.1007/s10570-019-02599-3,,MainFig3PDFp7unlabelledbars,,,,,,,,,,,,,,,,,,LOI_graph_only_not_digitized,,,,,"Complete16nativepublisheronlinefirstjournalpagesreviewed,DOI/title/authorsandoriginalresearchidentity,oneprimaryreviewer. NoSIcitedandonePDFlocalinventory;noSIclaim. Own105.4g/m2cottonfabricC0/CG-30/CA-30/CL-30sameinitialstatesregularTGTable5/Fig6PDFp10andexplicitLOIprosePDFp6. TG40-700C10C/min60mL/minN2andair;CY600at600CnotR700. SourceT10%is10%masslossnotT5/Tonset. N2unnumberedTmaxstoredlegacyTmax1withoutcompletepeakstageclaim;airnative1st/2ndlabelsretained,control491.2Csecondcharoxidationnotwaterpeak;treated2nddashblanknotzero. SourcecontrolairCY600zero retained. Vmaxunits%/Cnotpeaktemperature. TG-IRspectrawavenumbersandcone/MCCparametersnotTGmetrics. LOIC016.7/CG-3041.2/CA-3040.5/CL-3042.1exactprose;Fig3p7allotherbarsnoexplicitnumericlabelsnotdigitized. Table3p8titlementionsLOIbutactualcolumnsnoLOInumbers. Three30%dose40LCLOI26.4/26.0/27.1exact,noownwashedTG. Six10/20%doseinitialand33remainingwashedstatesLOIgraphonlyheld;10%dose26.0-28.0groupboundnotindividualvalues. 39graphonlyand3explicitwashedfactskeptoutsideverifiedtarget. Bath10/20/30percentbasisanddicyandiamide5percentbasisunreportednotwt/owfinferred. Table3weightgainplusminusuncertaintytype/repeatsunreportednotSDassumed. 100%wetpickup,1:20bath,70C30min,180C8min,finalwash/dry60CnotdurabilityLC. AATCC61-2006at49Cmethodnumber/homeequivalentunreported. LOIASTMD2863-2000M606B,specimensize/repeatsunreported;tensile25x180mmnotLOIsize. SynthesisH3PO3phosphorousacidnotphosphoric,HCHO37%usedsynthesisdespitefinalformaldehydefreeclaim;nohiddenrecipecorrection. Noindependentphysicalreplicate/reviewerclaim.",,"Cotton fabric;105.4g/m2;ChaotianmenMarket,Chongqing;weavepatternunreported",,,CL-10,,,held_graphonly_LOI_not_digitized_no_own_TG,,,,,held_outside_verified_target,,CL-10after20LC,,,,,10,Unreported,,,,,,,,,,,,,,,,,,,,,,,,,,,,,,,,,,,,,,,,,,,,,,,,MainFig3PDFp7;methodsPDFp5;LOIprosePDFp6,,,,,Synthesis of three novel amino acids-based flame retardants with multiple reactive groups for cotton fabrics,https://doi.org/10.1007/s10570-019-02599-3,20,,,,,,,,20sourceLC;AATCC61-2006at49C;methodnumber/homeequivalentunreported,
10.1007/s10570-019-02599-3,,MainFig3PDFp7unlabelledbars,,,,,,,,,,,,,,,,,,LOI_graph_only_not_digitized,,,,,"Complete16nativepublisheronlinefirstjournalpagesreviewed,DOI/title/authorsandoriginalresearchidentity,oneprimaryreviewer. NoSIcitedandonePDFlocalinventory;noSIclaim. Own105.4g/m2cottonfabricC0/CG-30/CA-30/CL-30sameinitialstatesregularTGTable5/Fig6PDFp10andexplicitLOIprosePDFp6. TG40-700C10C/min60mL/minN2andair;CY600at600CnotR700. SourceT10%is10%masslossnotT5/Tonset. N2unnumberedTmaxstoredlegacyTmax1withoutcompletepeakstageclaim;airnative1st/2ndlabelsretained,control491.2Csecondcharoxidationnotwaterpeak;treated2nddashblanknotzero. SourcecontrolairCY600zero retained. Vmaxunits%/Cnotpeaktemperature. TG-IRspectrawavenumbersandcone/MCCparametersnotTGmetrics. LOIC016.7/CG-3041.2/CA-3040.5/CL-3042.1exactprose;Fig3p7allotherbarsnoexplicitnumericlabelsnotdigitized. Table3p8titlementionsLOIbutactualcolumnsnoLOInumbers. Three30%dose40LCLOI26.4/26.0/27.1exact,noownwashedTG. Six10/20%doseinitialand33remainingwashedstatesLOIgraphonlyheld;10%dose26.0-28.0groupboundnotindividualvalues. 39graphonlyand3explicitwashedfactskeptoutsideverifiedtarget. Bath10/20/30percentbasisanddicyandiamide5percentbasisunreportednotwt/owfinferred. Table3weightgainplusminusuncertaintytype/repeatsunreportednotSDassumed. 100%wetpickup,1:20bath,70C30min,180C8min,finalwash/dry60CnotdurabilityLC. AATCC61-2006at49Cmethodnumber/homeequivalentunreported. LOIASTMD2863-2000M606B,specimensize/repeatsunreported;tensile25x180mmnotLOIsize. SynthesisH3PO3phosphorousacidnotphosphoric,HCHO37%usedsynthesisdespitefinalformaldehydefreeclaim;nohiddenrecipecorrection. Noindependentphysicalreplicate/reviewerclaim.",,"Cotton fabric;105.4g/m2;ChaotianmenMarket,Chongqing;weavepatternunreported",,,CL-10,,,held_graphonly_LOI_not_digitized_no_own_TG,,,,,held_outside_verified_target,,CL-10after30LC,,,,,10,Unreported,,,,,,,,,,,,,,,,,,,,,,,,,,,,,,,,,,,,,,,,,,,,,,,,MainFig3PDFp7;methodsPDFp5;LOIprosePDFp6,,,,,Synthesis of three novel amino acids-based flame retardants with multiple reactive groups for cotton fabrics,https://doi.org/10.1007/s10570-019-02599-3,30,,,,,,,,30sourceLC;AATCC61-2006at49C;methodnumber/homeequivalentunreported,
10.1007/s10570-019-02599-3,,MainFig3PDFp7unlabelledbars,,,,,,,,,,,,,,,,,,LOI_graph_only_not_digitized,,,,,"Complete16nativepublisheronlinefirstjournalpagesreviewed,DOI/title/authorsandoriginalresearchidentity,oneprimaryreviewer. NoSIcitedandonePDFlocalinventory;noSIclaim. Own105.4g/m2cottonfabricC0/CG-30/CA-30/CL-30sameinitialstatesregularTGTable5/Fig6PDFp10andexplicitLOIprosePDFp6. TG40-700C10C/min60mL/minN2andair;CY600at600CnotR700. SourceT10%is10%masslossnotT5/Tonset. N2unnumberedTmaxstoredlegacyTmax1withoutcompletepeakstageclaim;airnative1st/2ndlabelsretained,control491.2Csecondcharoxidationnotwaterpeak;treated2nddashblanknotzero. SourcecontrolairCY600zero retained. Vmaxunits%/Cnotpeaktemperature. TG-IRspectrawavenumbersandcone/MCCparametersnotTGmetrics. LOIC016.7/CG-3041.2/CA-3040.5/CL-3042.1exactprose;Fig3p7allotherbarsnoexplicitnumericlabelsnotdigitized. Table3p8titlementionsLOIbutactualcolumnsnoLOInumbers. Three30%dose40LCLOI26.4/26.0/27.1exact,noownwashedTG. Six10/20%doseinitialand33remainingwashedstatesLOIgraphonlyheld;10%dose26.0-28.0groupboundnotindividualvalues. 39graphonlyand3explicitwashedfactskeptoutsideverifiedtarget. Bath10/20/30percentbasisanddicyandiamide5percentbasisunreportednotwt/owfinferred. Table3weightgainplusminusuncertaintytype/repeatsunreportednotSDassumed. 100%wetpickup,1:20bath,70C30min,180C8min,finalwash/dry60CnotdurabilityLC. AATCC61-2006at49Cmethodnumber/homeequivalentunreported. LOIASTMD2863-2000M606B,specimensize/repeatsunreported;tensile25x180mmnotLOIsize. SynthesisH3PO3phosphorousacidnotphosphoric,HCHO37%usedsynthesisdespitefinalformaldehydefreeclaim;nohiddenrecipecorrection. Noindependentphysicalreplicate/reviewerclaim.",,"Cotton fabric;105.4g/m2;ChaotianmenMarket,Chongqing;weavepatternunreported",,,CL-10,,,held_graphonly_LOI_not_digitized_no_own_TG,,,,,held_outside_verified_target,,CL-10after40LC,,,,,10,Unreported,,,,,,,,,,,,,,,,,,,,,,,,,,,,,,,,,,,,,,,,,,,,,,,,MainFig3PDFp7;methodsPDFp5;LOIprosePDFp6,,,,,Synthesis of three novel amino acids-based flame retardants with multiple reactive groups for cotton fabrics,https://doi.org/10.1007/s10570-019-02599-3,40,,,,,,,,40sourceLC;AATCC61-2006at49C;methodnumber/homeequivalentunreported,
10.1007/s10570-019-02599-3,,MainFig3PDFp7unlabelledbars,,,,,,,,,,,,,,,,,,LOI_graph_only_not_digitized,,,,,"Complete16nativepublisheronlinefirstjournalpagesreviewed,DOI/title/authorsandoriginalresearchidentity,oneprimaryreviewer. NoSIcitedandonePDFlocalinventory;noSIclaim. Own105.4g/m2cottonfabricC0/CG-30/CA-30/CL-30sameinitialstatesregularTGTable5/Fig6PDFp10andexplicitLOIprosePDFp6. TG40-700C10C/min60mL/minN2andair;CY600at600CnotR700. SourceT10%is10%masslossnotT5/Tonset. N2unnumberedTmaxstoredlegacyTmax1withoutcompletepeakstageclaim;airnative1st/2ndlabelsretained,control491.2Csecondcharoxidationnotwaterpeak;treated2nddashblanknotzero. SourcecontrolairCY600zero retained. Vmaxunits%/Cnotpeaktemperature. TG-IRspectrawavenumbersandcone/MCCparametersnotTGmetrics. LOIC016.7/CG-3041.2/CA-3040.5/CL-3042.1exactprose;Fig3p7allotherbarsnoexplicitnumericlabelsnotdigitized. Table3p8titlementionsLOIbutactualcolumnsnoLOInumbers. Three30%dose40LCLOI26.4/26.0/27.1exact,noownwashedTG. Six10/20%doseinitialand33remainingwashedstatesLOIgraphonlyheld;10%dose26.0-28.0groupboundnotindividualvalues. 39graphonlyand3explicitwashedfactskeptoutsideverifiedtarget. Bath10/20/30percentbasisanddicyandiamide5percentbasisunreportednotwt/owfinferred. Table3weightgainplusminusuncertaintytype/repeatsunreportednotSDassumed. 100%wetpickup,1:20bath,70C30min,180C8min,finalwash/dry60CnotdurabilityLC. AATCC61-2006at49Cmethodnumber/homeequivalentunreported. LOIASTMD2863-2000M606B,specimensize/repeatsunreported;tensile25x180mmnotLOIsize. SynthesisH3PO3phosphorousacidnotphosphoric,HCHO37%usedsynthesisdespitefinalformaldehydefreeclaim;nohiddenrecipecorrection. Noindependentphysicalreplicate/reviewerclaim.",,"Cotton fabric;105.4g/m2;ChaotianmenMarket,Chongqing;weavepatternunreported",,,CL-20,,,held_graphonly_LOI_not_digitized_no_own_TG,,,,,held_outside_verified_target,,CL-20,,,,,20,Unreported,,,,,,,,,,,,,,,,,,,,,,,,,,,,,,,,,,,,,,,,,,,,,,,,MainFig3PDFp7;methodsPDFp5;LOIprosePDFp6,,,,,Synthesis of three novel amino acids-based flame retardants with multiple reactive groups for cotton fabrics,https://doi.org/10.1007/s10570-019-02599-3,0,,,,,,,,Initial prepared state,
10.1007/s10570-019-02599-3,,MainFig3PDFp7unlabelledbars,,,,,,,,,,,,,,,,,,LOI_graph_only_not_digitized,,,,,"Complete16nativepublisheronlinefirstjournalpagesreviewed,DOI/title/authorsandoriginalresearchidentity,oneprimaryreviewer. NoSIcitedandonePDFlocalinventory;noSIclaim. Own105.4g/m2cottonfabricC0/CG-30/CA-30/CL-30sameinitialstatesregularTGTable5/Fig6PDFp10andexplicitLOIprosePDFp6. TG40-700C10C/min60mL/minN2andair;CY600at600CnotR700. SourceT10%is10%masslossnotT5/Tonset. N2unnumberedTmaxstoredlegacyTmax1withoutcompletepeakstageclaim;airnative1st/2ndlabelsretained,control491.2Csecondcharoxidationnotwaterpeak;treated2nddashblanknotzero. SourcecontrolairCY600zero retained. Vmaxunits%/Cnotpeaktemperature. TG-IRspectrawavenumbersandcone/MCCparametersnotTGmetrics. LOIC016.7/CG-3041.2/CA-3040.5/CL-3042.1exactprose;Fig3p7allotherbarsnoexplicitnumericlabelsnotdigitized. Table3p8titlementionsLOIbutactualcolumnsnoLOInumbers. Three30%dose40LCLOI26.4/26.0/27.1exact,noownwashedTG. Six10/20%doseinitialand33remainingwashedstatesLOIgraphonlyheld;10%dose26.0-28.0groupboundnotindividualvalues. 39graphonlyand3explicitwashedfactskeptoutsideverifiedtarget. Bath10/20/30percentbasisanddicyandiamide5percentbasisunreportednotwt/owfinferred. Table3weightgainplusminusuncertaintytype/repeatsunreportednotSDassumed. 100%wetpickup,1:20bath,70C30min,180C8min,finalwash/dry60CnotdurabilityLC. AATCC61-2006at49Cmethodnumber/homeequivalentunreported. LOIASTMD2863-2000M606B,specimensize/repeatsunreported;tensile25x180mmnotLOIsize. SynthesisH3PO3phosphorousacidnotphosphoric,HCHO37%usedsynthesisdespitefinalformaldehydefreeclaim;nohiddenrecipecorrection. Noindependentphysicalreplicate/reviewerclaim.",,"Cotton fabric;105.4g/m2;ChaotianmenMarket,Chongqing;weavepatternunreported",,,CL-20,,,held_graphonly_LOI_not_digitized_no_own_TG,,,,,held_outside_verified_target,,CL-20after10LC,,,,,20,Unreported,,,,,,,,,,,,,,,,,,,,,,,,,,,,,,,,,,,,,,,,,,,,,,,,MainFig3PDFp7;methodsPDFp5;LOIprosePDFp6,,,,,Synthesis of three novel amino acids-based flame retardants with multiple reactive groups for cotton fabrics,https://doi.org/10.1007/s10570-019-02599-3,10,,,,,,,,10sourceLC;AATCC61-2006at49C;methodnumber/homeequivalentunreported,
10.1007/s10570-019-02599-3,,MainFig3PDFp7unlabelledbars,,,,,,,,,,,,,,,,,,LOI_graph_only_not_digitized,,,,,"Complete16nativepublisheronlinefirstjournalpagesreviewed,DOI/title/authorsandoriginalresearchidentity,oneprimaryreviewer. NoSIcitedandonePDFlocalinventory;noSIclaim. Own105.4g/m2cottonfabricC0/CG-30/CA-30/CL-30sameinitialstatesregularTGTable5/Fig6PDFp10andexplicitLOIprosePDFp6. TG40-700C10C/min60mL/minN2andair;CY600at600CnotR700. SourceT10%is10%masslossnotT5/Tonset. N2unnumberedTmaxstoredlegacyTmax1withoutcompletepeakstageclaim;airnative1st/2ndlabelsretained,control491.2Csecondcharoxidationnotwaterpeak;treated2nddashblanknotzero. SourcecontrolairCY600zero retained. Vmaxunits%/Cnotpeaktemperature. TG-IRspectrawavenumbersandcone/MCCparametersnotTGmetrics. LOIC016.7/CG-3041.2/CA-3040.5/CL-3042.1exactprose;Fig3p7allotherbarsnoexplicitnumericlabelsnotdigitized. Table3p8titlementionsLOIbutactualcolumnsnoLOInumbers. Three30%dose40LCLOI26.4/26.0/27.1exact,noownwashedTG. Six10/20%doseinitialand33remainingwashedstatesLOIgraphonlyheld;10%dose26.0-28.0groupboundnotindividualvalues. 39graphonlyand3explicitwashedfactskeptoutsideverifiedtarget. Bath10/20/30percentbasisanddicyandiamide5percentbasisunreportednotwt/owfinferred. Table3weightgainplusminusuncertaintytype/repeatsunreportednotSDassumed. 100%wetpickup,1:20bath,70C30min,180C8min,finalwash/dry60CnotdurabilityLC. AATCC61-2006at49Cmethodnumber/homeequivalentunreported. LOIASTMD2863-2000M606B,specimensize/repeatsunreported;tensile25x180mmnotLOIsize. SynthesisH3PO3phosphorousacidnotphosphoric,HCHO37%usedsynthesisdespitefinalformaldehydefreeclaim;nohiddenrecipecorrection. Noindependentphysicalreplicate/reviewerclaim.",,"Cotton fabric;105.4g/m2;ChaotianmenMarket,Chongqing;weavepatternunreported",,,CL-20,,,held_graphonly_LOI_not_digitized_no_own_TG,,,,,held_outside_verified_target,,CL-20after20LC,,,,,20,Unreported,,,,,,,,,,,,,,,,,,,,,,,,,,,,,,,,,,,,,,,,,,,,,,,,MainFig3PDFp7;methodsPDFp5;LOIprosePDFp6,,,,,Synthesis of three novel amino acids-based flame retardants with multiple reactive groups for cotton fabrics,https://doi.org/10.1007/s10570-019-02599-3,20,,,,,,,,20sourceLC;AATCC61-2006at49C;methodnumber/homeequivalentunreported,
10.1007/s10570-019-02599-3,,MainFig3PDFp7unlabelledbars,,,,,,,,,,,,,,,,,,LOI_graph_only_not_digitized,,,,,"Complete16nativepublisheronlinefirstjournalpagesreviewed,DOI/title/authorsandoriginalresearchidentity,oneprimaryreviewer. NoSIcitedandonePDFlocalinventory;noSIclaim. Own105.4g/m2cottonfabricC0/CG-30/CA-30/CL-30sameinitialstatesregularTGTable5/Fig6PDFp10andexplicitLOIprosePDFp6. TG40-700C10C/min60mL/minN2andair;CY600at600CnotR700. SourceT10%is10%masslossnotT5/Tonset. N2unnumberedTmaxstoredlegacyTmax1withoutcompletepeakstageclaim;airnative1st/2ndlabelsretained,control491.2Csecondcharoxidationnotwaterpeak;treated2nddashblanknotzero. SourcecontrolairCY600zero retained. Vmaxunits%/Cnotpeaktemperature. TG-IRspectrawavenumbersandcone/MCCparametersnotTGmetrics. LOIC016.7/CG-3041.2/CA-3040.5/CL-3042.1exactprose;Fig3p7allotherbarsnoexplicitnumericlabelsnotdigitized. Table3p8titlementionsLOIbutactualcolumnsnoLOInumbers. Three30%dose40LCLOI26.4/26.0/27.1exact,noownwashedTG. Six10/20%doseinitialand33remainingwashedstatesLOIgraphonlyheld;10%dose26.0-28.0groupboundnotindividualvalues. 39graphonlyand3explicitwashedfactskeptoutsideverifiedtarget. Bath10/20/30percentbasisanddicyandiamide5percentbasisunreportednotwt/owfinferred. Table3weightgainplusminusuncertaintytype/repeatsunreportednotSDassumed. 100%wetpickup,1:20bath,70C30min,180C8min,finalwash/dry60CnotdurabilityLC. AATCC61-2006at49Cmethodnumber/homeequivalentunreported. LOIASTMD2863-2000M606B,specimensize/repeatsunreported;tensile25x180mmnotLOIsize. SynthesisH3PO3phosphorousacidnotphosphoric,HCHO37%usedsynthesisdespitefinalformaldehydefreeclaim;nohiddenrecipecorrection. Noindependentphysicalreplicate/reviewerclaim.",,"Cotton fabric;105.4g/m2;ChaotianmenMarket,Chongqing;weavepatternunreported",,,CL-20,,,held_graphonly_LOI_not_digitized_no_own_TG,,,,,held_outside_verified_target,,CL-20after30LC,,,,,20,Unreported,,,,,,,,,,,,,,,,,,,,,,,,,,,,,,,,,,,,,,,,,,,,,,,,MainFig3PDFp7;methodsPDFp5;LOIprosePDFp6,,,,,Synthesis of three novel amino acids-based flame retardants with multiple reactive groups for cotton fabrics,https://doi.org/10.1007/s10570-019-02599-3,30,,,,,,,,30sourceLC;AATCC61-2006at49C;methodnumber/homeequivalentunreported,
10.1007/s10570-019-02599-3,,MainFig3PDFp7unlabelledbars,,,,,,,,,,,,,,,,,,LOI_graph_only_not_digitized,,,,,"Complete16nativepublisheronlinefirstjournalpagesreviewed,DOI/title/authorsandoriginalresearchidentity,oneprimaryreviewer. NoSIcitedandonePDFlocalinventory;noSIclaim. Own105.4g/m2cottonfabricC0/CG-30/CA-30/CL-30sameinitialstatesregularTGTable5/Fig6PDFp10andexplicitLOIprosePDFp6. TG40-700C10C/min60mL/minN2andair;CY600at600CnotR700. SourceT10%is10%masslossnotT5/Tonset. N2unnumberedTmaxstoredlegacyTmax1withoutcompletepeakstageclaim;airnative1st/2ndlabelsretained,control491.2Csecondcharoxidationnotwaterpeak;treated2nddashblanknotzero. SourcecontrolairCY600zero retained. Vmaxunits%/Cnotpeaktemperature. TG-IRspectrawavenumbersandcone/MCCparametersnotTGmetrics. LOIC016.7/CG-3041.2/CA-3040.5/CL-3042.1exactprose;Fig3p7allotherbarsnoexplicitnumericlabelsnotdigitized. Table3p8titlementionsLOIbutactualcolumnsnoLOInumbers. Three30%dose40LCLOI26.4/26.0/27.1exact,noownwashedTG. Six10/20%doseinitialand33remainingwashedstatesLOIgraphonlyheld;10%dose26.0-28.0groupboundnotindividualvalues. 39graphonlyand3explicitwashedfactskeptoutsideverifiedtarget. Bath10/20/30percentbasisanddicyandiamide5percentbasisunreportednotwt/owfinferred. Table3weightgainplusminusuncertaintytype/repeatsunreportednotSDassumed. 100%wetpickup,1:20bath,70C30min,180C8min,finalwash/dry60CnotdurabilityLC. AATCC61-2006at49Cmethodnumber/homeequivalentunreported. LOIASTMD2863-2000M606B,specimensize/repeatsunreported;tensile25x180mmnotLOIsize. SynthesisH3PO3phosphorousacidnotphosphoric,HCHO37%usedsynthesisdespitefinalformaldehydefreeclaim;nohiddenrecipecorrection. Noindependentphysicalreplicate/reviewerclaim.",,"Cotton fabric;105.4g/m2;ChaotianmenMarket,Chongqing;weavepatternunreported",,,CL-20,,,held_graphonly_LOI_not_digitized_no_own_TG,,,,,held_outside_verified_target,,CL-20after40LC,,,,,20,Unreported,,,,,,,,,,,,,,,,,,,,,,,,,,,,,,,,,,,,,,,,,,,,,,,,MainFig3PDFp7;methodsPDFp5;LOIprosePDFp6,,,,,Synthesis of three novel amino acids-based flame retardants with multiple reactive groups for cotton fabrics,https://doi.org/10.1007/s10570-019-02599-3,40,,,,,,,,40sourceLC;AATCC61-2006at49C;methodnumber/homeequivalentunreported,
10.1007/s10570-019-02599-3,,MainFig3PDFp7unlabelledbars,,,,,,,,,,,,,,,,,,LOI_graph_only_not_digitized,,,,,"Complete16nativepublisheronlinefirstjournalpagesreviewed,DOI/title/authorsandoriginalresearchidentity,oneprimaryreviewer. NoSIcitedandonePDFlocalinventory;noSIclaim. Own105.4g/m2cottonfabricC0/CG-30/CA-30/CL-30sameinitialstatesregularTGTable5/Fig6PDFp10andexplicitLOIprosePDFp6. TG40-700C10C/min60mL/minN2andair;CY600at600CnotR700. SourceT10%is10%masslossnotT5/Tonset. N2unnumberedTmaxstoredlegacyTmax1withoutcompletepeakstageclaim;airnative1st/2ndlabelsretained,control491.2Csecondcharoxidationnotwaterpeak;treated2nddashblanknotzero. SourcecontrolairCY600zero retained. Vmaxunits%/Cnotpeaktemperature. TG-IRspectrawavenumbersandcone/MCCparametersnotTGmetrics. LOIC016.7/CG-3041.2/CA-3040.5/CL-3042.1exactprose;Fig3p7allotherbarsnoexplicitnumericlabelsnotdigitized. Table3p8titlementionsLOIbutactualcolumnsnoLOInumbers. Three30%dose40LCLOI26.4/26.0/27.1exact,noownwashedTG. Six10/20%doseinitialand33remainingwashedstatesLOIgraphonlyheld;10%dose26.0-28.0groupboundnotindividualvalues. 39graphonlyand3explicitwashedfactskeptoutsideverifiedtarget. Bath10/20/30percentbasisanddicyandiamide5percentbasisunreportednotwt/owfinferred. Table3weightgainplusminusuncertaintytype/repeatsunreportednotSDassumed. 100%wetpickup,1:20bath,70C30min,180C8min,finalwash/dry60CnotdurabilityLC. AATCC61-2006at49Cmethodnumber/homeequivalentunreported. LOIASTMD2863-2000M606B,specimensize/repeatsunreported;tensile25x180mmnotLOIsize. SynthesisH3PO3phosphorousacidnotphosphoric,HCHO37%usedsynthesisdespitefinalformaldehydefreeclaim;nohiddenrecipecorrection. Noindependentphysicalreplicate/reviewerclaim.",,"Cotton fabric;105.4g/m2;ChaotianmenMarket,Chongqing;weavepatternunreported",,,CL-30,,,held_graphonly_LOI_not_digitized_no_own_TG,,,,,held_outside_verified_target,,CL-30after10LC,,,,,30,Unreported,,,,,,,,,,,,,,,,,,,,,,,,,,,,,,,,,,,,,,,,,,,,,,,,MainFig3PDFp7;methodsPDFp5;LOIprosePDFp6,,,,,Synthesis of three novel amino acids-based flame retardants with multiple reactive groups for cotton fabrics,https://doi.org/10.1007/s10570-019-02599-3,10,,,,,,,,10sourceLC;AATCC61-2006at49C;methodnumber/homeequivalentunreported,
10.1007/s10570-019-02599-3,,MainFig3PDFp7unlabelledbars,,,,,,,,,,,,,,,,,,LOI_graph_only_not_digitized,,,,,"Complete16nativepublisheronlinefirstjournalpagesreviewed,DOI/title/authorsandoriginalresearchidentity,oneprimaryreviewer. NoSIcitedandonePDFlocalinventory;noSIclaim. Own105.4g/m2cottonfabricC0/CG-30/CA-30/CL-30sameinitialstatesregularTGTable5/Fig6PDFp10andexplicitLOIprosePDFp6. TG40-700C10C/min60mL/minN2andair;CY600at600CnotR700. SourceT10%is10%masslossnotT5/Tonset. N2unnumberedTmaxstoredlegacyTmax1withoutcompletepeakstageclaim;airnative1st/2ndlabelsretained,control491.2Csecondcharoxidationnotwaterpeak;treated2nddashblanknotzero. SourcecontrolairCY600zero retained. Vmaxunits%/Cnotpeaktemperature. TG-IRspectrawavenumbersandcone/MCCparametersnotTGmetrics. LOIC016.7/CG-3041.2/CA-3040.5/CL-3042.1exactprose;Fig3p7allotherbarsnoexplicitnumericlabelsnotdigitized. Table3p8titlementionsLOIbutactualcolumnsnoLOInumbers. Three30%dose40LCLOI26.4/26.0/27.1exact,noownwashedTG. Six10/20%doseinitialand33remainingwashedstatesLOIgraphonlyheld;10%dose26.0-28.0groupboundnotindividualvalues. 39graphonlyand3explicitwashedfactskeptoutsideverifiedtarget. Bath10/20/30percentbasisanddicyandiamide5percentbasisunreportednotwt/owfinferred. Table3weightgainplusminusuncertaintytype/repeatsunreportednotSDassumed. 100%wetpickup,1:20bath,70C30min,180C8min,finalwash/dry60CnotdurabilityLC. AATCC61-2006at49Cmethodnumber/homeequivalentunreported. LOIASTMD2863-2000M606B,specimensize/repeatsunreported;tensile25x180mmnotLOIsize. SynthesisH3PO3phosphorousacidnotphosphoric,HCHO37%usedsynthesisdespitefinalformaldehydefreeclaim;nohiddenrecipecorrection. Noindependentphysicalreplicate/reviewerclaim.",,"Cotton fabric;105.4g/m2;ChaotianmenMarket,Chongqing;weavepatternunreported",,,CL-30,,,held_graphonly_LOI_not_digitized_no_own_TG,,,,,held_outside_verified_target,,CL-30after20LC,,,,,30,Unreported,,,,,,,,,,,,,,,,,,,,,,,,,,,,,,,,,,,,,,,,,,,,,,,,MainFig3PDFp7;methodsPDFp5;LOIprosePDFp6,,,,,Synthesis of three novel amino acids-based flame retardants with multiple reactive groups for cotton fabrics,https://doi.org/10.1007/s10570-019-02599-3,20,,,,,,,,20sourceLC;AATCC61-2006at49C;methodnumber/homeequivalentunreported,
10.1007/s10570-019-02599-3,,MainFig3PDFp7unlabelledbars,,,,,,,,,,,,,,,,,,LOI_graph_only_not_digitized,,,,,"Complete16nativepublisheronlinefirstjournalpagesreviewed,DOI/title/authorsandoriginalresearchidentity,oneprimaryreviewer. NoSIcitedandonePDFlocalinventory;noSIclaim. Own105.4g/m2cottonfabricC0/CG-30/CA-30/CL-30sameinitialstatesregularTGTable5/Fig6PDFp10andexplicitLOIprosePDFp6. TG40-700C10C/min60mL/minN2andair;CY600at600CnotR700. SourceT10%is10%masslossnotT5/Tonset. N2unnumberedTmaxstoredlegacyTmax1withoutcompletepeakstageclaim;airnative1st/2ndlabelsretained,control491.2Csecondcharoxidationnotwaterpeak;treated2nddashblanknotzero. SourcecontrolairCY600zero retained. Vmaxunits%/Cnotpeaktemperature. TG-IRspectrawavenumbersandcone/MCCparametersnotTGmetrics. LOIC016.7/CG-3041.2/CA-3040.5/CL-3042.1exactprose;Fig3p7allotherbarsnoexplicitnumericlabelsnotdigitized. Table3p8titlementionsLOIbutactualcolumnsnoLOInumbers. Three30%dose40LCLOI26.4/26.0/27.1exact,noownwashedTG. Six10/20%doseinitialand33remainingwashedstatesLOIgraphonlyheld;10%dose26.0-28.0groupboundnotindividualvalues. 39graphonlyand3explicitwashedfactskeptoutsideverifiedtarget. Bath10/20/30percentbasisanddicyandiamide5percentbasisunreportednotwt/owfinferred. Table3weightgainplusminusuncertaintytype/repeatsunreportednotSDassumed. 100%wetpickup,1:20bath,70C30min,180C8min,finalwash/dry60CnotdurabilityLC. AATCC61-2006at49Cmethodnumber/homeequivalentunreported. LOIASTMD2863-2000M606B,specimensize/repeatsunreported;tensile25x180mmnotLOIsize. SynthesisH3PO3phosphorousacidnotphosphoric,HCHO37%usedsynthesisdespitefinalformaldehydefreeclaim;nohiddenrecipecorrection. Noindependentphysicalreplicate/reviewerclaim.",,"Cotton fabric;105.4g/m2;ChaotianmenMarket,Chongqing;weavepatternunreported",,,CL-30,,,held_graphonly_LOI_not_digitized_no_own_TG,,,,,held_outside_verified_target,,CL-30after30LC,,,,,30,Unreported,,,,,,,,,,,,,,,,,,,,,,,,,,,,,,,,,,,,,,,,,,,,,,,,MainFig3PDFp7;methodsPDFp5;LOIprosePDFp6,,,,,Synthesis of three novel amino acids-based flame retardants with multiple reactive groups for cotton fabrics,https://doi.org/10.1007/s10570-019-02599-3,30,,,,,,,,30sourceLC;AATCC61-2006at49C;methodnumber/homeequivalentunreported,
10.1007/s10570-019-02599-3,,MainexplicitLOIprosePDFp6/abstractp1,27.1,,,,,,,,,,,,,,,,,LOI-only,,,,,"Complete16nativepublisheronlinefirstjournalpagesreviewed,DOI/title/authorsandoriginalresearchidentity,oneprimaryreviewer. NoSIcitedandonePDFlocalinventory;noSIclaim. Own105.4g/m2cottonfabricC0/CG-30/CA-30/CL-30sameinitialstatesregularTGTable5/Fig6PDFp10andexplicitLOIprosePDFp6. TG40-700C10C/min60mL/minN2andair;CY600at600CnotR700. SourceT10%is10%masslossnotT5/Tonset. N2unnumberedTmaxstoredlegacyTmax1withoutcompletepeakstageclaim;airnative1st/2ndlabelsretained,control491.2Csecondcharoxidationnotwaterpeak;treated2nddashblanknotzero. SourcecontrolairCY600zero retained. Vmaxunits%/Cnotpeaktemperature. TG-IRspectrawavenumbersandcone/MCCparametersnotTGmetrics. LOIC016.7/CG-3041.2/CA-3040.5/CL-3042.1exactprose;Fig3p7allotherbarsnoexplicitnumericlabelsnotdigitized. Table3p8titlementionsLOIbutactualcolumnsnoLOInumbers. Three30%dose40LCLOI26.4/26.0/27.1exact,noownwashedTG. Six10/20%doseinitialand33remainingwashedstatesLOIgraphonlyheld;10%dose26.0-28.0groupboundnotindividualvalues. 39graphonlyand3explicitwashedfactskeptoutsideverifiedtarget. Bath10/20/30percentbasisanddicyandiamide5percentbasisunreportednotwt/owfinferred. Table3weightgainplusminusuncertaintytype/repeatsunreportednotSDassumed. 100%wetpickup,1:20bath,70C30min,180C8min,finalwash/dry60CnotdurabilityLC. AATCC61-2006at49Cmethodnumber/homeequivalentunreported. LOIASTMD2863-2000M606B,specimensize/repeatsunreported;tensile25x180mmnotLOIsize. SynthesisH3PO3phosphorousacidnotphosphoric,HCHO37%usedsynthesisdespitefinalformaldehydefreeclaim;nohiddenrecipecorrection. Noindependentphysicalreplicate/reviewerclaim.",,"Cotton fabric;105.4g/m2;ChaotianmenMarket,Chongqing;weavepatternunreported",,,CL-30,,,held_exact_washed_LOI_no_own_TG,,,,,held_outside_verified_target,,CL-30after40LC,,,,,30,Unreported,,,,,,,,,,,,,,,,,,,,,,,,,,,,,,,,,,,,,,,,,,,,,,,,MainFig3PDFp7;methodsPDFp5;LOIprosePDFp6,,,,,Synthesis of three novel amino acids-based flame retardants with multiple reactive groups for cotton fabrics,https://doi.org/10.1007/s10570-019-02599-3,40,,,,,,,,40sourceLC;AATCC61-2006at49C;methodnumber/homeequivalentunreported,
10.1007/s10853-020-04989-6,,MainTable1PDFp7means/fourreplicates;LOIprosePDFp7,17.5,ASTMD2863;edition09versus11conflict;notresolved,17.94,9.87,5.93,3.74,,"STA6000,PerkinElmer",,OfficialDOCX7SITableS4;S5metadata;mainFig2c/methodPDFp6,,,,N2,Blank fabric,MainPDFp6explicitfabricN2roomtemp-700C20Cmin;generalinstrumentPDFp3,,TG+LOI,2026-10-01,Codexcomplete14nativeprimarypages/allofficialDOCX7tablesand12renderedpages;oneprimaryreviewer,20,Journal of Materials Science,"Complete14nativepublisherjournalpagesandcompleteofficialDOCX7SIreviewedbyoneprimaryreviewer;SIrawXMLall10tables/paragraphsand12locallyrenderedpages/figuresreviewed,title/authorsmatchedmainandpublisherDOIlink. ThreeinitialcottonBlankfabric/GO-fabric/FGO-fabricstatesexactTable1PDFp7meanLOI17.5/18.4/54.75andSITableS4sixfixedtemperaturemasspercentages;initialTable1K2CO3LOI23.0heldbecauseK2CO3solutionprep60mg/mLconflictscoatingcommon2mg/mLstatementPDFp4withoutcrosswalk. Raw23.0retainedcanonicalLOIblankforthatstate;nocorrectioninferred. MainFig2cPDFp6explicitfabricN2roomtemp-700C20C/minnotas-madepowderair20C/min;SI S5nativeEnd789.42/790.92/798.11/796.06andFig2caxis800conflictnominal700statement,cleanTG_endblankbothrawretained. ExactR400/R500/R600/R700S4reportedatownknownTnotinferredfromendpoint. S5startisrunstartnotTonset;midpointnotDTGmaximum;Onset312.7/287.68/286.04/288.07nativegenericnotT5/T10;unclassifiedeventdefinitionheldinrawmetadatawithoutTonsetpromoted. S5endset/weightlossnotusedtoderiveR800becausemassincompatibleS4/curve;noreviewerrepair. SI S6peak381.09/377.39/109.19/216.26andheatJ/gareDSCnotDTGTmax;S4DTA168/120waterlossnotTGdecompositionpeaks. SourceLOIstandardeditionconflictASTMD2863-09methodsPDFp4versus-11resultsPDFp7retainednoeditionchosen;13x6cmexplicitprosePDFp7notinitialcm^-1typo;LOI4reportedreplicates/meannot4distinctsamples,nounreportedTGreplicatesassumed. SourceTable1reportedmeansretainednotrecomputedfromroundedreplicates. FGO-binderinitial53.9andwashedfirst49.9/second47.8;FGOwashedfirst32.0/second29.7onlyLOI,noownTG. FiveLOI-onlyheldfacts. SI S7ISO2soap5g/L50:1at50C45minrinse/airdry;nohomeequivalentinferred. Air20C/minFGOflametestcharSI S3curveonlynoowncharLOI,heldnotinitialfabricTG. GO/FGOcoating2mg/mLdip30sdryvacuum65C2h;FGO50mgGO/25mLwater+1.5gK2CO3at75C4h,DIwashvacuumdry;feed1:30notresiduetemp/addon. SI S8all5feedratiosonlyburntimes55/137/214/325/349s,noownLOI/TG:not5newpairedsamples. SI S2nativepercentloadingbasiscoatedtotalmassnotowf;reportedaverage11.07/16.05notcorrected/recomputedfrominconsistenttablearithmetic. SIcarbonate21percentclaimfromtitration6.6vs6.1mLwitharithmeticconflictheldnotdrycompositionfraction. Cottonmass/weave/vendor/LOIinstrument/TGflow/massunknown. Nooriginal/SI/fulltext/privatepathsuploaded.",cotton,Cotton fabric;arealdensity/weave/vendorunreported,Cotton fabric;arealdensity/weave/vendorunreported,Cotton fabric;arealdensity/weave/vendorunreported,Blank fabric,tabulated,"Owninitialblank/GO/FGOcottonfabricsameTable1andSITableS4labels,linkedmainFig2cfabricN2/20Cmin;noairpowder/char/washed/binderstateborrow",verified_exact,journal_article,NativePDFp1DOI/title/authors/published8July2020;publisherjournalarticle,5.93,600,source_review_approved,e8b644d0d1fa5eebf2381b6c1f643236c05cebc51ce4ab628f24143be494f994,Blank fabric,,,,,,,,,,17.5,17.5;17;18.0;17.8,,,,4,130x60,,S5genericunclassifiedevent;notT5/T10;rawmetadataonly,,Coatedfabrictotalmassdenominator;notowf;nativearithmeticnotcorrected,,94.01,92.26,17.94,9.87,5.93,3.74,395.11,312.7,789.42,30.04,371.6,98.62,209.09,381.09,https://media.springernature.com/original/springer-static/esm/art%3A10.1007%2Fs10853-020-04989-6/MediaObjects/10853_2020_4989_MOESM7_ESM.docx,,,,,,,,,,,,,Nativepublisheronlinefirstjournal8July2020;VOR55pp14197-14210,,,,,MainTable1PDFp7;SITableS4;fabricN2/20CminPDFp6,700,,,,Graphene-based intumescent flame retardant on cotton fabric,https://doi.org/10.1007/s10853-020-04989-6,,,,,,CompleteofficialDOCX7SIparagraphs/10tables/12renderedpagesreviewed;other6videoSIsnotreviewed/noextraTGclaim,Ownuntreatedcontrolfabric,Initial prepared fabric state,Initial prepared state;FGOreagentwashnotfabricdurabilitywash,2020
10.1007/s10853-020-04989-6,,MainTable1PDFp7means/fourreplicates;LOIprosePDFp7,18.4,ASTMD2863;edition09versus11conflict;notresolved,27.07,23.12,20.05,18.3,,"STA6000,PerkinElmer",,OfficialDOCX7SITableS4;S5metadata;mainFig2c/methodPDFp6,,,,N2,GO/fabric,MainPDFp6explicitfabricN2roomtemp-700C20Cmin;generalinstrumentPDFp3,,TG+LOI,2026-10-01,Codexcomplete14nativeprimarypages/allofficialDOCX7tablesand12renderedpages;oneprimaryreviewer,20,Journal of Materials Science,"Complete14nativepublisherjournalpagesandcompleteofficialDOCX7SIreviewedbyoneprimaryreviewer;SIrawXMLall10tables/paragraphsand12locallyrenderedpages/figuresreviewed,title/authorsmatchedmainandpublisherDOIlink. ThreeinitialcottonBlankfabric/GO-fabric/FGO-fabricstatesexactTable1PDFp7meanLOI17.5/18.4/54.75andSITableS4sixfixedtemperaturemasspercentages;initialTable1K2CO3LOI23.0heldbecauseK2CO3solutionprep60mg/mLconflictscoatingcommon2mg/mLstatementPDFp4withoutcrosswalk. Raw23.0retainedcanonicalLOIblankforthatstate;nocorrectioninferred. MainFig2cPDFp6explicitfabricN2roomtemp-700C20C/minnotas-madepowderair20C/min;SI S5nativeEnd789.42/790.92/798.11/796.06andFig2caxis800conflictnominal700statement,cleanTG_endblankbothrawretained. ExactR400/R500/R600/R700S4reportedatownknownTnotinferredfromendpoint. S5startisrunstartnotTonset;midpointnotDTGmaximum;Onset312.7/287.68/286.04/288.07nativegenericnotT5/T10;unclassifiedeventdefinitionheldinrawmetadatawithoutTonsetpromoted. S5endset/weightlossnotusedtoderiveR800becausemassincompatibleS4/curve;noreviewerrepair. SI S6peak381.09/377.39/109.19/216.26andheatJ/gareDSCnotDTGTmax;S4DTA168/120waterlossnotTGdecompositionpeaks. SourceLOIstandardeditionconflictASTMD2863-09methodsPDFp4versus-11resultsPDFp7retainednoeditionchosen;13x6cmexplicitprosePDFp7notinitialcm^-1typo;LOI4reportedreplicates/meannot4distinctsamples,nounreportedTGreplicatesassumed. SourceTable1reportedmeansretainednotrecomputedfromroundedreplicates. FGO-binderinitial53.9andwashedfirst49.9/second47.8;FGOwashedfirst32.0/second29.7onlyLOI,noownTG. FiveLOI-onlyheldfacts. SI S7ISO2soap5g/L50:1at50C45minrinse/airdry;nohomeequivalentinferred. Air20C/minFGOflametestcharSI S3curveonlynoowncharLOI,heldnotinitialfabricTG. GO/FGOcoating2mg/mLdip30sdryvacuum65C2h;FGO50mgGO/25mLwater+1.5gK2CO3at75C4h,DIwashvacuumdry;feed1:30notresiduetemp/addon. SI S8all5feedratiosonlyburntimes55/137/214/325/349s,noownLOI/TG:not5newpairedsamples. SI S2nativepercentloadingbasiscoatedtotalmassnotowf;reportedaverage11.07/16.05notcorrected/recomputedfrominconsistenttablearithmetic. SIcarbonate21percentclaimfromtitration6.6vs6.1mLwitharithmeticconflictheldnotdrycompositionfraction. Cottonmass/weave/vendor/LOIinstrument/TGflow/massunknown. Nooriginal/SI/fulltext/privatepathsuploaded.",cotton,Cotton fabric;arealdensity/weave/vendorunreported,Cotton fabric;arealdensity/weave/vendorunreported,Cotton fabric;arealdensity/weave/vendorunreported,GO/fabric,tabulated,"Owninitialblank/GO/FGOcottonfabricsameTable1andSITableS4labels,linkedmainFig2cfabricN2/20Cmin;noairpowder/char/washed/binderstateborrow",verified_exact,journal_article,NativePDFp1DOI/title/authors/published8July2020;publisherjournalarticle,20.05,600,source_review_approved,728905759694a147629d666dababf7cf8e27fbdb4b09e5d114099b67c7733a4c,GO/fabric,,,,,,,,,,18.4,18;18.5;19;18.2,,,,4,130x60,,S5genericunclassifiedevent;notT5/T10;rawmetadataonly,,Coatedfabrictotalmassdenominator;notowf;nativearithmeticnotcorrected,11.07,95.43,89.09,27.07,23.12,20.05,18.3,392.1,287.68,790.92,30.16,359.74,80.65,77.38,377.39,https://media.springernature.com/original/springer-static/esm/art%3A10.1007%2Fs10853-020-04989-6/MediaObjects/10853_2020_4989_MOESM7_ESM.docx,,,,,,,,,,,2,,Nativepublisheronlinefirstjournal8July2020;VOR55pp14197-14210,,,,,MainTable1PDFp7;SITableS4;fabricN2/20CminPDFp6,700,,,,Graphene-based intumescent flame retardant on cotton fabric,https://doi.org/10.1007/s10853-020-04989-6,,,,,,CompleteofficialDOCX7SIparagraphs/10tables/12renderedpagesreviewed;other6videoSIsnotreviewed/noextraTGclaim,"OwnGO/FGO2mg/mLaqueousdip30s;vacuumdry65C2h;K2CO3solution60vs2mg/mLscopeheld;FGOreaction50mgGO/25mLwater+1.5gK2CO3,75C4h,DIwash/vacuumdry",Initial prepared fabric state,Initial prepared state;FGOreagentwashnotfabricdurabilitywash,2020
10.1007/s10853-020-04989-6,,MainTable1PDFp7means/fourreplicates;LOIprosePDFp7,,ASTMD2863;edition09versus11conflict;notresolved,89.36,88.64,88.39,87.33,,"STA6000,PerkinElmer",,OfficialDOCX7SITableS4;S5metadata;mainFig2c/methodPDFp6,,,,N2,K2CO3/fabric,MainPDFp6explicitfabricN2roomtemp-700C20Cmin;generalinstrumentPDFp3,,TG-only;LOImatchingrecipeheld,2026-10-01,Codexcomplete14nativeprimarypages/allofficialDOCX7tablesand12renderedpages;oneprimaryreviewer,20,Journal of Materials Science,"Complete14nativepublisherjournalpagesandcompleteofficialDOCX7SIreviewedbyoneprimaryreviewer;SIrawXMLall10tables/paragraphsand12locallyrenderedpages/figuresreviewed,title/authorsmatchedmainandpublisherDOIlink. ThreeinitialcottonBlankfabric/GO-fabric/FGO-fabricstatesexactTable1PDFp7meanLOI17.5/18.4/54.75andSITableS4sixfixedtemperaturemasspercentages;initialTable1K2CO3LOI23.0heldbecauseK2CO3solutionprep60mg/mLconflictscoatingcommon2mg/mLstatementPDFp4withoutcrosswalk. Raw23.0retainedcanonicalLOIblankforthatstate;nocorrectioninferred. MainFig2cPDFp6explicitfabricN2roomtemp-700C20C/minnotas-madepowderair20C/min;SI S5nativeEnd789.42/790.92/798.11/796.06andFig2caxis800conflictnominal700statement,cleanTG_endblankbothrawretained. ExactR400/R500/R600/R700S4reportedatownknownTnotinferredfromendpoint. S5startisrunstartnotTonset;midpointnotDTGmaximum;Onset312.7/287.68/286.04/288.07nativegenericnotT5/T10;unclassifiedeventdefinitionheldinrawmetadatawithoutTonsetpromoted. S5endset/weightlossnotusedtoderiveR800becausemassincompatibleS4/curve;noreviewerrepair. SI S6peak381.09/377.39/109.19/216.26andheatJ/gareDSCnotDTGTmax;S4DTA168/120waterlossnotTGdecompositionpeaks. SourceLOIstandardeditionconflictASTMD2863-09methodsPDFp4versus-11resultsPDFp7retainednoeditionchosen;13x6cmexplicitprosePDFp7notinitialcm^-1typo;LOI4reportedreplicates/meannot4distinctsamples,nounreportedTGreplicatesassumed. SourceTable1reportedmeansretainednotrecomputedfromroundedreplicates. FGO-binderinitial53.9andwashedfirst49.9/second47.8;FGOwashedfirst32.0/second29.7onlyLOI,noownTG. FiveLOI-onlyheldfacts. SI S7ISO2soap5g/L50:1at50C45minrinse/airdry;nohomeequivalentinferred. Air20C/minFGOflametestcharSI S3curveonlynoowncharLOI,heldnotinitialfabricTG. GO/FGOcoating2mg/mLdip30sdryvacuum65C2h;FGO50mgGO/25mLwater+1.5gK2CO3at75C4h,DIwashvacuumdry;feed1:30notresiduetemp/addon. SI S8all5feedratiosonlyburntimes55/137/214/325/349s,noownLOI/TG:not5newpairedsamples. SI S2nativepercentloadingbasiscoatedtotalmassnotowf;reportedaverage11.07/16.05notcorrected/recomputedfrominconsistenttablearithmetic. SIcarbonate21percentclaimfromtitration6.6vs6.1mLwitharithmeticconflictheldnotdrycompositionfraction. Cottonmass/weave/vendor/LOIinstrument/TGflow/massunknown. Nooriginal/SI/fulltext/privatepathsuploaded.",cotton,Cotton fabric;arealdensity/weave/vendorunreported,Cotton fabric;arealdensity/weave/vendorunreported,Cotton fabric;arealdensity/weave/vendorunreported,K2CO3/fabric,tabulated,"Owninitialblank/GO/FGOcottonfabricsameTable1andSITableS4labels,linkedmainFig2cfabricN2/20Cmin;noairpowder/char/washed/binderstateborrow",held_K2CO3_coating_concentration_scope_conflict,journal_article,NativePDFp1DOI/title/authors/published8July2020;publisherjournalarticle,88.39,600,held_outside_verified_target,,K2CO3/fabric,,,,,,,2,60,,23.0,22.8;23.0;22.7;23.5,,,,4,130x60,,S5genericunclassifiedevent;notT5/T10;rawmetadataonly,,Coatedfabrictotalmassdenominator;notowf;nativearithmeticnotcorrected,8.99,90.08,89.95,89.36,88.64,88.39,87.33,398.12,286.04,798.11,29.65,390.14,10.02,218.16,109.19,https://media.springernature.com/original/springer-static/esm/art%3A10.1007%2Fs10853-020-04989-6/MediaObjects/10853_2020_4989_MOESM7_ESM.docx,,,,,,,,,,,,,Nativepublisheronlinefirstjournal8July2020;VOR55pp14197-14210,,,,,MainTable1PDFp7;SITableS4;fabricN2/20CminPDFp6,700,,,,Graphene-based intumescent flame retardant on cotton fabric,https://doi.org/10.1007/s10853-020-04989-6,,,,,,CompleteofficialDOCX7SIparagraphs/10tables/12renderedpagesreviewed;other6videoSIsnotreviewed/noextraTGclaim,"OwnGO/FGO2mg/mLaqueousdip30s;vacuumdry65C2h;K2CO3solution60vs2mg/mLscopeheld;FGOreaction50mgGO/25mLwater+1.5gK2CO3,75C4h,DIwash/vacuumdry",Initial prepared fabric state,Initial prepared state;FGOreagentwashnotfabricdurabilitywash,2020
10.1007/s10853-020-04989-6,,MainTable1PDFp7means/fourreplicates;LOIprosePDFp7,54.75,ASTMD2863;edition09versus11conflict;notresolved,71.12,70.04,68.6,64.24,,"STA6000,PerkinElmer",,OfficialDOCX7SITableS4;S5metadata;mainFig2c/methodPDFp6,,,,N2,FGO/fabric,MainPDFp6explicitfabricN2roomtemp-700C20Cmin;generalinstrumentPDFp3,,TG+LOI,2026-10-01,Codexcomplete14nativeprimarypages/allofficialDOCX7tablesand12renderedpages;oneprimaryreviewer,20,Journal of Materials Science,"Complete14nativepublisherjournalpagesandcompleteofficialDOCX7SIreviewedbyoneprimaryreviewer;SIrawXMLall10tables/paragraphsand12locallyrenderedpages/figuresreviewed,title/authorsmatchedmainandpublisherDOIlink. ThreeinitialcottonBlankfabric/GO-fabric/FGO-fabricstatesexactTable1PDFp7meanLOI17.5/18.4/54.75andSITableS4sixfixedtemperaturemasspercentages;initialTable1K2CO3LOI23.0heldbecauseK2CO3solutionprep60mg/mLconflictscoatingcommon2mg/mLstatementPDFp4withoutcrosswalk. Raw23.0retainedcanonicalLOIblankforthatstate;nocorrectioninferred. MainFig2cPDFp6explicitfabricN2roomtemp-700C20C/minnotas-madepowderair20C/min;SI S5nativeEnd789.42/790.92/798.11/796.06andFig2caxis800conflictnominal700statement,cleanTG_endblankbothrawretained. ExactR400/R500/R600/R700S4reportedatownknownTnotinferredfromendpoint. S5startisrunstartnotTonset;midpointnotDTGmaximum;Onset312.7/287.68/286.04/288.07nativegenericnotT5/T10;unclassifiedeventdefinitionheldinrawmetadatawithoutTonsetpromoted. S5endset/weightlossnotusedtoderiveR800becausemassincompatibleS4/curve;noreviewerrepair. SI S6peak381.09/377.39/109.19/216.26andheatJ/gareDSCnotDTGTmax;S4DTA168/120waterlossnotTGdecompositionpeaks. SourceLOIstandardeditionconflictASTMD2863-09methodsPDFp4versus-11resultsPDFp7retainednoeditionchosen;13x6cmexplicitprosePDFp7notinitialcm^-1typo;LOI4reportedreplicates/meannot4distinctsamples,nounreportedTGreplicatesassumed. SourceTable1reportedmeansretainednotrecomputedfromroundedreplicates. FGO-binderinitial53.9andwashedfirst49.9/second47.8;FGOwashedfirst32.0/second29.7onlyLOI,noownTG. FiveLOI-onlyheldfacts. SI S7ISO2soap5g/L50:1at50C45minrinse/airdry;nohomeequivalentinferred. Air20C/minFGOflametestcharSI S3curveonlynoowncharLOI,heldnotinitialfabricTG. GO/FGOcoating2mg/mLdip30sdryvacuum65C2h;FGO50mgGO/25mLwater+1.5gK2CO3at75C4h,DIwashvacuumdry;feed1:30notresiduetemp/addon. SI S8all5feedratiosonlyburntimes55/137/214/325/349s,noownLOI/TG:not5newpairedsamples. SI S2nativepercentloadingbasiscoatedtotalmassnotowf;reportedaverage11.07/16.05notcorrected/recomputedfrominconsistenttablearithmetic. SIcarbonate21percentclaimfromtitration6.6vs6.1mLwitharithmeticconflictheldnotdrycompositionfraction. Cottonmass/weave/vendor/LOIinstrument/TGflow/massunknown. Nooriginal/SI/fulltext/privatepathsuploaded.",cotton,Cotton fabric;arealdensity/weave/vendorunreported,Cotton fabric;arealdensity/weave/vendorunreported,Cotton fabric;arealdensity/weave/vendorunreported,FGO/fabric,tabulated,"Owninitialblank/GO/FGOcottonfabricsameTable1andSITableS4labels,linkedmainFig2cfabricN2/20Cmin;noairpowder/char/washed/binderstateborrow",verified_exact,journal_article,NativePDFp1DOI/title/authors/published8July2020;publisherjournalarticle,68.6,600,source_review_approved,f4b27cab7b06b2005ef9ee50168d119349c32e83b68b9549ef9f641303fc6552,FGO/fabric,,,,,,,,,,54.75,54.5;54.0;55.5;55.0,,,,4,130x60,,S5genericunclassifiedevent;notT5/T10;rawmetadataonly,,Coatedfabrictotalmassdenominator;notowf;nativearithmeticnotcorrected,16.05,82.9,72.98,71.12,70.04,68.6,64.24,396.04,288.07,796.06,30.65,389.1,25.94,66.01,216.26,https://media.springernature.com/original/springer-static/esm/art%3A10.1007%2Fs10853-020-04989-6/MediaObjects/10853_2020_4989_MOESM7_ESM.docx,,,,,,,,,,,2,,Nativepublisheronlinefirstjournal8July2020;VOR55pp14197-14210,,,,,MainTable1PDFp7;SITableS4;fabricN2/20CminPDFp6,700,,,,Graphene-based intumescent flame retardant on cotton fabric,https://doi.org/10.1007/s10853-020-04989-6,,,,,,CompleteofficialDOCX7SIparagraphs/10tables/12renderedpagesreviewed;other6videoSIsnotreviewed/noextraTGclaim,"OwnGO/FGO2mg/mLaqueousdip30s;vacuumdry65C2h;K2CO3solution60vs2mg/mLscopeheld;FGOreaction50mgGO/25mLwater+1.5gK2CO3,75C4h,DIwash/vacuumdry",Initial prepared fabric state,Initial prepared state;FGOreagentwashnotfabricdurabilitywash,2020
10.1007/s10853-020-04989-6,,,32.0,,,,,,,,,,,,,,,,,LOI-only,,,,,"Complete14nativepublisherjournalpagesandcompleteofficialDOCX7SIreviewedbyoneprimaryreviewer;SIrawXMLall10tables/paragraphsand12locallyrenderedpages/figuresreviewed,title/authorsmatchedmainandpublisherDOIlink. ThreeinitialcottonBlankfabric/GO-fabric/FGO-fabricstatesexactTable1PDFp7meanLOI17.5/18.4/54.75andSITableS4sixfixedtemperaturemasspercentages;initialTable1K2CO3LOI23.0heldbecauseK2CO3solutionprep60mg/mLconflictscoatingcommon2mg/mLstatementPDFp4withoutcrosswalk. Raw23.0retainedcanonicalLOIblankforthatstate;nocorrectioninferred. MainFig2cPDFp6explicitfabricN2roomtemp-700C20C/minnotas-madepowderair20C/min;SI S5nativeEnd789.42/790.92/798.11/796.06andFig2caxis800conflictnominal700statement,cleanTG_endblankbothrawretained. ExactR400/R500/R600/R700S4reportedatownknownTnotinferredfromendpoint. S5startisrunstartnotTonset;midpointnotDTGmaximum;Onset312.7/287.68/286.04/288.07nativegenericnotT5/T10;unclassifiedeventdefinitionheldinrawmetadatawithoutTonsetpromoted. S5endset/weightlossnotusedtoderiveR800becausemassincompatibleS4/curve;noreviewerrepair. SI S6peak381.09/377.39/109.19/216.26andheatJ/gareDSCnotDTGTmax;S4DTA168/120waterlossnotTGdecompositionpeaks. SourceLOIstandardeditionconflictASTMD2863-09methodsPDFp4versus-11resultsPDFp7retainednoeditionchosen;13x6cmexplicitprosePDFp7notinitialcm^-1typo;LOI4reportedreplicates/meannot4distinctsamples,nounreportedTGreplicatesassumed. SourceTable1reportedmeansretainednotrecomputedfromroundedreplicates. FGO-binderinitial53.9andwashedfirst49.9/second47.8;FGOwashedfirst32.0/second29.7onlyLOI,noownTG. FiveLOI-onlyheldfacts. SI S7ISO2soap5g/L50:1at50C45minrinse/airdry;nohomeequivalentinferred. Air20C/minFGOflametestcharSI S3curveonlynoowncharLOI,heldnotinitialfabricTG. GO/FGOcoating2mg/mLdip30sdryvacuum65C2h;FGO50mgGO/25mLwater+1.5gK2CO3at75C4h,DIwashvacuumdry;feed1:30notresiduetemp/addon. SI S8all5feedratiosonlyburntimes55/137/214/325/349s,noownLOI/TG:not5newpairedsamples. SI S2nativepercentloadingbasiscoatedtotalmassnotowf;reportedaverage11.07/16.05notcorrected/recomputedfrominconsistenttablearithmetic. SIcarbonate21percentclaimfromtitration6.6vs6.1mLwitharithmeticconflictheldnotdrycompositionfraction. Cottonmass/weave/vendor/LOIinstrument/TGflow/massunknown. Nooriginal/SI/fulltext/privatepathsuploaded.",,Cotton fabric;arealdensity/weave/vendorunreported,,,,,,held_washed_or_binder_LOI_no_own_TG,,,,,held_outside_verified_target,,FGO/fabric afterfirstwash,,,,,,,,,,,,,,,4,,,,,,,,,,,,,,,,,,,,,,,,,,,,,,,,,,,,,,,MainTable1PDFp7;SI S7,,,,,Graphene-based intumescent flame retardant on cotton fabric,https://doi.org/10.1007/s10853-020-04989-6,,,,,,,,,FGO/fabric afterfirstwash;SI S7ISO2soap5g/L50:1at50C45minrinse/airdry;nohomeequivalent,
10.1007/s10853-020-04989-6,,,29.7,,,,,,,,,,,,,,,,,LOI-only,,,,,"Complete14nativepublisherjournalpagesandcompleteofficialDOCX7SIreviewedbyoneprimaryreviewer;SIrawXMLall10tables/paragraphsand12locallyrenderedpages/figuresreviewed,title/authorsmatchedmainandpublisherDOIlink. ThreeinitialcottonBlankfabric/GO-fabric/FGO-fabricstatesexactTable1PDFp7meanLOI17.5/18.4/54.75andSITableS4sixfixedtemperaturemasspercentages;initialTable1K2CO3LOI23.0heldbecauseK2CO3solutionprep60mg/mLconflictscoatingcommon2mg/mLstatementPDFp4withoutcrosswalk. Raw23.0retainedcanonicalLOIblankforthatstate;nocorrectioninferred. MainFig2cPDFp6explicitfabricN2roomtemp-700C20C/minnotas-madepowderair20C/min;SI S5nativeEnd789.42/790.92/798.11/796.06andFig2caxis800conflictnominal700statement,cleanTG_endblankbothrawretained. ExactR400/R500/R600/R700S4reportedatownknownTnotinferredfromendpoint. S5startisrunstartnotTonset;midpointnotDTGmaximum;Onset312.7/287.68/286.04/288.07nativegenericnotT5/T10;unclassifiedeventdefinitionheldinrawmetadatawithoutTonsetpromoted. S5endset/weightlossnotusedtoderiveR800becausemassincompatibleS4/curve;noreviewerrepair. SI S6peak381.09/377.39/109.19/216.26andheatJ/gareDSCnotDTGTmax;S4DTA168/120waterlossnotTGdecompositionpeaks. SourceLOIstandardeditionconflictASTMD2863-09methodsPDFp4versus-11resultsPDFp7retainednoeditionchosen;13x6cmexplicitprosePDFp7notinitialcm^-1typo;LOI4reportedreplicates/meannot4distinctsamples,nounreportedTGreplicatesassumed. SourceTable1reportedmeansretainednotrecomputedfromroundedreplicates. FGO-binderinitial53.9andwashedfirst49.9/second47.8;FGOwashedfirst32.0/second29.7onlyLOI,noownTG. FiveLOI-onlyheldfacts. SI S7ISO2soap5g/L50:1at50C45minrinse/airdry;nohomeequivalentinferred. Air20C/minFGOflametestcharSI S3curveonlynoowncharLOI,heldnotinitialfabricTG. GO/FGOcoating2mg/mLdip30sdryvacuum65C2h;FGO50mgGO/25mLwater+1.5gK2CO3at75C4h,DIwashvacuumdry;feed1:30notresiduetemp/addon. SI S8all5feedratiosonlyburntimes55/137/214/325/349s,noownLOI/TG:not5newpairedsamples. SI S2nativepercentloadingbasiscoatedtotalmassnotowf;reportedaverage11.07/16.05notcorrected/recomputedfrominconsistenttablearithmetic. SIcarbonate21percentclaimfromtitration6.6vs6.1mLwitharithmeticconflictheldnotdrycompositionfraction. Cottonmass/weave/vendor/LOIinstrument/TGflow/massunknown. Nooriginal/SI/fulltext/privatepathsuploaded.",,Cotton fabric;arealdensity/weave/vendorunreported,,,,,,held_washed_or_binder_LOI_no_own_TG,,,,,held_outside_verified_target,,FGO/fabric aftersecondwash,,,,,,,,,,,,,,,4,,,,,,,,,,,,,,,,,,,,,,,,,,,,,,,,,,,,,,,MainTable1PDFp7;SI S7,,,,,Graphene-based intumescent flame retardant on cotton fabric,https://doi.org/10.1007/s10853-020-04989-6,,,,,,,,,FGO/fabric aftersecondwash;SI S7ISO2soap5g/L50:1at50C45minrinse/airdry;nohomeequivalent,
10.1007/s10853-020-04989-6,,,53.9,,,,,,,,,,,,,,,,,LOI-only,,,,,"Complete14nativepublisherjournalpagesandcompleteofficialDOCX7SIreviewedbyoneprimaryreviewer;SIrawXMLall10tables/paragraphsand12locallyrenderedpages/figuresreviewed,title/authorsmatchedmainandpublisherDOIlink. ThreeinitialcottonBlankfabric/GO-fabric/FGO-fabricstatesexactTable1PDFp7meanLOI17.5/18.4/54.75andSITableS4sixfixedtemperaturemasspercentages;initialTable1K2CO3LOI23.0heldbecauseK2CO3solutionprep60mg/mLconflictscoatingcommon2mg/mLstatementPDFp4withoutcrosswalk. Raw23.0retainedcanonicalLOIblankforthatstate;nocorrectioninferred. MainFig2cPDFp6explicitfabricN2roomtemp-700C20C/minnotas-madepowderair20C/min;SI S5nativeEnd789.42/790.92/798.11/796.06andFig2caxis800conflictnominal700statement,cleanTG_endblankbothrawretained. ExactR400/R500/R600/R700S4reportedatownknownTnotinferredfromendpoint. S5startisrunstartnotTonset;midpointnotDTGmaximum;Onset312.7/287.68/286.04/288.07nativegenericnotT5/T10;unclassifiedeventdefinitionheldinrawmetadatawithoutTonsetpromoted. S5endset/weightlossnotusedtoderiveR800becausemassincompatibleS4/curve;noreviewerrepair. SI S6peak381.09/377.39/109.19/216.26andheatJ/gareDSCnotDTGTmax;S4DTA168/120waterlossnotTGdecompositionpeaks. SourceLOIstandardeditionconflictASTMD2863-09methodsPDFp4versus-11resultsPDFp7retainednoeditionchosen;13x6cmexplicitprosePDFp7notinitialcm^-1typo;LOI4reportedreplicates/meannot4distinctsamples,nounreportedTGreplicatesassumed. SourceTable1reportedmeansretainednotrecomputedfromroundedreplicates. FGO-binderinitial53.9andwashedfirst49.9/second47.8;FGOwashedfirst32.0/second29.7onlyLOI,noownTG. FiveLOI-onlyheldfacts. SI S7ISO2soap5g/L50:1at50C45minrinse/airdry;nohomeequivalentinferred. Air20C/minFGOflametestcharSI S3curveonlynoowncharLOI,heldnotinitialfabricTG. GO/FGOcoating2mg/mLdip30sdryvacuum65C2h;FGO50mgGO/25mLwater+1.5gK2CO3at75C4h,DIwashvacuumdry;feed1:30notresiduetemp/addon. SI S8all5feedratiosonlyburntimes55/137/214/325/349s,noownLOI/TG:not5newpairedsamples. SI S2nativepercentloadingbasiscoatedtotalmassnotowf;reportedaverage11.07/16.05notcorrected/recomputedfrominconsistenttablearithmetic. SIcarbonate21percentclaimfromtitration6.6vs6.1mLwitharithmeticconflictheldnotdrycompositionfraction. Cottonmass/weave/vendor/LOIinstrument/TGflow/massunknown. Nooriginal/SI/fulltext/privatepathsuploaded.",,Cotton fabric;arealdensity/weave/vendorunreported,,,,,,held_washed_or_binder_LOI_no_own_TG,,,,,held_outside_verified_target,,FGO/fabricwithbinderinitial,,,,,,,,,,,,,,,4,,,,,,,,,,,,,,,,,,,,,,,,,,,,,,,,,,,,,,,MainTable1PDFp7;SI S7,,,,,Graphene-based intumescent flame retardant on cotton fabric,https://doi.org/10.1007/s10853-020-04989-6,,,,,,,,,FGO/fabricwithbinderinitial;SI S7ISO2soap5g/L50:1at50C45minrinse/airdry;nohomeequivalent,
10.1007/s10853-020-04989-6,,,49.9,,,,,,,,,,,,,,,,,LOI-only,,,,,"Complete14nativepublisherjournalpagesandcompleteofficialDOCX7SIreviewedbyoneprimaryreviewer;SIrawXMLall10tables/paragraphsand12locallyrenderedpages/figuresreviewed,title/authorsmatchedmainandpublisherDOIlink. ThreeinitialcottonBlankfabric/GO-fabric/FGO-fabricstatesexactTable1PDFp7meanLOI17.5/18.4/54.75andSITableS4sixfixedtemperaturemasspercentages;initialTable1K2CO3LOI23.0heldbecauseK2CO3solutionprep60mg/mLconflictscoatingcommon2mg/mLstatementPDFp4withoutcrosswalk. Raw23.0retainedcanonicalLOIblankforthatstate;nocorrectioninferred. MainFig2cPDFp6explicitfabricN2roomtemp-700C20C/minnotas-madepowderair20C/min;SI S5nativeEnd789.42/790.92/798.11/796.06andFig2caxis800conflictnominal700statement,cleanTG_endblankbothrawretained. ExactR400/R500/R600/R700S4reportedatownknownTnotinferredfromendpoint. S5startisrunstartnotTonset;midpointnotDTGmaximum;Onset312.7/287.68/286.04/288.07nativegenericnotT5/T10;unclassifiedeventdefinitionheldinrawmetadatawithoutTonsetpromoted. S5endset/weightlossnotusedtoderiveR800becausemassincompatibleS4/curve;noreviewerrepair. SI S6peak381.09/377.39/109.19/216.26andheatJ/gareDSCnotDTGTmax;S4DTA168/120waterlossnotTGdecompositionpeaks. SourceLOIstandardeditionconflictASTMD2863-09methodsPDFp4versus-11resultsPDFp7retainednoeditionchosen;13x6cmexplicitprosePDFp7notinitialcm^-1typo;LOI4reportedreplicates/meannot4distinctsamples,nounreportedTGreplicatesassumed. SourceTable1reportedmeansretainednotrecomputedfromroundedreplicates. FGO-binderinitial53.9andwashedfirst49.9/second47.8;FGOwashedfirst32.0/second29.7onlyLOI,noownTG. FiveLOI-onlyheldfacts. SI S7ISO2soap5g/L50:1at50C45minrinse/airdry;nohomeequivalentinferred. Air20C/minFGOflametestcharSI S3curveonlynoowncharLOI,heldnotinitialfabricTG. GO/FGOcoating2mg/mLdip30sdryvacuum65C2h;FGO50mgGO/25mLwater+1.5gK2CO3at75C4h,DIwashvacuumdry;feed1:30notresiduetemp/addon. SI S8all5feedratiosonlyburntimes55/137/214/325/349s,noownLOI/TG:not5newpairedsamples. SI S2nativepercentloadingbasiscoatedtotalmassnotowf;reportedaverage11.07/16.05notcorrected/recomputedfrominconsistenttablearithmetic. SIcarbonate21percentclaimfromtitration6.6vs6.1mLwitharithmeticconflictheldnotdrycompositionfraction. Cottonmass/weave/vendor/LOIinstrument/TGflow/massunknown. Nooriginal/SI/fulltext/privatepathsuploaded.",,Cotton fabric;arealdensity/weave/vendorunreported,,,,,,held_washed_or_binder_LOI_no_own_TG,,,,,held_outside_verified_target,,FGO/fabricwithbinderafterfirstwash,,,,,,,,,,,,,,,4,,,,,,,,,,,,,,,,,,,,,,,,,,,,,,,,,,,,,,,MainTable1PDFp7;SI S7,,,,,Graphene-based intumescent flame retardant on cotton fabric,https://doi.org/10.1007/s10853-020-04989-6,,,,,,,,,FGO/fabricwithbinderafterfirstwash;SI S7ISO2soap5g/L50:1at50C45minrinse/airdry;nohomeequivalent,
10.1007/s10853-020-04989-6,,,47.8,,,,,,,,,,,,,,,,,LOI-only,,,,,"Complete14nativepublisherjournalpagesandcompleteofficialDOCX7SIreviewedbyoneprimaryreviewer;SIrawXMLall10tables/paragraphsand12locallyrenderedpages/figuresreviewed,title/authorsmatchedmainandpublisherDOIlink. ThreeinitialcottonBlankfabric/GO-fabric/FGO-fabricstatesexactTable1PDFp7meanLOI17.5/18.4/54.75andSITableS4sixfixedtemperaturemasspercentages;initialTable1K2CO3LOI23.0heldbecauseK2CO3solutionprep60mg/mLconflictscoatingcommon2mg/mLstatementPDFp4withoutcrosswalk. Raw23.0retainedcanonicalLOIblankforthatstate;nocorrectioninferred. MainFig2cPDFp6explicitfabricN2roomtemp-700C20C/minnotas-madepowderair20C/min;SI S5nativeEnd789.42/790.92/798.11/796.06andFig2caxis800conflictnominal700statement,cleanTG_endblankbothrawretained. ExactR400/R500/R600/R700S4reportedatownknownTnotinferredfromendpoint. S5startisrunstartnotTonset;midpointnotDTGmaximum;Onset312.7/287.68/286.04/288.07nativegenericnotT5/T10;unclassifiedeventdefinitionheldinrawmetadatawithoutTonsetpromoted. S5endset/weightlossnotusedtoderiveR800becausemassincompatibleS4/curve;noreviewerrepair. SI S6peak381.09/377.39/109.19/216.26andheatJ/gareDSCnotDTGTmax;S4DTA168/120waterlossnotTGdecompositionpeaks. SourceLOIstandardeditionconflictASTMD2863-09methodsPDFp4versus-11resultsPDFp7retainednoeditionchosen;13x6cmexplicitprosePDFp7notinitialcm^-1typo;LOI4reportedreplicates/meannot4distinctsamples,nounreportedTGreplicatesassumed. SourceTable1reportedmeansretainednotrecomputedfromroundedreplicates. FGO-binderinitial53.9andwashedfirst49.9/second47.8;FGOwashedfirst32.0/second29.7onlyLOI,noownTG. FiveLOI-onlyheldfacts. SI S7ISO2soap5g/L50:1at50C45minrinse/airdry;nohomeequivalentinferred. Air20C/minFGOflametestcharSI S3curveonlynoowncharLOI,heldnotinitialfabricTG. GO/FGOcoating2mg/mLdip30sdryvacuum65C2h;FGO50mgGO/25mLwater+1.5gK2CO3at75C4h,DIwashvacuumdry;feed1:30notresiduetemp/addon. SI S8all5feedratiosonlyburntimes55/137/214/325/349s,noownLOI/TG:not5newpairedsamples. SI S2nativepercentloadingbasiscoatedtotalmassnotowf;reportedaverage11.07/16.05notcorrected/recomputedfrominconsistenttablearithmetic. SIcarbonate21percentclaimfromtitration6.6vs6.1mLwitharithmeticconflictheldnotdrycompositionfraction. Cottonmass/weave/vendor/LOIinstrument/TGflow/massunknown. Nooriginal/SI/fulltext/privatepathsuploaded.",,Cotton fabric;arealdensity/weave/vendorunreported,,,,,,held_washed_or_binder_LOI_no_own_TG,,,,,held_outside_verified_target,,FGO/fabricwithbinderaftersecondwash,,,,,,,,,,,,,,,4,,,,,,,,,,,,,,,,,,,,,,,,,,,,,,,,,,,,,,,MainTable1PDFp7;SI S7,,,,,Graphene-based intumescent flame retardant on cotton fabric,https://doi.org/10.1007/s10853-020-04989-6,,,,,,,,,FGO/fabricwithbinderaftersecondwash;SI S7ISO2soap5g/L50:1at50C45minrinse/airdry;nohomeequivalent,
10.1007/s10853-020-04989-6,,,,,,,,,,,,,,,,air,,,,TG_graph_only_not_digitized,,,20,,"Complete14nativepublisherjournalpagesandcompleteofficialDOCX7SIreviewedbyoneprimaryreviewer;SIrawXMLall10tables/paragraphsand12locallyrenderedpages/figuresreviewed,title/authorsmatchedmainandpublisherDOIlink. ThreeinitialcottonBlankfabric/GO-fabric/FGO-fabricstatesexactTable1PDFp7meanLOI17.5/18.4/54.75andSITableS4sixfixedtemperaturemasspercentages;initialTable1K2CO3LOI23.0heldbecauseK2CO3solutionprep60mg/mLconflictscoatingcommon2mg/mLstatementPDFp4withoutcrosswalk. Raw23.0retainedcanonicalLOIblankforthatstate;nocorrectioninferred. MainFig2cPDFp6explicitfabricN2roomtemp-700C20C/minnotas-madepowderair20C/min;SI S5nativeEnd789.42/790.92/798.11/796.06andFig2caxis800conflictnominal700statement,cleanTG_endblankbothrawretained. ExactR400/R500/R600/R700S4reportedatownknownTnotinferredfromendpoint. S5startisrunstartnotTonset;midpointnotDTGmaximum;Onset312.7/287.68/286.04/288.07nativegenericnotT5/T10;unclassifiedeventdefinitionheldinrawmetadatawithoutTonsetpromoted. S5endset/weightlossnotusedtoderiveR800becausemassincompatibleS4/curve;noreviewerrepair. SI S6peak381.09/377.39/109.19/216.26andheatJ/gareDSCnotDTGTmax;S4DTA168/120waterlossnotTGdecompositionpeaks. SourceLOIstandardeditionconflictASTMD2863-09methodsPDFp4versus-11resultsPDFp7retainednoeditionchosen;13x6cmexplicitprosePDFp7notinitialcm^-1typo;LOI4reportedreplicates/meannot4distinctsamples,nounreportedTGreplicatesassumed. SourceTable1reportedmeansretainednotrecomputedfromroundedreplicates. FGO-binderinitial53.9andwashedfirst49.9/second47.8;FGOwashedfirst32.0/second29.7onlyLOI,noownTG. FiveLOI-onlyheldfacts. SI S7ISO2soap5g/L50:1at50C45minrinse/airdry;nohomeequivalentinferred. Air20C/minFGOflametestcharSI S3curveonlynoowncharLOI,heldnotinitialfabricTG. GO/FGOcoating2mg/mLdip30sdryvacuum65C2h;FGO50mgGO/25mLwater+1.5gK2CO3at75C4h,DIwashvacuumdry;feed1:30notresiduetemp/addon. SI S8all5feedratiosonlyburntimes55/137/214/325/349s,noownLOI/TG:not5newpairedsamples. SI S2nativepercentloadingbasiscoatedtotalmassnotowf;reportedaverage11.07/16.05notcorrected/recomputedfrominconsistenttablearithmetic. SIcarbonate21percentclaimfromtitration6.6vs6.1mLwitharithmeticconflictheldnotdrycompositionfraction. Cottonmass/weave/vendor/LOIinstrument/TGflow/massunknown. Nooriginal/SI/fulltext/privatepathsuploaded.",,Flametestcharfromcottonfabric,,,,,,held_char_graphonly_TG_no_own_LOI,,,,,held_outside_verified_target,,FGO flame-treated char,,,,,,,,,,,,,,,,,,,,,,,,,,,,,,,,,,,,,,,,,,,,,,,,,,,,,,SI FigS3air20Cminroomtemp-800C;noinitialfabricLOIborrow,,,,,Graphene-based intumescent flame retardant on cotton fabric,https://doi.org/10.1007/s10853-020-04989-6,,,,,,,,,,
10.1007/s10853-020-04989-6,,,,,,,,,,,,,,,,,,,,burntime-only,,,,,"Complete14nativepublisherjournalpagesandcompleteofficialDOCX7SIreviewedbyoneprimaryreviewer;SIrawXMLall10tables/paragraphsand12locallyrenderedpages/figuresreviewed,title/authorsmatchedmainandpublisherDOIlink. ThreeinitialcottonBlankfabric/GO-fabric/FGO-fabricstatesexactTable1PDFp7meanLOI17.5/18.4/54.75andSITableS4sixfixedtemperaturemasspercentages;initialTable1K2CO3LOI23.0heldbecauseK2CO3solutionprep60mg/mLconflictscoatingcommon2mg/mLstatementPDFp4withoutcrosswalk. Raw23.0retainedcanonicalLOIblankforthatstate;nocorrectioninferred. MainFig2cPDFp6explicitfabricN2roomtemp-700C20C/minnotas-madepowderair20C/min;SI S5nativeEnd789.42/790.92/798.11/796.06andFig2caxis800conflictnominal700statement,cleanTG_endblankbothrawretained. ExactR400/R500/R600/R700S4reportedatownknownTnotinferredfromendpoint. S5startisrunstartnotTonset;midpointnotDTGmaximum;Onset312.7/287.68/286.04/288.07nativegenericnotT5/T10;unclassifiedeventdefinitionheldinrawmetadatawithoutTonsetpromoted. S5endset/weightlossnotusedtoderiveR800becausemassincompatibleS4/curve;noreviewerrepair. SI S6peak381.09/377.39/109.19/216.26andheatJ/gareDSCnotDTGTmax;S4DTA168/120waterlossnotTGdecompositionpeaks. SourceLOIstandardeditionconflictASTMD2863-09methodsPDFp4versus-11resultsPDFp7retainednoeditionchosen;13x6cmexplicitprosePDFp7notinitialcm^-1typo;LOI4reportedreplicates/meannot4distinctsamples,nounreportedTGreplicatesassumed. SourceTable1reportedmeansretainednotrecomputedfromroundedreplicates. FGO-binderinitial53.9andwashedfirst49.9/second47.8;FGOwashedfirst32.0/second29.7onlyLOI,noownTG. FiveLOI-onlyheldfacts. SI S7ISO2soap5g/L50:1at50C45minrinse/airdry;nohomeequivalentinferred. Air20C/minFGOflametestcharSI S3curveonlynoowncharLOI,heldnotinitialfabricTG. GO/FGOcoating2mg/mLdip30sdryvacuum65C2h;FGO50mgGO/25mLwater+1.5gK2CO3at75C4h,DIwashvacuumdry;feed1:30notresiduetemp/addon. SI S8all5feedratiosonlyburntimes55/137/214/325/349s,noownLOI/TG:not5newpairedsamples. SI S2nativepercentloadingbasiscoatedtotalmassnotowf;reportedaverage11.07/16.05notcorrected/recomputedfrominconsistenttablearithmetic. SIcarbonate21percentclaimfromtitration6.6vs6.1mLwitharithmeticconflictheldnotdrycompositionfraction. Cottonmass/weave/vendor/LOIinstrument/TGflow/massunknown. Nooriginal/SI/fulltext/privatepathsuploaded.",,Cotton fabric;arealdensity/weave/vendorunreported,,,,,,held_feedratio_burntime_only_no_own_TG_LOI,,,,,held_outside_verified_target,,FGO feedratio1:5burntest,,,,,,,,,,,,,,,,,,,,,,,,,,,,,,,,,,,,,,,,,,,,,,,,,,1:5,,,,SI TableS8;captionratioordernotcorrected,,,,55,Graphene-based intumescent flame retardant on cotton fabric,https://doi.org/10.1007/s10853-020-04989-6,,,,,,,,,,
10.1007/s10853-020-04989-6,,,,,,,,,,,,,,,,,,,,burntime-only,,,,,"Complete14nativepublisherjournalpagesandcompleteofficialDOCX7SIreviewedbyoneprimaryreviewer;SIrawXMLall10tables/paragraphsand12locallyrenderedpages/figuresreviewed,title/authorsmatchedmainandpublisherDOIlink. ThreeinitialcottonBlankfabric/GO-fabric/FGO-fabricstatesexactTable1PDFp7meanLOI17.5/18.4/54.75andSITableS4sixfixedtemperaturemasspercentages;initialTable1K2CO3LOI23.0heldbecauseK2CO3solutionprep60mg/mLconflictscoatingcommon2mg/mLstatementPDFp4withoutcrosswalk. Raw23.0retainedcanonicalLOIblankforthatstate;nocorrectioninferred. MainFig2cPDFp6explicitfabricN2roomtemp-700C20C/minnotas-madepowderair20C/min;SI S5nativeEnd789.42/790.92/798.11/796.06andFig2caxis800conflictnominal700statement,cleanTG_endblankbothrawretained. ExactR400/R500/R600/R700S4reportedatownknownTnotinferredfromendpoint. S5startisrunstartnotTonset;midpointnotDTGmaximum;Onset312.7/287.68/286.04/288.07nativegenericnotT5/T10;unclassifiedeventdefinitionheldinrawmetadatawithoutTonsetpromoted. S5endset/weightlossnotusedtoderiveR800becausemassincompatibleS4/curve;noreviewerrepair. SI S6peak381.09/377.39/109.19/216.26andheatJ/gareDSCnotDTGTmax;S4DTA168/120waterlossnotTGdecompositionpeaks. SourceLOIstandardeditionconflictASTMD2863-09methodsPDFp4versus-11resultsPDFp7retainednoeditionchosen;13x6cmexplicitprosePDFp7notinitialcm^-1typo;LOI4reportedreplicates/meannot4distinctsamples,nounreportedTGreplicatesassumed. SourceTable1reportedmeansretainednotrecomputedfromroundedreplicates. FGO-binderinitial53.9andwashedfirst49.9/second47.8;FGOwashedfirst32.0/second29.7onlyLOI,noownTG. FiveLOI-onlyheldfacts. SI S7ISO2soap5g/L50:1at50C45minrinse/airdry;nohomeequivalentinferred. Air20C/minFGOflametestcharSI S3curveonlynoowncharLOI,heldnotinitialfabricTG. GO/FGOcoating2mg/mLdip30sdryvacuum65C2h;FGO50mgGO/25mLwater+1.5gK2CO3at75C4h,DIwashvacuumdry;feed1:30notresiduetemp/addon. SI S8all5feedratiosonlyburntimes55/137/214/325/349s,noownLOI/TG:not5newpairedsamples. SI S2nativepercentloadingbasiscoatedtotalmassnotowf;reportedaverage11.07/16.05notcorrected/recomputedfrominconsistenttablearithmetic. SIcarbonate21percentclaimfromtitration6.6vs6.1mLwitharithmeticconflictheldnotdrycompositionfraction. Cottonmass/weave/vendor/LOIinstrument/TGflow/massunknown. Nooriginal/SI/fulltext/privatepathsuploaded.",,Cotton fabric;arealdensity/weave/vendorunreported,,,,,,held_feedratio_burntime_only_no_own_TG_LOI,,,,,held_outside_verified_target,,FGO feedratio1:10burntest,,,,,,,,,,,,,,,,,,,,,,,,,,,,,,,,,,,,,,,,,,,,,,,,,,1:10,,,,SI TableS8;captionratioordernotcorrected,,,,137,Graphene-based intumescent flame retardant on cotton fabric,https://doi.org/10.1007/s10853-020-04989-6,,,,,,,,,,
10.1007/s10853-020-04989-6,,,,,,,,,,,,,,,,,,,,burntime-only,,,,,"Complete14nativepublisherjournalpagesandcompleteofficialDOCX7SIreviewedbyoneprimaryreviewer;SIrawXMLall10tables/paragraphsand12locallyrenderedpages/figuresreviewed,title/authorsmatchedmainandpublisherDOIlink. ThreeinitialcottonBlankfabric/GO-fabric/FGO-fabricstatesexactTable1PDFp7meanLOI17.5/18.4/54.75andSITableS4sixfixedtemperaturemasspercentages;initialTable1K2CO3LOI23.0heldbecauseK2CO3solutionprep60mg/mLconflictscoatingcommon2mg/mLstatementPDFp4withoutcrosswalk. Raw23.0retainedcanonicalLOIblankforthatstate;nocorrectioninferred. MainFig2cPDFp6explicitfabricN2roomtemp-700C20C/minnotas-madepowderair20C/min;SI S5nativeEnd789.42/790.92/798.11/796.06andFig2caxis800conflictnominal700statement,cleanTG_endblankbothrawretained. ExactR400/R500/R600/R700S4reportedatownknownTnotinferredfromendpoint. S5startisrunstartnotTonset;midpointnotDTGmaximum;Onset312.7/287.68/286.04/288.07nativegenericnotT5/T10;unclassifiedeventdefinitionheldinrawmetadatawithoutTonsetpromoted. S5endset/weightlossnotusedtoderiveR800becausemassincompatibleS4/curve;noreviewerrepair. SI S6peak381.09/377.39/109.19/216.26andheatJ/gareDSCnotDTGTmax;S4DTA168/120waterlossnotTGdecompositionpeaks. SourceLOIstandardeditionconflictASTMD2863-09methodsPDFp4versus-11resultsPDFp7retainednoeditionchosen;13x6cmexplicitprosePDFp7notinitialcm^-1typo;LOI4reportedreplicates/meannot4distinctsamples,nounreportedTGreplicatesassumed. SourceTable1reportedmeansretainednotrecomputedfromroundedreplicates. FGO-binderinitial53.9andwashedfirst49.9/second47.8;FGOwashedfirst32.0/second29.7onlyLOI,noownTG. FiveLOI-onlyheldfacts. SI S7ISO2soap5g/L50:1at50C45minrinse/airdry;nohomeequivalentinferred. Air20C/minFGOflametestcharSI S3curveonlynoowncharLOI,heldnotinitialfabricTG. GO/FGOcoating2mg/mLdip30sdryvacuum65C2h;FGO50mgGO/25mLwater+1.5gK2CO3at75C4h,DIwashvacuumdry;feed1:30notresiduetemp/addon. SI S8all5feedratiosonlyburntimes55/137/214/325/349s,noownLOI/TG:not5newpairedsamples. SI S2nativepercentloadingbasiscoatedtotalmassnotowf;reportedaverage11.07/16.05notcorrected/recomputedfrominconsistenttablearithmetic. SIcarbonate21percentclaimfromtitration6.6vs6.1mLwitharithmeticconflictheldnotdrycompositionfraction. Cottonmass/weave/vendor/LOIinstrument/TGflow/massunknown. Nooriginal/SI/fulltext/privatepathsuploaded.",,Cotton fabric;arealdensity/weave/vendorunreported,,,,,,held_feedratio_burntime_only_no_own_TG_LOI,,,,,held_outside_verified_target,,FGO feedratio1:20burntest,,,,,,,,,,,,,,,,,,,,,,,,,,,,,,,,,,,,,,,,,,,,,,,,,,1:20,,,,SI TableS8;captionratioordernotcorrected,,,,214,Graphene-based intumescent flame retardant on cotton fabric,https://doi.org/10.1007/s10853-020-04989-6,,,,,,,,,,
10.1007/s10853-020-04989-6,,,,,,,,,,,,,,,,,,,,burntime-only,,,,,"Complete14nativepublisherjournalpagesandcompleteofficialDOCX7SIreviewedbyoneprimaryreviewer;SIrawXMLall10tables/paragraphsand12locallyrenderedpages/figuresreviewed,title/authorsmatchedmainandpublisherDOIlink. ThreeinitialcottonBlankfabric/GO-fabric/FGO-fabricstatesexactTable1PDFp7meanLOI17.5/18.4/54.75andSITableS4sixfixedtemperaturemasspercentages;initialTable1K2CO3LOI23.0heldbecauseK2CO3solutionprep60mg/mLconflictscoatingcommon2mg/mLstatementPDFp4withoutcrosswalk. Raw23.0retainedcanonicalLOIblankforthatstate;nocorrectioninferred. MainFig2cPDFp6explicitfabricN2roomtemp-700C20C/minnotas-madepowderair20C/min;SI S5nativeEnd789.42/790.92/798.11/796.06andFig2caxis800conflictnominal700statement,cleanTG_endblankbothrawretained. ExactR400/R500/R600/R700S4reportedatownknownTnotinferredfromendpoint. S5startisrunstartnotTonset;midpointnotDTGmaximum;Onset312.7/287.68/286.04/288.07nativegenericnotT5/T10;unclassifiedeventdefinitionheldinrawmetadatawithoutTonsetpromoted. S5endset/weightlossnotusedtoderiveR800becausemassincompatibleS4/curve;noreviewerrepair. SI S6peak381.09/377.39/109.19/216.26andheatJ/gareDSCnotDTGTmax;S4DTA168/120waterlossnotTGdecompositionpeaks. SourceLOIstandardeditionconflictASTMD2863-09methodsPDFp4versus-11resultsPDFp7retainednoeditionchosen;13x6cmexplicitprosePDFp7notinitialcm^-1typo;LOI4reportedreplicates/meannot4distinctsamples,nounreportedTGreplicatesassumed. SourceTable1reportedmeansretainednotrecomputedfromroundedreplicates. FGO-binderinitial53.9andwashedfirst49.9/second47.8;FGOwashedfirst32.0/second29.7onlyLOI,noownTG. FiveLOI-onlyheldfacts. SI S7ISO2soap5g/L50:1at50C45minrinse/airdry;nohomeequivalentinferred. Air20C/minFGOflametestcharSI S3curveonlynoowncharLOI,heldnotinitialfabricTG. GO/FGOcoating2mg/mLdip30sdryvacuum65C2h;FGO50mgGO/25mLwater+1.5gK2CO3at75C4h,DIwashvacuumdry;feed1:30notresiduetemp/addon. SI S8all5feedratiosonlyburntimes55/137/214/325/349s,noownLOI/TG:not5newpairedsamples. SI S2nativepercentloadingbasiscoatedtotalmassnotowf;reportedaverage11.07/16.05notcorrected/recomputedfrominconsistenttablearithmetic. SIcarbonate21percentclaimfromtitration6.6vs6.1mLwitharithmeticconflictheldnotdrycompositionfraction. Cottonmass/weave/vendor/LOIinstrument/TGflow/massunknown. Nooriginal/SI/fulltext/privatepathsuploaded.",,Cotton fabric;arealdensity/weave/vendorunreported,,,,,,held_feedratio_burntime_only_no_own_TG_LOI,,,,,held_outside_verified_target,,FGO feedratio1:30burntest,,,,,,,,,,,,,,,,,,,,,,,,,,,,,,,,,,,,,,,,,,,,,,,,,,1:30,,,,SI TableS8;captionratioordernotcorrected,,,,325,Graphene-based intumescent flame retardant on cotton fabric,https://doi.org/10.1007/s10853-020-04989-6,,,,,,,,,,
10.1007/s10853-020-04989-6,,,,,,,,,,,,,,,,,,,,burntime-only,,,,,"Complete14nativepublisherjournalpagesandcompleteofficialDOCX7SIreviewedbyoneprimaryreviewer;SIrawXMLall10tables/paragraphsand12locallyrenderedpages/figuresreviewed,title/authorsmatchedmainandpublisherDOIlink. ThreeinitialcottonBlankfabric/GO-fabric/FGO-fabricstatesexactTable1PDFp7meanLOI17.5/18.4/54.75andSITableS4sixfixedtemperaturemasspercentages;initialTable1K2CO3LOI23.0heldbecauseK2CO3solutionprep60mg/mLconflictscoatingcommon2mg/mLstatementPDFp4withoutcrosswalk. Raw23.0retainedcanonicalLOIblankforthatstate;nocorrectioninferred. MainFig2cPDFp6explicitfabricN2roomtemp-700C20C/minnotas-madepowderair20C/min;SI S5nativeEnd789.42/790.92/798.11/796.06andFig2caxis800conflictnominal700statement,cleanTG_endblankbothrawretained. ExactR400/R500/R600/R700S4reportedatownknownTnotinferredfromendpoint. S5startisrunstartnotTonset;midpointnotDTGmaximum;Onset312.7/287.68/286.04/288.07nativegenericnotT5/T10;unclassifiedeventdefinitionheldinrawmetadatawithoutTonsetpromoted. S5endset/weightlossnotusedtoderiveR800becausemassincompatibleS4/curve;noreviewerrepair. SI S6peak381.09/377.39/109.19/216.26andheatJ/gareDSCnotDTGTmax;S4DTA168/120waterlossnotTGdecompositionpeaks. SourceLOIstandardeditionconflictASTMD2863-09methodsPDFp4versus-11resultsPDFp7retainednoeditionchosen;13x6cmexplicitprosePDFp7notinitialcm^-1typo;LOI4reportedreplicates/meannot4distinctsamples,nounreportedTGreplicatesassumed. SourceTable1reportedmeansretainednotrecomputedfromroundedreplicates. FGO-binderinitial53.9andwashedfirst49.9/second47.8;FGOwashedfirst32.0/second29.7onlyLOI,noownTG. FiveLOI-onlyheldfacts. SI S7ISO2soap5g/L50:1at50C45minrinse/airdry;nohomeequivalentinferred. Air20C/minFGOflametestcharSI S3curveonlynoowncharLOI,heldnotinitialfabricTG. GO/FGOcoating2mg/mLdip30sdryvacuum65C2h;FGO50mgGO/25mLwater+1.5gK2CO3at75C4h,DIwashvacuumdry;feed1:30notresiduetemp/addon. SI S8all5feedratiosonlyburntimes55/137/214/325/349s,noownLOI/TG:not5newpairedsamples. SI S2nativepercentloadingbasiscoatedtotalmassnotowf;reportedaverage11.07/16.05notcorrected/recomputedfrominconsistenttablearithmetic. SIcarbonate21percentclaimfromtitration6.6vs6.1mLwitharithmeticconflictheldnotdrycompositionfraction. Cottonmass/weave/vendor/LOIinstrument/TGflow/massunknown. Nooriginal/SI/fulltext/privatepathsuploaded.",,Cotton fabric;arealdensity/weave/vendorunreported,,,,,,held_feedratio_burntime_only_no_own_TG_LOI,,,,,held_outside_verified_target,,FGO feedratio1:40burntest,,,,,,,,,,,,,,,,,,,,,,,,,,,,,,,,,,,,,,,,,,,,,,,,,,1:40,,,,SI TableS8;captionratioordernotcorrected,,,,349,Graphene-based intumescent flame retardant on cotton fabric,https://doi.org/10.1007/s10853-020-04989-6,,,,,,,,,,
