DOI,LOI_instrument,LOI_locator,LOI_pct,LOI_sample_dimensions_mm,LOI_standard,LOI_uncertainty_pct,R400_pct,R500_pct,R550_pct,R600_pct,R650_pct,R700_pct,R750_pct,R800_pct,T10_C,T1_C,T20_C,T40_C,T50_C,T5_C,T80_C,TGA_instrument,TG_end_C,TG_flow_mL_min,TG_locator,TG_mass_mg,TG_pan,TG_start_C,Tmax1_C,Tmax2_C,Tmax3_C,Tmax4_C,Tonset_C,atmosphere,char_pct,char_temp_C,composition,conditions_locator,direct_numeric_use,evidence_reviewed_at,evidence_reviewed_by,heating_rate_C_min,journal,limitations,material_category,material_form,material_form_LOI,material_form_TGA,native_sample_label,numeric_evidence_type,pairing_evidence,pairing_status,publication_type,publication_type_evidence,residue_at_Tmax1_pct,residue_at_Tmax2_pct,residue_at_Tmax3_pct,residue_at_Tmax_pct,residue_pct,residue_temp_C,review_disposition,reviewed_measurement_fingerprint,sample_state,source_CA_bath_wt_pct,source_CS_bath_concentration,source_DHDBP_bath_wt_pct,source_FR_retention_pct,source_Fig5B_direct_peak1_C,source_Fig5B_direct_peak2_C,source_HCl_temperature_C,source_HCl_time_min,source_LOI_uncertainty_definition,source_NaH2PO2_bath_wt_pct,source_OSA_bath_concentration,source_OSA_oxidation_pct,source_PA_bath_concentration,source_PA_stock_wt_pct,source_P_pct,source_QL,source_SA_native_Mw,source_T5_definition,source_TGIR_N2_flow_mL_min,source_TableIII_same_state_LOI_pct,source_TableIII_same_state_LOI_uncertainty_pct,source_TableI_Tmax1_C,source_TableI_Tmax2_C,source_TableI_Ton_C,source_addon_pct,source_bath_pH,source_conclusion_Ton_C,source_document_version,source_location,source_native_addon_denominator,source_native_addon_pct,source_native_control_addon,source_native_washing_times,source_preparation,source_pretreatment,source_pretreatment_HCl_M,source_prose_group_average_note,source_prose_rounded_group_average_N2_char_pct,source_prose_rounded_group_average_air_char_pct,source_reported_TG_flow_mL_min,source_reported_TG_mass_mg,source_reported_TG_range_C,source_reported_Tmax1_C,source_reported_Tmax2_C,source_reported_Ton_C,source_reported_atmosphere,source_reported_heating_rate_C_min,source_stage_weight_loss1_pct,source_stage_weight_loss2_pct,source_supplement_url,source_title,source_trial,source_url,source_washing_note,source_weight_retention_385C_pct,source_weight_retention_485C_pct,source_weight_retention_585C_pct,supplement_review_status,treatment_method,treatment_state,washing_state,year
10.1002/app.32074,HC-2C,OwnTableIIPDFp7printed3072AfterOneWashing,17.2,,ASTM D2863-97,0.1,,,,,,,,,,,,,,,,,,,Noownstate-matchedTG,,,,,,,,,,,,PET/cotton70:30;DHDBP0wtpercentCA0wtpercentNaH2PO20wtpercentaqueousbath,OwnTG/LOImethodPDFp3printed3068;TableIwashfootp6printed3071,LOIfactonly,2026-10-02,Codexall9native/textpages;oneprimaryreviewer,,Journal of Applied Polymer Science,"All9native/textpagesreviewed,noSIcited. OwnTableIPDFp6printed3071explicitFR-T/Cafteronewashing,add-on20.6percent. OwnTableIIp7printed3072trial6afteronewashingDHDBP30wtpercent/CA12wtpercent/NaH2PO26wtpercentbath,add-on20.6,P2.64,LOI27.6+/-0.2;TableIIIwash1corroboratesSAMEstate,notsecondsample. TableIFRretention74.8/38.0/35.4percentat385/485/585C;onecurveoneTGcondition,R585canonical,otherfixedtemperaturesrawnotextraindependentTGconditions. TGSTA449CN210C/min40-590C45mL/min7.5mgaluminiumpansp3. OwnTableITon234C/maintextp6lowerby113Cversuscontrol347Cbutconclusionp9reducedto113Cconflict;bothraw,Toncanonicalblank. TableITmax274/413versusdirectFig5Blabels274.3/413.6rawprecisiondifference;canonicalpeaksleftblank,R585unconflicted. TableIuntreatedcontrolTGwashingstatusunreportedwhileLOITableIIcontrolunderAfterOneWashingheading,soNOcontrolpairassumed. SevenotherTableIIformulationsincludingcontrolhaveLOIwithoutownstate-matchedTG;threeadditionalTableIIIwash0/5/10statesLOIonly. SeparatecontrolTGrawandpureDHDBPnontextileTGrawheld. Eq1p3add-onuses(wt-wo)/wt,NOTwo;retainnative20.6basisnotconvertorlabelconventionalweightgain. NativeLOI+/-definition/repeats/dimensionsunreported;noSDclaim. Stageweightloss15/42.6notresidueatDTGpeak. Total13facts,1approvedstate1condition12held;0upgrades.",PET/cottonblend,"PET/cotton 70:30 blend fabric,190g/m2,JinanZhenghaoAdvancedFiberCoLtd;weave/yarncountunreported","PET/cotton 70:30 blend fabric,190g/m2,JinanZhenghaoAdvancedFiberCoLtd;weave/yarncountunreported",,TableIItrial0,held_source_facts,,held_formula_specific_LOI_no_own_TG,journal_article,OwnExperimental/title/DOI/authorsPDFp1-3,,,,,,,held_outside_verified_target,,Trial0-PETcotton-after1wash,0,,0,,,,,,Native+/-;statisticaldefinitionunreported,0,,,,,0,,,,,,,,,,,,,"NativepublisherJAPS1173066-3074,online29April2010",Materials/finishingPDFp2-3printed3067-3068;TGmethodp3printed3068;TableI/Fig5p6printed3071;TablesII/IIIp7printed3072;conclusionp9printed3074,"wt,treatedfabricmass;Eq1PDFp3",0,,1,"Pretreat0.5wtpercentNaOHand1percentH2O2aqueous10min,pretreatmenttemperatureunreported,dry80Cdurationunreported;aqueousDHDBP/CA/NaH2PO2bath1:20,double-dipdouble-nipapprox90percentwetpickup;90C5mindry,165C3mincure;wash40C0.5wtpercentsodiumcarbonateDIwater5min,90Cdrydurationunreported",,,,,,,,,,,,,,,,,A novel organophosphorus flame retardant: Synthesis and durable finishing of poly(ethylene terephthalate)/cotton blends,0,https://doi.org/10.1002/app.32074,,,,,NoSIcitedall9pages,UntreatedcontrolunderTableIIAfterOneWashingheading;controlwashingdetailunreported,Afteronewashing,Afteronewashing,2010
10.1002/app.32074,HC-2C,OwnTableIIPDFp7printed3072AfterOneWashing,21.8,,ASTM D2863-97,0.3,,,,,,,,,,,,,,,,,,,Noownstate-matchedTG,,,,,,,,,,,,PET/cotton70:30;DHDBP10wtpercentCA0wtpercentNaH2PO20wtpercentaqueousbath,OwnTG/LOImethodPDFp3printed3068;TableIwashfootp6printed3071,LOIfactonly,2026-10-02,Codexall9native/textpages;oneprimaryreviewer,,Journal of Applied Polymer Science,"All9native/textpagesreviewed,noSIcited. OwnTableIPDFp6printed3071explicitFR-T/Cafteronewashing,add-on20.6percent. OwnTableIIp7printed3072trial6afteronewashingDHDBP30wtpercent/CA12wtpercent/NaH2PO26wtpercentbath,add-on20.6,P2.64,LOI27.6+/-0.2;TableIIIwash1corroboratesSAMEstate,notsecondsample. TableIFRretention74.8/38.0/35.4percentat385/485/585C;onecurveoneTGcondition,R585canonical,otherfixedtemperaturesrawnotextraindependentTGconditions. TGSTA449CN210C/min40-590C45mL/min7.5mgaluminiumpansp3. OwnTableITon234C/maintextp6lowerby113Cversuscontrol347Cbutconclusionp9reducedto113Cconflict;bothraw,Toncanonicalblank. TableITmax274/413versusdirectFig5Blabels274.3/413.6rawprecisiondifference;canonicalpeaksleftblank,R585unconflicted. TableIuntreatedcontrolTGwashingstatusunreportedwhileLOITableIIcontrolunderAfterOneWashingheading,soNOcontrolpairassumed. SevenotherTableIIformulationsincludingcontrolhaveLOIwithoutownstate-matchedTG;threeadditionalTableIIIwash0/5/10statesLOIonly. SeparatecontrolTGrawandpureDHDBPnontextileTGrawheld. Eq1p3add-onuses(wt-wo)/wt,NOTwo;retainnative20.6basisnotconvertorlabelconventionalweightgain. NativeLOI+/-definition/repeats/dimensionsunreported;noSDclaim. Stageweightloss15/42.6notresidueatDTGpeak. Total13facts,1approvedstate1condition12held;0upgrades.",PET/cottonblend,"PET/cotton 70:30 blend fabric,190g/m2,JinanZhenghaoAdvancedFiberCoLtd;weave/yarncountunreported","PET/cotton 70:30 blend fabric,190g/m2,JinanZhenghaoAdvancedFiberCoLtd;weave/yarncountunreported",,TableIItrial1,held_source_facts,,held_formula_specific_LOI_no_own_TG,journal_article,OwnExperimental/title/DOI/authorsPDFp1-3,,,,,,,held_outside_verified_target,,Trial1-PETcotton-after1wash,0,,10,,,,,,Native+/-;statisticaldefinitionunreported,0,,,,,0.32,,,,,,,,,,,,,"NativepublisherJAPS1173066-3074,online29April2010",Materials/finishingPDFp2-3printed3067-3068;TGmethodp3printed3068;TableI/Fig5p6printed3071;TablesII/IIIp7printed3072;conclusionp9printed3074,"wt,treatedfabricmass;Eq1PDFp3",3.7,,1,"Pretreat0.5wtpercentNaOHand1percentH2O2aqueous10min,pretreatmenttemperatureunreported,dry80Cdurationunreported;aqueousDHDBP/CA/NaH2PO2bath1:20,double-dipdouble-nipapprox90percentwetpickup;90C5mindry,165C3mincure;wash40C0.5wtpercentsodiumcarbonateDIwater5min,90Cdrydurationunreported",,,,,,,,,,,,,,,,,A novel organophosphorus flame retardant: Synthesis and durable finishing of poly(ethylene terephthalate)/cotton blends,1,https://doi.org/10.1002/app.32074,,,,,NoSIcitedall9pages,"Pretreat0.5wtpercentNaOHand1percentH2O2aqueous10min,pretreatmenttemperatureunreported,dry80Cdurationunreported;aqueousDHDBP/CA/NaH2PO2bath1:20,double-dipdouble-nipapprox90percentwetpickup;90C5mindry,165C3mincure;wash40C0.5wtpercentsodiumcarbonateDIwater5min,90Cdrydurationunreported",Afteronewashing,Afteronewashing,2010
10.1002/app.32074,HC-2C,OwnTableIIPDFp7printed3072AfterOneWashing,22.7,,ASTM D2863-97,0.4,,,,,,,,,,,,,,,,,,,Noownstate-matchedTG,,,,,,,,,,,,PET/cotton70:30;DHDBP20wtpercentCA0wtpercentNaH2PO20wtpercentaqueousbath,OwnTG/LOImethodPDFp3printed3068;TableIwashfootp6printed3071,LOIfactonly,2026-10-02,Codexall9native/textpages;oneprimaryreviewer,,Journal of Applied Polymer Science,"All9native/textpagesreviewed,noSIcited. OwnTableIPDFp6printed3071explicitFR-T/Cafteronewashing,add-on20.6percent. OwnTableIIp7printed3072trial6afteronewashingDHDBP30wtpercent/CA12wtpercent/NaH2PO26wtpercentbath,add-on20.6,P2.64,LOI27.6+/-0.2;TableIIIwash1corroboratesSAMEstate,notsecondsample. TableIFRretention74.8/38.0/35.4percentat385/485/585C;onecurveoneTGcondition,R585canonical,otherfixedtemperaturesrawnotextraindependentTGconditions. TGSTA449CN210C/min40-590C45mL/min7.5mgaluminiumpansp3. OwnTableITon234C/maintextp6lowerby113Cversuscontrol347Cbutconclusionp9reducedto113Cconflict;bothraw,Toncanonicalblank. TableITmax274/413versusdirectFig5Blabels274.3/413.6rawprecisiondifference;canonicalpeaksleftblank,R585unconflicted. TableIuntreatedcontrolTGwashingstatusunreportedwhileLOITableIIcontrolunderAfterOneWashingheading,soNOcontrolpairassumed. SevenotherTableIIformulationsincludingcontrolhaveLOIwithoutownstate-matchedTG;threeadditionalTableIIIwash0/5/10statesLOIonly. SeparatecontrolTGrawandpureDHDBPnontextileTGrawheld. Eq1p3add-onuses(wt-wo)/wt,NOTwo;retainnative20.6basisnotconvertorlabelconventionalweightgain. NativeLOI+/-definition/repeats/dimensionsunreported;noSDclaim. Stageweightloss15/42.6notresidueatDTGpeak. Total13facts,1approvedstate1condition12held;0upgrades.",PET/cottonblend,"PET/cotton 70:30 blend fabric,190g/m2,JinanZhenghaoAdvancedFiberCoLtd;weave/yarncountunreported","PET/cotton 70:30 blend fabric,190g/m2,JinanZhenghaoAdvancedFiberCoLtd;weave/yarncountunreported",,TableIItrial2,held_source_facts,,held_formula_specific_LOI_no_own_TG,journal_article,OwnExperimental/title/DOI/authorsPDFp1-3,,,,,,,held_outside_verified_target,,Trial2-PETcotton-after1wash,0,,20,,,,,,Native+/-;statisticaldefinitionunreported,0,,,,,0.48,,,,,,,,,,,,,"NativepublisherJAPS1173066-3074,online29April2010",Materials/finishingPDFp2-3printed3067-3068;TGmethodp3printed3068;TableI/Fig5p6printed3071;TablesII/IIIp7printed3072;conclusionp9printed3074,"wt,treatedfabricmass;Eq1PDFp3",4.8,,1,"Pretreat0.5wtpercentNaOHand1percentH2O2aqueous10min,pretreatmenttemperatureunreported,dry80Cdurationunreported;aqueousDHDBP/CA/NaH2PO2bath1:20,double-dipdouble-nipapprox90percentwetpickup;90C5mindry,165C3mincure;wash40C0.5wtpercentsodiumcarbonateDIwater5min,90Cdrydurationunreported",,,,,,,,,,,,,,,,,A novel organophosphorus flame retardant: Synthesis and durable finishing of poly(ethylene terephthalate)/cotton blends,2,https://doi.org/10.1002/app.32074,,,,,NoSIcitedall9pages,"Pretreat0.5wtpercentNaOHand1percentH2O2aqueous10min,pretreatmenttemperatureunreported,dry80Cdurationunreported;aqueousDHDBP/CA/NaH2PO2bath1:20,double-dipdouble-nipapprox90percentwetpickup;90C5mindry,165C3mincure;wash40C0.5wtpercentsodiumcarbonateDIwater5min,90Cdrydurationunreported",Afteronewashing,Afteronewashing,2010
10.1002/app.32074,HC-2C,OwnTableIIPDFp7printed3072AfterOneWashing,23.6,,ASTM D2863-97,0.3,,,,,,,,,,,,,,,,,,,Noownstate-matchedTG,,,,,,,,,,,,PET/cotton70:30;DHDBP30wtpercentCA0wtpercentNaH2PO20wtpercentaqueousbath,OwnTG/LOImethodPDFp3printed3068;TableIwashfootp6printed3071,LOIfactonly,2026-10-02,Codexall9native/textpages;oneprimaryreviewer,,Journal of Applied Polymer Science,"All9native/textpagesreviewed,noSIcited. OwnTableIPDFp6printed3071explicitFR-T/Cafteronewashing,add-on20.6percent. OwnTableIIp7printed3072trial6afteronewashingDHDBP30wtpercent/CA12wtpercent/NaH2PO26wtpercentbath,add-on20.6,P2.64,LOI27.6+/-0.2;TableIIIwash1corroboratesSAMEstate,notsecondsample. TableIFRretention74.8/38.0/35.4percentat385/485/585C;onecurveoneTGcondition,R585canonical,otherfixedtemperaturesrawnotextraindependentTGconditions. TGSTA449CN210C/min40-590C45mL/min7.5mgaluminiumpansp3. OwnTableITon234C/maintextp6lowerby113Cversuscontrol347Cbutconclusionp9reducedto113Cconflict;bothraw,Toncanonicalblank. TableITmax274/413versusdirectFig5Blabels274.3/413.6rawprecisiondifference;canonicalpeaksleftblank,R585unconflicted. TableIuntreatedcontrolTGwashingstatusunreportedwhileLOITableIIcontrolunderAfterOneWashingheading,soNOcontrolpairassumed. SevenotherTableIIformulationsincludingcontrolhaveLOIwithoutownstate-matchedTG;threeadditionalTableIIIwash0/5/10statesLOIonly. SeparatecontrolTGrawandpureDHDBPnontextileTGrawheld. Eq1p3add-onuses(wt-wo)/wt,NOTwo;retainnative20.6basisnotconvertorlabelconventionalweightgain. NativeLOI+/-definition/repeats/dimensionsunreported;noSDclaim. Stageweightloss15/42.6notresidueatDTGpeak. Total13facts,1approvedstate1condition12held;0upgrades.",PET/cottonblend,"PET/cotton 70:30 blend fabric,190g/m2,JinanZhenghaoAdvancedFiberCoLtd;weave/yarncountunreported","PET/cotton 70:30 blend fabric,190g/m2,JinanZhenghaoAdvancedFiberCoLtd;weave/yarncountunreported",,TableIItrial3,held_source_facts,,held_formula_specific_LOI_no_own_TG,journal_article,OwnExperimental/title/DOI/authorsPDFp1-3,,,,,,,held_outside_verified_target,,Trial3-PETcotton-after1wash,0,,30,,,,,,Native+/-;statisticaldefinitionunreported,0,,,,,0.63,,,,,,,,,,,,,"NativepublisherJAPS1173066-3074,online29April2010",Materials/finishingPDFp2-3printed3067-3068;TGmethodp3printed3068;TableI/Fig5p6printed3071;TablesII/IIIp7printed3072;conclusionp9printed3074,"wt,treatedfabricmass;Eq1PDFp3",5.7,,1,"Pretreat0.5wtpercentNaOHand1percentH2O2aqueous10min,pretreatmenttemperatureunreported,dry80Cdurationunreported;aqueousDHDBP/CA/NaH2PO2bath1:20,double-dipdouble-nipapprox90percentwetpickup;90C5mindry,165C3mincure;wash40C0.5wtpercentsodiumcarbonateDIwater5min,90Cdrydurationunreported",,,,,,,,,,,,,,,,,A novel organophosphorus flame retardant: Synthesis and durable finishing of poly(ethylene terephthalate)/cotton blends,3,https://doi.org/10.1002/app.32074,,,,,NoSIcitedall9pages,"Pretreat0.5wtpercentNaOHand1percentH2O2aqueous10min,pretreatmenttemperatureunreported,dry80Cdurationunreported;aqueousDHDBP/CA/NaH2PO2bath1:20,double-dipdouble-nipapprox90percentwetpickup;90C5mindry,165C3mincure;wash40C0.5wtpercentsodiumcarbonateDIwater5min,90Cdrydurationunreported",Afteronewashing,Afteronewashing,2010
10.1002/app.32074,HC-2C,OwnTableIIPDFp7printed3072AfterOneWashing,23.9,,ASTM D2863-97,0.2,,,,,,,,,,,,,,,,,,,Noownstate-matchedTG,,,,,,,,,,,,PET/cotton70:30;DHDBP40wtpercentCA0wtpercentNaH2PO20wtpercentaqueousbath,OwnTG/LOImethodPDFp3printed3068;TableIwashfootp6printed3071,LOIfactonly,2026-10-02,Codexall9native/textpages;oneprimaryreviewer,,Journal of Applied Polymer Science,"All9native/textpagesreviewed,noSIcited. OwnTableIPDFp6printed3071explicitFR-T/Cafteronewashing,add-on20.6percent. OwnTableIIp7printed3072trial6afteronewashingDHDBP30wtpercent/CA12wtpercent/NaH2PO26wtpercentbath,add-on20.6,P2.64,LOI27.6+/-0.2;TableIIIwash1corroboratesSAMEstate,notsecondsample. TableIFRretention74.8/38.0/35.4percentat385/485/585C;onecurveoneTGcondition,R585canonical,otherfixedtemperaturesrawnotextraindependentTGconditions. TGSTA449CN210C/min40-590C45mL/min7.5mgaluminiumpansp3. OwnTableITon234C/maintextp6lowerby113Cversuscontrol347Cbutconclusionp9reducedto113Cconflict;bothraw,Toncanonicalblank. TableITmax274/413versusdirectFig5Blabels274.3/413.6rawprecisiondifference;canonicalpeaksleftblank,R585unconflicted. TableIuntreatedcontrolTGwashingstatusunreportedwhileLOITableIIcontrolunderAfterOneWashingheading,soNOcontrolpairassumed. SevenotherTableIIformulationsincludingcontrolhaveLOIwithoutownstate-matchedTG;threeadditionalTableIIIwash0/5/10statesLOIonly. SeparatecontrolTGrawandpureDHDBPnontextileTGrawheld. Eq1p3add-onuses(wt-wo)/wt,NOTwo;retainnative20.6basisnotconvertorlabelconventionalweightgain. NativeLOI+/-definition/repeats/dimensionsunreported;noSDclaim. Stageweightloss15/42.6notresidueatDTGpeak. Total13facts,1approvedstate1condition12held;0upgrades.",PET/cottonblend,"PET/cotton 70:30 blend fabric,190g/m2,JinanZhenghaoAdvancedFiberCoLtd;weave/yarncountunreported","PET/cotton 70:30 blend fabric,190g/m2,JinanZhenghaoAdvancedFiberCoLtd;weave/yarncountunreported",,TableIItrial4,held_source_facts,,held_formula_specific_LOI_no_own_TG,journal_article,OwnExperimental/title/DOI/authorsPDFp1-3,,,,,,,held_outside_verified_target,,Trial4-PETcotton-after1wash,0,,40,,,,,,Native+/-;statisticaldefinitionunreported,0,,,,,0.69,,,,,,,,,,,,,"NativepublisherJAPS1173066-3074,online29April2010",Materials/finishingPDFp2-3printed3067-3068;TGmethodp3printed3068;TableI/Fig5p6printed3071;TablesII/IIIp7printed3072;conclusionp9printed3074,"wt,treatedfabricmass;Eq1PDFp3",6.1,,1,"Pretreat0.5wtpercentNaOHand1percentH2O2aqueous10min,pretreatmenttemperatureunreported,dry80Cdurationunreported;aqueousDHDBP/CA/NaH2PO2bath1:20,double-dipdouble-nipapprox90percentwetpickup;90C5mindry,165C3mincure;wash40C0.5wtpercentsodiumcarbonateDIwater5min,90Cdrydurationunreported",,,,,,,,,,,,,,,,,A novel organophosphorus flame retardant: Synthesis and durable finishing of poly(ethylene terephthalate)/cotton blends,4,https://doi.org/10.1002/app.32074,,,,,NoSIcitedall9pages,"Pretreat0.5wtpercentNaOHand1percentH2O2aqueous10min,pretreatmenttemperatureunreported,dry80Cdurationunreported;aqueousDHDBP/CA/NaH2PO2bath1:20,double-dipdouble-nipapprox90percentwetpickup;90C5mindry,165C3mincure;wash40C0.5wtpercentsodiumcarbonateDIwater5min,90Cdrydurationunreported",Afteronewashing,Afteronewashing,2010
10.1002/app.32074,HC-2C,OwnTableIIPDFp7printed3072AfterOneWashing,25.8,,ASTM D2863-97,0.3,,,,,,,,,,,,,,,,,,,Noownstate-matchedTG,,,,,,,,,,,,PET/cotton70:30;DHDBP30wtpercentCA6wtpercentNaH2PO23wtpercentaqueousbath,OwnTG/LOImethodPDFp3printed3068;TableIwashfootp6printed3071,LOIfactonly,2026-10-02,Codexall9native/textpages;oneprimaryreviewer,,Journal of Applied Polymer Science,"All9native/textpagesreviewed,noSIcited. OwnTableIPDFp6printed3071explicitFR-T/Cafteronewashing,add-on20.6percent. OwnTableIIp7printed3072trial6afteronewashingDHDBP30wtpercent/CA12wtpercent/NaH2PO26wtpercentbath,add-on20.6,P2.64,LOI27.6+/-0.2;TableIIIwash1corroboratesSAMEstate,notsecondsample. TableIFRretention74.8/38.0/35.4percentat385/485/585C;onecurveoneTGcondition,R585canonical,otherfixedtemperaturesrawnotextraindependentTGconditions. TGSTA449CN210C/min40-590C45mL/min7.5mgaluminiumpansp3. OwnTableITon234C/maintextp6lowerby113Cversuscontrol347Cbutconclusionp9reducedto113Cconflict;bothraw,Toncanonicalblank. TableITmax274/413versusdirectFig5Blabels274.3/413.6rawprecisiondifference;canonicalpeaksleftblank,R585unconflicted. TableIuntreatedcontrolTGwashingstatusunreportedwhileLOITableIIcontrolunderAfterOneWashingheading,soNOcontrolpairassumed. SevenotherTableIIformulationsincludingcontrolhaveLOIwithoutownstate-matchedTG;threeadditionalTableIIIwash0/5/10statesLOIonly. SeparatecontrolTGrawandpureDHDBPnontextileTGrawheld. Eq1p3add-onuses(wt-wo)/wt,NOTwo;retainnative20.6basisnotconvertorlabelconventionalweightgain. NativeLOI+/-definition/repeats/dimensionsunreported;noSDclaim. Stageweightloss15/42.6notresidueatDTGpeak. Total13facts,1approvedstate1condition12held;0upgrades.",PET/cottonblend,"PET/cotton 70:30 blend fabric,190g/m2,JinanZhenghaoAdvancedFiberCoLtd;weave/yarncountunreported","PET/cotton 70:30 blend fabric,190g/m2,JinanZhenghaoAdvancedFiberCoLtd;weave/yarncountunreported",,TableIItrial5,held_source_facts,,held_formula_specific_LOI_no_own_TG,journal_article,OwnExperimental/title/DOI/authorsPDFp1-3,,,,,,,held_outside_verified_target,,Trial5-PETcotton-after1wash,6,,30,,,,,,Native+/-;statisticaldefinitionunreported,3,,,,,1.34,,,,,,,,,,,,,"NativepublisherJAPS1173066-3074,online29April2010",Materials/finishingPDFp2-3printed3067-3068;TGmethodp3printed3068;TableI/Fig5p6printed3071;TablesII/IIIp7printed3072;conclusionp9printed3074,"wt,treatedfabricmass;Eq1PDFp3",14.2,,1,"Pretreat0.5wtpercentNaOHand1percentH2O2aqueous10min,pretreatmenttemperatureunreported,dry80Cdurationunreported;aqueousDHDBP/CA/NaH2PO2bath1:20,double-dipdouble-nipapprox90percentwetpickup;90C5mindry,165C3mincure;wash40C0.5wtpercentsodiumcarbonateDIwater5min,90Cdrydurationunreported",,,,,,,,,,,,,,,,,A novel organophosphorus flame retardant: Synthesis and durable finishing of poly(ethylene terephthalate)/cotton blends,5,https://doi.org/10.1002/app.32074,,,,,NoSIcitedall9pages,"Pretreat0.5wtpercentNaOHand1percentH2O2aqueous10min,pretreatmenttemperatureunreported,dry80Cdurationunreported;aqueousDHDBP/CA/NaH2PO2bath1:20,double-dipdouble-nipapprox90percentwetpickup;90C5mindry,165C3mincure;wash40C0.5wtpercentsodiumcarbonateDIwater5min,90Cdrydurationunreported",Afteronewashing,Afteronewashing,2010
10.1002/app.32074,HC-2C,OwnTableIItrial6andTableIIIwash1PDFp7printed3072sameadd-on20.6/P2.64/LOI27.6+/-0.2,27.6,,ASTM D2863-97,0.2,,,,,,,,,,,,,,,,STA449C,590,45,OwnTableIPDFp6printed3071FR-T/Cfootafteronewashing;Fig5A/B;unconflictedR58535.4,7.5,Aluminiumsamplepan,40,,,,,,N2,35.4,585,PET/cotton70:30;DHDBP30wtpercentCA12wtpercentNaH2PO26wtpercentaqueousbath,OwnTG/LOImethodPDFp3printed3068;TableIwashfootp6printed3071,TG+LOI,2026-10-02,Codexall9native/textpages;oneprimaryreviewer,10,Journal of Applied Polymer Science,"All9native/textpagesreviewed,noSIcited. OwnTableIPDFp6printed3071explicitFR-T/Cafteronewashing,add-on20.6percent. OwnTableIIp7printed3072trial6afteronewashingDHDBP30wtpercent/CA12wtpercent/NaH2PO26wtpercentbath,add-on20.6,P2.64,LOI27.6+/-0.2;TableIIIwash1corroboratesSAMEstate,notsecondsample. TableIFRretention74.8/38.0/35.4percentat385/485/585C;onecurveoneTGcondition,R585canonical,otherfixedtemperaturesrawnotextraindependentTGconditions. TGSTA449CN210C/min40-590C45mL/min7.5mgaluminiumpansp3. OwnTableITon234C/maintextp6lowerby113Cversuscontrol347Cbutconclusionp9reducedto113Cconflict;bothraw,Toncanonicalblank. TableITmax274/413versusdirectFig5Blabels274.3/413.6rawprecisiondifference;canonicalpeaksleftblank,R585unconflicted. TableIuntreatedcontrolTGwashingstatusunreportedwhileLOITableIIcontrolunderAfterOneWashingheading,soNOcontrolpairassumed. SevenotherTableIIformulationsincludingcontrolhaveLOIwithoutownstate-matchedTG;threeadditionalTableIIIwash0/5/10statesLOIonly. SeparatecontrolTGrawandpureDHDBPnontextileTGrawheld. Eq1p3add-onuses(wt-wo)/wt,NOTwo;retainnative20.6basisnotconvertorlabelconventionalweightgain. NativeLOI+/-definition/repeats/dimensionsunreported;noSDclaim. Stageweightloss15/42.6notresidueatDTGpeak. Total13facts,1approvedstate1condition12held;0upgrades.",PET/cottonblend,"PET/cotton 70:30 blend fabric,190g/m2,JinanZhenghaoAdvancedFiberCoLtd;weave/yarncountunreported","PET/cotton 70:30 blend fabric,190g/m2,JinanZhenghaoAdvancedFiberCoLtd;weave/yarncountunreported","PET/cotton 70:30 blend fabric,190g/m2,JinanZhenghaoAdvancedFiberCoLtd;weave/yarncountunreported",TableIItrial6,tabulated,"TableIFR-T/Cexplicitafteronewashingandadd-on20.6matchTableIItrial6afteronewashingbath30wtpercentDHDBP/12wtpercentCA/6wtpercentNaH2PO2,LOI27.6+/-0.2. TableIIIwash1same20.6/2.64/27.6corroboratesnotextraindependentstate. OwnN2TGTableIR58535.4;STA449C10C/min40-59045mL/min7.5mgaluminiumpansmethodp3. Ton234TableIversus113conclusionheldblank;peaksTable274/413andFig274.3/413.6rawonly. NativeEq1add-onbasiswtkeptnotconverted. Nootherwashingstatesmixed.",verified_exact,journal_article,OwnExperimental/title/DOI/authorsPDFp1-3,,,,,35.4,585,source_review_approved,ecffe8bb7cd5907a5c15d0d9c9973bf79c618e351956cf4ae890a9f5ad2e4dae,Trial6-PETcotton-after1wash,12,,30,,274.3,413.6,,,Native+/-;statisticaldefinitionunreported,6,,,,,2.64,,,,,27.6,0.2,274,413,234,,,113,"NativepublisherJAPS1173066-3074,online29April2010",Materials/finishingPDFp2-3printed3067-3068;TGmethodp3printed3068;TableI/Fig5p6printed3071;TablesII/IIIp7printed3072;conclusionp9printed3074,"wt,treatedfabricmass;Eq1PDFp3",20.6,,1,"Pretreat0.5wtpercentNaOHand1percentH2O2aqueous10min,pretreatmenttemperatureunreported,dry80Cdurationunreported;aqueousDHDBP/CA/NaH2PO2bath1:20,double-dipdouble-nipapprox90percentwetpickup;90C5mindry,165C3mincure;wash40C0.5wtpercentsodiumcarbonateDIwater5min,90Cdrydurationunreported",,,,,,,,,,,,,,15,42.6,,A novel organophosphorus flame retardant: Synthesis and durable finishing of poly(ethylene terephthalate)/cotton blends,6,https://doi.org/10.1002/app.32074,,74.8,38.0,,NoSIcitedall9pages,"Pretreat0.5wtpercentNaOHand1percentH2O2aqueous10min,pretreatmenttemperatureunreported,dry80Cdurationunreported;aqueousDHDBP/CA/NaH2PO2bath1:20,double-dipdouble-nipapprox90percentwetpickup;90C5mindry,165C3mincure;wash40C0.5wtpercentsodiumcarbonateDIwater5min,90Cdrydurationunreported",Afteronewashing,Afteronewashing,2010
10.1002/app.32074,HC-2C,OwnTableIIPDFp7printed3072AfterOneWashing,28.4,,ASTM D2863-97,0.2,,,,,,,,,,,,,,,,,,,Noownstate-matchedTG,,,,,,,,,,,,PET/cotton70:30;DHDBP30wtpercentCA24wtpercentNaH2PO212wtpercentaqueousbath,OwnTG/LOImethodPDFp3printed3068;TableIwashfootp6printed3071,LOIfactonly,2026-10-02,Codexall9native/textpages;oneprimaryreviewer,,Journal of Applied Polymer Science,"All9native/textpagesreviewed,noSIcited. OwnTableIPDFp6printed3071explicitFR-T/Cafteronewashing,add-on20.6percent. OwnTableIIp7printed3072trial6afteronewashingDHDBP30wtpercent/CA12wtpercent/NaH2PO26wtpercentbath,add-on20.6,P2.64,LOI27.6+/-0.2;TableIIIwash1corroboratesSAMEstate,notsecondsample. TableIFRretention74.8/38.0/35.4percentat385/485/585C;onecurveoneTGcondition,R585canonical,otherfixedtemperaturesrawnotextraindependentTGconditions. TGSTA449CN210C/min40-590C45mL/min7.5mgaluminiumpansp3. OwnTableITon234C/maintextp6lowerby113Cversuscontrol347Cbutconclusionp9reducedto113Cconflict;bothraw,Toncanonicalblank. TableITmax274/413versusdirectFig5Blabels274.3/413.6rawprecisiondifference;canonicalpeaksleftblank,R585unconflicted. TableIuntreatedcontrolTGwashingstatusunreportedwhileLOITableIIcontrolunderAfterOneWashingheading,soNOcontrolpairassumed. SevenotherTableIIformulationsincludingcontrolhaveLOIwithoutownstate-matchedTG;threeadditionalTableIIIwash0/5/10statesLOIonly. SeparatecontrolTGrawandpureDHDBPnontextileTGrawheld. Eq1p3add-onuses(wt-wo)/wt,NOTwo;retainnative20.6basisnotconvertorlabelconventionalweightgain. NativeLOI+/-definition/repeats/dimensionsunreported;noSDclaim. Stageweightloss15/42.6notresidueatDTGpeak. Total13facts,1approvedstate1condition12held;0upgrades.",PET/cottonblend,"PET/cotton 70:30 blend fabric,190g/m2,JinanZhenghaoAdvancedFiberCoLtd;weave/yarncountunreported","PET/cotton 70:30 blend fabric,190g/m2,JinanZhenghaoAdvancedFiberCoLtd;weave/yarncountunreported",,TableIItrial7,held_source_facts,,held_formula_specific_LOI_no_own_TG,journal_article,OwnExperimental/title/DOI/authorsPDFp1-3,,,,,,,held_outside_verified_target,,Trial7-PETcotton-after1wash,24,,30,,,,,,Native+/-;statisticaldefinitionunreported,12,,,,,2.75,,,,,,,,,,,,,"NativepublisherJAPS1173066-3074,online29April2010",Materials/finishingPDFp2-3printed3067-3068;TGmethodp3printed3068;TableI/Fig5p6printed3071;TablesII/IIIp7printed3072;conclusionp9printed3074,"wt,treatedfabricmass;Eq1PDFp3",23,,1,"Pretreat0.5wtpercentNaOHand1percentH2O2aqueous10min,pretreatmenttemperatureunreported,dry80Cdurationunreported;aqueousDHDBP/CA/NaH2PO2bath1:20,double-dipdouble-nipapprox90percentwetpickup;90C5mindry,165C3mincure;wash40C0.5wtpercentsodiumcarbonateDIwater5min,90Cdrydurationunreported",,,,,,,,,,,,,,,,,A novel organophosphorus flame retardant: Synthesis and durable finishing of poly(ethylene terephthalate)/cotton blends,7,https://doi.org/10.1002/app.32074,,,,,NoSIcitedall9pages,"Pretreat0.5wtpercentNaOHand1percentH2O2aqueous10min,pretreatmenttemperatureunreported,dry80Cdurationunreported;aqueousDHDBP/CA/NaH2PO2bath1:20,double-dipdouble-nipapprox90percentwetpickup;90C5mindry,165C3mincure;wash40C0.5wtpercentsodiumcarbonateDIwater5min,90Cdrydurationunreported",Afteronewashing,Afteronewashing,2010
10.1002/app.32074,HC-2C,OwnTableIIIPDFp7printed3072,36.8,,ASTM D2863-97,0.1,,,,,,,,,,,,,,,,,,,NoownTGforthiswashingstate,,,,,,,,,,,,PET/cotton70:30;DHDBP30wtpercentCA12wtpercentNaH2PO26wtpercentaqueousbath,OwnTG/LOImethodPDFp3printed3068;TableIwashfootp6printed3071,Rawwash-stateLOIonly,2026-10-02,Codexall9native/textpages;oneprimaryreviewer,,Journal of Applied Polymer Science,"All9native/textpagesreviewed,noSIcited. OwnTableIPDFp6printed3071explicitFR-T/Cafteronewashing,add-on20.6percent. OwnTableIIp7printed3072trial6afteronewashingDHDBP30wtpercent/CA12wtpercent/NaH2PO26wtpercentbath,add-on20.6,P2.64,LOI27.6+/-0.2;TableIIIwash1corroboratesSAMEstate,notsecondsample. TableIFRretention74.8/38.0/35.4percentat385/485/585C;onecurveoneTGcondition,R585canonical,otherfixedtemperaturesrawnotextraindependentTGconditions. TGSTA449CN210C/min40-590C45mL/min7.5mgaluminiumpansp3. OwnTableITon234C/maintextp6lowerby113Cversuscontrol347Cbutconclusionp9reducedto113Cconflict;bothraw,Toncanonicalblank. TableITmax274/413versusdirectFig5Blabels274.3/413.6rawprecisiondifference;canonicalpeaksleftblank,R585unconflicted. TableIuntreatedcontrolTGwashingstatusunreportedwhileLOITableIIcontrolunderAfterOneWashingheading,soNOcontrolpairassumed. SevenotherTableIIformulationsincludingcontrolhaveLOIwithoutownstate-matchedTG;threeadditionalTableIIIwash0/5/10statesLOIonly. SeparatecontrolTGrawandpureDHDBPnontextileTGrawheld. Eq1p3add-onuses(wt-wo)/wt,NOTwo;retainnative20.6basisnotconvertorlabelconventionalweightgain. NativeLOI+/-definition/repeats/dimensionsunreported;noSDclaim. Stageweightloss15/42.6notresidueatDTGpeak. Total13facts,1approvedstate1condition12held;0upgrades.",PET/cottonblend,"PET/cotton 70:30 blend fabric,190g/m2,JinanZhenghaoAdvancedFiberCoLtd;weave/yarncountunreported","PET/cotton 70:30 blend fabric,190g/m2,JinanZhenghaoAdvancedFiberCoLtd;weave/yarncountunreported",,TableIIIwash0,held_source_facts,,held_washed_state_LOI_no_own_TG,journal_article,OwnExperimental/title/DOI/authorsPDFp1-3,,,,,,,held_outside_verified_target,,Trial6-PETcotton-after0washes,,,,,,,,,,,,,,,3.59,,,,,,,,,,,,,"NativepublisherJAPS1173066-3074,online29April2010",Materials/finishingPDFp2-3printed3067-3068;TGmethodp3printed3068;TableI/Fig5p6printed3071;TablesII/IIIp7printed3072;conclusionp9printed3074,"wt,treatedfabricmass;Eq1PDFp3",28.5,,0,"Pretreat0.5wtpercentNaOHand1percentH2O2aqueous10min,pretreatmenttemperatureunreported,dry80Cdurationunreported;aqueousDHDBP/CA/NaH2PO2bath1:20,double-dipdouble-nipapprox90percentwetpickup;90C5mindry,165C3mincure;wash40C0.5wtpercentsodiumcarbonateDIwater5min,90Cdrydurationunreported",,,,,,,,,,,,,,,,,A novel organophosphorus flame retardant: Synthesis and durable finishing of poly(ethylene terephthalate)/cotton blends,,https://doi.org/10.1002/app.32074,"Onewashingpreparation40C0.5wtpercentsodiumcarbonate5min;additional5/10washprotocoldetailunreported,nohomewashconversion",,,,NoSIcitedall9pages,"Pretreat0.5wtpercentNaOHand1percentH2O2aqueous10min,pretreatmenttemperatureunreported,dry80Cdurationunreported;aqueousDHDBP/CA/NaH2PO2bath1:20,double-dipdouble-nipapprox90percentwetpickup;90C5mindry,165C3mincure;wash40C0.5wtpercentsodiumcarbonateDIwater5min,90Cdrydurationunreported",After0nativewashingtimes,After0nativewashingtimes,2010
10.1002/app.32074,HC-2C,OwnTableIIIPDFp7printed3072,25.6,,ASTM D2863-97,0.2,,,,,,,,,,,,,,,,,,,NoownTGforthiswashingstate,,,,,,,,,,,,PET/cotton70:30;DHDBP30wtpercentCA12wtpercentNaH2PO26wtpercentaqueousbath,OwnTG/LOImethodPDFp3printed3068;TableIwashfootp6printed3071,Rawwash-stateLOIonly,2026-10-02,Codexall9native/textpages;oneprimaryreviewer,,Journal of Applied Polymer Science,"All9native/textpagesreviewed,noSIcited. OwnTableIPDFp6printed3071explicitFR-T/Cafteronewashing,add-on20.6percent. OwnTableIIp7printed3072trial6afteronewashingDHDBP30wtpercent/CA12wtpercent/NaH2PO26wtpercentbath,add-on20.6,P2.64,LOI27.6+/-0.2;TableIIIwash1corroboratesSAMEstate,notsecondsample. TableIFRretention74.8/38.0/35.4percentat385/485/585C;onecurveoneTGcondition,R585canonical,otherfixedtemperaturesrawnotextraindependentTGconditions. TGSTA449CN210C/min40-590C45mL/min7.5mgaluminiumpansp3. OwnTableITon234C/maintextp6lowerby113Cversuscontrol347Cbutconclusionp9reducedto113Cconflict;bothraw,Toncanonicalblank. TableITmax274/413versusdirectFig5Blabels274.3/413.6rawprecisiondifference;canonicalpeaksleftblank,R585unconflicted. TableIuntreatedcontrolTGwashingstatusunreportedwhileLOITableIIcontrolunderAfterOneWashingheading,soNOcontrolpairassumed. SevenotherTableIIformulationsincludingcontrolhaveLOIwithoutownstate-matchedTG;threeadditionalTableIIIwash0/5/10statesLOIonly. SeparatecontrolTGrawandpureDHDBPnontextileTGrawheld. Eq1p3add-onuses(wt-wo)/wt,NOTwo;retainnative20.6basisnotconvertorlabelconventionalweightgain. NativeLOI+/-definition/repeats/dimensionsunreported;noSDclaim. Stageweightloss15/42.6notresidueatDTGpeak. Total13facts,1approvedstate1condition12held;0upgrades.",PET/cottonblend,"PET/cotton 70:30 blend fabric,190g/m2,JinanZhenghaoAdvancedFiberCoLtd;weave/yarncountunreported","PET/cotton 70:30 blend fabric,190g/m2,JinanZhenghaoAdvancedFiberCoLtd;weave/yarncountunreported",,TableIIIwash5,held_source_facts,,held_washed_state_LOI_no_own_TG,journal_article,OwnExperimental/title/DOI/authorsPDFp1-3,,,,,,,held_outside_verified_target,,Trial6-PETcotton-after5washes,,,,55.6,,,,,,,,,,,1.47,,,,,,,,,,,,,"NativepublisherJAPS1173066-3074,online29April2010",Materials/finishingPDFp2-3printed3067-3068;TGmethodp3printed3068;TableI/Fig5p6printed3071;TablesII/IIIp7printed3072;conclusionp9printed3074,"wt,treatedfabricmass;Eq1PDFp3",15.2,,5,"Pretreat0.5wtpercentNaOHand1percentH2O2aqueous10min,pretreatmenttemperatureunreported,dry80Cdurationunreported;aqueousDHDBP/CA/NaH2PO2bath1:20,double-dipdouble-nipapprox90percentwetpickup;90C5mindry,165C3mincure;wash40C0.5wtpercentsodiumcarbonateDIwater5min,90Cdrydurationunreported",,,,,,,,,,,,,,,,,A novel organophosphorus flame retardant: Synthesis and durable finishing of poly(ethylene terephthalate)/cotton blends,,https://doi.org/10.1002/app.32074,"Onewashingpreparation40C0.5wtpercentsodiumcarbonate5min;additional5/10washprotocoldetailunreported,nohomewashconversion",,,,NoSIcitedall9pages,"Pretreat0.5wtpercentNaOHand1percentH2O2aqueous10min,pretreatmenttemperatureunreported,dry80Cdurationunreported;aqueousDHDBP/CA/NaH2PO2bath1:20,double-dipdouble-nipapprox90percentwetpickup;90C5mindry,165C3mincure;wash40C0.5wtpercentsodiumcarbonateDIwater5min,90Cdrydurationunreported",After5nativewashingtimes,After5nativewashingtimes,2010
10.1002/app.32074,HC-2C,OwnTableIIIPDFp7printed3072,25.1,,ASTM D2863-97,0.3,,,,,,,,,,,,,,,,,,,NoownTGforthiswashingstate,,,,,,,,,,,,PET/cotton70:30;DHDBP30wtpercentCA12wtpercentNaH2PO26wtpercentaqueousbath,OwnTG/LOImethodPDFp3printed3068;TableIwashfootp6printed3071,Rawwash-stateLOIonly,2026-10-02,Codexall9native/textpages;oneprimaryreviewer,,Journal of Applied Polymer Science,"All9native/textpagesreviewed,noSIcited. OwnTableIPDFp6printed3071explicitFR-T/Cafteronewashing,add-on20.6percent. OwnTableIIp7printed3072trial6afteronewashingDHDBP30wtpercent/CA12wtpercent/NaH2PO26wtpercentbath,add-on20.6,P2.64,LOI27.6+/-0.2;TableIIIwash1corroboratesSAMEstate,notsecondsample. TableIFRretention74.8/38.0/35.4percentat385/485/585C;onecurveoneTGcondition,R585canonical,otherfixedtemperaturesrawnotextraindependentTGconditions. TGSTA449CN210C/min40-590C45mL/min7.5mgaluminiumpansp3. OwnTableITon234C/maintextp6lowerby113Cversuscontrol347Cbutconclusionp9reducedto113Cconflict;bothraw,Toncanonicalblank. TableITmax274/413versusdirectFig5Blabels274.3/413.6rawprecisiondifference;canonicalpeaksleftblank,R585unconflicted. TableIuntreatedcontrolTGwashingstatusunreportedwhileLOITableIIcontrolunderAfterOneWashingheading,soNOcontrolpairassumed. SevenotherTableIIformulationsincludingcontrolhaveLOIwithoutownstate-matchedTG;threeadditionalTableIIIwash0/5/10statesLOIonly. SeparatecontrolTGrawandpureDHDBPnontextileTGrawheld. Eq1p3add-onuses(wt-wo)/wt,NOTwo;retainnative20.6basisnotconvertorlabelconventionalweightgain. NativeLOI+/-definition/repeats/dimensionsunreported;noSDclaim. Stageweightloss15/42.6notresidueatDTGpeak. Total13facts,1approvedstate1condition12held;0upgrades.",PET/cottonblend,"PET/cotton 70:30 blend fabric,190g/m2,JinanZhenghaoAdvancedFiberCoLtd;weave/yarncountunreported","PET/cotton 70:30 blend fabric,190g/m2,JinanZhenghaoAdvancedFiberCoLtd;weave/yarncountunreported",,TableIIIwash10,held_source_facts,,held_washed_state_LOI_no_own_TG,journal_article,OwnExperimental/title/DOI/authorsPDFp1-3,,,,,,,held_outside_verified_target,,Trial6-PETcotton-after10washes,,,,43.9,,,,,,,,,,,1.16,,,,,,,,,,,,,"NativepublisherJAPS1173066-3074,online29April2010",Materials/finishingPDFp2-3printed3067-3068;TGmethodp3printed3068;TableI/Fig5p6printed3071;TablesII/IIIp7printed3072;conclusionp9printed3074,"wt,treatedfabricmass;Eq1PDFp3",14.5,,10,"Pretreat0.5wtpercentNaOHand1percentH2O2aqueous10min,pretreatmenttemperatureunreported,dry80Cdurationunreported;aqueousDHDBP/CA/NaH2PO2bath1:20,double-dipdouble-nipapprox90percentwetpickup;90C5mindry,165C3mincure;wash40C0.5wtpercentsodiumcarbonateDIwater5min,90Cdrydurationunreported",,,,,,,,,,,,,,,,,A novel organophosphorus flame retardant: Synthesis and durable finishing of poly(ethylene terephthalate)/cotton blends,,https://doi.org/10.1002/app.32074,"Onewashingpreparation40C0.5wtpercentsodiumcarbonate5min;additional5/10washprotocoldetailunreported,nohomewashconversion",,,,NoSIcitedall9pages,"Pretreat0.5wtpercentNaOHand1percentH2O2aqueous10min,pretreatmenttemperatureunreported,dry80Cdurationunreported;aqueousDHDBP/CA/NaH2PO2bath1:20,double-dipdouble-nipapprox90percentwetpickup;90C5mindry,165C3mincure;wash40C0.5wtpercentsodiumcarbonateDIwater5min,90Cdrydurationunreported",After10nativewashingtimes,After10nativewashingtimes,2010
10.1002/app.32074,HC-2C,OwnTableIIPDFp7printed3072AfterOneWashing,,,ASTM D2863-97,,,,,,,,,,,,,,,,,,,,OwnTableIPDFp6printed3071,,,,,,,,,,,,UntreatedPET/cotton70:30,OwnTG/LOImethodPDFp3printed3068;TableIwashfootp6printed3071,RawTGonly;nocross-statecontrolLOIborrowed,2026-10-02,Codexall9native/textpages;oneprimaryreviewer,,Journal of Applied Polymer Science,"All9native/textpagesreviewed,noSIcited. OwnTableIPDFp6printed3071explicitFR-T/Cafteronewashing,add-on20.6percent. OwnTableIIp7printed3072trial6afteronewashingDHDBP30wtpercent/CA12wtpercent/NaH2PO26wtpercentbath,add-on20.6,P2.64,LOI27.6+/-0.2;TableIIIwash1corroboratesSAMEstate,notsecondsample. TableIFRretention74.8/38.0/35.4percentat385/485/585C;onecurveoneTGcondition,R585canonical,otherfixedtemperaturesrawnotextraindependentTGconditions. TGSTA449CN210C/min40-590C45mL/min7.5mgaluminiumpansp3. OwnTableITon234C/maintextp6lowerby113Cversuscontrol347Cbutconclusionp9reducedto113Cconflict;bothraw,Toncanonicalblank. TableITmax274/413versusdirectFig5Blabels274.3/413.6rawprecisiondifference;canonicalpeaksleftblank,R585unconflicted. TableIuntreatedcontrolTGwashingstatusunreportedwhileLOITableIIcontrolunderAfterOneWashingheading,soNOcontrolpairassumed. SevenotherTableIIformulationsincludingcontrolhaveLOIwithoutownstate-matchedTG;threeadditionalTableIIIwash0/5/10statesLOIonly. SeparatecontrolTGrawandpureDHDBPnontextileTGrawheld. Eq1p3add-onuses(wt-wo)/wt,NOTwo;retainnative20.6basisnotconvertorlabelconventionalweightgain. NativeLOI+/-definition/repeats/dimensionsunreported;noSDclaim. Stageweightloss15/42.6notresidueatDTGpeak. Total13facts,1approvedstate1condition12held;0upgrades.",PET/cottonblend,"PET/cotton 70:30 blend fabric,190g/m2,JinanZhenghaoAdvancedFiberCoLtd;weave/yarncountunreported",,,T/C,held_source_facts,,held_control_washing_state_not_matched,journal_article,OwnExperimental/title/DOI/authorsPDFp1-3,,,,,,,held_outside_verified_target,,UntreatedT-C-TGonly,,,,,,,,,,,,,,,,,,,,,,,,,,,,"NativepublisherJAPS1173066-3074,online29April2010",Materials/finishingPDFp2-3printed3067-3068;TGmethodp3printed3068;TableI/Fig5p6printed3071;TablesII/IIIp7printed3072;conclusionp9printed3074,"wt,treatedfabricmass;Eq1PDFp3",,,,"Pretreat0.5wtpercentNaOHand1percentH2O2aqueous10min,pretreatmenttemperatureunreported,dry80Cdurationunreported;aqueousDHDBP/CA/NaH2PO2bath1:20,double-dipdouble-nipapprox90percentwetpickup;90C5mindry,165C3mincure;wash40C0.5wtpercentsodiumcarbonateDIwater5min,90Cdrydurationunreported",,,,,,45,7.5,40-590,359,430,347,N2,10,21.6,50.3,,A novel organophosphorus flame retardant: Synthesis and durable finishing of poly(ethylene terephthalate)/cotton blends,,https://doi.org/10.1002/app.32074,,76.1,27.0,24.8,NoSIcitedall9pages,,TGcontrolwashingstatusunreported,Unreported,2010
10.1002/app.32074,HC-2C,OwnTableIIPDFp7printed3072AfterOneWashing,,,ASTM D2863-97,,,,,,,,,,,,,,,,,,,,OwnTableIPDFp6printed3071,,,,,,,,,,,,PureDHDBPnontextilecompound,OwnTG/LOImethodPDFp3printed3068;TableIwashfootp6printed3071,RawTGonly;nocross-statecontrolLOIborrowed,2026-10-02,Codexall9native/textpages;oneprimaryreviewer,,Journal of Applied Polymer Science,"All9native/textpagesreviewed,noSIcited. OwnTableIPDFp6printed3071explicitFR-T/Cafteronewashing,add-on20.6percent. OwnTableIIp7printed3072trial6afteronewashingDHDBP30wtpercent/CA12wtpercent/NaH2PO26wtpercentbath,add-on20.6,P2.64,LOI27.6+/-0.2;TableIIIwash1corroboratesSAMEstate,notsecondsample. TableIFRretention74.8/38.0/35.4percentat385/485/585C;onecurveoneTGcondition,R585canonical,otherfixedtemperaturesrawnotextraindependentTGconditions. TGSTA449CN210C/min40-590C45mL/min7.5mgaluminiumpansp3. OwnTableITon234C/maintextp6lowerby113Cversuscontrol347Cbutconclusionp9reducedto113Cconflict;bothraw,Toncanonicalblank. TableITmax274/413versusdirectFig5Blabels274.3/413.6rawprecisiondifference;canonicalpeaksleftblank,R585unconflicted. TableIuntreatedcontrolTGwashingstatusunreportedwhileLOITableIIcontrolunderAfterOneWashingheading,soNOcontrolpairassumed. SevenotherTableIIformulationsincludingcontrolhaveLOIwithoutownstate-matchedTG;threeadditionalTableIIIwash0/5/10statesLOIonly. SeparatecontrolTGrawandpureDHDBPnontextileTGrawheld. Eq1p3add-onuses(wt-wo)/wt,NOTwo;retainnative20.6basisnotconvertorlabelconventionalweightgain. NativeLOI+/-definition/repeats/dimensionsunreported;noSDclaim. Stageweightloss15/42.6notresidueatDTGpeak. Total13facts,1approvedstate1condition12held;0upgrades.",PET/cottonblend,PureDHDBPchemical,,,DHDBP,held_source_facts,,held_pure_compound_nontextile_no_LOI,journal_article,OwnExperimental/title/DOI/authorsPDFp1-3,,,,,,,held_outside_verified_target,,PureDHDBP-nontextile-TGonly,,,,,,,,,,,,,,,,,,,,,,,,,,,,"NativepublisherJAPS1173066-3074,online29April2010",Materials/finishingPDFp2-3printed3067-3068;TGmethodp3printed3068;TableI/Fig5p6printed3071;TablesII/IIIp7printed3072;conclusionp9printed3074,"wt,treatedfabricmass;Eq1PDFp3",,,,"Pretreat0.5wtpercentNaOHand1percentH2O2aqueous10min,pretreatmenttemperatureunreported,dry80Cdurationunreported;aqueousDHDBP/CA/NaH2PO2bath1:20,double-dipdouble-nipapprox90percentwetpickup;90C5mindry,165C3mincure;wash40C0.5wtpercentsodiumcarbonateDIwater5min,90Cdrydurationunreported",,,,,,45,7.5,40-590,292,387,285,N2,10,16.8,14.5,,A novel organophosphorus flame retardant: Synthesis and durable finishing of poly(ethylene terephthalate)/cotton blends,,https://doi.org/10.1002/app.32074,,77.1,66.0,65.9,NoSIcitedall9pages,,Purecompoundreference,Notapplicable,2010
10.1016/j.carbpol.2017.02.084,HC-2,OwnTable1primaryPDFp29printed28,19.5,150x58;thicknessunreported,ASTM D2863,,,,,,,,,,,,,,,337,,Q5000IR,,,OwnAppendixATableS1convertedPDFp6;mainFig2primaryPDFp25printed24,,,,436,550,,,,air,2.2,800,100percentPA66wovenScourednoHCltreatment;uncoatedcontrol,TG/LOImethodprimaryPDFp9printed8;TGIRflowdistinct,TG+LOI,2026-10-02,Codexall30primaryand7SIpages/wholeXML;oneprimaryreviewer,20,Carbohydrate Polymers,"All30native/textprimarypagesandcompleteofficialAppendixAwholeXML/7convertednative/textpagesreviewed. LocalpublisheracceptedmanuscriptcoverDOI/PIIS014486171730214XnotfinaltypesetVoR;versionandPDF/printedpagecoordinatespreserved. OfficialElsevierCDNmmc1doc2001,494,528bytesmatchescoretitle/all8authors/eightsamplecodes/ownCS-PA-CS-OSAexperiment;publisherparent403doesnotpreventpublicsupplement200. OwnTable1primaryPDFp29printed28LOI19.5/21.3/21.7/21.3forSScontrol5/10/15QLand21.5/20.7/21.9/21.8forHTcontrol5/10/15QL. AppendixATableS1convertedPDFp6reports16gasconditionsforEXACTsameeightlabels. SSmeansscoured,HTmeans3MHCltreatedexplicitSI S2captionp3;noacidlineagemixing. OwnQ5000IRmainTG20C/minairandN2primaryp9printed8;mainTGmass/pan/flow/start/endunreported,TGIRN255mLminseparate. TableS1T-5percent=T5notgenericinitialdecomposition/Tonset;gas-specificTmax1,aironlyTmax2andTmax3,dashesblanknot0;R800explicitfixedtemperatureNOTassumedmethodendpoint. Thermalproseaverage5air/11N2forSSandHT10QLisroundedgroupaverageNOTindividualchar;canonicalexactTableS1SS4.2/10.5andHT5.6/11.4. OwnTable2p30printed29add-on7.9/14.9/14.1SSand9.3/15.8/16.5HTretainedcontroldashblanknot0. LOIHC2ASTMD2863specimens150x58mmthickness/repeatsunreported;cone100x10035kWseparate. SDSsaturatedultrasound10minstabilitycomparisonOSAversusSAUV-visnotlaunderedTGLOI;SIconecharphotosnotTGresidue;FTIRgasintensity/timepeaksnotDTGtemperatures. NoownwashedTGLOIdatainprimaryorSI,nofabricatedwashedrecords. BathconcentrationsandHCltime/tempmissingexplicitlyannotatednotborrowedfromotherpapers;quadralayermaterial/pretreatment/nativecodesandtestconditionsclear. Eightindependentstates16conditions0heldfromthissource;all32any-gasnumericprofileswith/withoutLOIshowNOexistingmatches.",polyamide,"100percent PA66 woven fabric,100g/m2,YangzhouCityJiaxingWeavingIndustryChina;SSscouredandHT3MHClpretreatmentseparatenamedstates","100percent PA66 woven fabric,100g/m2,YangzhouCityJiaxingWeavingIndustryChina;SSscouredandHT3MHClpretreatmentseparatenamedstates","100percent PA66 woven fabric,100g/m2,YangzhouCityJiaxingWeavingIndustryChina;SSscouredandHT3MHClpretreatmentseparatenamedstates",SS-PA66-Control,tabulated,"OwnTable1primaryPDFp29andAppendixATableS1convertedp6matchEXACTsameeightSS/HTcontrol5/10/15QLlabels;SI S2p3explicitSSscouredHTHCltreated,primarymaterials3MHClp7. Initial0durabilitywashwoven100percentPA66100gm2. Q5000IR20C/minN2airp9;T5notTonset,allgas-specificpeaks/R800tabulatednotestimated. OnlyairTmax2/3,controldashblank;mainTGflow/mass/rangeunreported,TGIR55flownotborrowed. Complete30primarypagesand7SIpages/wholeXMLidentityverified,acceptedmanuscriptversionretained. Noacidstatewash/cone/TGIRcrossmix.",verified_exact,journal_article,PublisheracceptedmanuscriptcoverDOI/PIIandaccepted20February2017;ownExperimental,,,,,2.2,800,source_review_approved,69151be55ad8bb08eb3b35e55dbd2ca1ee10ae064ce824f3aa27d76fb90a2ceb,SS-PA66-Control,,,,,,,,,,,,50,,70,,0,50075kDa,"NativeAppendixATableS1T-5percent,specific5percentweightloss",55,,,,,,,,,"Publisheracceptedmanuscriptunedited,30PDFpagesnotfinaltypesetversion",Publisheracceptedmanuscriptcoverp1;materials/pH/HClp7printed6;LbLmethodp8printed7;TG/LOImethodp9printed8;thermalp12-13printed11-12;Fig2p25printed24;Table1p29printed28;Table2p30printed29;AppendixATableS1convertedp6,,,dash,,"Previouslyscoured;HTseries3MHClmodified,acidtime/temperatureunreported,roomtemperatureairdry. CS/PA/CS/OSAquadralayersequencepH5;allbathconcentrationsunreported,PA70wtpercentstocknotbath,OSA50percentoxidation;initialeachimmersion5min,subsequent1min,DIrinse1mineach,nointerlayerblowdry;finalDIrinseambientdrydurationunreported;SI S1rinse/squeezeschematiclabelretainedwithoutinventingwetpickup",ScourednoHCltreatment,0,,,,,,,,,,,,,,https://ars.els-cdn.com/content/image/1-s2.0-S014486171730214X-mmc1.doc,A green approach to constructing multilayered nanocoating for flame retardant treatment of polyamide 66 fabric from chitosan and sodium alginate,,https://doi.org/10.1016/j.carbpol.2017.02.084,,,,,OfficialAppendixAall7convertednative/textpagesandwholeXMLreviewed;TableS1ownTGmatched8codes,ScourednoHCltreatment;roomtemperatureairdry,Initialasprepared-ScourednoHCltreatment,Initialasprepared0durabilitywashes;DIpreparationrinsesseparate,2017
10.1016/j.carbpol.2017.02.084,HC-2,OwnTable1primaryPDFp29printed28,19.5,150x58;thicknessunreported,ASTM D2863,,,,,,,,,,,,,,,382,,Q5000IR,,,OwnAppendixATableS1convertedPDFp6;mainFig2primaryPDFp25printed24,,,,427,,,,,N2,2.3,800,100percentPA66wovenScourednoHCltreatment;uncoatedcontrol,TG/LOImethodprimaryPDFp9printed8;TGIRflowdistinct,TG+LOI,2026-10-02,Codexall30primaryand7SIpages/wholeXML;oneprimaryreviewer,20,Carbohydrate Polymers,"All30native/textprimarypagesandcompleteofficialAppendixAwholeXML/7convertednative/textpagesreviewed. LocalpublisheracceptedmanuscriptcoverDOI/PIIS014486171730214XnotfinaltypesetVoR;versionandPDF/printedpagecoordinatespreserved. OfficialElsevierCDNmmc1doc2001,494,528bytesmatchescoretitle/all8authors/eightsamplecodes/ownCS-PA-CS-OSAexperiment;publisherparent403doesnotpreventpublicsupplement200. OwnTable1primaryPDFp29printed28LOI19.5/21.3/21.7/21.3forSScontrol5/10/15QLand21.5/20.7/21.9/21.8forHTcontrol5/10/15QL. AppendixATableS1convertedPDFp6reports16gasconditionsforEXACTsameeightlabels. SSmeansscoured,HTmeans3MHCltreatedexplicitSI S2captionp3;noacidlineagemixing. OwnQ5000IRmainTG20C/minairandN2primaryp9printed8;mainTGmass/pan/flow/start/endunreported,TGIRN255mLminseparate. TableS1T-5percent=T5notgenericinitialdecomposition/Tonset;gas-specificTmax1,aironlyTmax2andTmax3,dashesblanknot0;R800explicitfixedtemperatureNOTassumedmethodendpoint. Thermalproseaverage5air/11N2forSSandHT10QLisroundedgroupaverageNOTindividualchar;canonicalexactTableS1SS4.2/10.5andHT5.6/11.4. OwnTable2p30printed29add-on7.9/14.9/14.1SSand9.3/15.8/16.5HTretainedcontroldashblanknot0. LOIHC2ASTMD2863specimens150x58mmthickness/repeatsunreported;cone100x10035kWseparate. SDSsaturatedultrasound10minstabilitycomparisonOSAversusSAUV-visnotlaunderedTGLOI;SIconecharphotosnotTGresidue;FTIRgasintensity/timepeaksnotDTGtemperatures. NoownwashedTGLOIdatainprimaryorSI,nofabricatedwashedrecords. BathconcentrationsandHCltime/tempmissingexplicitlyannotatednotborrowedfromotherpapers;quadralayermaterial/pretreatment/nativecodesandtestconditionsclear. Eightindependentstates16conditions0heldfromthissource;all32any-gasnumericprofileswith/withoutLOIshowNOexistingmatches.",polyamide,"100percent PA66 woven fabric,100g/m2,YangzhouCityJiaxingWeavingIndustryChina;SSscouredandHT3MHClpretreatmentseparatenamedstates","100percent PA66 woven fabric,100g/m2,YangzhouCityJiaxingWeavingIndustryChina;SSscouredandHT3MHClpretreatmentseparatenamedstates","100percent PA66 woven fabric,100g/m2,YangzhouCityJiaxingWeavingIndustryChina;SSscouredandHT3MHClpretreatmentseparatenamedstates",SS-PA66-Control,tabulated,"OwnTable1primaryPDFp29andAppendixATableS1convertedp6matchEXACTsameeightSS/HTcontrol5/10/15QLlabels;SI S2p3explicitSSscouredHTHCltreated,primarymaterials3MHClp7. Initial0durabilitywashwoven100percentPA66100gm2. Q5000IR20C/minN2airp9;T5notTonset,allgas-specificpeaks/R800tabulatednotestimated. OnlyairTmax2/3,controldashblank;mainTGflow/mass/rangeunreported,TGIR55flownotborrowed. Complete30primarypagesand7SIpages/wholeXMLidentityverified,acceptedmanuscriptversionretained. Noacidstatewash/cone/TGIRcrossmix.",verified_exact,journal_article,PublisheracceptedmanuscriptcoverDOI/PIIandaccepted20February2017;ownExperimental,,,,,2.3,800,source_review_approved,175d16dc047d3b0bf5d701242afa8b22bc592a329da9a68d8b808bf8bc33b886,SS-PA66-Control,,,,,,,,,,,,50,,70,,0,50075kDa,"NativeAppendixATableS1T-5percent,specific5percentweightloss",55,,,,,,,,,"Publisheracceptedmanuscriptunedited,30PDFpagesnotfinaltypesetversion",Publisheracceptedmanuscriptcoverp1;materials/pH/HClp7printed6;LbLmethodp8printed7;TG/LOImethodp9printed8;thermalp12-13printed11-12;Fig2p25printed24;Table1p29printed28;Table2p30printed29;AppendixATableS1convertedp6,,,dash,,"Previouslyscoured;HTseries3MHClmodified,acidtime/temperatureunreported,roomtemperatureairdry. CS/PA/CS/OSAquadralayersequencepH5;allbathconcentrationsunreported,PA70wtpercentstocknotbath,OSA50percentoxidation;initialeachimmersion5min,subsequent1min,DIrinse1mineach,nointerlayerblowdry;finalDIrinseambientdrydurationunreported;SI S1rinse/squeezeschematiclabelretainedwithoutinventingwetpickup",ScourednoHCltreatment,0,,,,,,,,,,,,,,https://ars.els-cdn.com/content/image/1-s2.0-S014486171730214X-mmc1.doc,A green approach to constructing multilayered nanocoating for flame retardant treatment of polyamide 66 fabric from chitosan and sodium alginate,,https://doi.org/10.1016/j.carbpol.2017.02.084,,,,,OfficialAppendixAall7convertednative/textpagesandwholeXMLreviewed;TableS1ownTGmatched8codes,ScourednoHCltreatment;roomtemperatureairdry,Initialasprepared-ScourednoHCltreatment,Initialasprepared0durabilitywashes;DIpreparationrinsesseparate,2017
10.1016/j.carbpol.2017.02.084,HC-2,OwnTable1primaryPDFp29printed28,21.3,150x58;thicknessunreported,ASTM D2863,,,,,,,,,,,,,,,322,,Q5000IR,,,OwnAppendixATableS1convertedPDFp6;mainFig2primaryPDFp25printed24,,,,396,440,590,,,air,3.9,800,"PA66wovenScourednoHCltreatment;(CS-PA-CS-OSA)5quadralayers,bathpH5,concentrationsunreported",TG/LOImethodprimaryPDFp9printed8;TGIRflowdistinct,TG+LOI,2026-10-02,Codexall30primaryand7SIpages/wholeXML;oneprimaryreviewer,20,Carbohydrate Polymers,"All30native/textprimarypagesandcompleteofficialAppendixAwholeXML/7convertednative/textpagesreviewed. LocalpublisheracceptedmanuscriptcoverDOI/PIIS014486171730214XnotfinaltypesetVoR;versionandPDF/printedpagecoordinatespreserved. OfficialElsevierCDNmmc1doc2001,494,528bytesmatchescoretitle/all8authors/eightsamplecodes/ownCS-PA-CS-OSAexperiment;publisherparent403doesnotpreventpublicsupplement200. OwnTable1primaryPDFp29printed28LOI19.5/21.3/21.7/21.3forSScontrol5/10/15QLand21.5/20.7/21.9/21.8forHTcontrol5/10/15QL. AppendixATableS1convertedPDFp6reports16gasconditionsforEXACTsameeightlabels. SSmeansscoured,HTmeans3MHCltreatedexplicitSI S2captionp3;noacidlineagemixing. OwnQ5000IRmainTG20C/minairandN2primaryp9printed8;mainTGmass/pan/flow/start/endunreported,TGIRN255mLminseparate. TableS1T-5percent=T5notgenericinitialdecomposition/Tonset;gas-specificTmax1,aironlyTmax2andTmax3,dashesblanknot0;R800explicitfixedtemperatureNOTassumedmethodendpoint. Thermalproseaverage5air/11N2forSSandHT10QLisroundedgroupaverageNOTindividualchar;canonicalexactTableS1SS4.2/10.5andHT5.6/11.4. OwnTable2p30printed29add-on7.9/14.9/14.1SSand9.3/15.8/16.5HTretainedcontroldashblanknot0. LOIHC2ASTMD2863specimens150x58mmthickness/repeatsunreported;cone100x10035kWseparate. SDSsaturatedultrasound10minstabilitycomparisonOSAversusSAUV-visnotlaunderedTGLOI;SIconecharphotosnotTGresidue;FTIRgasintensity/timepeaksnotDTGtemperatures. NoownwashedTGLOIdatainprimaryorSI,nofabricatedwashedrecords. BathconcentrationsandHCltime/tempmissingexplicitlyannotatednotborrowedfromotherpapers;quadralayermaterial/pretreatment/nativecodesandtestconditionsclear. Eightindependentstates16conditions0heldfromthissource;all32any-gasnumericprofileswith/withoutLOIshowNOexistingmatches.",polyamide,"100percent PA66 woven fabric,100g/m2,YangzhouCityJiaxingWeavingIndustryChina;SSscouredandHT3MHClpretreatmentseparatenamedstates","100percent PA66 woven fabric,100g/m2,YangzhouCityJiaxingWeavingIndustryChina;SSscouredandHT3MHClpretreatmentseparatenamedstates","100percent PA66 woven fabric,100g/m2,YangzhouCityJiaxingWeavingIndustryChina;SSscouredandHT3MHClpretreatmentseparatenamedstates",SS-PA66-5 QL,tabulated,"OwnTable1primaryPDFp29andAppendixATableS1convertedp6matchEXACTsameeightSS/HTcontrol5/10/15QLlabels;SI S2p3explicitSSscouredHTHCltreated,primarymaterials3MHClp7. Initial0durabilitywashwoven100percentPA66100gm2. Q5000IR20C/minN2airp9;T5notTonset,allgas-specificpeaks/R800tabulatednotestimated. OnlyairTmax2/3,controldashblank;mainTGflow/mass/rangeunreported,TGIR55flownotborrowed. Complete30primarypagesand7SIpages/wholeXMLidentityverified,acceptedmanuscriptversionretained. Noacidstatewash/cone/TGIRcrossmix.",verified_exact,journal_article,PublisheracceptedmanuscriptcoverDOI/PIIandaccepted20February2017;ownExperimental,,,,,3.9,800,source_review_approved,93ae05a4cd01c31e3c3cf0d8a5b6953b1235103116dc64c4c935caa57054bd7c,SS-PA66-5 QL,,,,,,,,,,,,50,,70,,5,50075kDa,"NativeAppendixATableS1T-5percent,specific5percentweightloss",55,,,,,,7.9,5,,"Publisheracceptedmanuscriptunedited,30PDFpagesnotfinaltypesetversion",Publisheracceptedmanuscriptcoverp1;materials/pH/HClp7printed6;LbLmethodp8printed7;TG/LOImethodp9printed8;thermalp12-13printed11-12;Fig2p25printed24;Table1p29printed28;Table2p30printed29;AppendixATableS1convertedp6,,,,,"Previouslyscoured;HTseries3MHClmodified,acidtime/temperatureunreported,roomtemperatureairdry. CS/PA/CS/OSAquadralayersequencepH5;allbathconcentrationsunreported,PA70wtpercentstocknotbath,OSA50percentoxidation;initialeachimmersion5min,subsequent1min,DIrinse1mineach,nointerlayerblowdry;finalDIrinseambientdrydurationunreported;SI S1rinse/squeezeschematiclabelretainedwithoutinventingwetpickup",ScourednoHCltreatment,0,,,,,,,,,,,,,,https://ars.els-cdn.com/content/image/1-s2.0-S014486171730214X-mmc1.doc,A green approach to constructing multilayered nanocoating for flame retardant treatment of polyamide 66 fabric from chitosan and sodium alginate,,https://doi.org/10.1016/j.carbpol.2017.02.084,,,,,OfficialAppendixAall7convertednative/textpagesandwholeXMLreviewed;TableS1ownTGmatched8codes,"ScourednoHCltreatment;Previouslyscoured;HTseries3MHClmodified,acidtime/temperatureunreported,roomtemperatureairdry. CS/PA/CS/OSAquadralayersequencepH5;allbathconcentrationsunreported,PA70wtpercentstocknotbath,OSA50percentoxidation;initialeachimmersion5min,subsequent1min,DIrinse1mineach,nointerlayerblowdry;finalDIrinseambientdrydurationunreported;SI S1rinse/squeezeschematiclabelretainedwithoutinventingwetpickup",Initialasprepared-ScourednoHCltreatment,Initialasprepared0durabilitywashes;DIpreparationrinsesseparate,2017
10.1016/j.carbpol.2017.02.084,HC-2,OwnTable1primaryPDFp29printed28,21.3,150x58;thicknessunreported,ASTM D2863,,,,,,,,,,,,,,,349,,Q5000IR,,,OwnAppendixATableS1convertedPDFp6;mainFig2primaryPDFp25printed24,,,,399,,,,,N2,7.2,800,"PA66wovenScourednoHCltreatment;(CS-PA-CS-OSA)5quadralayers,bathpH5,concentrationsunreported",TG/LOImethodprimaryPDFp9printed8;TGIRflowdistinct,TG+LOI,2026-10-02,Codexall30primaryand7SIpages/wholeXML;oneprimaryreviewer,20,Carbohydrate Polymers,"All30native/textprimarypagesandcompleteofficialAppendixAwholeXML/7convertednative/textpagesreviewed. LocalpublisheracceptedmanuscriptcoverDOI/PIIS014486171730214XnotfinaltypesetVoR;versionandPDF/printedpagecoordinatespreserved. OfficialElsevierCDNmmc1doc2001,494,528bytesmatchescoretitle/all8authors/eightsamplecodes/ownCS-PA-CS-OSAexperiment;publisherparent403doesnotpreventpublicsupplement200. OwnTable1primaryPDFp29printed28LOI19.5/21.3/21.7/21.3forSScontrol5/10/15QLand21.5/20.7/21.9/21.8forHTcontrol5/10/15QL. AppendixATableS1convertedPDFp6reports16gasconditionsforEXACTsameeightlabels. SSmeansscoured,HTmeans3MHCltreatedexplicitSI S2captionp3;noacidlineagemixing. OwnQ5000IRmainTG20C/minairandN2primaryp9printed8;mainTGmass/pan/flow/start/endunreported,TGIRN255mLminseparate. TableS1T-5percent=T5notgenericinitialdecomposition/Tonset;gas-specificTmax1,aironlyTmax2andTmax3,dashesblanknot0;R800explicitfixedtemperatureNOTassumedmethodendpoint. Thermalproseaverage5air/11N2forSSandHT10QLisroundedgroupaverageNOTindividualchar;canonicalexactTableS1SS4.2/10.5andHT5.6/11.4. OwnTable2p30printed29add-on7.9/14.9/14.1SSand9.3/15.8/16.5HTretainedcontroldashblanknot0. LOIHC2ASTMD2863specimens150x58mmthickness/repeatsunreported;cone100x10035kWseparate. SDSsaturatedultrasound10minstabilitycomparisonOSAversusSAUV-visnotlaunderedTGLOI;SIconecharphotosnotTGresidue;FTIRgasintensity/timepeaksnotDTGtemperatures. NoownwashedTGLOIdatainprimaryorSI,nofabricatedwashedrecords. BathconcentrationsandHCltime/tempmissingexplicitlyannotatednotborrowedfromotherpapers;quadralayermaterial/pretreatment/nativecodesandtestconditionsclear. Eightindependentstates16conditions0heldfromthissource;all32any-gasnumericprofileswith/withoutLOIshowNOexistingmatches.",polyamide,"100percent PA66 woven fabric,100g/m2,YangzhouCityJiaxingWeavingIndustryChina;SSscouredandHT3MHClpretreatmentseparatenamedstates","100percent PA66 woven fabric,100g/m2,YangzhouCityJiaxingWeavingIndustryChina;SSscouredandHT3MHClpretreatmentseparatenamedstates","100percent PA66 woven fabric,100g/m2,YangzhouCityJiaxingWeavingIndustryChina;SSscouredandHT3MHClpretreatmentseparatenamedstates",SS-PA66-5 QL,tabulated,"OwnTable1primaryPDFp29andAppendixATableS1convertedp6matchEXACTsameeightSS/HTcontrol5/10/15QLlabels;SI S2p3explicitSSscouredHTHCltreated,primarymaterials3MHClp7. Initial0durabilitywashwoven100percentPA66100gm2. Q5000IR20C/minN2airp9;T5notTonset,allgas-specificpeaks/R800tabulatednotestimated. OnlyairTmax2/3,controldashblank;mainTGflow/mass/rangeunreported,TGIR55flownotborrowed. Complete30primarypagesand7SIpages/wholeXMLidentityverified,acceptedmanuscriptversionretained. Noacidstatewash/cone/TGIRcrossmix.",verified_exact,journal_article,PublisheracceptedmanuscriptcoverDOI/PIIandaccepted20February2017;ownExperimental,,,,,7.2,800,source_review_approved,8e3d03f639053a4f2887ceacd958c65a13c31b698c0694aead73424004a812b9,SS-PA66-5 QL,,,,,,,,,,,,50,,70,,5,50075kDa,"NativeAppendixATableS1T-5percent,specific5percentweightloss",55,,,,,,7.9,5,,"Publisheracceptedmanuscriptunedited,30PDFpagesnotfinaltypesetversion",Publisheracceptedmanuscriptcoverp1;materials/pH/HClp7printed6;LbLmethodp8printed7;TG/LOImethodp9printed8;thermalp12-13printed11-12;Fig2p25printed24;Table1p29printed28;Table2p30printed29;AppendixATableS1convertedp6,,,,,"Previouslyscoured;HTseries3MHClmodified,acidtime/temperatureunreported,roomtemperatureairdry. CS/PA/CS/OSAquadralayersequencepH5;allbathconcentrationsunreported,PA70wtpercentstocknotbath,OSA50percentoxidation;initialeachimmersion5min,subsequent1min,DIrinse1mineach,nointerlayerblowdry;finalDIrinseambientdrydurationunreported;SI S1rinse/squeezeschematiclabelretainedwithoutinventingwetpickup",ScourednoHCltreatment,0,,,,,,,,,,,,,,https://ars.els-cdn.com/content/image/1-s2.0-S014486171730214X-mmc1.doc,A green approach to constructing multilayered nanocoating for flame retardant treatment of polyamide 66 fabric from chitosan and sodium alginate,,https://doi.org/10.1016/j.carbpol.2017.02.084,,,,,OfficialAppendixAall7convertednative/textpagesandwholeXMLreviewed;TableS1ownTGmatched8codes,"ScourednoHCltreatment;Previouslyscoured;HTseries3MHClmodified,acidtime/temperatureunreported,roomtemperatureairdry. CS/PA/CS/OSAquadralayersequencepH5;allbathconcentrationsunreported,PA70wtpercentstocknotbath,OSA50percentoxidation;initialeachimmersion5min,subsequent1min,DIrinse1mineach,nointerlayerblowdry;finalDIrinseambientdrydurationunreported;SI S1rinse/squeezeschematiclabelretainedwithoutinventingwetpickup",Initialasprepared-ScourednoHCltreatment,Initialasprepared0durabilitywashes;DIpreparationrinsesseparate,2017
10.1016/j.carbpol.2017.02.084,HC-2,OwnTable1primaryPDFp29printed28,21.7,150x58;thicknessunreported,ASTM D2863,,,,,,,,,,,,,,,294,,Q5000IR,,,OwnAppendixATableS1convertedPDFp6;mainFig2primaryPDFp25printed24,,,,392,442,577,,,air,4.2,800,"PA66wovenScourednoHCltreatment;(CS-PA-CS-OSA)10quadralayers,bathpH5,concentrationsunreported",TG/LOImethodprimaryPDFp9printed8;TGIRflowdistinct,TG+LOI,2026-10-02,Codexall30primaryand7SIpages/wholeXML;oneprimaryreviewer,20,Carbohydrate Polymers,"All30native/textprimarypagesandcompleteofficialAppendixAwholeXML/7convertednative/textpagesreviewed. LocalpublisheracceptedmanuscriptcoverDOI/PIIS014486171730214XnotfinaltypesetVoR;versionandPDF/printedpagecoordinatespreserved. OfficialElsevierCDNmmc1doc2001,494,528bytesmatchescoretitle/all8authors/eightsamplecodes/ownCS-PA-CS-OSAexperiment;publisherparent403doesnotpreventpublicsupplement200. OwnTable1primaryPDFp29printed28LOI19.5/21.3/21.7/21.3forSScontrol5/10/15QLand21.5/20.7/21.9/21.8forHTcontrol5/10/15QL. AppendixATableS1convertedPDFp6reports16gasconditionsforEXACTsameeightlabels. SSmeansscoured,HTmeans3MHCltreatedexplicitSI S2captionp3;noacidlineagemixing. OwnQ5000IRmainTG20C/minairandN2primaryp9printed8;mainTGmass/pan/flow/start/endunreported,TGIRN255mLminseparate. TableS1T-5percent=T5notgenericinitialdecomposition/Tonset;gas-specificTmax1,aironlyTmax2andTmax3,dashesblanknot0;R800explicitfixedtemperatureNOTassumedmethodendpoint. Thermalproseaverage5air/11N2forSSandHT10QLisroundedgroupaverageNOTindividualchar;canonicalexactTableS1SS4.2/10.5andHT5.6/11.4. OwnTable2p30printed29add-on7.9/14.9/14.1SSand9.3/15.8/16.5HTretainedcontroldashblanknot0. LOIHC2ASTMD2863specimens150x58mmthickness/repeatsunreported;cone100x10035kWseparate. SDSsaturatedultrasound10minstabilitycomparisonOSAversusSAUV-visnotlaunderedTGLOI;SIconecharphotosnotTGresidue;FTIRgasintensity/timepeaksnotDTGtemperatures. NoownwashedTGLOIdatainprimaryorSI,nofabricatedwashedrecords. BathconcentrationsandHCltime/tempmissingexplicitlyannotatednotborrowedfromotherpapers;quadralayermaterial/pretreatment/nativecodesandtestconditionsclear. Eightindependentstates16conditions0heldfromthissource;all32any-gasnumericprofileswith/withoutLOIshowNOexistingmatches.",polyamide,"100percent PA66 woven fabric,100g/m2,YangzhouCityJiaxingWeavingIndustryChina;SSscouredandHT3MHClpretreatmentseparatenamedstates","100percent PA66 woven fabric,100g/m2,YangzhouCityJiaxingWeavingIndustryChina;SSscouredandHT3MHClpretreatmentseparatenamedstates","100percent PA66 woven fabric,100g/m2,YangzhouCityJiaxingWeavingIndustryChina;SSscouredandHT3MHClpretreatmentseparatenamedstates",SS-PA66-10 QL,tabulated,"OwnTable1primaryPDFp29andAppendixATableS1convertedp6matchEXACTsameeightSS/HTcontrol5/10/15QLlabels;SI S2p3explicitSSscouredHTHCltreated,primarymaterials3MHClp7. Initial0durabilitywashwoven100percentPA66100gm2. Q5000IR20C/minN2airp9;T5notTonset,allgas-specificpeaks/R800tabulatednotestimated. OnlyairTmax2/3,controldashblank;mainTGflow/mass/rangeunreported,TGIR55flownotborrowed. Complete30primarypagesand7SIpages/wholeXMLidentityverified,acceptedmanuscriptversionretained. Noacidstatewash/cone/TGIRcrossmix.",verified_exact,journal_article,PublisheracceptedmanuscriptcoverDOI/PIIandaccepted20February2017;ownExperimental,,,,,4.2,800,source_review_approved,752c1457d53538de22e9e125813f628baff716acd75b98ae2060695736915da2,SS-PA66-10 QL,,,,,,,,,,,,50,,70,,10,50075kDa,"NativeAppendixATableS1T-5percent,specific5percentweightloss",55,,,,,,14.9,5,,"Publisheracceptedmanuscriptunedited,30PDFpagesnotfinaltypesetversion",Publisheracceptedmanuscriptcoverp1;materials/pH/HClp7printed6;LbLmethodp8printed7;TG/LOImethodp9printed8;thermalp12-13printed11-12;Fig2p25printed24;Table1p29printed28;Table2p30printed29;AppendixATableS1convertedp6,,,,,"Previouslyscoured;HTseries3MHClmodified,acidtime/temperatureunreported,roomtemperatureairdry. CS/PA/CS/OSAquadralayersequencepH5;allbathconcentrationsunreported,PA70wtpercentstocknotbath,OSA50percentoxidation;initialeachimmersion5min,subsequent1min,DIrinse1mineach,nointerlayerblowdry;finalDIrinseambientdrydurationunreported;SI S1rinse/squeezeschematiclabelretainedwithoutinventingwetpickup",ScourednoHCltreatment,0,AverageSSandHT10QLnotindividualchar,11,5,,,,,,,,,,,https://ars.els-cdn.com/content/image/1-s2.0-S014486171730214X-mmc1.doc,A green approach to constructing multilayered nanocoating for flame retardant treatment of polyamide 66 fabric from chitosan and sodium alginate,,https://doi.org/10.1016/j.carbpol.2017.02.084,,,,,OfficialAppendixAall7convertednative/textpagesandwholeXMLreviewed;TableS1ownTGmatched8codes,"ScourednoHCltreatment;Previouslyscoured;HTseries3MHClmodified,acidtime/temperatureunreported,roomtemperatureairdry. CS/PA/CS/OSAquadralayersequencepH5;allbathconcentrationsunreported,PA70wtpercentstocknotbath,OSA50percentoxidation;initialeachimmersion5min,subsequent1min,DIrinse1mineach,nointerlayerblowdry;finalDIrinseambientdrydurationunreported;SI S1rinse/squeezeschematiclabelretainedwithoutinventingwetpickup",Initialasprepared-ScourednoHCltreatment,Initialasprepared0durabilitywashes;DIpreparationrinsesseparate,2017
10.1016/j.carbpol.2017.02.084,HC-2,OwnTable1primaryPDFp29printed28,21.7,150x58;thicknessunreported,ASTM D2863,,,,,,,,,,,,,,,314,,Q5000IR,,,OwnAppendixATableS1convertedPDFp6;mainFig2primaryPDFp25printed24,,,,392,,,,,N2,10.5,800,"PA66wovenScourednoHCltreatment;(CS-PA-CS-OSA)10quadralayers,bathpH5,concentrationsunreported",TG/LOImethodprimaryPDFp9printed8;TGIRflowdistinct,TG+LOI,2026-10-02,Codexall30primaryand7SIpages/wholeXML;oneprimaryreviewer,20,Carbohydrate Polymers,"All30native/textprimarypagesandcompleteofficialAppendixAwholeXML/7convertednative/textpagesreviewed. LocalpublisheracceptedmanuscriptcoverDOI/PIIS014486171730214XnotfinaltypesetVoR;versionandPDF/printedpagecoordinatespreserved. OfficialElsevierCDNmmc1doc2001,494,528bytesmatchescoretitle/all8authors/eightsamplecodes/ownCS-PA-CS-OSAexperiment;publisherparent403doesnotpreventpublicsupplement200. OwnTable1primaryPDFp29printed28LOI19.5/21.3/21.7/21.3forSScontrol5/10/15QLand21.5/20.7/21.9/21.8forHTcontrol5/10/15QL. AppendixATableS1convertedPDFp6reports16gasconditionsforEXACTsameeightlabels. SSmeansscoured,HTmeans3MHCltreatedexplicitSI S2captionp3;noacidlineagemixing. OwnQ5000IRmainTG20C/minairandN2primaryp9printed8;mainTGmass/pan/flow/start/endunreported,TGIRN255mLminseparate. TableS1T-5percent=T5notgenericinitialdecomposition/Tonset;gas-specificTmax1,aironlyTmax2andTmax3,dashesblanknot0;R800explicitfixedtemperatureNOTassumedmethodendpoint. Thermalproseaverage5air/11N2forSSandHT10QLisroundedgroupaverageNOTindividualchar;canonicalexactTableS1SS4.2/10.5andHT5.6/11.4. OwnTable2p30printed29add-on7.9/14.9/14.1SSand9.3/15.8/16.5HTretainedcontroldashblanknot0. LOIHC2ASTMD2863specimens150x58mmthickness/repeatsunreported;cone100x10035kWseparate. SDSsaturatedultrasound10minstabilitycomparisonOSAversusSAUV-visnotlaunderedTGLOI;SIconecharphotosnotTGresidue;FTIRgasintensity/timepeaksnotDTGtemperatures. NoownwashedTGLOIdatainprimaryorSI,nofabricatedwashedrecords. BathconcentrationsandHCltime/tempmissingexplicitlyannotatednotborrowedfromotherpapers;quadralayermaterial/pretreatment/nativecodesandtestconditionsclear. Eightindependentstates16conditions0heldfromthissource;all32any-gasnumericprofileswith/withoutLOIshowNOexistingmatches.",polyamide,"100percent PA66 woven fabric,100g/m2,YangzhouCityJiaxingWeavingIndustryChina;SSscouredandHT3MHClpretreatmentseparatenamedstates","100percent PA66 woven fabric,100g/m2,YangzhouCityJiaxingWeavingIndustryChina;SSscouredandHT3MHClpretreatmentseparatenamedstates","100percent PA66 woven fabric,100g/m2,YangzhouCityJiaxingWeavingIndustryChina;SSscouredandHT3MHClpretreatmentseparatenamedstates",SS-PA66-10 QL,tabulated,"OwnTable1primaryPDFp29andAppendixATableS1convertedp6matchEXACTsameeightSS/HTcontrol5/10/15QLlabels;SI S2p3explicitSSscouredHTHCltreated,primarymaterials3MHClp7. Initial0durabilitywashwoven100percentPA66100gm2. Q5000IR20C/minN2airp9;T5notTonset,allgas-specificpeaks/R800tabulatednotestimated. OnlyairTmax2/3,controldashblank;mainTGflow/mass/rangeunreported,TGIR55flownotborrowed. Complete30primarypagesand7SIpages/wholeXMLidentityverified,acceptedmanuscriptversionretained. Noacidstatewash/cone/TGIRcrossmix.",verified_exact,journal_article,PublisheracceptedmanuscriptcoverDOI/PIIandaccepted20February2017;ownExperimental,,,,,10.5,800,source_review_approved,433a73e444a1813d2af75ef95920e2d722c8f54a3e43cd36558b75ffd59f317b,SS-PA66-10 QL,,,,,,,,,,,,50,,70,,10,50075kDa,"NativeAppendixATableS1T-5percent,specific5percentweightloss",55,,,,,,14.9,5,,"Publisheracceptedmanuscriptunedited,30PDFpagesnotfinaltypesetversion",Publisheracceptedmanuscriptcoverp1;materials/pH/HClp7printed6;LbLmethodp8printed7;TG/LOImethodp9printed8;thermalp12-13printed11-12;Fig2p25printed24;Table1p29printed28;Table2p30printed29;AppendixATableS1convertedp6,,,,,"Previouslyscoured;HTseries3MHClmodified,acidtime/temperatureunreported,roomtemperatureairdry. CS/PA/CS/OSAquadralayersequencepH5;allbathconcentrationsunreported,PA70wtpercentstocknotbath,OSA50percentoxidation;initialeachimmersion5min,subsequent1min,DIrinse1mineach,nointerlayerblowdry;finalDIrinseambientdrydurationunreported;SI S1rinse/squeezeschematiclabelretainedwithoutinventingwetpickup",ScourednoHCltreatment,0,AverageSSandHT10QLnotindividualchar,11,5,,,,,,,,,,,https://ars.els-cdn.com/content/image/1-s2.0-S014486171730214X-mmc1.doc,A green approach to constructing multilayered nanocoating for flame retardant treatment of polyamide 66 fabric from chitosan and sodium alginate,,https://doi.org/10.1016/j.carbpol.2017.02.084,,,,,OfficialAppendixAall7convertednative/textpagesandwholeXMLreviewed;TableS1ownTGmatched8codes,"ScourednoHCltreatment;Previouslyscoured;HTseries3MHClmodified,acidtime/temperatureunreported,roomtemperatureairdry. CS/PA/CS/OSAquadralayersequencepH5;allbathconcentrationsunreported,PA70wtpercentstocknotbath,OSA50percentoxidation;initialeachimmersion5min,subsequent1min,DIrinse1mineach,nointerlayerblowdry;finalDIrinseambientdrydurationunreported;SI S1rinse/squeezeschematiclabelretainedwithoutinventingwetpickup",Initialasprepared-ScourednoHCltreatment,Initialasprepared0durabilitywashes;DIpreparationrinsesseparate,2017
10.1016/j.carbpol.2017.02.084,HC-2,OwnTable1primaryPDFp29printed28,21.3,150x58;thicknessunreported,ASTM D2863,,,,,,,,,,,,,,,332,,Q5000IR,,,OwnAppendixATableS1convertedPDFp6;mainFig2primaryPDFp25printed24,,,,391,445,585,,,air,4.8,800,"PA66wovenScourednoHCltreatment;(CS-PA-CS-OSA)15quadralayers,bathpH5,concentrationsunreported",TG/LOImethodprimaryPDFp9printed8;TGIRflowdistinct,TG+LOI,2026-10-02,Codexall30primaryand7SIpages/wholeXML;oneprimaryreviewer,20,Carbohydrate Polymers,"All30native/textprimarypagesandcompleteofficialAppendixAwholeXML/7convertednative/textpagesreviewed. LocalpublisheracceptedmanuscriptcoverDOI/PIIS014486171730214XnotfinaltypesetVoR;versionandPDF/printedpagecoordinatespreserved. OfficialElsevierCDNmmc1doc2001,494,528bytesmatchescoretitle/all8authors/eightsamplecodes/ownCS-PA-CS-OSAexperiment;publisherparent403doesnotpreventpublicsupplement200. OwnTable1primaryPDFp29printed28LOI19.5/21.3/21.7/21.3forSScontrol5/10/15QLand21.5/20.7/21.9/21.8forHTcontrol5/10/15QL. AppendixATableS1convertedPDFp6reports16gasconditionsforEXACTsameeightlabels. SSmeansscoured,HTmeans3MHCltreatedexplicitSI S2captionp3;noacidlineagemixing. OwnQ5000IRmainTG20C/minairandN2primaryp9printed8;mainTGmass/pan/flow/start/endunreported,TGIRN255mLminseparate. TableS1T-5percent=T5notgenericinitialdecomposition/Tonset;gas-specificTmax1,aironlyTmax2andTmax3,dashesblanknot0;R800explicitfixedtemperatureNOTassumedmethodendpoint. Thermalproseaverage5air/11N2forSSandHT10QLisroundedgroupaverageNOTindividualchar;canonicalexactTableS1SS4.2/10.5andHT5.6/11.4. OwnTable2p30printed29add-on7.9/14.9/14.1SSand9.3/15.8/16.5HTretainedcontroldashblanknot0. LOIHC2ASTMD2863specimens150x58mmthickness/repeatsunreported;cone100x10035kWseparate. SDSsaturatedultrasound10minstabilitycomparisonOSAversusSAUV-visnotlaunderedTGLOI;SIconecharphotosnotTGresidue;FTIRgasintensity/timepeaksnotDTGtemperatures. NoownwashedTGLOIdatainprimaryorSI,nofabricatedwashedrecords. BathconcentrationsandHCltime/tempmissingexplicitlyannotatednotborrowedfromotherpapers;quadralayermaterial/pretreatment/nativecodesandtestconditionsclear. Eightindependentstates16conditions0heldfromthissource;all32any-gasnumericprofileswith/withoutLOIshowNOexistingmatches.",polyamide,"100percent PA66 woven fabric,100g/m2,YangzhouCityJiaxingWeavingIndustryChina;SSscouredandHT3MHClpretreatmentseparatenamedstates","100percent PA66 woven fabric,100g/m2,YangzhouCityJiaxingWeavingIndustryChina;SSscouredandHT3MHClpretreatmentseparatenamedstates","100percent PA66 woven fabric,100g/m2,YangzhouCityJiaxingWeavingIndustryChina;SSscouredandHT3MHClpretreatmentseparatenamedstates",SS-PA66-15 QL,tabulated,"OwnTable1primaryPDFp29andAppendixATableS1convertedp6matchEXACTsameeightSS/HTcontrol5/10/15QLlabels;SI S2p3explicitSSscouredHTHCltreated,primarymaterials3MHClp7. Initial0durabilitywashwoven100percentPA66100gm2. Q5000IR20C/minN2airp9;T5notTonset,allgas-specificpeaks/R800tabulatednotestimated. OnlyairTmax2/3,controldashblank;mainTGflow/mass/rangeunreported,TGIR55flownotborrowed. Complete30primarypagesand7SIpages/wholeXMLidentityverified,acceptedmanuscriptversionretained. Noacidstatewash/cone/TGIRcrossmix.",verified_exact,journal_article,PublisheracceptedmanuscriptcoverDOI/PIIandaccepted20February2017;ownExperimental,,,,,4.8,800,source_review_approved,05365e58214c971678bda04631a54242a274950e899d804b0677e71be68a9a6b,SS-PA66-15 QL,,,,,,,,,,,,50,,70,,15,50075kDa,"NativeAppendixATableS1T-5percent,specific5percentweightloss",55,,,,,,14.1,5,,"Publisheracceptedmanuscriptunedited,30PDFpagesnotfinaltypesetversion",Publisheracceptedmanuscriptcoverp1;materials/pH/HClp7printed6;LbLmethodp8printed7;TG/LOImethodp9printed8;thermalp12-13printed11-12;Fig2p25printed24;Table1p29printed28;Table2p30printed29;AppendixATableS1convertedp6,,,,,"Previouslyscoured;HTseries3MHClmodified,acidtime/temperatureunreported,roomtemperatureairdry. CS/PA/CS/OSAquadralayersequencepH5;allbathconcentrationsunreported,PA70wtpercentstocknotbath,OSA50percentoxidation;initialeachimmersion5min,subsequent1min,DIrinse1mineach,nointerlayerblowdry;finalDIrinseambientdrydurationunreported;SI S1rinse/squeezeschematiclabelretainedwithoutinventingwetpickup",ScourednoHCltreatment,0,,,,,,,,,,,,,,https://ars.els-cdn.com/content/image/1-s2.0-S014486171730214X-mmc1.doc,A green approach to constructing multilayered nanocoating for flame retardant treatment of polyamide 66 fabric from chitosan and sodium alginate,,https://doi.org/10.1016/j.carbpol.2017.02.084,,,,,OfficialAppendixAall7convertednative/textpagesandwholeXMLreviewed;TableS1ownTGmatched8codes,"ScourednoHCltreatment;Previouslyscoured;HTseries3MHClmodified,acidtime/temperatureunreported,roomtemperatureairdry. CS/PA/CS/OSAquadralayersequencepH5;allbathconcentrationsunreported,PA70wtpercentstocknotbath,OSA50percentoxidation;initialeachimmersion5min,subsequent1min,DIrinse1mineach,nointerlayerblowdry;finalDIrinseambientdrydurationunreported;SI S1rinse/squeezeschematiclabelretainedwithoutinventingwetpickup",Initialasprepared-ScourednoHCltreatment,Initialasprepared0durabilitywashes;DIpreparationrinsesseparate,2017
10.1016/j.carbpol.2017.02.084,HC-2,OwnTable1primaryPDFp29printed28,21.3,150x58;thicknessunreported,ASTM D2863,,,,,,,,,,,,,,,348,,Q5000IR,,,OwnAppendixATableS1convertedPDFp6;mainFig2primaryPDFp25printed24,,,,395,,,,,N2,7.6,800,"PA66wovenScourednoHCltreatment;(CS-PA-CS-OSA)15quadralayers,bathpH5,concentrationsunreported",TG/LOImethodprimaryPDFp9printed8;TGIRflowdistinct,TG+LOI,2026-10-02,Codexall30primaryand7SIpages/wholeXML;oneprimaryreviewer,20,Carbohydrate Polymers,"All30native/textprimarypagesandcompleteofficialAppendixAwholeXML/7convertednative/textpagesreviewed. LocalpublisheracceptedmanuscriptcoverDOI/PIIS014486171730214XnotfinaltypesetVoR;versionandPDF/printedpagecoordinatespreserved. OfficialElsevierCDNmmc1doc2001,494,528bytesmatchescoretitle/all8authors/eightsamplecodes/ownCS-PA-CS-OSAexperiment;publisherparent403doesnotpreventpublicsupplement200. OwnTable1primaryPDFp29printed28LOI19.5/21.3/21.7/21.3forSScontrol5/10/15QLand21.5/20.7/21.9/21.8forHTcontrol5/10/15QL. AppendixATableS1convertedPDFp6reports16gasconditionsforEXACTsameeightlabels. SSmeansscoured,HTmeans3MHCltreatedexplicitSI S2captionp3;noacidlineagemixing. OwnQ5000IRmainTG20C/minairandN2primaryp9printed8;mainTGmass/pan/flow/start/endunreported,TGIRN255mLminseparate. TableS1T-5percent=T5notgenericinitialdecomposition/Tonset;gas-specificTmax1,aironlyTmax2andTmax3,dashesblanknot0;R800explicitfixedtemperatureNOTassumedmethodendpoint. Thermalproseaverage5air/11N2forSSandHT10QLisroundedgroupaverageNOTindividualchar;canonicalexactTableS1SS4.2/10.5andHT5.6/11.4. OwnTable2p30printed29add-on7.9/14.9/14.1SSand9.3/15.8/16.5HTretainedcontroldashblanknot0. LOIHC2ASTMD2863specimens150x58mmthickness/repeatsunreported;cone100x10035kWseparate. SDSsaturatedultrasound10minstabilitycomparisonOSAversusSAUV-visnotlaunderedTGLOI;SIconecharphotosnotTGresidue;FTIRgasintensity/timepeaksnotDTGtemperatures. NoownwashedTGLOIdatainprimaryorSI,nofabricatedwashedrecords. BathconcentrationsandHCltime/tempmissingexplicitlyannotatednotborrowedfromotherpapers;quadralayermaterial/pretreatment/nativecodesandtestconditionsclear. Eightindependentstates16conditions0heldfromthissource;all32any-gasnumericprofileswith/withoutLOIshowNOexistingmatches.",polyamide,"100percent PA66 woven fabric,100g/m2,YangzhouCityJiaxingWeavingIndustryChina;SSscouredandHT3MHClpretreatmentseparatenamedstates","100percent PA66 woven fabric,100g/m2,YangzhouCityJiaxingWeavingIndustryChina;SSscouredandHT3MHClpretreatmentseparatenamedstates","100percent PA66 woven fabric,100g/m2,YangzhouCityJiaxingWeavingIndustryChina;SSscouredandHT3MHClpretreatmentseparatenamedstates",SS-PA66-15 QL,tabulated,"OwnTable1primaryPDFp29andAppendixATableS1convertedp6matchEXACTsameeightSS/HTcontrol5/10/15QLlabels;SI S2p3explicitSSscouredHTHCltreated,primarymaterials3MHClp7. Initial0durabilitywashwoven100percentPA66100gm2. Q5000IR20C/minN2airp9;T5notTonset,allgas-specificpeaks/R800tabulatednotestimated. OnlyairTmax2/3,controldashblank;mainTGflow/mass/rangeunreported,TGIR55flownotborrowed. Complete30primarypagesand7SIpages/wholeXMLidentityverified,acceptedmanuscriptversionretained. Noacidstatewash/cone/TGIRcrossmix.",verified_exact,journal_article,PublisheracceptedmanuscriptcoverDOI/PIIandaccepted20February2017;ownExperimental,,,,,7.6,800,source_review_approved,7a0706f0abb512053b5deefbfbf0267ee755b399b9ae32558ba1ab4eae3632c4,SS-PA66-15 QL,,,,,,,,,,,,50,,70,,15,50075kDa,"NativeAppendixATableS1T-5percent,specific5percentweightloss",55,,,,,,14.1,5,,"Publisheracceptedmanuscriptunedited,30PDFpagesnotfinaltypesetversion",Publisheracceptedmanuscriptcoverp1;materials/pH/HClp7printed6;LbLmethodp8printed7;TG/LOImethodp9printed8;thermalp12-13printed11-12;Fig2p25printed24;Table1p29printed28;Table2p30printed29;AppendixATableS1convertedp6,,,,,"Previouslyscoured;HTseries3MHClmodified,acidtime/temperatureunreported,roomtemperatureairdry. CS/PA/CS/OSAquadralayersequencepH5;allbathconcentrationsunreported,PA70wtpercentstocknotbath,OSA50percentoxidation;initialeachimmersion5min,subsequent1min,DIrinse1mineach,nointerlayerblowdry;finalDIrinseambientdrydurationunreported;SI S1rinse/squeezeschematiclabelretainedwithoutinventingwetpickup",ScourednoHCltreatment,0,,,,,,,,,,,,,,https://ars.els-cdn.com/content/image/1-s2.0-S014486171730214X-mmc1.doc,A green approach to constructing multilayered nanocoating for flame retardant treatment of polyamide 66 fabric from chitosan and sodium alginate,,https://doi.org/10.1016/j.carbpol.2017.02.084,,,,,OfficialAppendixAall7convertednative/textpagesandwholeXMLreviewed;TableS1ownTGmatched8codes,"ScourednoHCltreatment;Previouslyscoured;HTseries3MHClmodified,acidtime/temperatureunreported,roomtemperatureairdry. CS/PA/CS/OSAquadralayersequencepH5;allbathconcentrationsunreported,PA70wtpercentstocknotbath,OSA50percentoxidation;initialeachimmersion5min,subsequent1min,DIrinse1mineach,nointerlayerblowdry;finalDIrinseambientdrydurationunreported;SI S1rinse/squeezeschematiclabelretainedwithoutinventingwetpickup",Initialasprepared-ScourednoHCltreatment,Initialasprepared0durabilitywashes;DIpreparationrinsesseparate,2017
10.1016/j.carbpol.2017.02.084,HC-2,OwnTable1primaryPDFp29printed28,21.5,150x58;thicknessunreported,ASTM D2863,,,,,,,,,,,,,,,329,,Q5000IR,,,OwnAppendixATableS1convertedPDFp6;mainFig2primaryPDFp25printed24,,,,438,562,,,,air,1.3,800,100percentPA66wovenScouredplus3MHCltreated;uncoatedcontrol,TG/LOImethodprimaryPDFp9printed8;TGIRflowdistinct,TG+LOI,2026-10-02,Codexall30primaryand7SIpages/wholeXML;oneprimaryreviewer,20,Carbohydrate Polymers,"All30native/textprimarypagesandcompleteofficialAppendixAwholeXML/7convertednative/textpagesreviewed. LocalpublisheracceptedmanuscriptcoverDOI/PIIS014486171730214XnotfinaltypesetVoR;versionandPDF/printedpagecoordinatespreserved. OfficialElsevierCDNmmc1doc2001,494,528bytesmatchescoretitle/all8authors/eightsamplecodes/ownCS-PA-CS-OSAexperiment;publisherparent403doesnotpreventpublicsupplement200. OwnTable1primaryPDFp29printed28LOI19.5/21.3/21.7/21.3forSScontrol5/10/15QLand21.5/20.7/21.9/21.8forHTcontrol5/10/15QL. AppendixATableS1convertedPDFp6reports16gasconditionsforEXACTsameeightlabels. SSmeansscoured,HTmeans3MHCltreatedexplicitSI S2captionp3;noacidlineagemixing. OwnQ5000IRmainTG20C/minairandN2primaryp9printed8;mainTGmass/pan/flow/start/endunreported,TGIRN255mLminseparate. TableS1T-5percent=T5notgenericinitialdecomposition/Tonset;gas-specificTmax1,aironlyTmax2andTmax3,dashesblanknot0;R800explicitfixedtemperatureNOTassumedmethodendpoint. Thermalproseaverage5air/11N2forSSandHT10QLisroundedgroupaverageNOTindividualchar;canonicalexactTableS1SS4.2/10.5andHT5.6/11.4. OwnTable2p30printed29add-on7.9/14.9/14.1SSand9.3/15.8/16.5HTretainedcontroldashblanknot0. LOIHC2ASTMD2863specimens150x58mmthickness/repeatsunreported;cone100x10035kWseparate. SDSsaturatedultrasound10minstabilitycomparisonOSAversusSAUV-visnotlaunderedTGLOI;SIconecharphotosnotTGresidue;FTIRgasintensity/timepeaksnotDTGtemperatures. NoownwashedTGLOIdatainprimaryorSI,nofabricatedwashedrecords. BathconcentrationsandHCltime/tempmissingexplicitlyannotatednotborrowedfromotherpapers;quadralayermaterial/pretreatment/nativecodesandtestconditionsclear. Eightindependentstates16conditions0heldfromthissource;all32any-gasnumericprofileswith/withoutLOIshowNOexistingmatches.",polyamide,"100percent PA66 woven fabric,100g/m2,YangzhouCityJiaxingWeavingIndustryChina;SSscouredandHT3MHClpretreatmentseparatenamedstates","100percent PA66 woven fabric,100g/m2,YangzhouCityJiaxingWeavingIndustryChina;SSscouredandHT3MHClpretreatmentseparatenamedstates","100percent PA66 woven fabric,100g/m2,YangzhouCityJiaxingWeavingIndustryChina;SSscouredandHT3MHClpretreatmentseparatenamedstates",HT-PA66-Control,tabulated,"OwnTable1primaryPDFp29andAppendixATableS1convertedp6matchEXACTsameeightSS/HTcontrol5/10/15QLlabels;SI S2p3explicitSSscouredHTHCltreated,primarymaterials3MHClp7. Initial0durabilitywashwoven100percentPA66100gm2. Q5000IR20C/minN2airp9;T5notTonset,allgas-specificpeaks/R800tabulatednotestimated. OnlyairTmax2/3,controldashblank;mainTGflow/mass/rangeunreported,TGIR55flownotborrowed. Complete30primarypagesand7SIpages/wholeXMLidentityverified,acceptedmanuscriptversionretained. Noacidstatewash/cone/TGIRcrossmix.",verified_exact,journal_article,PublisheracceptedmanuscriptcoverDOI/PIIandaccepted20February2017;ownExperimental,,,,,1.3,800,source_review_approved,2b430eb55826b797a308a49df7c6bad84cd9740601ac648f11703356f3d220f4,HT-PA66-Control,,,,,,,,,,,,50,,70,,0,50075kDa,"NativeAppendixATableS1T-5percent,specific5percentweightloss",55,,,,,,,,,"Publisheracceptedmanuscriptunedited,30PDFpagesnotfinaltypesetversion",Publisheracceptedmanuscriptcoverp1;materials/pH/HClp7printed6;LbLmethodp8printed7;TG/LOImethodp9printed8;thermalp12-13printed11-12;Fig2p25printed24;Table1p29printed28;Table2p30printed29;AppendixATableS1convertedp6,,,dash,,"Previouslyscoured;HTseries3MHClmodified,acidtime/temperatureunreported,roomtemperatureairdry. CS/PA/CS/OSAquadralayersequencepH5;allbathconcentrationsunreported,PA70wtpercentstocknotbath,OSA50percentoxidation;initialeachimmersion5min,subsequent1min,DIrinse1mineach,nointerlayerblowdry;finalDIrinseambientdrydurationunreported;SI S1rinse/squeezeschematiclabelretainedwithoutinventingwetpickup",Scouredplus3MHCltreated,3,,,,,,,,,,,,,,https://ars.els-cdn.com/content/image/1-s2.0-S014486171730214X-mmc1.doc,A green approach to constructing multilayered nanocoating for flame retardant treatment of polyamide 66 fabric from chitosan and sodium alginate,,https://doi.org/10.1016/j.carbpol.2017.02.084,,,,,OfficialAppendixAall7convertednative/textpagesandwholeXMLreviewed;TableS1ownTGmatched8codes,Scouredplus3MHCltreated;roomtemperatureairdry,Initialasprepared-Scouredplus3MHCltreated,Initialasprepared0durabilitywashes;DIpreparationrinsesseparate,2017
10.1016/j.carbpol.2017.02.084,HC-2,OwnTable1primaryPDFp29printed28,21.5,150x58;thicknessunreported,ASTM D2863,,,,,,,,,,,,,,,378,,Q5000IR,,,OwnAppendixATableS1convertedPDFp6;mainFig2primaryPDFp25printed24,,,,423,,,,,N2,2.1,800,100percentPA66wovenScouredplus3MHCltreated;uncoatedcontrol,TG/LOImethodprimaryPDFp9printed8;TGIRflowdistinct,TG+LOI,2026-10-02,Codexall30primaryand7SIpages/wholeXML;oneprimaryreviewer,20,Carbohydrate Polymers,"All30native/textprimarypagesandcompleteofficialAppendixAwholeXML/7convertednative/textpagesreviewed. LocalpublisheracceptedmanuscriptcoverDOI/PIIS014486171730214XnotfinaltypesetVoR;versionandPDF/printedpagecoordinatespreserved. OfficialElsevierCDNmmc1doc2001,494,528bytesmatchescoretitle/all8authors/eightsamplecodes/ownCS-PA-CS-OSAexperiment;publisherparent403doesnotpreventpublicsupplement200. OwnTable1primaryPDFp29printed28LOI19.5/21.3/21.7/21.3forSScontrol5/10/15QLand21.5/20.7/21.9/21.8forHTcontrol5/10/15QL. AppendixATableS1convertedPDFp6reports16gasconditionsforEXACTsameeightlabels. SSmeansscoured,HTmeans3MHCltreatedexplicitSI S2captionp3;noacidlineagemixing. OwnQ5000IRmainTG20C/minairandN2primaryp9printed8;mainTGmass/pan/flow/start/endunreported,TGIRN255mLminseparate. TableS1T-5percent=T5notgenericinitialdecomposition/Tonset;gas-specificTmax1,aironlyTmax2andTmax3,dashesblanknot0;R800explicitfixedtemperatureNOTassumedmethodendpoint. Thermalproseaverage5air/11N2forSSandHT10QLisroundedgroupaverageNOTindividualchar;canonicalexactTableS1SS4.2/10.5andHT5.6/11.4. OwnTable2p30printed29add-on7.9/14.9/14.1SSand9.3/15.8/16.5HTretainedcontroldashblanknot0. LOIHC2ASTMD2863specimens150x58mmthickness/repeatsunreported;cone100x10035kWseparate. SDSsaturatedultrasound10minstabilitycomparisonOSAversusSAUV-visnotlaunderedTGLOI;SIconecharphotosnotTGresidue;FTIRgasintensity/timepeaksnotDTGtemperatures. NoownwashedTGLOIdatainprimaryorSI,nofabricatedwashedrecords. BathconcentrationsandHCltime/tempmissingexplicitlyannotatednotborrowedfromotherpapers;quadralayermaterial/pretreatment/nativecodesandtestconditionsclear. Eightindependentstates16conditions0heldfromthissource;all32any-gasnumericprofileswith/withoutLOIshowNOexistingmatches.",polyamide,"100percent PA66 woven fabric,100g/m2,YangzhouCityJiaxingWeavingIndustryChina;SSscouredandHT3MHClpretreatmentseparatenamedstates","100percent PA66 woven fabric,100g/m2,YangzhouCityJiaxingWeavingIndustryChina;SSscouredandHT3MHClpretreatmentseparatenamedstates","100percent PA66 woven fabric,100g/m2,YangzhouCityJiaxingWeavingIndustryChina;SSscouredandHT3MHClpretreatmentseparatenamedstates",HT-PA66-Control,tabulated,"OwnTable1primaryPDFp29andAppendixATableS1convertedp6matchEXACTsameeightSS/HTcontrol5/10/15QLlabels;SI S2p3explicitSSscouredHTHCltreated,primarymaterials3MHClp7. Initial0durabilitywashwoven100percentPA66100gm2. Q5000IR20C/minN2airp9;T5notTonset,allgas-specificpeaks/R800tabulatednotestimated. OnlyairTmax2/3,controldashblank;mainTGflow/mass/rangeunreported,TGIR55flownotborrowed. Complete30primarypagesand7SIpages/wholeXMLidentityverified,acceptedmanuscriptversionretained. Noacidstatewash/cone/TGIRcrossmix.",verified_exact,journal_article,PublisheracceptedmanuscriptcoverDOI/PIIandaccepted20February2017;ownExperimental,,,,,2.1,800,source_review_approved,8632dab170385cbd6a5860ae956306f69a628324927be50245d5f7d8d1eea3d3,HT-PA66-Control,,,,,,,,,,,,50,,70,,0,50075kDa,"NativeAppendixATableS1T-5percent,specific5percentweightloss",55,,,,,,,,,"Publisheracceptedmanuscriptunedited,30PDFpagesnotfinaltypesetversion",Publisheracceptedmanuscriptcoverp1;materials/pH/HClp7printed6;LbLmethodp8printed7;TG/LOImethodp9printed8;thermalp12-13printed11-12;Fig2p25printed24;Table1p29printed28;Table2p30printed29;AppendixATableS1convertedp6,,,dash,,"Previouslyscoured;HTseries3MHClmodified,acidtime/temperatureunreported,roomtemperatureairdry. CS/PA/CS/OSAquadralayersequencepH5;allbathconcentrationsunreported,PA70wtpercentstocknotbath,OSA50percentoxidation;initialeachimmersion5min,subsequent1min,DIrinse1mineach,nointerlayerblowdry;finalDIrinseambientdrydurationunreported;SI S1rinse/squeezeschematiclabelretainedwithoutinventingwetpickup",Scouredplus3MHCltreated,3,,,,,,,,,,,,,,https://ars.els-cdn.com/content/image/1-s2.0-S014486171730214X-mmc1.doc,A green approach to constructing multilayered nanocoating for flame retardant treatment of polyamide 66 fabric from chitosan and sodium alginate,,https://doi.org/10.1016/j.carbpol.2017.02.084,,,,,OfficialAppendixAall7convertednative/textpagesandwholeXMLreviewed;TableS1ownTGmatched8codes,Scouredplus3MHCltreated;roomtemperatureairdry,Initialasprepared-Scouredplus3MHCltreated,Initialasprepared0durabilitywashes;DIpreparationrinsesseparate,2017
10.1016/j.carbpol.2017.02.084,HC-2,OwnTable1primaryPDFp29printed28,20.7,150x58;thicknessunreported,ASTM D2863,,,,,,,,,,,,,,,313,,Q5000IR,,,OwnAppendixATableS1convertedPDFp6;mainFig2primaryPDFp25printed24,,,,395,439,576,,,air,4.1,800,"PA66wovenScouredplus3MHCltreated;(CS-PA-CS-OSA)5quadralayers,bathpH5,concentrationsunreported",TG/LOImethodprimaryPDFp9printed8;TGIRflowdistinct,TG+LOI,2026-10-02,Codexall30primaryand7SIpages/wholeXML;oneprimaryreviewer,20,Carbohydrate Polymers,"All30native/textprimarypagesandcompleteofficialAppendixAwholeXML/7convertednative/textpagesreviewed. LocalpublisheracceptedmanuscriptcoverDOI/PIIS014486171730214XnotfinaltypesetVoR;versionandPDF/printedpagecoordinatespreserved. OfficialElsevierCDNmmc1doc2001,494,528bytesmatchescoretitle/all8authors/eightsamplecodes/ownCS-PA-CS-OSAexperiment;publisherparent403doesnotpreventpublicsupplement200. OwnTable1primaryPDFp29printed28LOI19.5/21.3/21.7/21.3forSScontrol5/10/15QLand21.5/20.7/21.9/21.8forHTcontrol5/10/15QL. AppendixATableS1convertedPDFp6reports16gasconditionsforEXACTsameeightlabels. SSmeansscoured,HTmeans3MHCltreatedexplicitSI S2captionp3;noacidlineagemixing. OwnQ5000IRmainTG20C/minairandN2primaryp9printed8;mainTGmass/pan/flow/start/endunreported,TGIRN255mLminseparate. TableS1T-5percent=T5notgenericinitialdecomposition/Tonset;gas-specificTmax1,aironlyTmax2andTmax3,dashesblanknot0;R800explicitfixedtemperatureNOTassumedmethodendpoint. Thermalproseaverage5air/11N2forSSandHT10QLisroundedgroupaverageNOTindividualchar;canonicalexactTableS1SS4.2/10.5andHT5.6/11.4. OwnTable2p30printed29add-on7.9/14.9/14.1SSand9.3/15.8/16.5HTretainedcontroldashblanknot0. LOIHC2ASTMD2863specimens150x58mmthickness/repeatsunreported;cone100x10035kWseparate. SDSsaturatedultrasound10minstabilitycomparisonOSAversusSAUV-visnotlaunderedTGLOI;SIconecharphotosnotTGresidue;FTIRgasintensity/timepeaksnotDTGtemperatures. NoownwashedTGLOIdatainprimaryorSI,nofabricatedwashedrecords. BathconcentrationsandHCltime/tempmissingexplicitlyannotatednotborrowedfromotherpapers;quadralayermaterial/pretreatment/nativecodesandtestconditionsclear. Eightindependentstates16conditions0heldfromthissource;all32any-gasnumericprofileswith/withoutLOIshowNOexistingmatches.",polyamide,"100percent PA66 woven fabric,100g/m2,YangzhouCityJiaxingWeavingIndustryChina;SSscouredandHT3MHClpretreatmentseparatenamedstates","100percent PA66 woven fabric,100g/m2,YangzhouCityJiaxingWeavingIndustryChina;SSscouredandHT3MHClpretreatmentseparatenamedstates","100percent PA66 woven fabric,100g/m2,YangzhouCityJiaxingWeavingIndustryChina;SSscouredandHT3MHClpretreatmentseparatenamedstates",HT-PA66-5 QL,tabulated,"OwnTable1primaryPDFp29andAppendixATableS1convertedp6matchEXACTsameeightSS/HTcontrol5/10/15QLlabels;SI S2p3explicitSSscouredHTHCltreated,primarymaterials3MHClp7. Initial0durabilitywashwoven100percentPA66100gm2. Q5000IR20C/minN2airp9;T5notTonset,allgas-specificpeaks/R800tabulatednotestimated. OnlyairTmax2/3,controldashblank;mainTGflow/mass/rangeunreported,TGIR55flownotborrowed. Complete30primarypagesand7SIpages/wholeXMLidentityverified,acceptedmanuscriptversionretained. Noacidstatewash/cone/TGIRcrossmix.",verified_exact,journal_article,PublisheracceptedmanuscriptcoverDOI/PIIandaccepted20February2017;ownExperimental,,,,,4.1,800,source_review_approved,9ab7fb37c94089eec0e33e9d2913f14879a38fb3c5a938cc375d04031be115c4,HT-PA66-5 QL,,,,,,,,,,,,50,,70,,5,50075kDa,"NativeAppendixATableS1T-5percent,specific5percentweightloss",55,,,,,,9.3,5,,"Publisheracceptedmanuscriptunedited,30PDFpagesnotfinaltypesetversion",Publisheracceptedmanuscriptcoverp1;materials/pH/HClp7printed6;LbLmethodp8printed7;TG/LOImethodp9printed8;thermalp12-13printed11-12;Fig2p25printed24;Table1p29printed28;Table2p30printed29;AppendixATableS1convertedp6,,,,,"Previouslyscoured;HTseries3MHClmodified,acidtime/temperatureunreported,roomtemperatureairdry. CS/PA/CS/OSAquadralayersequencepH5;allbathconcentrationsunreported,PA70wtpercentstocknotbath,OSA50percentoxidation;initialeachimmersion5min,subsequent1min,DIrinse1mineach,nointerlayerblowdry;finalDIrinseambientdrydurationunreported;SI S1rinse/squeezeschematiclabelretainedwithoutinventingwetpickup",Scouredplus3MHCltreated,3,,,,,,,,,,,,,,https://ars.els-cdn.com/content/image/1-s2.0-S014486171730214X-mmc1.doc,A green approach to constructing multilayered nanocoating for flame retardant treatment of polyamide 66 fabric from chitosan and sodium alginate,,https://doi.org/10.1016/j.carbpol.2017.02.084,,,,,OfficialAppendixAall7convertednative/textpagesandwholeXMLreviewed;TableS1ownTGmatched8codes,"Scouredplus3MHCltreated;Previouslyscoured;HTseries3MHClmodified,acidtime/temperatureunreported,roomtemperatureairdry. CS/PA/CS/OSAquadralayersequencepH5;allbathconcentrationsunreported,PA70wtpercentstocknotbath,OSA50percentoxidation;initialeachimmersion5min,subsequent1min,DIrinse1mineach,nointerlayerblowdry;finalDIrinseambientdrydurationunreported;SI S1rinse/squeezeschematiclabelretainedwithoutinventingwetpickup",Initialasprepared-Scouredplus3MHCltreated,Initialasprepared0durabilitywashes;DIpreparationrinsesseparate,2017
10.1016/j.carbpol.2017.02.084,HC-2,OwnTable1primaryPDFp29printed28,20.7,150x58;thicknessunreported,ASTM D2863,,,,,,,,,,,,,,,341,,Q5000IR,,,OwnAppendixATableS1convertedPDFp6;mainFig2primaryPDFp25printed24,,,,392,,,,,N2,9.1,800,"PA66wovenScouredplus3MHCltreated;(CS-PA-CS-OSA)5quadralayers,bathpH5,concentrationsunreported",TG/LOImethodprimaryPDFp9printed8;TGIRflowdistinct,TG+LOI,2026-10-02,Codexall30primaryand7SIpages/wholeXML;oneprimaryreviewer,20,Carbohydrate Polymers,"All30native/textprimarypagesandcompleteofficialAppendixAwholeXML/7convertednative/textpagesreviewed. LocalpublisheracceptedmanuscriptcoverDOI/PIIS014486171730214XnotfinaltypesetVoR;versionandPDF/printedpagecoordinatespreserved. OfficialElsevierCDNmmc1doc2001,494,528bytesmatchescoretitle/all8authors/eightsamplecodes/ownCS-PA-CS-OSAexperiment;publisherparent403doesnotpreventpublicsupplement200. OwnTable1primaryPDFp29printed28LOI19.5/21.3/21.7/21.3forSScontrol5/10/15QLand21.5/20.7/21.9/21.8forHTcontrol5/10/15QL. AppendixATableS1convertedPDFp6reports16gasconditionsforEXACTsameeightlabels. SSmeansscoured,HTmeans3MHCltreatedexplicitSI S2captionp3;noacidlineagemixing. OwnQ5000IRmainTG20C/minairandN2primaryp9printed8;mainTGmass/pan/flow/start/endunreported,TGIRN255mLminseparate. TableS1T-5percent=T5notgenericinitialdecomposition/Tonset;gas-specificTmax1,aironlyTmax2andTmax3,dashesblanknot0;R800explicitfixedtemperatureNOTassumedmethodendpoint. Thermalproseaverage5air/11N2forSSandHT10QLisroundedgroupaverageNOTindividualchar;canonicalexactTableS1SS4.2/10.5andHT5.6/11.4. OwnTable2p30printed29add-on7.9/14.9/14.1SSand9.3/15.8/16.5HTretainedcontroldashblanknot0. LOIHC2ASTMD2863specimens150x58mmthickness/repeatsunreported;cone100x10035kWseparate. SDSsaturatedultrasound10minstabilitycomparisonOSAversusSAUV-visnotlaunderedTGLOI;SIconecharphotosnotTGresidue;FTIRgasintensity/timepeaksnotDTGtemperatures. NoownwashedTGLOIdatainprimaryorSI,nofabricatedwashedrecords. BathconcentrationsandHCltime/tempmissingexplicitlyannotatednotborrowedfromotherpapers;quadralayermaterial/pretreatment/nativecodesandtestconditionsclear. Eightindependentstates16conditions0heldfromthissource;all32any-gasnumericprofileswith/withoutLOIshowNOexistingmatches.",polyamide,"100percent PA66 woven fabric,100g/m2,YangzhouCityJiaxingWeavingIndustryChina;SSscouredandHT3MHClpretreatmentseparatenamedstates","100percent PA66 woven fabric,100g/m2,YangzhouCityJiaxingWeavingIndustryChina;SSscouredandHT3MHClpretreatmentseparatenamedstates","100percent PA66 woven fabric,100g/m2,YangzhouCityJiaxingWeavingIndustryChina;SSscouredandHT3MHClpretreatmentseparatenamedstates",HT-PA66-5 QL,tabulated,"OwnTable1primaryPDFp29andAppendixATableS1convertedp6matchEXACTsameeightSS/HTcontrol5/10/15QLlabels;SI S2p3explicitSSscouredHTHCltreated,primarymaterials3MHClp7. Initial0durabilitywashwoven100percentPA66100gm2. Q5000IR20C/minN2airp9;T5notTonset,allgas-specificpeaks/R800tabulatednotestimated. OnlyairTmax2/3,controldashblank;mainTGflow/mass/rangeunreported,TGIR55flownotborrowed. Complete30primarypagesand7SIpages/wholeXMLidentityverified,acceptedmanuscriptversionretained. Noacidstatewash/cone/TGIRcrossmix.",verified_exact,journal_article,PublisheracceptedmanuscriptcoverDOI/PIIandaccepted20February2017;ownExperimental,,,,,9.1,800,source_review_approved,3262e11518cf3f78dece84cbf68deecffa5f0db5a9e36ad187aa884603153ae3,HT-PA66-5 QL,,,,,,,,,,,,50,,70,,5,50075kDa,"NativeAppendixATableS1T-5percent,specific5percentweightloss",55,,,,,,9.3,5,,"Publisheracceptedmanuscriptunedited,30PDFpagesnotfinaltypesetversion",Publisheracceptedmanuscriptcoverp1;materials/pH/HClp7printed6;LbLmethodp8printed7;TG/LOImethodp9printed8;thermalp12-13printed11-12;Fig2p25printed24;Table1p29printed28;Table2p30printed29;AppendixATableS1convertedp6,,,,,"Previouslyscoured;HTseries3MHClmodified,acidtime/temperatureunreported,roomtemperatureairdry. CS/PA/CS/OSAquadralayersequencepH5;allbathconcentrationsunreported,PA70wtpercentstocknotbath,OSA50percentoxidation;initialeachimmersion5min,subsequent1min,DIrinse1mineach,nointerlayerblowdry;finalDIrinseambientdrydurationunreported;SI S1rinse/squeezeschematiclabelretainedwithoutinventingwetpickup",Scouredplus3MHCltreated,3,,,,,,,,,,,,,,https://ars.els-cdn.com/content/image/1-s2.0-S014486171730214X-mmc1.doc,A green approach to constructing multilayered nanocoating for flame retardant treatment of polyamide 66 fabric from chitosan and sodium alginate,,https://doi.org/10.1016/j.carbpol.2017.02.084,,,,,OfficialAppendixAall7convertednative/textpagesandwholeXMLreviewed;TableS1ownTGmatched8codes,"Scouredplus3MHCltreated;Previouslyscoured;HTseries3MHClmodified,acidtime/temperatureunreported,roomtemperatureairdry. CS/PA/CS/OSAquadralayersequencepH5;allbathconcentrationsunreported,PA70wtpercentstocknotbath,OSA50percentoxidation;initialeachimmersion5min,subsequent1min,DIrinse1mineach,nointerlayerblowdry;finalDIrinseambientdrydurationunreported;SI S1rinse/squeezeschematiclabelretainedwithoutinventingwetpickup",Initialasprepared-Scouredplus3MHCltreated,Initialasprepared0durabilitywashes;DIpreparationrinsesseparate,2017
10.1016/j.carbpol.2017.02.084,HC-2,OwnTable1primaryPDFp29printed28,21.9,150x58;thicknessunreported,ASTM D2863,,,,,,,,,,,,,,,286,,Q5000IR,,,OwnAppendixATableS1convertedPDFp6;mainFig2primaryPDFp25printed24,,,,385,445,578,,,air,5.6,800,"PA66wovenScouredplus3MHCltreated;(CS-PA-CS-OSA)10quadralayers,bathpH5,concentrationsunreported",TG/LOImethodprimaryPDFp9printed8;TGIRflowdistinct,TG+LOI,2026-10-02,Codexall30primaryand7SIpages/wholeXML;oneprimaryreviewer,20,Carbohydrate Polymers,"All30native/textprimarypagesandcompleteofficialAppendixAwholeXML/7convertednative/textpagesreviewed. LocalpublisheracceptedmanuscriptcoverDOI/PIIS014486171730214XnotfinaltypesetVoR;versionandPDF/printedpagecoordinatespreserved. OfficialElsevierCDNmmc1doc2001,494,528bytesmatchescoretitle/all8authors/eightsamplecodes/ownCS-PA-CS-OSAexperiment;publisherparent403doesnotpreventpublicsupplement200. OwnTable1primaryPDFp29printed28LOI19.5/21.3/21.7/21.3forSScontrol5/10/15QLand21.5/20.7/21.9/21.8forHTcontrol5/10/15QL. AppendixATableS1convertedPDFp6reports16gasconditionsforEXACTsameeightlabels. SSmeansscoured,HTmeans3MHCltreatedexplicitSI S2captionp3;noacidlineagemixing. OwnQ5000IRmainTG20C/minairandN2primaryp9printed8;mainTGmass/pan/flow/start/endunreported,TGIRN255mLminseparate. TableS1T-5percent=T5notgenericinitialdecomposition/Tonset;gas-specificTmax1,aironlyTmax2andTmax3,dashesblanknot0;R800explicitfixedtemperatureNOTassumedmethodendpoint. Thermalproseaverage5air/11N2forSSandHT10QLisroundedgroupaverageNOTindividualchar;canonicalexactTableS1SS4.2/10.5andHT5.6/11.4. OwnTable2p30printed29add-on7.9/14.9/14.1SSand9.3/15.8/16.5HTretainedcontroldashblanknot0. LOIHC2ASTMD2863specimens150x58mmthickness/repeatsunreported;cone100x10035kWseparate. SDSsaturatedultrasound10minstabilitycomparisonOSAversusSAUV-visnotlaunderedTGLOI;SIconecharphotosnotTGresidue;FTIRgasintensity/timepeaksnotDTGtemperatures. NoownwashedTGLOIdatainprimaryorSI,nofabricatedwashedrecords. BathconcentrationsandHCltime/tempmissingexplicitlyannotatednotborrowedfromotherpapers;quadralayermaterial/pretreatment/nativecodesandtestconditionsclear. Eightindependentstates16conditions0heldfromthissource;all32any-gasnumericprofileswith/withoutLOIshowNOexistingmatches.",polyamide,"100percent PA66 woven fabric,100g/m2,YangzhouCityJiaxingWeavingIndustryChina;SSscouredandHT3MHClpretreatmentseparatenamedstates","100percent PA66 woven fabric,100g/m2,YangzhouCityJiaxingWeavingIndustryChina;SSscouredandHT3MHClpretreatmentseparatenamedstates","100percent PA66 woven fabric,100g/m2,YangzhouCityJiaxingWeavingIndustryChina;SSscouredandHT3MHClpretreatmentseparatenamedstates",HT-PA66-10 QL,tabulated,"OwnTable1primaryPDFp29andAppendixATableS1convertedp6matchEXACTsameeightSS/HTcontrol5/10/15QLlabels;SI S2p3explicitSSscouredHTHCltreated,primarymaterials3MHClp7. Initial0durabilitywashwoven100percentPA66100gm2. Q5000IR20C/minN2airp9;T5notTonset,allgas-specificpeaks/R800tabulatednotestimated. OnlyairTmax2/3,controldashblank;mainTGflow/mass/rangeunreported,TGIR55flownotborrowed. Complete30primarypagesand7SIpages/wholeXMLidentityverified,acceptedmanuscriptversionretained. Noacidstatewash/cone/TGIRcrossmix.",verified_exact,journal_article,PublisheracceptedmanuscriptcoverDOI/PIIandaccepted20February2017;ownExperimental,,,,,5.6,800,source_review_approved,690b9bb4e5c804f53be8d3fc0a5e4be63976dbbeb59cd9b7d8d9543210935dca,HT-PA66-10 QL,,,,,,,,,,,,50,,70,,10,50075kDa,"NativeAppendixATableS1T-5percent,specific5percentweightloss",55,,,,,,15.8,5,,"Publisheracceptedmanuscriptunedited,30PDFpagesnotfinaltypesetversion",Publisheracceptedmanuscriptcoverp1;materials/pH/HClp7printed6;LbLmethodp8printed7;TG/LOImethodp9printed8;thermalp12-13printed11-12;Fig2p25printed24;Table1p29printed28;Table2p30printed29;AppendixATableS1convertedp6,,,,,"Previouslyscoured;HTseries3MHClmodified,acidtime/temperatureunreported,roomtemperatureairdry. CS/PA/CS/OSAquadralayersequencepH5;allbathconcentrationsunreported,PA70wtpercentstocknotbath,OSA50percentoxidation;initialeachimmersion5min,subsequent1min,DIrinse1mineach,nointerlayerblowdry;finalDIrinseambientdrydurationunreported;SI S1rinse/squeezeschematiclabelretainedwithoutinventingwetpickup",Scouredplus3MHCltreated,3,AverageSSandHT10QLnotindividualchar,11,5,,,,,,,,,,,https://ars.els-cdn.com/content/image/1-s2.0-S014486171730214X-mmc1.doc,A green approach to constructing multilayered nanocoating for flame retardant treatment of polyamide 66 fabric from chitosan and sodium alginate,,https://doi.org/10.1016/j.carbpol.2017.02.084,,,,,OfficialAppendixAall7convertednative/textpagesandwholeXMLreviewed;TableS1ownTGmatched8codes,"Scouredplus3MHCltreated;Previouslyscoured;HTseries3MHClmodified,acidtime/temperatureunreported,roomtemperatureairdry. CS/PA/CS/OSAquadralayersequencepH5;allbathconcentrationsunreported,PA70wtpercentstocknotbath,OSA50percentoxidation;initialeachimmersion5min,subsequent1min,DIrinse1mineach,nointerlayerblowdry;finalDIrinseambientdrydurationunreported;SI S1rinse/squeezeschematiclabelretainedwithoutinventingwetpickup",Initialasprepared-Scouredplus3MHCltreated,Initialasprepared0durabilitywashes;DIpreparationrinsesseparate,2017
10.1016/j.carbpol.2017.02.084,HC-2,OwnTable1primaryPDFp29printed28,21.9,150x58;thicknessunreported,ASTM D2863,,,,,,,,,,,,,,,300,,Q5000IR,,,OwnAppendixATableS1convertedPDFp6;mainFig2primaryPDFp25printed24,,,,383,,,,,N2,11.4,800,"PA66wovenScouredplus3MHCltreated;(CS-PA-CS-OSA)10quadralayers,bathpH5,concentrationsunreported",TG/LOImethodprimaryPDFp9printed8;TGIRflowdistinct,TG+LOI,2026-10-02,Codexall30primaryand7SIpages/wholeXML;oneprimaryreviewer,20,Carbohydrate Polymers,"All30native/textprimarypagesandcompleteofficialAppendixAwholeXML/7convertednative/textpagesreviewed. LocalpublisheracceptedmanuscriptcoverDOI/PIIS014486171730214XnotfinaltypesetVoR;versionandPDF/printedpagecoordinatespreserved. OfficialElsevierCDNmmc1doc2001,494,528bytesmatchescoretitle/all8authors/eightsamplecodes/ownCS-PA-CS-OSAexperiment;publisherparent403doesnotpreventpublicsupplement200. OwnTable1primaryPDFp29printed28LOI19.5/21.3/21.7/21.3forSScontrol5/10/15QLand21.5/20.7/21.9/21.8forHTcontrol5/10/15QL. AppendixATableS1convertedPDFp6reports16gasconditionsforEXACTsameeightlabels. SSmeansscoured,HTmeans3MHCltreatedexplicitSI S2captionp3;noacidlineagemixing. OwnQ5000IRmainTG20C/minairandN2primaryp9printed8;mainTGmass/pan/flow/start/endunreported,TGIRN255mLminseparate. TableS1T-5percent=T5notgenericinitialdecomposition/Tonset;gas-specificTmax1,aironlyTmax2andTmax3,dashesblanknot0;R800explicitfixedtemperatureNOTassumedmethodendpoint. Thermalproseaverage5air/11N2forSSandHT10QLisroundedgroupaverageNOTindividualchar;canonicalexactTableS1SS4.2/10.5andHT5.6/11.4. OwnTable2p30printed29add-on7.9/14.9/14.1SSand9.3/15.8/16.5HTretainedcontroldashblanknot0. LOIHC2ASTMD2863specimens150x58mmthickness/repeatsunreported;cone100x10035kWseparate. SDSsaturatedultrasound10minstabilitycomparisonOSAversusSAUV-visnotlaunderedTGLOI;SIconecharphotosnotTGresidue;FTIRgasintensity/timepeaksnotDTGtemperatures. NoownwashedTGLOIdatainprimaryorSI,nofabricatedwashedrecords. BathconcentrationsandHCltime/tempmissingexplicitlyannotatednotborrowedfromotherpapers;quadralayermaterial/pretreatment/nativecodesandtestconditionsclear. Eightindependentstates16conditions0heldfromthissource;all32any-gasnumericprofileswith/withoutLOIshowNOexistingmatches.",polyamide,"100percent PA66 woven fabric,100g/m2,YangzhouCityJiaxingWeavingIndustryChina;SSscouredandHT3MHClpretreatmentseparatenamedstates","100percent PA66 woven fabric,100g/m2,YangzhouCityJiaxingWeavingIndustryChina;SSscouredandHT3MHClpretreatmentseparatenamedstates","100percent PA66 woven fabric,100g/m2,YangzhouCityJiaxingWeavingIndustryChina;SSscouredandHT3MHClpretreatmentseparatenamedstates",HT-PA66-10 QL,tabulated,"OwnTable1primaryPDFp29andAppendixATableS1convertedp6matchEXACTsameeightSS/HTcontrol5/10/15QLlabels;SI S2p3explicitSSscouredHTHCltreated,primarymaterials3MHClp7. Initial0durabilitywashwoven100percentPA66100gm2. Q5000IR20C/minN2airp9;T5notTonset,allgas-specificpeaks/R800tabulatednotestimated. OnlyairTmax2/3,controldashblank;mainTGflow/mass/rangeunreported,TGIR55flownotborrowed. Complete30primarypagesand7SIpages/wholeXMLidentityverified,acceptedmanuscriptversionretained. Noacidstatewash/cone/TGIRcrossmix.",verified_exact,journal_article,PublisheracceptedmanuscriptcoverDOI/PIIandaccepted20February2017;ownExperimental,,,,,11.4,800,source_review_approved,62e89f65543eb917d8ec0669e5520eeedcec6989e7a894621f0eebfe595cc252,HT-PA66-10 QL,,,,,,,,,,,,50,,70,,10,50075kDa,"NativeAppendixATableS1T-5percent,specific5percentweightloss",55,,,,,,15.8,5,,"Publisheracceptedmanuscriptunedited,30PDFpagesnotfinaltypesetversion",Publisheracceptedmanuscriptcoverp1;materials/pH/HClp7printed6;LbLmethodp8printed7;TG/LOImethodp9printed8;thermalp12-13printed11-12;Fig2p25printed24;Table1p29printed28;Table2p30printed29;AppendixATableS1convertedp6,,,,,"Previouslyscoured;HTseries3MHClmodified,acidtime/temperatureunreported,roomtemperatureairdry. CS/PA/CS/OSAquadralayersequencepH5;allbathconcentrationsunreported,PA70wtpercentstocknotbath,OSA50percentoxidation;initialeachimmersion5min,subsequent1min,DIrinse1mineach,nointerlayerblowdry;finalDIrinseambientdrydurationunreported;SI S1rinse/squeezeschematiclabelretainedwithoutinventingwetpickup",Scouredplus3MHCltreated,3,AverageSSandHT10QLnotindividualchar,11,5,,,,,,,,,,,https://ars.els-cdn.com/content/image/1-s2.0-S014486171730214X-mmc1.doc,A green approach to constructing multilayered nanocoating for flame retardant treatment of polyamide 66 fabric from chitosan and sodium alginate,,https://doi.org/10.1016/j.carbpol.2017.02.084,,,,,OfficialAppendixAall7convertednative/textpagesandwholeXMLreviewed;TableS1ownTGmatched8codes,"Scouredplus3MHCltreated;Previouslyscoured;HTseries3MHClmodified,acidtime/temperatureunreported,roomtemperatureairdry. CS/PA/CS/OSAquadralayersequencepH5;allbathconcentrationsunreported,PA70wtpercentstocknotbath,OSA50percentoxidation;initialeachimmersion5min,subsequent1min,DIrinse1mineach,nointerlayerblowdry;finalDIrinseambientdrydurationunreported;SI S1rinse/squeezeschematiclabelretainedwithoutinventingwetpickup",Initialasprepared-Scouredplus3MHCltreated,Initialasprepared0durabilitywashes;DIpreparationrinsesseparate,2017
10.1016/j.carbpol.2017.02.084,HC-2,OwnTable1primaryPDFp29printed28,21.8,150x58;thicknessunreported,ASTM D2863,,,,,,,,,,,,,,,318,,Q5000IR,,,OwnAppendixATableS1convertedPDFp6;mainFig2primaryPDFp25printed24,,,,379,448,583,,,air,4.4,800,"PA66wovenScouredplus3MHCltreated;(CS-PA-CS-OSA)15quadralayers,bathpH5,concentrationsunreported",TG/LOImethodprimaryPDFp9printed8;TGIRflowdistinct,TG+LOI,2026-10-02,Codexall30primaryand7SIpages/wholeXML;oneprimaryreviewer,20,Carbohydrate Polymers,"All30native/textprimarypagesandcompleteofficialAppendixAwholeXML/7convertednative/textpagesreviewed. LocalpublisheracceptedmanuscriptcoverDOI/PIIS014486171730214XnotfinaltypesetVoR;versionandPDF/printedpagecoordinatespreserved. OfficialElsevierCDNmmc1doc2001,494,528bytesmatchescoretitle/all8authors/eightsamplecodes/ownCS-PA-CS-OSAexperiment;publisherparent403doesnotpreventpublicsupplement200. OwnTable1primaryPDFp29printed28LOI19.5/21.3/21.7/21.3forSScontrol5/10/15QLand21.5/20.7/21.9/21.8forHTcontrol5/10/15QL. AppendixATableS1convertedPDFp6reports16gasconditionsforEXACTsameeightlabels. SSmeansscoured,HTmeans3MHCltreatedexplicitSI S2captionp3;noacidlineagemixing. OwnQ5000IRmainTG20C/minairandN2primaryp9printed8;mainTGmass/pan/flow/start/endunreported,TGIRN255mLminseparate. TableS1T-5percent=T5notgenericinitialdecomposition/Tonset;gas-specificTmax1,aironlyTmax2andTmax3,dashesblanknot0;R800explicitfixedtemperatureNOTassumedmethodendpoint. Thermalproseaverage5air/11N2forSSandHT10QLisroundedgroupaverageNOTindividualchar;canonicalexactTableS1SS4.2/10.5andHT5.6/11.4. OwnTable2p30printed29add-on7.9/14.9/14.1SSand9.3/15.8/16.5HTretainedcontroldashblanknot0. LOIHC2ASTMD2863specimens150x58mmthickness/repeatsunreported;cone100x10035kWseparate. SDSsaturatedultrasound10minstabilitycomparisonOSAversusSAUV-visnotlaunderedTGLOI;SIconecharphotosnotTGresidue;FTIRgasintensity/timepeaksnotDTGtemperatures. NoownwashedTGLOIdatainprimaryorSI,nofabricatedwashedrecords. BathconcentrationsandHCltime/tempmissingexplicitlyannotatednotborrowedfromotherpapers;quadralayermaterial/pretreatment/nativecodesandtestconditionsclear. Eightindependentstates16conditions0heldfromthissource;all32any-gasnumericprofileswith/withoutLOIshowNOexistingmatches.",polyamide,"100percent PA66 woven fabric,100g/m2,YangzhouCityJiaxingWeavingIndustryChina;SSscouredandHT3MHClpretreatmentseparatenamedstates","100percent PA66 woven fabric,100g/m2,YangzhouCityJiaxingWeavingIndustryChina;SSscouredandHT3MHClpretreatmentseparatenamedstates","100percent PA66 woven fabric,100g/m2,YangzhouCityJiaxingWeavingIndustryChina;SSscouredandHT3MHClpretreatmentseparatenamedstates",HT-PA66-15 QL,tabulated,"OwnTable1primaryPDFp29andAppendixATableS1convertedp6matchEXACTsameeightSS/HTcontrol5/10/15QLlabels;SI S2p3explicitSSscouredHTHCltreated,primarymaterials3MHClp7. Initial0durabilitywashwoven100percentPA66100gm2. Q5000IR20C/minN2airp9;T5notTonset,allgas-specificpeaks/R800tabulatednotestimated. OnlyairTmax2/3,controldashblank;mainTGflow/mass/rangeunreported,TGIR55flownotborrowed. Complete30primarypagesand7SIpages/wholeXMLidentityverified,acceptedmanuscriptversionretained. Noacidstatewash/cone/TGIRcrossmix.",verified_exact,journal_article,PublisheracceptedmanuscriptcoverDOI/PIIandaccepted20February2017;ownExperimental,,,,,4.4,800,source_review_approved,b518bb7342820cc632318badc33a189a1df9247d7cb45151a463dcd1c11b28ad,HT-PA66-15 QL,,,,,,,,,,,,50,,70,,15,50075kDa,"NativeAppendixATableS1T-5percent,specific5percentweightloss",55,,,,,,16.5,5,,"Publisheracceptedmanuscriptunedited,30PDFpagesnotfinaltypesetversion",Publisheracceptedmanuscriptcoverp1;materials/pH/HClp7printed6;LbLmethodp8printed7;TG/LOImethodp9printed8;thermalp12-13printed11-12;Fig2p25printed24;Table1p29printed28;Table2p30printed29;AppendixATableS1convertedp6,,,,,"Previouslyscoured;HTseries3MHClmodified,acidtime/temperatureunreported,roomtemperatureairdry. CS/PA/CS/OSAquadralayersequencepH5;allbathconcentrationsunreported,PA70wtpercentstocknotbath,OSA50percentoxidation;initialeachimmersion5min,subsequent1min,DIrinse1mineach,nointerlayerblowdry;finalDIrinseambientdrydurationunreported;SI S1rinse/squeezeschematiclabelretainedwithoutinventingwetpickup",Scouredplus3MHCltreated,3,,,,,,,,,,,,,,https://ars.els-cdn.com/content/image/1-s2.0-S014486171730214X-mmc1.doc,A green approach to constructing multilayered nanocoating for flame retardant treatment of polyamide 66 fabric from chitosan and sodium alginate,,https://doi.org/10.1016/j.carbpol.2017.02.084,,,,,OfficialAppendixAall7convertednative/textpagesandwholeXMLreviewed;TableS1ownTGmatched8codes,"Scouredplus3MHCltreated;Previouslyscoured;HTseries3MHClmodified,acidtime/temperatureunreported,roomtemperatureairdry. CS/PA/CS/OSAquadralayersequencepH5;allbathconcentrationsunreported,PA70wtpercentstocknotbath,OSA50percentoxidation;initialeachimmersion5min,subsequent1min,DIrinse1mineach,nointerlayerblowdry;finalDIrinseambientdrydurationunreported;SI S1rinse/squeezeschematiclabelretainedwithoutinventingwetpickup",Initialasprepared-Scouredplus3MHCltreated,Initialasprepared0durabilitywashes;DIpreparationrinsesseparate,2017
10.1016/j.carbpol.2017.02.084,HC-2,OwnTable1primaryPDFp29printed28,21.8,150x58;thicknessunreported,ASTM D2863,,,,,,,,,,,,,,,330,,Q5000IR,,,OwnAppendixATableS1convertedPDFp6;mainFig2primaryPDFp25printed24,,,,378,,,,,N2,8.8,800,"PA66wovenScouredplus3MHCltreated;(CS-PA-CS-OSA)15quadralayers,bathpH5,concentrationsunreported",TG/LOImethodprimaryPDFp9printed8;TGIRflowdistinct,TG+LOI,2026-10-02,Codexall30primaryand7SIpages/wholeXML;oneprimaryreviewer,20,Carbohydrate Polymers,"All30native/textprimarypagesandcompleteofficialAppendixAwholeXML/7convertednative/textpagesreviewed. LocalpublisheracceptedmanuscriptcoverDOI/PIIS014486171730214XnotfinaltypesetVoR;versionandPDF/printedpagecoordinatespreserved. OfficialElsevierCDNmmc1doc2001,494,528bytesmatchescoretitle/all8authors/eightsamplecodes/ownCS-PA-CS-OSAexperiment;publisherparent403doesnotpreventpublicsupplement200. OwnTable1primaryPDFp29printed28LOI19.5/21.3/21.7/21.3forSScontrol5/10/15QLand21.5/20.7/21.9/21.8forHTcontrol5/10/15QL. AppendixATableS1convertedPDFp6reports16gasconditionsforEXACTsameeightlabels. SSmeansscoured,HTmeans3MHCltreatedexplicitSI S2captionp3;noacidlineagemixing. OwnQ5000IRmainTG20C/minairandN2primaryp9printed8;mainTGmass/pan/flow/start/endunreported,TGIRN255mLminseparate. TableS1T-5percent=T5notgenericinitialdecomposition/Tonset;gas-specificTmax1,aironlyTmax2andTmax3,dashesblanknot0;R800explicitfixedtemperatureNOTassumedmethodendpoint. Thermalproseaverage5air/11N2forSSandHT10QLisroundedgroupaverageNOTindividualchar;canonicalexactTableS1SS4.2/10.5andHT5.6/11.4. OwnTable2p30printed29add-on7.9/14.9/14.1SSand9.3/15.8/16.5HTretainedcontroldashblanknot0. LOIHC2ASTMD2863specimens150x58mmthickness/repeatsunreported;cone100x10035kWseparate. SDSsaturatedultrasound10minstabilitycomparisonOSAversusSAUV-visnotlaunderedTGLOI;SIconecharphotosnotTGresidue;FTIRgasintensity/timepeaksnotDTGtemperatures. NoownwashedTGLOIdatainprimaryorSI,nofabricatedwashedrecords. BathconcentrationsandHCltime/tempmissingexplicitlyannotatednotborrowedfromotherpapers;quadralayermaterial/pretreatment/nativecodesandtestconditionsclear. Eightindependentstates16conditions0heldfromthissource;all32any-gasnumericprofileswith/withoutLOIshowNOexistingmatches.",polyamide,"100percent PA66 woven fabric,100g/m2,YangzhouCityJiaxingWeavingIndustryChina;SSscouredandHT3MHClpretreatmentseparatenamedstates","100percent PA66 woven fabric,100g/m2,YangzhouCityJiaxingWeavingIndustryChina;SSscouredandHT3MHClpretreatmentseparatenamedstates","100percent PA66 woven fabric,100g/m2,YangzhouCityJiaxingWeavingIndustryChina;SSscouredandHT3MHClpretreatmentseparatenamedstates",HT-PA66-15 QL,tabulated,"OwnTable1primaryPDFp29andAppendixATableS1convertedp6matchEXACTsameeightSS/HTcontrol5/10/15QLlabels;SI S2p3explicitSSscouredHTHCltreated,primarymaterials3MHClp7. Initial0durabilitywashwoven100percentPA66100gm2. Q5000IR20C/minN2airp9;T5notTonset,allgas-specificpeaks/R800tabulatednotestimated. OnlyairTmax2/3,controldashblank;mainTGflow/mass/rangeunreported,TGIR55flownotborrowed. Complete30primarypagesand7SIpages/wholeXMLidentityverified,acceptedmanuscriptversionretained. Noacidstatewash/cone/TGIRcrossmix.",verified_exact,journal_article,PublisheracceptedmanuscriptcoverDOI/PIIandaccepted20February2017;ownExperimental,,,,,8.8,800,source_review_approved,71481b547dbc5c2a996a6b9de61560885809c7102615309dfc3c324eca51dab6,HT-PA66-15 QL,,,,,,,,,,,,50,,70,,15,50075kDa,"NativeAppendixATableS1T-5percent,specific5percentweightloss",55,,,,,,16.5,5,,"Publisheracceptedmanuscriptunedited,30PDFpagesnotfinaltypesetversion",Publisheracceptedmanuscriptcoverp1;materials/pH/HClp7printed6;LbLmethodp8printed7;TG/LOImethodp9printed8;thermalp12-13printed11-12;Fig2p25printed24;Table1p29printed28;Table2p30printed29;AppendixATableS1convertedp6,,,,,"Previouslyscoured;HTseries3MHClmodified,acidtime/temperatureunreported,roomtemperatureairdry. CS/PA/CS/OSAquadralayersequencepH5;allbathconcentrationsunreported,PA70wtpercentstocknotbath,OSA50percentoxidation;initialeachimmersion5min,subsequent1min,DIrinse1mineach,nointerlayerblowdry;finalDIrinseambientdrydurationunreported;SI S1rinse/squeezeschematiclabelretainedwithoutinventingwetpickup",Scouredplus3MHCltreated,3,,,,,,,,,,,,,,https://ars.els-cdn.com/content/image/1-s2.0-S014486171730214X-mmc1.doc,A green approach to constructing multilayered nanocoating for flame retardant treatment of polyamide 66 fabric from chitosan and sodium alginate,,https://doi.org/10.1016/j.carbpol.2017.02.084,,,,,OfficialAppendixAall7convertednative/textpagesandwholeXMLreviewed;TableS1ownTGmatched8codes,"Scouredplus3MHCltreated;Previouslyscoured;HTseries3MHClmodified,acidtime/temperatureunreported,roomtemperatureairdry. CS/PA/CS/OSAquadralayersequencepH5;allbathconcentrationsunreported,PA70wtpercentstocknotbath,OSA50percentoxidation;initialeachimmersion5min,subsequent1min,DIrinse1mineach,nointerlayerblowdry;finalDIrinseambientdrydurationunreported;SI S1rinse/squeezeschematiclabelretainedwithoutinventingwetpickup",Initialasprepared-Scouredplus3MHCltreated,Initialasprepared0durabilitywashes;DIpreparationrinsesseparate,2017
