DOI,LOI_instrument,LOI_locator,LOI_pct,LOI_sample_dimensions_mm,LOI_standard,R600_pct,R700_pct,R800_pct,TGA_instrument,TGA_sample_mass_mg,TG_end_C,TG_locator,TG_start_C,Tmax1_C,Tonset_C,atmosphere,composition,conditions_locator,direct_numeric_use,evidence_reviewed_at,evidence_reviewed_by,heating_rate_C_min,journal,limitations,material_category,material_form,material_form_LOI,material_form_TGA,native_sample_label,numeric_evidence_type,pairing_evidence,pairing_status,publication_type,publication_type_evidence,residue_at_Tmax_pct,residue_at_Tmax_temperature_C,residue_pct,residue_temp_C,review_disposition,reviewed_measurement_fingerprint,sample_state,source_DTGrate_units,source_Fig7a_explicit_temperature_mass_coordinates,source_Fig7b_explicit_temperature_mass_coordinates,source_LOI_Table1_pct,source_LOI_Table4_0wash_pct,source_LOI_numeric_evidence,source_LOI_replicates,source_LOI_room_temperature,source_LOI_standard_native,source_LOI_uncertainty_pct,source_PBTCA_native,source_R601_pct,source_R602_pct,source_R700_pct,source_R800_pct,source_Ra_max_native,source_Rb_max_native,source_SI_url,source_TG_end_C,source_TG_flow_mL_min,source_TG_interval_massloss_conflict,source_TG_range_reported,source_TG_replicates,source_TG_start_C,source_Ta_max_C,source_Ta_onset_C,source_Tb_max_C,source_Tb_onset_C,source_Tmax_C,source_Tmax_label,source_Tonset_C,source_air_control_residue_conflict,source_air_method_scope,source_amine_identity_conflict,source_bath_APHOMPA_pct,source_bath_ASPBH_g_L,source_bath_CTSGP_g_L,source_bath_GBAP_g_L,source_bath_percentage_basis,source_control_LOI_unclassified_pct,source_decomposition_intervals_C,source_decomposition_start_native_C,source_document_version,source_dye,source_initial_addon_pct_owf,source_location,source_main_decomposition_interval_C,source_nominal_bath_CTSGP_g_L,source_preclean,source_preparation,source_remaining_addon_pct_owf,source_residue_at_Tmax_pct,source_saccharide,source_secondary_char_oxidation_interval_C,source_sparse_Tmax344_coincidence,source_synthesis,source_title,source_url,source_washing_cycles,supplement_review_status,treatment_method,treatment_state,washing_state,year
10.1007/s10570-020-03387-0,M606B,Main Table1 PDF p6; initial LOI prose PDF p5,18.2,50 x 140,ASTM D2863-2000,11.9,,,Pyris1; PerkinElmer USA,8,,Main N2 explicit R600 prose PDF p11 / Figure7b printed coordinates PDF p10,,,,N2,Control cotton,Main thermal stability methods PDF p5; recipes/material/LOI methods PDF p3,TG+LOI,2026-10-02,Codex complete 15 native publisher pages; one primary reviewer,10,Cellulose,Initial Table1 LOI matches control and 30 percent N2 TG. Explicit prose R600 and printed R601/R602 coordinates have distinct temperatures; no rounding or curve estimation. Air ramp is not independently reported. TG interval-loss prose conflicts with figure boundaries and stays raw; stage boundaries are not T5/T10/Tmax. Graphic abstract says ATEEHP while main identity is APHOMPA; retain the source discrepancy. No other-dose or washed TG transfer.,cotton,Cotton fabric; 100 percent; 124.89 g/m2; Chaotianmen Market Chongqing; weave unreported,Cotton fabric; 100 percent; 124.89 g/m2; Chaotianmen Market Chongqing; weave unreported,Cotton fabric; 100 percent; 124.89 g/m2; Chaotianmen Market Chongqing; weave unreported,Control cotton,explicit_text,Own initial untreated/30percent fabric Table1 LOI18.2/40.5; N2 explicit prose R60011.9/45.4; N2 10K/min and about8mg method p5. Figure7b source601/602C coordinates remain distinct; no inferred onset/peak/threshold or other-dose/washed pairing.,verified_exact,journal_article,Native PDF p1 DOI/title/authors/Original Research/accepted2020,,,11.9,600,source_review_approved,7946b76e618d1446143e5dc744f2b2654d7aac260ab22eb00bd264c129bb9cbf,Control cotton,,,286C/93.4pct;390C/19.5pct;601C/11.6pct,,,,,Reported room temperature; numeric value unreported,,,,11.6,,,,,,,,,Main prose/figure interval losses inconsistent; not used for canonical metrics,Start/end unreported; do not infer from axes,,,,,,,,,,,,,0,,,,Concentration percentage basis not reported,,,,Native publisher online-first original research; unpaginated PDF,,0,Main Table1 PDF p6; N2 R600 prose PDF p11; thermal methods PDF p5,,,,Pentaethylenehexamine10g0.043mol+H3PO328.230g0.344mol+formaldehyde10.366g0.344mol+DI50mL110C3.5h;urea20.672g0.344mol110C1.5h;ethanolpurification. BathAPHOMPA20/25/30%concentrationbasisunreported+DCDfinalmass10%;75C60min1:20/about100%pickup180C4min;DIrinse110Cdry. Preclean/dryingnotwashingstate.,,,,,,,A novel P–N-based flame retardant with multi-reactive groups for treatment of cotton fabrics,https://doi.org/10.1007/s10570-020-03387-0,,,Pentaethylenehexamine10g0.043mol+H3PO328.230g0.344mol+formaldehyde10.366g0.344mol+DI50mL110C3.5h;urea20.672g0.344mol110C1.5h;ethanolpurification. BathAPHOMPA20/25/30%concentrationbasisunreported+DCDfinalmass10%;75C60min1:20/about100%pickup180C4min;DIrinse110Cdry. Preclean/dryingnotwashingstate.,Initial prepared fabric; preparation rinses are not durability laundering,Initial prepared fabric; preparation rinses are not durability laundering,2020
10.1007/s10570-020-03387-0,M606B,Main Table1 PDF p6; initial LOI prose PDF p5,18.2,50 x 140,ASTM D2863-2000,,,,Pyris1; PerkinElmer USA,8,,Main N2 explicit R600 prose PDF p11 / Figure7b printed coordinates PDF p10,,,,air,Control cotton air observations,Main thermal stability methods PDF p5; recipes/material/LOI methods PDF p3,Raw facts held; no verified pair,2026-10-02,Codex complete 15 native publisher pages; one primary reviewer,,Cellulose,Initial Table1 LOI matches control and 30 percent N2 TG. Explicit prose R600 and printed R601/R602 coordinates have distinct temperatures; no rounding or curve estimation. Air ramp is not independently reported. TG interval-loss prose conflicts with figure boundaries and stays raw; stage boundaries are not T5/T10/Tmax. Graphic abstract says ATEEHP while main identity is APHOMPA; retain the source discrepancy. No other-dose or washed TG transfer.,cotton,Cotton fabric; 100 percent; 124.89 g/m2; Chaotianmen Market Chongqing; weave unreported,Cotton fabric; 100 percent; 124.89 g/m2; Chaotianmen Market Chongqing; weave unreported,Cotton fabric; 100 percent; 124.89 g/m2; Chaotianmen Market Chongqing; weave unreported,Control cotton air observations,held_source_facts,,held_air_TG_heating_rate_unreported,journal_article,Native PDF p1 DOI/title/authors/Original Research/accepted2020,,,,,held_outside_verified_target,,Control cotton air observations,,270C/94.5pct;370C/27.3pct;485C/1.58pct,,,,,,Reported room temperature; numeric value unreported,,,,,,,,,,,,,,Start/end unreported; do not infer from axes,,,,,,,,,,,Thermal method reports nitrogen only; no air ramp inference,,,,,,,,,270,Native publisher online-first original research; unpaginated PDF,,,Main air TG prose PDF p9 / Figure7a printed coordinates PDF p10; method PDF p5,,,,Pentaethylenehexamine10g0.043mol+H3PO328.230g0.344mol+formaldehyde10.366g0.344mol+DI50mL110C3.5h;urea20.672g0.344mol110C1.5h;ethanolpurification. BathAPHOMPA20/25/30%concentrationbasisunreported+DCDfinalmass10%;75C60min1:20/about100%pickup180C4min;DIrinse110Cdry. Preclean/dryingnotwashingstate.,,,,,,,A novel P–N-based flame retardant with multi-reactive groups for treatment of cotton fabrics,https://doi.org/10.1007/s10570-020-03387-0,,,Pentaethylenehexamine10g0.043mol+H3PO328.230g0.344mol+formaldehyde10.366g0.344mol+DI50mL110C3.5h;urea20.672g0.344mol110C1.5h;ethanolpurification. BathAPHOMPA20/25/30%concentrationbasisunreported+DCDfinalmass10%;75C60min1:20/about100%pickup180C4min;DIrinse110Cdry. Preclean/dryingnotwashingstate.,Initial prepared fabric; preparation rinses are not durability laundering,Initial prepared fabric; preparation rinses are not durability laundering,2020
10.1007/s10570-020-03387-0,M606B,Main Table1 PDF p6; initial LOI prose PDF p5,40.5,50 x 140,ASTM D2863-2000,45.4,,,Pyris1; PerkinElmer USA,8,,Main N2 explicit R600 prose PDF p11 / Figure7b printed coordinates PDF p10,,,,N2,30% APHOMPA-treated cotton,Main thermal stability methods PDF p5; recipes/material/LOI methods PDF p3,TG+LOI,2026-10-02,Codex complete 15 native publisher pages; one primary reviewer,10,Cellulose,Initial Table1 LOI matches control and 30 percent N2 TG. Explicit prose R600 and printed R601/R602 coordinates have distinct temperatures; no rounding or curve estimation. Air ramp is not independently reported. TG interval-loss prose conflicts with figure boundaries and stays raw; stage boundaries are not T5/T10/Tmax. Graphic abstract says ATEEHP while main identity is APHOMPA; retain the source discrepancy. No other-dose or washed TG transfer.,cotton,Cotton fabric; 100 percent; 124.89 g/m2; Chaotianmen Market Chongqing; weave unreported,Cotton fabric; 100 percent; 124.89 g/m2; Chaotianmen Market Chongqing; weave unreported,Cotton fabric; 100 percent; 124.89 g/m2; Chaotianmen Market Chongqing; weave unreported,30% APHOMPA-treated cotton,explicit_text,Own initial untreated/30percent fabric Table1 LOI18.2/40.5; N2 explicit prose R60011.9/45.4; N2 10K/min and about8mg method p5. Figure7b source601/602C coordinates remain distinct; no inferred onset/peak/threshold or other-dose/washed pairing.,verified_exact,journal_article,Native PDF p1 DOI/title/authors/Original Research/accepted2020,,,45.4,600,source_review_approved,724e7e2cc402ce53c943677fafe3e47b54ab620020ab9cfb18ebead0f91dccac,30% APHOMPA-treated cotton,,,230C/95.9pct;310C/60.9pct;602C/45.4pct,,,,,Reported room temperature; numeric value unreported,,,,,45.4,,,,,,,,Main prose/figure interval losses inconsistent; not used for canonical metrics,Start/end unreported; do not infer from axes,,,,,,,,,,,,,30,,,,Concentration percentage basis not reported,,,,Native publisher online-first original research; unpaginated PDF,,22.1,Main Table1 PDF p6; N2 R600 prose PDF p11; thermal methods PDF p5,,,,Pentaethylenehexamine10g0.043mol+H3PO328.230g0.344mol+formaldehyde10.366g0.344mol+DI50mL110C3.5h;urea20.672g0.344mol110C1.5h;ethanolpurification. BathAPHOMPA20/25/30%concentrationbasisunreported+DCDfinalmass10%;75C60min1:20/about100%pickup180C4min;DIrinse110Cdry. Preclean/dryingnotwashingstate.,,,,,,,A novel P–N-based flame retardant with multi-reactive groups for treatment of cotton fabrics,https://doi.org/10.1007/s10570-020-03387-0,,,Pentaethylenehexamine10g0.043mol+H3PO328.230g0.344mol+formaldehyde10.366g0.344mol+DI50mL110C3.5h;urea20.672g0.344mol110C1.5h;ethanolpurification. BathAPHOMPA20/25/30%concentrationbasisunreported+DCDfinalmass10%;75C60min1:20/about100%pickup180C4min;DIrinse110Cdry. Preclean/dryingnotwashingstate.,Initial prepared fabric; preparation rinses are not durability laundering,Initial prepared fabric; preparation rinses are not durability laundering,2020
10.1007/s10570-020-03387-0,M606B,Main Table1 PDF p6; initial LOI prose PDF p5,40.5,50 x 140,ASTM D2863-2000,,,,Pyris1; PerkinElmer USA,8,,Main N2 explicit R600 prose PDF p11 / Figure7b printed coordinates PDF p10,,,,air,30% APHOMPA-treated cotton air observations,Main thermal stability methods PDF p5; recipes/material/LOI methods PDF p3,Raw facts held; no verified pair,2026-10-02,Codex complete 15 native publisher pages; one primary reviewer,,Cellulose,Initial Table1 LOI matches control and 30 percent N2 TG. Explicit prose R600 and printed R601/R602 coordinates have distinct temperatures; no rounding or curve estimation. Air ramp is not independently reported. TG interval-loss prose conflicts with figure boundaries and stays raw; stage boundaries are not T5/T10/Tmax. Graphic abstract says ATEEHP while main identity is APHOMPA; retain the source discrepancy. No other-dose or washed TG transfer.,cotton,Cotton fabric; 100 percent; 124.89 g/m2; Chaotianmen Market Chongqing; weave unreported,Cotton fabric; 100 percent; 124.89 g/m2; Chaotianmen Market Chongqing; weave unreported,Cotton fabric; 100 percent; 124.89 g/m2; Chaotianmen Market Chongqing; weave unreported,30% APHOMPA-treated cotton air observations,held_source_facts,,held_air_TG_heating_rate_unreported,journal_article,Native PDF p1 DOI/title/authors/Original Research/accepted2020,,,,,held_outside_verified_target,,30% APHOMPA-treated cotton air observations,,229C/93.2pct;300C/60.3pct;591C/28.5pct,,,,,,Reported room temperature; numeric value unreported,,,,,,,,,,,,,,Start/end unreported; do not infer from axes,,,,,,,,,,,Thermal method reports nitrogen only; no air ramp inference,,,,,,,,,229,Native publisher online-first original research; unpaginated PDF,,,Main air TG prose PDF p9 / Figure7a printed coordinates PDF p10; method PDF p5,,,,Pentaethylenehexamine10g0.043mol+H3PO328.230g0.344mol+formaldehyde10.366g0.344mol+DI50mL110C3.5h;urea20.672g0.344mol110C1.5h;ethanolpurification. BathAPHOMPA20/25/30%concentrationbasisunreported+DCDfinalmass10%;75C60min1:20/about100%pickup180C4min;DIrinse110Cdry. Preclean/dryingnotwashingstate.,,,,,,,A novel P–N-based flame retardant with multi-reactive groups for treatment of cotton fabrics,https://doi.org/10.1007/s10570-020-03387-0,,,Pentaethylenehexamine10g0.043mol+H3PO328.230g0.344mol+formaldehyde10.366g0.344mol+DI50mL110C3.5h;urea20.672g0.344mol110C1.5h;ethanolpurification. BathAPHOMPA20/25/30%concentrationbasisunreported+DCDfinalmass10%;75C60min1:20/about100%pickup180C4min;DIrinse110Cdry. Preclean/dryingnotwashingstate.,Initial prepared fabric; preparation rinses are not durability laundering,Initial prepared fabric; preparation rinses are not durability laundering,2020
10.1007/s10570-020-03387-0,M606B,Main Table1 PDF p6; initial LOI prose PDF p5,33.8,50 x 140,ASTM D2863-2000,,,,Pyris1; PerkinElmer USA,8,,Main N2 explicit R600 prose PDF p11 / Figure7b printed coordinates PDF p10,,,,,20% APHOMPA-treated cotton,Main thermal stability methods PDF p5; recipes/material/LOI methods PDF p3,Raw facts held; no verified pair,2026-10-02,Codex complete 15 native publisher pages; one primary reviewer,,Cellulose,Initial Table1 LOI matches control and 30 percent N2 TG. Explicit prose R600 and printed R601/R602 coordinates have distinct temperatures; no rounding or curve estimation. Air ramp is not independently reported. TG interval-loss prose conflicts with figure boundaries and stays raw; stage boundaries are not T5/T10/Tmax. Graphic abstract says ATEEHP while main identity is APHOMPA; retain the source discrepancy. No other-dose or washed TG transfer.,cotton,Cotton fabric; 100 percent; 124.89 g/m2; Chaotianmen Market Chongqing; weave unreported,Cotton fabric; 100 percent; 124.89 g/m2; Chaotianmen Market Chongqing; weave unreported,Cotton fabric; 100 percent; 124.89 g/m2; Chaotianmen Market Chongqing; weave unreported,20% APHOMPA-treated cotton,held_source_facts,,held_otherdose_exact_LOI_no_own_TG,journal_article,Native PDF p1 DOI/title/authors/Original Research/accepted2020,,,,,held_outside_verified_target,,20% APHOMPA-treated cotton,,,,,,,,Reported room temperature; numeric value unreported,,,,,,,,,,,,,,Start/end unreported; do not infer from axes,,,,,,,,,,,,,20,,,,,,,,Native publisher online-first original research; unpaginated PDF,,15.0,Main Table1 PDF p6; N2 R600 prose PDF p11; thermal methods PDF p5,,,,Pentaethylenehexamine10g0.043mol+H3PO328.230g0.344mol+formaldehyde10.366g0.344mol+DI50mL110C3.5h;urea20.672g0.344mol110C1.5h;ethanolpurification. BathAPHOMPA20/25/30%concentrationbasisunreported+DCDfinalmass10%;75C60min1:20/about100%pickup180C4min;DIrinse110Cdry. Preclean/dryingnotwashingstate.,,,,,,,A novel P–N-based flame retardant with multi-reactive groups for treatment of cotton fabrics,https://doi.org/10.1007/s10570-020-03387-0,,,Pentaethylenehexamine10g0.043mol+H3PO328.230g0.344mol+formaldehyde10.366g0.344mol+DI50mL110C3.5h;urea20.672g0.344mol110C1.5h;ethanolpurification. BathAPHOMPA20/25/30%concentrationbasisunreported+DCDfinalmass10%;75C60min1:20/about100%pickup180C4min;DIrinse110Cdry. Preclean/dryingnotwashingstate.,Initial prepared fabric; preparation rinses are not durability laundering,Initial prepared fabric; preparation rinses are not durability laundering,2020
10.1007/s10570-020-03387-0,M606B,Main Table1 PDF p6; initial LOI prose PDF p5,37.5,50 x 140,ASTM D2863-2000,,,,Pyris1; PerkinElmer USA,8,,Main N2 explicit R600 prose PDF p11 / Figure7b printed coordinates PDF p10,,,,,25% APHOMPA-treated cotton,Main thermal stability methods PDF p5; recipes/material/LOI methods PDF p3,Raw facts held; no verified pair,2026-10-02,Codex complete 15 native publisher pages; one primary reviewer,,Cellulose,Initial Table1 LOI matches control and 30 percent N2 TG. Explicit prose R600 and printed R601/R602 coordinates have distinct temperatures; no rounding or curve estimation. Air ramp is not independently reported. TG interval-loss prose conflicts with figure boundaries and stays raw; stage boundaries are not T5/T10/Tmax. Graphic abstract says ATEEHP while main identity is APHOMPA; retain the source discrepancy. No other-dose or washed TG transfer.,cotton,Cotton fabric; 100 percent; 124.89 g/m2; Chaotianmen Market Chongqing; weave unreported,Cotton fabric; 100 percent; 124.89 g/m2; Chaotianmen Market Chongqing; weave unreported,Cotton fabric; 100 percent; 124.89 g/m2; Chaotianmen Market Chongqing; weave unreported,25% APHOMPA-treated cotton,held_source_facts,,held_otherdose_exact_LOI_no_own_TG,journal_article,Native PDF p1 DOI/title/authors/Original Research/accepted2020,,,,,held_outside_verified_target,,25% APHOMPA-treated cotton,,,,,,,,Reported room temperature; numeric value unreported,,,,,,,,,,,,,,Start/end unreported; do not infer from axes,,,,,,,,,,,,,25,,,,,,,,Native publisher online-first original research; unpaginated PDF,,19.8,Main Table1 PDF p6; N2 R600 prose PDF p11; thermal methods PDF p5,,,,Pentaethylenehexamine10g0.043mol+H3PO328.230g0.344mol+formaldehyde10.366g0.344mol+DI50mL110C3.5h;urea20.672g0.344mol110C1.5h;ethanolpurification. BathAPHOMPA20/25/30%concentrationbasisunreported+DCDfinalmass10%;75C60min1:20/about100%pickup180C4min;DIrinse110Cdry. Preclean/dryingnotwashingstate.,,,,,,,A novel P–N-based flame retardant with multi-reactive groups for treatment of cotton fabrics,https://doi.org/10.1007/s10570-020-03387-0,,,Pentaethylenehexamine10g0.043mol+H3PO328.230g0.344mol+formaldehyde10.366g0.344mol+DI50mL110C3.5h;urea20.672g0.344mol110C1.5h;ethanolpurification. BathAPHOMPA20/25/30%concentrationbasisunreported+DCDfinalmass10%;75C60min1:20/about100%pickup180C4min;DIrinse110Cdry. Preclean/dryingnotwashingstate.,Initial prepared fabric; preparation rinses are not durability laundering,Initial prepared fabric; preparation rinses are not durability laundering,2020
10.1007/s10570-020-03387-0,M606B,Main Table1 PDF p6; initial LOI prose PDF p5,30.4,50 x 140,ASTM D2863-2000,,,,Pyris1; PerkinElmer USA,8,,Main N2 explicit R600 prose PDF p11 / Figure7b printed coordinates PDF p10,,,,,20% APHOMPA-treated cotton after 10LCs,Main thermal stability methods PDF p5; recipes/material/LOI methods PDF p3,Raw facts held; no verified pair,2026-10-02,Codex complete 15 native publisher pages; one primary reviewer,,Cellulose,Initial Table1 LOI matches control and 30 percent N2 TG. Explicit prose R600 and printed R601/R602 coordinates have distinct temperatures; no rounding or curve estimation. Air ramp is not independently reported. TG interval-loss prose conflicts with figure boundaries and stays raw; stage boundaries are not T5/T10/Tmax. Graphic abstract says ATEEHP while main identity is APHOMPA; retain the source discrepancy. No other-dose or washed TG transfer.,cotton,Cotton fabric; 100 percent; 124.89 g/m2; Chaotianmen Market Chongqing; weave unreported,Cotton fabric; 100 percent; 124.89 g/m2; Chaotianmen Market Chongqing; weave unreported,Cotton fabric; 100 percent; 124.89 g/m2; Chaotianmen Market Chongqing; weave unreported,20% APHOMPA-treated cotton after 10LCs,held_source_facts,,held_washed_exact_LOI_no_own_TG,journal_article,Native PDF p1 DOI/title/authors/Original Research/accepted2020,,,,,held_outside_verified_target,,20% APHOMPA-treated cotton after 10LCs,,,,,,,,Reported room temperature; numeric value unreported,,,,,,,,,,,,,,Start/end unreported; do not infer from axes,,,,,,,,,,,,,20,,,,,,,,Native publisher online-first original research; unpaginated PDF,,,Main Table1 PDF p6;50LC weight gain Table2 PDF p6;wash methods PDF p3,,,,Pentaethylenehexamine10g0.043mol+H3PO328.230g0.344mol+formaldehyde10.366g0.344mol+DI50mL110C3.5h;urea20.672g0.344mol110C1.5h;ethanolpurification. BathAPHOMPA20/25/30%concentrationbasisunreported+DCDfinalmass10%;75C60min1:20/about100%pickup180C4min;DIrinse110Cdry. Preclean/dryingnotwashingstate.,,,,,,,A novel P–N-based flame retardant with multi-reactive groups for treatment of cotton fabrics,https://doi.org/10.1007/s10570-020-03387-0,10,,Pentaethylenehexamine10g0.043mol+H3PO328.230g0.344mol+formaldehyde10.366g0.344mol+DI50mL110C3.5h;urea20.672g0.344mol110C1.5h;ethanolpurification. BathAPHOMPA20/25/30%concentrationbasisunreported+DCDfinalmass10%;75C60min1:20/about100%pickup180C4min;DIrinse110Cdry. Preclean/dryingnotwashingstate.,After10 source AATCC61-2006 laundering cycles;49C45min sodium dodecylbenzene sulfonate;tap rinse/dry;home equivalence unreported,After10 source AATCC61-2006 laundering cycles;49C45min sodium dodecylbenzene sulfonate;tap rinse/dry;home equivalence unreported,2020
10.1007/s10570-020-03387-0,M606B,Main Table1 PDF p6; initial LOI prose PDF p5,27.6,50 x 140,ASTM D2863-2000,,,,Pyris1; PerkinElmer USA,8,,Main N2 explicit R600 prose PDF p11 / Figure7b printed coordinates PDF p10,,,,,20% APHOMPA-treated cotton after 20LCs,Main thermal stability methods PDF p5; recipes/material/LOI methods PDF p3,Raw facts held; no verified pair,2026-10-02,Codex complete 15 native publisher pages; one primary reviewer,,Cellulose,Initial Table1 LOI matches control and 30 percent N2 TG. Explicit prose R600 and printed R601/R602 coordinates have distinct temperatures; no rounding or curve estimation. Air ramp is not independently reported. TG interval-loss prose conflicts with figure boundaries and stays raw; stage boundaries are not T5/T10/Tmax. Graphic abstract says ATEEHP while main identity is APHOMPA; retain the source discrepancy. No other-dose or washed TG transfer.,cotton,Cotton fabric; 100 percent; 124.89 g/m2; Chaotianmen Market Chongqing; weave unreported,Cotton fabric; 100 percent; 124.89 g/m2; Chaotianmen Market Chongqing; weave unreported,Cotton fabric; 100 percent; 124.89 g/m2; Chaotianmen Market Chongqing; weave unreported,20% APHOMPA-treated cotton after 20LCs,held_source_facts,,held_washed_exact_LOI_no_own_TG,journal_article,Native PDF p1 DOI/title/authors/Original Research/accepted2020,,,,,held_outside_verified_target,,20% APHOMPA-treated cotton after 20LCs,,,,,,,,Reported room temperature; numeric value unreported,,,,,,,,,,,,,,Start/end unreported; do not infer from axes,,,,,,,,,,,,,20,,,,,,,,Native publisher online-first original research; unpaginated PDF,,,Main Table1 PDF p6;50LC weight gain Table2 PDF p6;wash methods PDF p3,,,,Pentaethylenehexamine10g0.043mol+H3PO328.230g0.344mol+formaldehyde10.366g0.344mol+DI50mL110C3.5h;urea20.672g0.344mol110C1.5h;ethanolpurification. BathAPHOMPA20/25/30%concentrationbasisunreported+DCDfinalmass10%;75C60min1:20/about100%pickup180C4min;DIrinse110Cdry. Preclean/dryingnotwashingstate.,,,,,,,A novel P–N-based flame retardant with multi-reactive groups for treatment of cotton fabrics,https://doi.org/10.1007/s10570-020-03387-0,20,,Pentaethylenehexamine10g0.043mol+H3PO328.230g0.344mol+formaldehyde10.366g0.344mol+DI50mL110C3.5h;urea20.672g0.344mol110C1.5h;ethanolpurification. BathAPHOMPA20/25/30%concentrationbasisunreported+DCDfinalmass10%;75C60min1:20/about100%pickup180C4min;DIrinse110Cdry. Preclean/dryingnotwashingstate.,After20 source AATCC61-2006 laundering cycles;49C45min sodium dodecylbenzene sulfonate;tap rinse/dry;home equivalence unreported,After20 source AATCC61-2006 laundering cycles;49C45min sodium dodecylbenzene sulfonate;tap rinse/dry;home equivalence unreported,2020
10.1007/s10570-020-03387-0,M606B,Main Table1 PDF p6; initial LOI prose PDF p5,33.7,50 x 140,ASTM D2863-2000,,,,Pyris1; PerkinElmer USA,8,,Main N2 explicit R600 prose PDF p11 / Figure7b printed coordinates PDF p10,,,,,25% APHOMPA-treated cotton after 10LCs,Main thermal stability methods PDF p5; recipes/material/LOI methods PDF p3,Raw facts held; no verified pair,2026-10-02,Codex complete 15 native publisher pages; one primary reviewer,,Cellulose,Initial Table1 LOI matches control and 30 percent N2 TG. Explicit prose R600 and printed R601/R602 coordinates have distinct temperatures; no rounding or curve estimation. Air ramp is not independently reported. TG interval-loss prose conflicts with figure boundaries and stays raw; stage boundaries are not T5/T10/Tmax. Graphic abstract says ATEEHP while main identity is APHOMPA; retain the source discrepancy. No other-dose or washed TG transfer.,cotton,Cotton fabric; 100 percent; 124.89 g/m2; Chaotianmen Market Chongqing; weave unreported,Cotton fabric; 100 percent; 124.89 g/m2; Chaotianmen Market Chongqing; weave unreported,Cotton fabric; 100 percent; 124.89 g/m2; Chaotianmen Market Chongqing; weave unreported,25% APHOMPA-treated cotton after 10LCs,held_source_facts,,held_washed_exact_LOI_no_own_TG,journal_article,Native PDF p1 DOI/title/authors/Original Research/accepted2020,,,,,held_outside_verified_target,,25% APHOMPA-treated cotton after 10LCs,,,,,,,,Reported room temperature; numeric value unreported,,,,,,,,,,,,,,Start/end unreported; do not infer from axes,,,,,,,,,,,,,25,,,,,,,,Native publisher online-first original research; unpaginated PDF,,,Main Table1 PDF p6;50LC weight gain Table2 PDF p6;wash methods PDF p3,,,,Pentaethylenehexamine10g0.043mol+H3PO328.230g0.344mol+formaldehyde10.366g0.344mol+DI50mL110C3.5h;urea20.672g0.344mol110C1.5h;ethanolpurification. BathAPHOMPA20/25/30%concentrationbasisunreported+DCDfinalmass10%;75C60min1:20/about100%pickup180C4min;DIrinse110Cdry. Preclean/dryingnotwashingstate.,,,,,,,A novel P–N-based flame retardant with multi-reactive groups for treatment of cotton fabrics,https://doi.org/10.1007/s10570-020-03387-0,10,,Pentaethylenehexamine10g0.043mol+H3PO328.230g0.344mol+formaldehyde10.366g0.344mol+DI50mL110C3.5h;urea20.672g0.344mol110C1.5h;ethanolpurification. BathAPHOMPA20/25/30%concentrationbasisunreported+DCDfinalmass10%;75C60min1:20/about100%pickup180C4min;DIrinse110Cdry. Preclean/dryingnotwashingstate.,After10 source AATCC61-2006 laundering cycles;49C45min sodium dodecylbenzene sulfonate;tap rinse/dry;home equivalence unreported,After10 source AATCC61-2006 laundering cycles;49C45min sodium dodecylbenzene sulfonate;tap rinse/dry;home equivalence unreported,2020
10.1007/s10570-020-03387-0,M606B,Main Table1 PDF p6; initial LOI prose PDF p5,30.2,50 x 140,ASTM D2863-2000,,,,Pyris1; PerkinElmer USA,8,,Main N2 explicit R600 prose PDF p11 / Figure7b printed coordinates PDF p10,,,,,25% APHOMPA-treated cotton after 20LCs,Main thermal stability methods PDF p5; recipes/material/LOI methods PDF p3,Raw facts held; no verified pair,2026-10-02,Codex complete 15 native publisher pages; one primary reviewer,,Cellulose,Initial Table1 LOI matches control and 30 percent N2 TG. Explicit prose R600 and printed R601/R602 coordinates have distinct temperatures; no rounding or curve estimation. Air ramp is not independently reported. TG interval-loss prose conflicts with figure boundaries and stays raw; stage boundaries are not T5/T10/Tmax. Graphic abstract says ATEEHP while main identity is APHOMPA; retain the source discrepancy. No other-dose or washed TG transfer.,cotton,Cotton fabric; 100 percent; 124.89 g/m2; Chaotianmen Market Chongqing; weave unreported,Cotton fabric; 100 percent; 124.89 g/m2; Chaotianmen Market Chongqing; weave unreported,Cotton fabric; 100 percent; 124.89 g/m2; Chaotianmen Market Chongqing; weave unreported,25% APHOMPA-treated cotton after 20LCs,held_source_facts,,held_washed_exact_LOI_no_own_TG,journal_article,Native PDF p1 DOI/title/authors/Original Research/accepted2020,,,,,held_outside_verified_target,,25% APHOMPA-treated cotton after 20LCs,,,,,,,,Reported room temperature; numeric value unreported,,,,,,,,,,,,,,Start/end unreported; do not infer from axes,,,,,,,,,,,,,25,,,,,,,,Native publisher online-first original research; unpaginated PDF,,,Main Table1 PDF p6;50LC weight gain Table2 PDF p6;wash methods PDF p3,,,,Pentaethylenehexamine10g0.043mol+H3PO328.230g0.344mol+formaldehyde10.366g0.344mol+DI50mL110C3.5h;urea20.672g0.344mol110C1.5h;ethanolpurification. BathAPHOMPA20/25/30%concentrationbasisunreported+DCDfinalmass10%;75C60min1:20/about100%pickup180C4min;DIrinse110Cdry. Preclean/dryingnotwashingstate.,,,,,,,A novel P–N-based flame retardant with multi-reactive groups for treatment of cotton fabrics,https://doi.org/10.1007/s10570-020-03387-0,20,,Pentaethylenehexamine10g0.043mol+H3PO328.230g0.344mol+formaldehyde10.366g0.344mol+DI50mL110C3.5h;urea20.672g0.344mol110C1.5h;ethanolpurification. BathAPHOMPA20/25/30%concentrationbasisunreported+DCDfinalmass10%;75C60min1:20/about100%pickup180C4min;DIrinse110Cdry. Preclean/dryingnotwashingstate.,After20 source AATCC61-2006 laundering cycles;49C45min sodium dodecylbenzene sulfonate;tap rinse/dry;home equivalence unreported,After20 source AATCC61-2006 laundering cycles;49C45min sodium dodecylbenzene sulfonate;tap rinse/dry;home equivalence unreported,2020
10.1007/s10570-020-03387-0,M606B,Main Table1 PDF p6; initial LOI prose PDF p5,29.2,50 x 140,ASTM D2863-2000,,,,Pyris1; PerkinElmer USA,8,,Main N2 explicit R600 prose PDF p11 / Figure7b printed coordinates PDF p10,,,,,25% APHOMPA-treated cotton after 30LCs,Main thermal stability methods PDF p5; recipes/material/LOI methods PDF p3,Raw facts held; no verified pair,2026-10-02,Codex complete 15 native publisher pages; one primary reviewer,,Cellulose,Initial Table1 LOI matches control and 30 percent N2 TG. Explicit prose R600 and printed R601/R602 coordinates have distinct temperatures; no rounding or curve estimation. Air ramp is not independently reported. TG interval-loss prose conflicts with figure boundaries and stays raw; stage boundaries are not T5/T10/Tmax. Graphic abstract says ATEEHP while main identity is APHOMPA; retain the source discrepancy. No other-dose or washed TG transfer.,cotton,Cotton fabric; 100 percent; 124.89 g/m2; Chaotianmen Market Chongqing; weave unreported,Cotton fabric; 100 percent; 124.89 g/m2; Chaotianmen Market Chongqing; weave unreported,Cotton fabric; 100 percent; 124.89 g/m2; Chaotianmen Market Chongqing; weave unreported,25% APHOMPA-treated cotton after 30LCs,held_source_facts,,held_washed_exact_LOI_no_own_TG,journal_article,Native PDF p1 DOI/title/authors/Original Research/accepted2020,,,,,held_outside_verified_target,,25% APHOMPA-treated cotton after 30LCs,,,,,,,,Reported room temperature; numeric value unreported,,,,,,,,,,,,,,Start/end unreported; do not infer from axes,,,,,,,,,,,,,25,,,,,,,,Native publisher online-first original research; unpaginated PDF,,,Main Table1 PDF p6;50LC weight gain Table2 PDF p6;wash methods PDF p3,,,,Pentaethylenehexamine10g0.043mol+H3PO328.230g0.344mol+formaldehyde10.366g0.344mol+DI50mL110C3.5h;urea20.672g0.344mol110C1.5h;ethanolpurification. BathAPHOMPA20/25/30%concentrationbasisunreported+DCDfinalmass10%;75C60min1:20/about100%pickup180C4min;DIrinse110Cdry. Preclean/dryingnotwashingstate.,,,,,,,A novel P–N-based flame retardant with multi-reactive groups for treatment of cotton fabrics,https://doi.org/10.1007/s10570-020-03387-0,30,,Pentaethylenehexamine10g0.043mol+H3PO328.230g0.344mol+formaldehyde10.366g0.344mol+DI50mL110C3.5h;urea20.672g0.344mol110C1.5h;ethanolpurification. BathAPHOMPA20/25/30%concentrationbasisunreported+DCDfinalmass10%;75C60min1:20/about100%pickup180C4min;DIrinse110Cdry. Preclean/dryingnotwashingstate.,After30 source AATCC61-2006 laundering cycles;49C45min sodium dodecylbenzene sulfonate;tap rinse/dry;home equivalence unreported,After30 source AATCC61-2006 laundering cycles;49C45min sodium dodecylbenzene sulfonate;tap rinse/dry;home equivalence unreported,2020
10.1007/s10570-020-03387-0,M606B,Main Table1 PDF p6; initial LOI prose PDF p5,35.2,50 x 140,ASTM D2863-2000,,,,Pyris1; PerkinElmer USA,8,,Main N2 explicit R600 prose PDF p11 / Figure7b printed coordinates PDF p10,,,,,30% APHOMPA-treated cotton after 10LCs,Main thermal stability methods PDF p5; recipes/material/LOI methods PDF p3,Raw facts held; no verified pair,2026-10-02,Codex complete 15 native publisher pages; one primary reviewer,,Cellulose,Initial Table1 LOI matches control and 30 percent N2 TG. Explicit prose R600 and printed R601/R602 coordinates have distinct temperatures; no rounding or curve estimation. Air ramp is not independently reported. TG interval-loss prose conflicts with figure boundaries and stays raw; stage boundaries are not T5/T10/Tmax. Graphic abstract says ATEEHP while main identity is APHOMPA; retain the source discrepancy. No other-dose or washed TG transfer.,cotton,Cotton fabric; 100 percent; 124.89 g/m2; Chaotianmen Market Chongqing; weave unreported,Cotton fabric; 100 percent; 124.89 g/m2; Chaotianmen Market Chongqing; weave unreported,Cotton fabric; 100 percent; 124.89 g/m2; Chaotianmen Market Chongqing; weave unreported,30% APHOMPA-treated cotton after 10LCs,held_source_facts,,held_washed_exact_LOI_no_own_TG,journal_article,Native PDF p1 DOI/title/authors/Original Research/accepted2020,,,,,held_outside_verified_target,,30% APHOMPA-treated cotton after 10LCs,,,,,,,,Reported room temperature; numeric value unreported,,,,,,,,,,,,,,Start/end unreported; do not infer from axes,,,,,,,,,,,,,30,,,,,,,,Native publisher online-first original research; unpaginated PDF,,,Main Table1 PDF p6;50LC weight gain Table2 PDF p6;wash methods PDF p3,,,,Pentaethylenehexamine10g0.043mol+H3PO328.230g0.344mol+formaldehyde10.366g0.344mol+DI50mL110C3.5h;urea20.672g0.344mol110C1.5h;ethanolpurification. BathAPHOMPA20/25/30%concentrationbasisunreported+DCDfinalmass10%;75C60min1:20/about100%pickup180C4min;DIrinse110Cdry. Preclean/dryingnotwashingstate.,,,,,,,A novel P–N-based flame retardant with multi-reactive groups for treatment of cotton fabrics,https://doi.org/10.1007/s10570-020-03387-0,10,,Pentaethylenehexamine10g0.043mol+H3PO328.230g0.344mol+formaldehyde10.366g0.344mol+DI50mL110C3.5h;urea20.672g0.344mol110C1.5h;ethanolpurification. BathAPHOMPA20/25/30%concentrationbasisunreported+DCDfinalmass10%;75C60min1:20/about100%pickup180C4min;DIrinse110Cdry. Preclean/dryingnotwashingstate.,After10 source AATCC61-2006 laundering cycles;49C45min sodium dodecylbenzene sulfonate;tap rinse/dry;home equivalence unreported,After10 source AATCC61-2006 laundering cycles;49C45min sodium dodecylbenzene sulfonate;tap rinse/dry;home equivalence unreported,2020
10.1007/s10570-020-03387-0,M606B,Main Table1 PDF p6; initial LOI prose PDF p5,32.5,50 x 140,ASTM D2863-2000,,,,Pyris1; PerkinElmer USA,8,,Main N2 explicit R600 prose PDF p11 / Figure7b printed coordinates PDF p10,,,,,30% APHOMPA-treated cotton after 20LCs,Main thermal stability methods PDF p5; recipes/material/LOI methods PDF p3,Raw facts held; no verified pair,2026-10-02,Codex complete 15 native publisher pages; one primary reviewer,,Cellulose,Initial Table1 LOI matches control and 30 percent N2 TG. Explicit prose R600 and printed R601/R602 coordinates have distinct temperatures; no rounding or curve estimation. Air ramp is not independently reported. TG interval-loss prose conflicts with figure boundaries and stays raw; stage boundaries are not T5/T10/Tmax. Graphic abstract says ATEEHP while main identity is APHOMPA; retain the source discrepancy. No other-dose or washed TG transfer.,cotton,Cotton fabric; 100 percent; 124.89 g/m2; Chaotianmen Market Chongqing; weave unreported,Cotton fabric; 100 percent; 124.89 g/m2; Chaotianmen Market Chongqing; weave unreported,Cotton fabric; 100 percent; 124.89 g/m2; Chaotianmen Market Chongqing; weave unreported,30% APHOMPA-treated cotton after 20LCs,held_source_facts,,held_washed_exact_LOI_no_own_TG,journal_article,Native PDF p1 DOI/title/authors/Original Research/accepted2020,,,,,held_outside_verified_target,,30% APHOMPA-treated cotton after 20LCs,,,,,,,,Reported room temperature; numeric value unreported,,,,,,,,,,,,,,Start/end unreported; do not infer from axes,,,,,,,,,,,,,30,,,,,,,,Native publisher online-first original research; unpaginated PDF,,,Main Table1 PDF p6;50LC weight gain Table2 PDF p6;wash methods PDF p3,,,,Pentaethylenehexamine10g0.043mol+H3PO328.230g0.344mol+formaldehyde10.366g0.344mol+DI50mL110C3.5h;urea20.672g0.344mol110C1.5h;ethanolpurification. BathAPHOMPA20/25/30%concentrationbasisunreported+DCDfinalmass10%;75C60min1:20/about100%pickup180C4min;DIrinse110Cdry. Preclean/dryingnotwashingstate.,,,,,,,A novel P–N-based flame retardant with multi-reactive groups for treatment of cotton fabrics,https://doi.org/10.1007/s10570-020-03387-0,20,,Pentaethylenehexamine10g0.043mol+H3PO328.230g0.344mol+formaldehyde10.366g0.344mol+DI50mL110C3.5h;urea20.672g0.344mol110C1.5h;ethanolpurification. BathAPHOMPA20/25/30%concentrationbasisunreported+DCDfinalmass10%;75C60min1:20/about100%pickup180C4min;DIrinse110Cdry. Preclean/dryingnotwashingstate.,After20 source AATCC61-2006 laundering cycles;49C45min sodium dodecylbenzene sulfonate;tap rinse/dry;home equivalence unreported,After20 source AATCC61-2006 laundering cycles;49C45min sodium dodecylbenzene sulfonate;tap rinse/dry;home equivalence unreported,2020
10.1007/s10570-020-03387-0,M606B,Main Table1 PDF p6; initial LOI prose PDF p5,30.6,50 x 140,ASTM D2863-2000,,,,Pyris1; PerkinElmer USA,8,,Main N2 explicit R600 prose PDF p11 / Figure7b printed coordinates PDF p10,,,,,30% APHOMPA-treated cotton after 30LCs,Main thermal stability methods PDF p5; recipes/material/LOI methods PDF p3,Raw facts held; no verified pair,2026-10-02,Codex complete 15 native publisher pages; one primary reviewer,,Cellulose,Initial Table1 LOI matches control and 30 percent N2 TG. Explicit prose R600 and printed R601/R602 coordinates have distinct temperatures; no rounding or curve estimation. Air ramp is not independently reported. TG interval-loss prose conflicts with figure boundaries and stays raw; stage boundaries are not T5/T10/Tmax. Graphic abstract says ATEEHP while main identity is APHOMPA; retain the source discrepancy. No other-dose or washed TG transfer.,cotton,Cotton fabric; 100 percent; 124.89 g/m2; Chaotianmen Market Chongqing; weave unreported,Cotton fabric; 100 percent; 124.89 g/m2; Chaotianmen Market Chongqing; weave unreported,Cotton fabric; 100 percent; 124.89 g/m2; Chaotianmen Market Chongqing; weave unreported,30% APHOMPA-treated cotton after 30LCs,held_source_facts,,held_washed_exact_LOI_no_own_TG,journal_article,Native PDF p1 DOI/title/authors/Original Research/accepted2020,,,,,held_outside_verified_target,,30% APHOMPA-treated cotton after 30LCs,,,,,,,,Reported room temperature; numeric value unreported,,,,,,,,,,,,,,Start/end unreported; do not infer from axes,,,,,,,,,,,,,30,,,,,,,,Native publisher online-first original research; unpaginated PDF,,,Main Table1 PDF p6;50LC weight gain Table2 PDF p6;wash methods PDF p3,,,,Pentaethylenehexamine10g0.043mol+H3PO328.230g0.344mol+formaldehyde10.366g0.344mol+DI50mL110C3.5h;urea20.672g0.344mol110C1.5h;ethanolpurification. BathAPHOMPA20/25/30%concentrationbasisunreported+DCDfinalmass10%;75C60min1:20/about100%pickup180C4min;DIrinse110Cdry. Preclean/dryingnotwashingstate.,,,,,,,A novel P–N-based flame retardant with multi-reactive groups for treatment of cotton fabrics,https://doi.org/10.1007/s10570-020-03387-0,30,,Pentaethylenehexamine10g0.043mol+H3PO328.230g0.344mol+formaldehyde10.366g0.344mol+DI50mL110C3.5h;urea20.672g0.344mol110C1.5h;ethanolpurification. BathAPHOMPA20/25/30%concentrationbasisunreported+DCDfinalmass10%;75C60min1:20/about100%pickup180C4min;DIrinse110Cdry. Preclean/dryingnotwashingstate.,After30 source AATCC61-2006 laundering cycles;49C45min sodium dodecylbenzene sulfonate;tap rinse/dry;home equivalence unreported,After30 source AATCC61-2006 laundering cycles;49C45min sodium dodecylbenzene sulfonate;tap rinse/dry;home equivalence unreported,2020
10.1007/s10570-020-03387-0,M606B,Main Table1 PDF p6; initial LOI prose PDF p5,29.7,50 x 140,ASTM D2863-2000,,,,Pyris1; PerkinElmer USA,8,,Main N2 explicit R600 prose PDF p11 / Figure7b printed coordinates PDF p10,,,,,30% APHOMPA-treated cotton after 40LCs,Main thermal stability methods PDF p5; recipes/material/LOI methods PDF p3,Raw facts held; no verified pair,2026-10-02,Codex complete 15 native publisher pages; one primary reviewer,,Cellulose,Initial Table1 LOI matches control and 30 percent N2 TG. Explicit prose R600 and printed R601/R602 coordinates have distinct temperatures; no rounding or curve estimation. Air ramp is not independently reported. TG interval-loss prose conflicts with figure boundaries and stays raw; stage boundaries are not T5/T10/Tmax. Graphic abstract says ATEEHP while main identity is APHOMPA; retain the source discrepancy. No other-dose or washed TG transfer.,cotton,Cotton fabric; 100 percent; 124.89 g/m2; Chaotianmen Market Chongqing; weave unreported,Cotton fabric; 100 percent; 124.89 g/m2; Chaotianmen Market Chongqing; weave unreported,Cotton fabric; 100 percent; 124.89 g/m2; Chaotianmen Market Chongqing; weave unreported,30% APHOMPA-treated cotton after 40LCs,held_source_facts,,held_washed_exact_LOI_no_own_TG,journal_article,Native PDF p1 DOI/title/authors/Original Research/accepted2020,,,,,held_outside_verified_target,,30% APHOMPA-treated cotton after 40LCs,,,,,,,,Reported room temperature; numeric value unreported,,,,,,,,,,,,,,Start/end unreported; do not infer from axes,,,,,,,,,,,,,30,,,,,,,,Native publisher online-first original research; unpaginated PDF,,,Main Table1 PDF p6;50LC weight gain Table2 PDF p6;wash methods PDF p3,,,,Pentaethylenehexamine10g0.043mol+H3PO328.230g0.344mol+formaldehyde10.366g0.344mol+DI50mL110C3.5h;urea20.672g0.344mol110C1.5h;ethanolpurification. BathAPHOMPA20/25/30%concentrationbasisunreported+DCDfinalmass10%;75C60min1:20/about100%pickup180C4min;DIrinse110Cdry. Preclean/dryingnotwashingstate.,,,,,,,A novel P–N-based flame retardant with multi-reactive groups for treatment of cotton fabrics,https://doi.org/10.1007/s10570-020-03387-0,40,,Pentaethylenehexamine10g0.043mol+H3PO328.230g0.344mol+formaldehyde10.366g0.344mol+DI50mL110C3.5h;urea20.672g0.344mol110C1.5h;ethanolpurification. BathAPHOMPA20/25/30%concentrationbasisunreported+DCDfinalmass10%;75C60min1:20/about100%pickup180C4min;DIrinse110Cdry. Preclean/dryingnotwashingstate.,After40 source AATCC61-2006 laundering cycles;49C45min sodium dodecylbenzene sulfonate;tap rinse/dry;home equivalence unreported,After40 source AATCC61-2006 laundering cycles;49C45min sodium dodecylbenzene sulfonate;tap rinse/dry;home equivalence unreported,2020
10.1007/s10570-020-03387-0,M606B,Main Table1 PDF p6; initial LOI prose PDF p5,28.8,50 x 140,ASTM D2863-2000,,,,Pyris1; PerkinElmer USA,8,,Main N2 explicit R600 prose PDF p11 / Figure7b printed coordinates PDF p10,,,,,30% APHOMPA-treated cotton after 50LCs,Main thermal stability methods PDF p5; recipes/material/LOI methods PDF p3,Raw facts held; no verified pair,2026-10-02,Codex complete 15 native publisher pages; one primary reviewer,,Cellulose,Initial Table1 LOI matches control and 30 percent N2 TG. Explicit prose R600 and printed R601/R602 coordinates have distinct temperatures; no rounding or curve estimation. Air ramp is not independently reported. TG interval-loss prose conflicts with figure boundaries and stays raw; stage boundaries are not T5/T10/Tmax. Graphic abstract says ATEEHP while main identity is APHOMPA; retain the source discrepancy. No other-dose or washed TG transfer.,cotton,Cotton fabric; 100 percent; 124.89 g/m2; Chaotianmen Market Chongqing; weave unreported,Cotton fabric; 100 percent; 124.89 g/m2; Chaotianmen Market Chongqing; weave unreported,Cotton fabric; 100 percent; 124.89 g/m2; Chaotianmen Market Chongqing; weave unreported,30% APHOMPA-treated cotton after 50LCs,held_source_facts,,held_washed_exact_LOI_no_own_TG,journal_article,Native PDF p1 DOI/title/authors/Original Research/accepted2020,,,,,held_outside_verified_target,,30% APHOMPA-treated cotton after 50LCs,,,,,,,,Reported room temperature; numeric value unreported,,,,,,,,,,,,,,Start/end unreported; do not infer from axes,,,,,,,,,,,,,30,,,,,,,,Native publisher online-first original research; unpaginated PDF,,,Main Table1 PDF p6;50LC weight gain Table2 PDF p6;wash methods PDF p3,,,,Pentaethylenehexamine10g0.043mol+H3PO328.230g0.344mol+formaldehyde10.366g0.344mol+DI50mL110C3.5h;urea20.672g0.344mol110C1.5h;ethanolpurification. BathAPHOMPA20/25/30%concentrationbasisunreported+DCDfinalmass10%;75C60min1:20/about100%pickup180C4min;DIrinse110Cdry. Preclean/dryingnotwashingstate.,14.1,,,,,,A novel P–N-based flame retardant with multi-reactive groups for treatment of cotton fabrics,https://doi.org/10.1007/s10570-020-03387-0,50,,Pentaethylenehexamine10g0.043mol+H3PO328.230g0.344mol+formaldehyde10.366g0.344mol+DI50mL110C3.5h;urea20.672g0.344mol110C1.5h;ethanolpurification. BathAPHOMPA20/25/30%concentrationbasisunreported+DCDfinalmass10%;75C60min1:20/about100%pickup180C4min;DIrinse110Cdry. Preclean/dryingnotwashingstate.,After50 source AATCC61-2006 laundering cycles;49C45min sodium dodecylbenzene sulfonate;tap rinse/dry;home equivalence unreported,After50 source AATCC61-2006 laundering cycles;49C45min sodium dodecylbenzene sulfonate;tap rinse/dry;home equivalence unreported,2020
10.1007/s10570-020-03417-x,ZR311,,,,,,,,DTG60;Shimadzu,,,,,,,N2,control TG after 3curings30LC,,Raw facts held; no verified pair,2026-10-02,Codex complete 12 native publisher pages; one primary reviewer,10,Cellulose,"All held: Table2/Fig6 identify 3 curings and 30 laundry cycles but no treated GBAP concentration; the 100 g/L standard in the laundering experiment does not identify later TG after a dose series. Control LOI19 has unspecified washing state. Early Ta peaks are moisture, not the first decomposition peak. Native DTG rate units and tensile/whiteness washing labels conflict; no corrections or graph estimates.",cotton,Cotton fabric; 215.7 g/m2; Alibaba; purity/weave unreported,Cotton fabric; 215.7 g/m2; Alibaba; purity/weave unreported,Cotton fabric; 215.7 g/m2; Alibaba; purity/weave unreported,control TG after 3curings30LC,held_source_facts,,held_TG_dose_or_control_LOI_wash_mapping_unresolved,journal_article,Native PDF p1 DOI/title/authors/Original Research/accepted2020,,,,,held_outside_verified_target,,control TG after 3curings30LC,Table percent/C versus Figure percent/min; prose percent; unresolved,,,,,,,,ASTM D6413-08 printed for LOI; no inferred correction,,,,,,14.55,0.18,16.89,,800,50,,,,25,84.3,64.3,360.4,333.0,,,,,,,,,,,,19,,,Native publisher online-first original research; unpaginated PDF,,,Main Table2/Figure6 PDF p8;TG methods PDF p4;control LOI prose PDF p6,,,NaOH40g/L70C30min;thorough deionized-water rinse;not postfinish durability laundering,GBAP50/100/150/200/250g/L+DCD40+ammoniumbiphosphate40+urea20g/L;DIbath50C0.5h ultrasound1:20/~100%pickup80C30min;170C10/7.5/5min3curings;DIrinse/dry.,,,,,,Phytic acid20mmol60wt%aqueous+saccharide14.5-53.3mmol+boricacid40mmol60C2h;urea500mmol+deionizedwater360mmol90C8h;viscous liquid used unpurified,A synergistic flame retardant of glycosyl cross-linking boron acid and ammonium salt of phytic acid to enhance durable flame retardancy of cotton fabrics,https://doi.org/10.1007/s10570-020-03417-x,,,GBAP50/100/150/200/250g/L+DCD40+ammoniumbiphosphate40+urea20g/L;DIbath50C0.5h ultrasound1:20/~100%pickup80C30min;170C10/7.5/5min3curings;DIrinse/dry.,3 curings and30 source Monograph6-2016 cycles;25C15+/-2min without detergent,3 curings and30 source Monograph6-2016 cycles;25C15+/-2min without detergent,2020
10.1007/s10570-020-03417-x,ZR311,,,,,,,,DTG60;Shimadzu,,,,,,,N2,treated_unspecified_r_GBAP_dose TG after 3curings30LC,,Raw facts held; no verified pair,2026-10-02,Codex complete 12 native publisher pages; one primary reviewer,10,Cellulose,"All held: Table2/Fig6 identify 3 curings and 30 laundry cycles but no treated GBAP concentration; the 100 g/L standard in the laundering experiment does not identify later TG after a dose series. Control LOI19 has unspecified washing state. Early Ta peaks are moisture, not the first decomposition peak. Native DTG rate units and tensile/whiteness washing labels conflict; no corrections or graph estimates.",cotton,Cotton fabric; 215.7 g/m2; Alibaba; purity/weave unreported,Cotton fabric; 215.7 g/m2; Alibaba; purity/weave unreported,Cotton fabric; 215.7 g/m2; Alibaba; purity/weave unreported,treated_unspecified_r_GBAP_dose TG after 3curings30LC,held_source_facts,,held_TG_dose_or_control_LOI_wash_mapping_unresolved,journal_article,Native PDF p1 DOI/title/authors/Original Research/accepted2020,,,,,held_outside_verified_target,,treated_unspecified_r_GBAP_dose TG after 3curings30LC,Table percent/C versus Figure percent/min; prose percent; unresolved,,,,,,,,ASTM D6413-08 printed for LOI; no inferred correction,,,,,,38.39,0.2,11.77,,800,50,,,,25,96.5,69.3,274.9,256.0,,,,,,,,,,,,,,,Native publisher online-first original research; unpaginated PDF,,,Main Table2/Figure6 PDF p8;TG methods PDF p4;control LOI prose PDF p6,,,NaOH40g/L70C30min;thorough deionized-water rinse;not postfinish durability laundering,GBAP50/100/150/200/250g/L+DCD40+ammoniumbiphosphate40+urea20g/L;DIbath50C0.5h ultrasound1:20/~100%pickup80C30min;170C10/7.5/5min3curings;DIrinse/dry.,,,,,,Phytic acid20mmol60wt%aqueous+saccharide14.5-53.3mmol+boricacid40mmol60C2h;urea500mmol+deionizedwater360mmol90C8h;viscous liquid used unpurified,A synergistic flame retardant of glycosyl cross-linking boron acid and ammonium salt of phytic acid to enhance durable flame retardancy of cotton fabrics,https://doi.org/10.1007/s10570-020-03417-x,,,GBAP50/100/150/200/250g/L+DCD40+ammoniumbiphosphate40+urea20g/L;DIbath50C0.5h ultrasound1:20/~100%pickup80C30min;170C10/7.5/5min3curings;DIrinse/dry.,3 curings and30 source Monograph6-2016 cycles;25C15+/-2min without detergent,3 curings and30 source Monograph6-2016 cycles;25C15+/-2min without detergent,2020
10.1007/s10570-020-03417-x,,,,,,,,,,,,,,,,,xylose-GBAP100g/L after3curings30LC,,Raw facts held; no verified pair,2026-10-02,Codex complete 12 native publisher pages; one primary reviewer,,Cellulose,"All held: Table2/Fig6 identify 3 curings and 30 laundry cycles but no treated GBAP concentration; the 100 g/L standard in the laundering experiment does not identify later TG after a dose series. Control LOI19 has unspecified washing state. Early Ta peaks are moisture, not the first decomposition peak. Native DTG rate units and tensile/whiteness washing labels conflict; no corrections or graph estimates.",cotton,Cotton fabric; 215.7 g/m2; Alibaba; purity/weave unreported,Cotton fabric; 215.7 g/m2; Alibaba; purity/weave unreported,Cotton fabric; 215.7 g/m2; Alibaba; purity/weave unreported,xylose-GBAP100g/L after3curings30LC,held_source_facts,,held_exact_or_graph_LOI_no_identified_own_TG,journal_article,Native PDF p1 DOI/title/authors/Original Research/accepted2020,,,,,held_outside_verified_target,,xylose-GBAP100g/L after3curings30LC,,,,,,Graph only; no estimation,,,,,,,,,,,,,,,,,,,,,,,,,,,,,,,,100,,,,,Native publisher online-first original research; unpaginated PDF,,,Main Figure2/caption/own LOI prose PDF p5;recipe PDF p3,,,NaOH40g/L70C30min;thorough deionized-water rinse;not postfinish durability laundering,GBAP50/100/150/200/250g/L+DCD40+ammoniumbiphosphate40+urea20g/L;DIbath50C0.5h ultrasound1:20/~100%pickup80C30min;170C10/7.5/5min3curings;DIrinse/dry.,,,xylose,,,Phytic acid20mmol60wt%aqueous+saccharide14.5-53.3mmol+boricacid40mmol60C2h;urea500mmol+deionizedwater360mmol90C8h;viscous liquid used unpurified,A synergistic flame retardant of glycosyl cross-linking boron acid and ammonium salt of phytic acid to enhance durable flame retardancy of cotton fabrics,https://doi.org/10.1007/s10570-020-03417-x,30,,GBAP50/100/150/200/250g/L+DCD40+ammoniumbiphosphate40+urea20g/L;DIbath50C0.5h ultrasound1:20/~100%pickup80C30min;170C10/7.5/5min3curings;DIrinse/dry.,3 curings and30 source Monograph6-2016 cycles;25C15+/-2min without detergent,3 curings and30 source Monograph6-2016 cycles;25C15+/-2min without detergent,2020
10.1007/s10570-020-03417-x,,,,,,,,,,,,,,,,,ribose-GBAP100g/L after3curings30LC,,Raw facts held; no verified pair,2026-10-02,Codex complete 12 native publisher pages; one primary reviewer,,Cellulose,"All held: Table2/Fig6 identify 3 curings and 30 laundry cycles but no treated GBAP concentration; the 100 g/L standard in the laundering experiment does not identify later TG after a dose series. Control LOI19 has unspecified washing state. Early Ta peaks are moisture, not the first decomposition peak. Native DTG rate units and tensile/whiteness washing labels conflict; no corrections or graph estimates.",cotton,Cotton fabric; 215.7 g/m2; Alibaba; purity/weave unreported,Cotton fabric; 215.7 g/m2; Alibaba; purity/weave unreported,Cotton fabric; 215.7 g/m2; Alibaba; purity/weave unreported,ribose-GBAP100g/L after3curings30LC,held_source_facts,,held_exact_or_graph_LOI_no_identified_own_TG,journal_article,Native PDF p1 DOI/title/authors/Original Research/accepted2020,,,,,held_outside_verified_target,,ribose-GBAP100g/L after3curings30LC,,,,,,Graph only; no estimation,,,,,,,,,,,,,,,,,,,,,,,,,,,,,,,,100,,,,,Native publisher online-first original research; unpaginated PDF,,,Main Figure2/caption/own LOI prose PDF p5;recipe PDF p3,,,NaOH40g/L70C30min;thorough deionized-water rinse;not postfinish durability laundering,GBAP50/100/150/200/250g/L+DCD40+ammoniumbiphosphate40+urea20g/L;DIbath50C0.5h ultrasound1:20/~100%pickup80C30min;170C10/7.5/5min3curings;DIrinse/dry.,,,ribose,,,Phytic acid20mmol60wt%aqueous+saccharide14.5-53.3mmol+boricacid40mmol60C2h;urea500mmol+deionizedwater360mmol90C8h;viscous liquid used unpurified,A synergistic flame retardant of glycosyl cross-linking boron acid and ammonium salt of phytic acid to enhance durable flame retardancy of cotton fabrics,https://doi.org/10.1007/s10570-020-03417-x,30,,GBAP50/100/150/200/250g/L+DCD40+ammoniumbiphosphate40+urea20g/L;DIbath50C0.5h ultrasound1:20/~100%pickup80C30min;170C10/7.5/5min3curings;DIrinse/dry.,3 curings and30 source Monograph6-2016 cycles;25C15+/-2min without detergent,3 curings and30 source Monograph6-2016 cycles;25C15+/-2min without detergent,2020
10.1007/s10570-020-03417-x,,,,,,,,,,,,,,,,,glucose-GBAP100g/L after3curings30LC,,Raw facts held; no verified pair,2026-10-02,Codex complete 12 native publisher pages; one primary reviewer,,Cellulose,"All held: Table2/Fig6 identify 3 curings and 30 laundry cycles but no treated GBAP concentration; the 100 g/L standard in the laundering experiment does not identify later TG after a dose series. Control LOI19 has unspecified washing state. Early Ta peaks are moisture, not the first decomposition peak. Native DTG rate units and tensile/whiteness washing labels conflict; no corrections or graph estimates.",cotton,Cotton fabric; 215.7 g/m2; Alibaba; purity/weave unreported,Cotton fabric; 215.7 g/m2; Alibaba; purity/weave unreported,Cotton fabric; 215.7 g/m2; Alibaba; purity/weave unreported,glucose-GBAP100g/L after3curings30LC,held_source_facts,,held_exact_or_graph_LOI_no_identified_own_TG,journal_article,Native PDF p1 DOI/title/authors/Original Research/accepted2020,,,,,held_outside_verified_target,,glucose-GBAP100g/L after3curings30LC,,,,,,Graph only; no estimation,,,,,,,,,,,,,,,,,,,,,,,,,,,,,,,,100,,,,,Native publisher online-first original research; unpaginated PDF,,,Main Figure2/caption/own LOI prose PDF p5;recipe PDF p3,,,NaOH40g/L70C30min;thorough deionized-water rinse;not postfinish durability laundering,GBAP50/100/150/200/250g/L+DCD40+ammoniumbiphosphate40+urea20g/L;DIbath50C0.5h ultrasound1:20/~100%pickup80C30min;170C10/7.5/5min3curings;DIrinse/dry.,,,glucose,,,Phytic acid20mmol60wt%aqueous+saccharide14.5-53.3mmol+boricacid40mmol60C2h;urea500mmol+deionizedwater360mmol90C8h;viscous liquid used unpurified,A synergistic flame retardant of glycosyl cross-linking boron acid and ammonium salt of phytic acid to enhance durable flame retardancy of cotton fabrics,https://doi.org/10.1007/s10570-020-03417-x,30,,GBAP50/100/150/200/250g/L+DCD40+ammoniumbiphosphate40+urea20g/L;DIbath50C0.5h ultrasound1:20/~100%pickup80C30min;170C10/7.5/5min3curings;DIrinse/dry.,3 curings and30 source Monograph6-2016 cycles;25C15+/-2min without detergent,3 curings and30 source Monograph6-2016 cycles;25C15+/-2min without detergent,2020
10.1007/s10570-020-03417-x,,,,,,,,,,,,,,,,,sucrose-GBAP100g/L after3curings30LC,,Raw facts held; no verified pair,2026-10-02,Codex complete 12 native publisher pages; one primary reviewer,,Cellulose,"All held: Table2/Fig6 identify 3 curings and 30 laundry cycles but no treated GBAP concentration; the 100 g/L standard in the laundering experiment does not identify later TG after a dose series. Control LOI19 has unspecified washing state. Early Ta peaks are moisture, not the first decomposition peak. Native DTG rate units and tensile/whiteness washing labels conflict; no corrections or graph estimates.",cotton,Cotton fabric; 215.7 g/m2; Alibaba; purity/weave unreported,Cotton fabric; 215.7 g/m2; Alibaba; purity/weave unreported,Cotton fabric; 215.7 g/m2; Alibaba; purity/weave unreported,sucrose-GBAP100g/L after3curings30LC,held_source_facts,,held_exact_or_graph_LOI_no_identified_own_TG,journal_article,Native PDF p1 DOI/title/authors/Original Research/accepted2020,,,,,held_outside_verified_target,,sucrose-GBAP100g/L after3curings30LC,,,,,,Graph only; no estimation,,,,,,,,,,,,,,,,,,,,,,,,,,,,,,,,100,,,,,Native publisher online-first original research; unpaginated PDF,,,Main Figure2/caption/own LOI prose PDF p5;recipe PDF p3,,,NaOH40g/L70C30min;thorough deionized-water rinse;not postfinish durability laundering,GBAP50/100/150/200/250g/L+DCD40+ammoniumbiphosphate40+urea20g/L;DIbath50C0.5h ultrasound1:20/~100%pickup80C30min;170C10/7.5/5min3curings;DIrinse/dry.,,,sucrose,,,Phytic acid20mmol60wt%aqueous+saccharide14.5-53.3mmol+boricacid40mmol60C2h;urea500mmol+deionizedwater360mmol90C8h;viscous liquid used unpurified,A synergistic flame retardant of glycosyl cross-linking boron acid and ammonium salt of phytic acid to enhance durable flame retardancy of cotton fabrics,https://doi.org/10.1007/s10570-020-03417-x,30,,GBAP50/100/150/200/250g/L+DCD40+ammoniumbiphosphate40+urea20g/L;DIbath50C0.5h ultrasound1:20/~100%pickup80C30min;170C10/7.5/5min3curings;DIrinse/dry.,3 curings and30 source Monograph6-2016 cycles;25C15+/-2min without detergent,3 curings and30 source Monograph6-2016 cycles;25C15+/-2min without detergent,2020
10.1007/s10570-020-03417-x,,,34.3,,,,,,,,,,,,,,maltose-GBAP100g/L after3curings30LC,,Raw facts held; no verified pair,2026-10-02,Codex complete 12 native publisher pages; one primary reviewer,,Cellulose,"All held: Table2/Fig6 identify 3 curings and 30 laundry cycles but no treated GBAP concentration; the 100 g/L standard in the laundering experiment does not identify later TG after a dose series. Control LOI19 has unspecified washing state. Early Ta peaks are moisture, not the first decomposition peak. Native DTG rate units and tensile/whiteness washing labels conflict; no corrections or graph estimates.",cotton,Cotton fabric; 215.7 g/m2; Alibaba; purity/weave unreported,Cotton fabric; 215.7 g/m2; Alibaba; purity/weave unreported,Cotton fabric; 215.7 g/m2; Alibaba; purity/weave unreported,maltose-GBAP100g/L after3curings30LC,held_source_facts,,held_exact_or_graph_LOI_no_identified_own_TG,journal_article,Native PDF p1 DOI/title/authors/Original Research/accepted2020,,,,,held_outside_verified_target,,maltose-GBAP100g/L after3curings30LC,,,,,,Explicit prose,,,,,,,,,,,,,,,,,,,,,,,,,,,,,,,,100,,,,,Native publisher online-first original research; unpaginated PDF,,,Main Figure2/caption/own LOI prose PDF p5;recipe PDF p3,,,NaOH40g/L70C30min;thorough deionized-water rinse;not postfinish durability laundering,GBAP50/100/150/200/250g/L+DCD40+ammoniumbiphosphate40+urea20g/L;DIbath50C0.5h ultrasound1:20/~100%pickup80C30min;170C10/7.5/5min3curings;DIrinse/dry.,,,maltose,,,Phytic acid20mmol60wt%aqueous+saccharide14.5-53.3mmol+boricacid40mmol60C2h;urea500mmol+deionizedwater360mmol90C8h;viscous liquid used unpurified,A synergistic flame retardant of glycosyl cross-linking boron acid and ammonium salt of phytic acid to enhance durable flame retardancy of cotton fabrics,https://doi.org/10.1007/s10570-020-03417-x,30,,GBAP50/100/150/200/250g/L+DCD40+ammoniumbiphosphate40+urea20g/L;DIbath50C0.5h ultrasound1:20/~100%pickup80C30min;170C10/7.5/5min3curings;DIrinse/dry.,3 curings and30 source Monograph6-2016 cycles;25C15+/-2min without detergent,3 curings and30 source Monograph6-2016 cycles;25C15+/-2min without detergent,2020
10.1007/s10570-020-03417-x,,,37.1,,,,,,,,,,,,,,lactose-GBAP100g/L after3curings30LC,,Raw facts held; no verified pair,2026-10-02,Codex complete 12 native publisher pages; one primary reviewer,,Cellulose,"All held: Table2/Fig6 identify 3 curings and 30 laundry cycles but no treated GBAP concentration; the 100 g/L standard in the laundering experiment does not identify later TG after a dose series. Control LOI19 has unspecified washing state. Early Ta peaks are moisture, not the first decomposition peak. Native DTG rate units and tensile/whiteness washing labels conflict; no corrections or graph estimates.",cotton,Cotton fabric; 215.7 g/m2; Alibaba; purity/weave unreported,Cotton fabric; 215.7 g/m2; Alibaba; purity/weave unreported,Cotton fabric; 215.7 g/m2; Alibaba; purity/weave unreported,lactose-GBAP100g/L after3curings30LC,held_source_facts,,held_exact_or_graph_LOI_no_identified_own_TG,journal_article,Native PDF p1 DOI/title/authors/Original Research/accepted2020,,,,,held_outside_verified_target,,lactose-GBAP100g/L after3curings30LC,,,,,,Explicit prose,,,,,,,,,,,,,,,,,,,,,,,,,,,,,,,,100,,,,,Native publisher online-first original research; unpaginated PDF,,,Main Figure2/caption/own LOI prose PDF p5;recipe PDF p3,,,NaOH40g/L70C30min;thorough deionized-water rinse;not postfinish durability laundering,GBAP50/100/150/200/250g/L+DCD40+ammoniumbiphosphate40+urea20g/L;DIbath50C0.5h ultrasound1:20/~100%pickup80C30min;170C10/7.5/5min3curings;DIrinse/dry.,,,lactose,,,Phytic acid20mmol60wt%aqueous+saccharide14.5-53.3mmol+boricacid40mmol60C2h;urea500mmol+deionizedwater360mmol90C8h;viscous liquid used unpurified,A synergistic flame retardant of glycosyl cross-linking boron acid and ammonium salt of phytic acid to enhance durable flame retardancy of cotton fabrics,https://doi.org/10.1007/s10570-020-03417-x,30,,GBAP50/100/150/200/250g/L+DCD40+ammoniumbiphosphate40+urea20g/L;DIbath50C0.5h ultrasound1:20/~100%pickup80C30min;170C10/7.5/5min3curings;DIrinse/dry.,3 curings and30 source Monograph6-2016 cycles;25C15+/-2min without detergent,3 curings and30 source Monograph6-2016 cycles;25C15+/-2min without detergent,2020
10.1007/s10570-020-03417-x,,,37.9,,,,,,,,,,,,,,raffinose-GBAP100g/L after3curings30LC,,Raw facts held; no verified pair,2026-10-02,Codex complete 12 native publisher pages; one primary reviewer,,Cellulose,"All held: Table2/Fig6 identify 3 curings and 30 laundry cycles but no treated GBAP concentration; the 100 g/L standard in the laundering experiment does not identify later TG after a dose series. Control LOI19 has unspecified washing state. Early Ta peaks are moisture, not the first decomposition peak. Native DTG rate units and tensile/whiteness washing labels conflict; no corrections or graph estimates.",cotton,Cotton fabric; 215.7 g/m2; Alibaba; purity/weave unreported,Cotton fabric; 215.7 g/m2; Alibaba; purity/weave unreported,Cotton fabric; 215.7 g/m2; Alibaba; purity/weave unreported,raffinose-GBAP100g/L after3curings30LC,held_source_facts,,held_exact_or_graph_LOI_no_identified_own_TG,journal_article,Native PDF p1 DOI/title/authors/Original Research/accepted2020,,,,,held_outside_verified_target,,raffinose-GBAP100g/L after3curings30LC,,,,,,Explicit prose,,,,,,,,,,,,,,,,,,,,,,,,,,,,,,,,100,,,,,Native publisher online-first original research; unpaginated PDF,,,Main Figure2/caption/own LOI prose PDF p5;recipe PDF p3,,,NaOH40g/L70C30min;thorough deionized-water rinse;not postfinish durability laundering,GBAP50/100/150/200/250g/L+DCD40+ammoniumbiphosphate40+urea20g/L;DIbath50C0.5h ultrasound1:20/~100%pickup80C30min;170C10/7.5/5min3curings;DIrinse/dry.,,,raffinose,,,Phytic acid20mmol60wt%aqueous+saccharide14.5-53.3mmol+boricacid40mmol60C2h;urea500mmol+deionizedwater360mmol90C8h;viscous liquid used unpurified,A synergistic flame retardant of glycosyl cross-linking boron acid and ammonium salt of phytic acid to enhance durable flame retardancy of cotton fabrics,https://doi.org/10.1007/s10570-020-03417-x,30,,GBAP50/100/150/200/250g/L+DCD40+ammoniumbiphosphate40+urea20g/L;DIbath50C0.5h ultrasound1:20/~100%pickup80C30min;170C10/7.5/5min3curings;DIrinse/dry.,3 curings and30 source Monograph6-2016 cycles;25C15+/-2min without detergent,3 curings and30 source Monograph6-2016 cycles;25C15+/-2min without detergent,2020
10.1007/s10570-020-03417-x,,,37.1,,,,,,,,,,,,,,r-GBAP50g/L after3curings30LC,,Raw facts held; no verified pair,2026-10-02,Codex complete 12 native publisher pages; one primary reviewer,,Cellulose,"All held: Table2/Fig6 identify 3 curings and 30 laundry cycles but no treated GBAP concentration; the 100 g/L standard in the laundering experiment does not identify later TG after a dose series. Control LOI19 has unspecified washing state. Early Ta peaks are moisture, not the first decomposition peak. Native DTG rate units and tensile/whiteness washing labels conflict; no corrections or graph estimates.",cotton,Cotton fabric; 215.7 g/m2; Alibaba; purity/weave unreported,Cotton fabric; 215.7 g/m2; Alibaba; purity/weave unreported,Cotton fabric; 215.7 g/m2; Alibaba; purity/weave unreported,r-GBAP50g/L after3curings30LC,held_source_facts,,held_otherdose_exact_or_graph_LOI_no_own_TG,journal_article,Native PDF p1 DOI/title/authors/Original Research/accepted2020,,,,,held_outside_verified_target,,r-GBAP50g/L after3curings30LC,,,,,,,,,,,,,,,,,,,,,,,,,,,,,,,,,,,,,,50,,,,,Native publisher online-first original research; unpaginated PDF,,,Main Figure4/caption/own endpoint LOI prose PDF p6;no graph estimation,,,NaOH40g/L70C30min;thorough deionized-water rinse;not postfinish durability laundering,GBAP50/100/150/200/250g/L+DCD40+ammoniumbiphosphate40+urea20g/L;DIbath50C0.5h ultrasound1:20/~100%pickup80C30min;170C10/7.5/5min3curings;DIrinse/dry.,,,,,,Phytic acid20mmol60wt%aqueous+saccharide14.5-53.3mmol+boricacid40mmol60C2h;urea500mmol+deionizedwater360mmol90C8h;viscous liquid used unpurified,A synergistic flame retardant of glycosyl cross-linking boron acid and ammonium salt of phytic acid to enhance durable flame retardancy of cotton fabrics,https://doi.org/10.1007/s10570-020-03417-x,30,,GBAP50/100/150/200/250g/L+DCD40+ammoniumbiphosphate40+urea20g/L;DIbath50C0.5h ultrasound1:20/~100%pickup80C30min;170C10/7.5/5min3curings;DIrinse/dry.,3 curings and30 source Monograph6-2016 cycles;25C15+/-2min without detergent,3 curings and30 source Monograph6-2016 cycles;25C15+/-2min without detergent,2020
10.1007/s10570-020-03417-x,,,,,,,,,,,,,,,,,r-GBAP150g/L after3curings30LC,,Raw facts held; no verified pair,2026-10-02,Codex complete 12 native publisher pages; one primary reviewer,,Cellulose,"All held: Table2/Fig6 identify 3 curings and 30 laundry cycles but no treated GBAP concentration; the 100 g/L standard in the laundering experiment does not identify later TG after a dose series. Control LOI19 has unspecified washing state. Early Ta peaks are moisture, not the first decomposition peak. Native DTG rate units and tensile/whiteness washing labels conflict; no corrections or graph estimates.",cotton,Cotton fabric; 215.7 g/m2; Alibaba; purity/weave unreported,Cotton fabric; 215.7 g/m2; Alibaba; purity/weave unreported,Cotton fabric; 215.7 g/m2; Alibaba; purity/weave unreported,r-GBAP150g/L after3curings30LC,held_source_facts,,held_otherdose_exact_or_graph_LOI_no_own_TG,journal_article,Native PDF p1 DOI/title/authors/Original Research/accepted2020,,,,,held_outside_verified_target,,r-GBAP150g/L after3curings30LC,,,,,,,,,,,,,,,,,,,,,,,,,,,,,,,,,,,,,,150,,,,,Native publisher online-first original research; unpaginated PDF,,,Main Figure4/caption/own endpoint LOI prose PDF p6;no graph estimation,,,NaOH40g/L70C30min;thorough deionized-water rinse;not postfinish durability laundering,GBAP50/100/150/200/250g/L+DCD40+ammoniumbiphosphate40+urea20g/L;DIbath50C0.5h ultrasound1:20/~100%pickup80C30min;170C10/7.5/5min3curings;DIrinse/dry.,,,,,,Phytic acid20mmol60wt%aqueous+saccharide14.5-53.3mmol+boricacid40mmol60C2h;urea500mmol+deionizedwater360mmol90C8h;viscous liquid used unpurified,A synergistic flame retardant of glycosyl cross-linking boron acid and ammonium salt of phytic acid to enhance durable flame retardancy of cotton fabrics,https://doi.org/10.1007/s10570-020-03417-x,30,,GBAP50/100/150/200/250g/L+DCD40+ammoniumbiphosphate40+urea20g/L;DIbath50C0.5h ultrasound1:20/~100%pickup80C30min;170C10/7.5/5min3curings;DIrinse/dry.,3 curings and30 source Monograph6-2016 cycles;25C15+/-2min without detergent,3 curings and30 source Monograph6-2016 cycles;25C15+/-2min without detergent,2020
10.1007/s10570-020-03417-x,,,,,,,,,,,,,,,,,r-GBAP200g/L after3curings30LC,,Raw facts held; no verified pair,2026-10-02,Codex complete 12 native publisher pages; one primary reviewer,,Cellulose,"All held: Table2/Fig6 identify 3 curings and 30 laundry cycles but no treated GBAP concentration; the 100 g/L standard in the laundering experiment does not identify later TG after a dose series. Control LOI19 has unspecified washing state. Early Ta peaks are moisture, not the first decomposition peak. Native DTG rate units and tensile/whiteness washing labels conflict; no corrections or graph estimates.",cotton,Cotton fabric; 215.7 g/m2; Alibaba; purity/weave unreported,Cotton fabric; 215.7 g/m2; Alibaba; purity/weave unreported,Cotton fabric; 215.7 g/m2; Alibaba; purity/weave unreported,r-GBAP200g/L after3curings30LC,held_source_facts,,held_otherdose_exact_or_graph_LOI_no_own_TG,journal_article,Native PDF p1 DOI/title/authors/Original Research/accepted2020,,,,,held_outside_verified_target,,r-GBAP200g/L after3curings30LC,,,,,,,,,,,,,,,,,,,,,,,,,,,,,,,,,,,,,,200,,,,,Native publisher online-first original research; unpaginated PDF,,,Main Figure4/caption/own endpoint LOI prose PDF p6;no graph estimation,,,NaOH40g/L70C30min;thorough deionized-water rinse;not postfinish durability laundering,GBAP50/100/150/200/250g/L+DCD40+ammoniumbiphosphate40+urea20g/L;DIbath50C0.5h ultrasound1:20/~100%pickup80C30min;170C10/7.5/5min3curings;DIrinse/dry.,,,,,,Phytic acid20mmol60wt%aqueous+saccharide14.5-53.3mmol+boricacid40mmol60C2h;urea500mmol+deionizedwater360mmol90C8h;viscous liquid used unpurified,A synergistic flame retardant of glycosyl cross-linking boron acid and ammonium salt of phytic acid to enhance durable flame retardancy of cotton fabrics,https://doi.org/10.1007/s10570-020-03417-x,30,,GBAP50/100/150/200/250g/L+DCD40+ammoniumbiphosphate40+urea20g/L;DIbath50C0.5h ultrasound1:20/~100%pickup80C30min;170C10/7.5/5min3curings;DIrinse/dry.,3 curings and30 source Monograph6-2016 cycles;25C15+/-2min without detergent,3 curings and30 source Monograph6-2016 cycles;25C15+/-2min without detergent,2020
10.1007/s10570-020-03417-x,,,40.1,,,,,,,,,,,,,,r-GBAP250g/L after3curings30LC,,Raw facts held; no verified pair,2026-10-02,Codex complete 12 native publisher pages; one primary reviewer,,Cellulose,"All held: Table2/Fig6 identify 3 curings and 30 laundry cycles but no treated GBAP concentration; the 100 g/L standard in the laundering experiment does not identify later TG after a dose series. Control LOI19 has unspecified washing state. Early Ta peaks are moisture, not the first decomposition peak. Native DTG rate units and tensile/whiteness washing labels conflict; no corrections or graph estimates.",cotton,Cotton fabric; 215.7 g/m2; Alibaba; purity/weave unreported,Cotton fabric; 215.7 g/m2; Alibaba; purity/weave unreported,Cotton fabric; 215.7 g/m2; Alibaba; purity/weave unreported,r-GBAP250g/L after3curings30LC,held_source_facts,,held_otherdose_exact_or_graph_LOI_no_own_TG,journal_article,Native PDF p1 DOI/title/authors/Original Research/accepted2020,,,,,held_outside_verified_target,,r-GBAP250g/L after3curings30LC,,,,,,,,,,,,,,,,,,,,,,,,,,,,,,,,,,,,,,250,,,,,Native publisher online-first original research; unpaginated PDF,,,Main Figure4/caption/own endpoint LOI prose PDF p6;no graph estimation,,,NaOH40g/L70C30min;thorough deionized-water rinse;not postfinish durability laundering,GBAP50/100/150/200/250g/L+DCD40+ammoniumbiphosphate40+urea20g/L;DIbath50C0.5h ultrasound1:20/~100%pickup80C30min;170C10/7.5/5min3curings;DIrinse/dry.,,,,,,Phytic acid20mmol60wt%aqueous+saccharide14.5-53.3mmol+boricacid40mmol60C2h;urea500mmol+deionizedwater360mmol90C8h;viscous liquid used unpurified,A synergistic flame retardant of glycosyl cross-linking boron acid and ammonium salt of phytic acid to enhance durable flame retardancy of cotton fabrics,https://doi.org/10.1007/s10570-020-03417-x,30,,GBAP50/100/150/200/250g/L+DCD40+ammoniumbiphosphate40+urea20g/L;DIbath50C0.5h ultrasound1:20/~100%pickup80C30min;170C10/7.5/5min3curings;DIrinse/dry.,3 curings and30 source Monograph6-2016 cycles;25C15+/-2min without detergent,3 curings and30 source Monograph6-2016 cycles;25C15+/-2min without detergent,2020
10.1007/s10570-020-03417-x,,,41.6,,,,,,,,,,,,,,r-GBAP100g/L after3curings0LC,,Raw facts held; no verified pair,2026-10-02,Codex complete 12 native publisher pages; one primary reviewer,,Cellulose,"All held: Table2/Fig6 identify 3 curings and 30 laundry cycles but no treated GBAP concentration; the 100 g/L standard in the laundering experiment does not identify later TG after a dose series. Control LOI19 has unspecified washing state. Early Ta peaks are moisture, not the first decomposition peak. Native DTG rate units and tensile/whiteness washing labels conflict; no corrections or graph estimates.",cotton,Cotton fabric; 215.7 g/m2; Alibaba; purity/weave unreported,Cotton fabric; 215.7 g/m2; Alibaba; purity/weave unreported,Cotton fabric; 215.7 g/m2; Alibaba; purity/weave unreported,r-GBAP100g/L after3curings0LC,held_source_facts,,held_otherwash_exact_or_graph_LOI_no_own_TG,journal_article,Native PDF p1 DOI/title/authors/Original Research/accepted2020,,,,,held_outside_verified_target,,r-GBAP100g/L after3curings0LC,,,,,,,,,,,,,,,,,,,,,,,,,,,,,,,,,,,,,,100,,,,,Native publisher online-first original research; unpaginated PDF,,,Main Figure3/caption/own endpoint LOI prose PDF pp5-6;no graph estimation,,,NaOH40g/L70C30min;thorough deionized-water rinse;not postfinish durability laundering,GBAP50/100/150/200/250g/L+DCD40+ammoniumbiphosphate40+urea20g/L;DIbath50C0.5h ultrasound1:20/~100%pickup80C30min;170C10/7.5/5min3curings;DIrinse/dry.,,,,,,Phytic acid20mmol60wt%aqueous+saccharide14.5-53.3mmol+boricacid40mmol60C2h;urea500mmol+deionizedwater360mmol90C8h;viscous liquid used unpurified,A synergistic flame retardant of glycosyl cross-linking boron acid and ammonium salt of phytic acid to enhance durable flame retardancy of cotton fabrics,https://doi.org/10.1007/s10570-020-03417-x,0,,GBAP50/100/150/200/250g/L+DCD40+ammoniumbiphosphate40+urea20g/L;DIbath50C0.5h ultrasound1:20/~100%pickup80C30min;170C10/7.5/5min3curings;DIrinse/dry.,3 curings and0 source Monograph6-2016 cycles;25C15+/-2min without detergent,3 curings and0 source Monograph6-2016 cycles;25C15+/-2min without detergent,2020
10.1007/s10570-020-03417-x,,,,,,,,,,,,,,,,,r-GBAP100g/L after3curings10LC,,Raw facts held; no verified pair,2026-10-02,Codex complete 12 native publisher pages; one primary reviewer,,Cellulose,"All held: Table2/Fig6 identify 3 curings and 30 laundry cycles but no treated GBAP concentration; the 100 g/L standard in the laundering experiment does not identify later TG after a dose series. Control LOI19 has unspecified washing state. Early Ta peaks are moisture, not the first decomposition peak. Native DTG rate units and tensile/whiteness washing labels conflict; no corrections or graph estimates.",cotton,Cotton fabric; 215.7 g/m2; Alibaba; purity/weave unreported,Cotton fabric; 215.7 g/m2; Alibaba; purity/weave unreported,Cotton fabric; 215.7 g/m2; Alibaba; purity/weave unreported,r-GBAP100g/L after3curings10LC,held_source_facts,,held_otherwash_exact_or_graph_LOI_no_own_TG,journal_article,Native PDF p1 DOI/title/authors/Original Research/accepted2020,,,,,held_outside_verified_target,,r-GBAP100g/L after3curings10LC,,,,,,,,,,,,,,,,,,,,,,,,,,,,,,,,,,,,,,100,,,,,Native publisher online-first original research; unpaginated PDF,,,Main Figure3/caption/own endpoint LOI prose PDF pp5-6;no graph estimation,,,NaOH40g/L70C30min;thorough deionized-water rinse;not postfinish durability laundering,GBAP50/100/150/200/250g/L+DCD40+ammoniumbiphosphate40+urea20g/L;DIbath50C0.5h ultrasound1:20/~100%pickup80C30min;170C10/7.5/5min3curings;DIrinse/dry.,,,,,,Phytic acid20mmol60wt%aqueous+saccharide14.5-53.3mmol+boricacid40mmol60C2h;urea500mmol+deionizedwater360mmol90C8h;viscous liquid used unpurified,A synergistic flame retardant of glycosyl cross-linking boron acid and ammonium salt of phytic acid to enhance durable flame retardancy of cotton fabrics,https://doi.org/10.1007/s10570-020-03417-x,10,,GBAP50/100/150/200/250g/L+DCD40+ammoniumbiphosphate40+urea20g/L;DIbath50C0.5h ultrasound1:20/~100%pickup80C30min;170C10/7.5/5min3curings;DIrinse/dry.,3 curings and10 source Monograph6-2016 cycles;25C15+/-2min without detergent,3 curings and10 source Monograph6-2016 cycles;25C15+/-2min without detergent,2020
10.1007/s10570-020-03417-x,,,,,,,,,,,,,,,,,r-GBAP100g/L after3curings20LC,,Raw facts held; no verified pair,2026-10-02,Codex complete 12 native publisher pages; one primary reviewer,,Cellulose,"All held: Table2/Fig6 identify 3 curings and 30 laundry cycles but no treated GBAP concentration; the 100 g/L standard in the laundering experiment does not identify later TG after a dose series. Control LOI19 has unspecified washing state. Early Ta peaks are moisture, not the first decomposition peak. Native DTG rate units and tensile/whiteness washing labels conflict; no corrections or graph estimates.",cotton,Cotton fabric; 215.7 g/m2; Alibaba; purity/weave unreported,Cotton fabric; 215.7 g/m2; Alibaba; purity/weave unreported,Cotton fabric; 215.7 g/m2; Alibaba; purity/weave unreported,r-GBAP100g/L after3curings20LC,held_source_facts,,held_otherwash_exact_or_graph_LOI_no_own_TG,journal_article,Native PDF p1 DOI/title/authors/Original Research/accepted2020,,,,,held_outside_verified_target,,r-GBAP100g/L after3curings20LC,,,,,,,,,,,,,,,,,,,,,,,,,,,,,,,,,,,,,,100,,,,,Native publisher online-first original research; unpaginated PDF,,,Main Figure3/caption/own endpoint LOI prose PDF pp5-6;no graph estimation,,,NaOH40g/L70C30min;thorough deionized-water rinse;not postfinish durability laundering,GBAP50/100/150/200/250g/L+DCD40+ammoniumbiphosphate40+urea20g/L;DIbath50C0.5h ultrasound1:20/~100%pickup80C30min;170C10/7.5/5min3curings;DIrinse/dry.,,,,,,Phytic acid20mmol60wt%aqueous+saccharide14.5-53.3mmol+boricacid40mmol60C2h;urea500mmol+deionizedwater360mmol90C8h;viscous liquid used unpurified,A synergistic flame retardant of glycosyl cross-linking boron acid and ammonium salt of phytic acid to enhance durable flame retardancy of cotton fabrics,https://doi.org/10.1007/s10570-020-03417-x,20,,GBAP50/100/150/200/250g/L+DCD40+ammoniumbiphosphate40+urea20g/L;DIbath50C0.5h ultrasound1:20/~100%pickup80C30min;170C10/7.5/5min3curings;DIrinse/dry.,3 curings and20 source Monograph6-2016 cycles;25C15+/-2min without detergent,3 curings and20 source Monograph6-2016 cycles;25C15+/-2min without detergent,2020
10.1007/s10570-020-03417-x,,,37.4,,,,,,,,,,,,,,r-GBAP100g/L after3curings40LC,,Raw facts held; no verified pair,2026-10-02,Codex complete 12 native publisher pages; one primary reviewer,,Cellulose,"All held: Table2/Fig6 identify 3 curings and 30 laundry cycles but no treated GBAP concentration; the 100 g/L standard in the laundering experiment does not identify later TG after a dose series. Control LOI19 has unspecified washing state. Early Ta peaks are moisture, not the first decomposition peak. Native DTG rate units and tensile/whiteness washing labels conflict; no corrections or graph estimates.",cotton,Cotton fabric; 215.7 g/m2; Alibaba; purity/weave unreported,Cotton fabric; 215.7 g/m2; Alibaba; purity/weave unreported,Cotton fabric; 215.7 g/m2; Alibaba; purity/weave unreported,r-GBAP100g/L after3curings40LC,held_source_facts,,held_otherwash_exact_or_graph_LOI_no_own_TG,journal_article,Native PDF p1 DOI/title/authors/Original Research/accepted2020,,,,,held_outside_verified_target,,r-GBAP100g/L after3curings40LC,,,,,,,,,,,,,,,,,,,,,,,,,,,,,,,,,,,,,,100,,,,,Native publisher online-first original research; unpaginated PDF,,,Main Figure3/caption/own endpoint LOI prose PDF pp5-6;no graph estimation,,,NaOH40g/L70C30min;thorough deionized-water rinse;not postfinish durability laundering,GBAP50/100/150/200/250g/L+DCD40+ammoniumbiphosphate40+urea20g/L;DIbath50C0.5h ultrasound1:20/~100%pickup80C30min;170C10/7.5/5min3curings;DIrinse/dry.,,,,,,Phytic acid20mmol60wt%aqueous+saccharide14.5-53.3mmol+boricacid40mmol60C2h;urea500mmol+deionizedwater360mmol90C8h;viscous liquid used unpurified,A synergistic flame retardant of glycosyl cross-linking boron acid and ammonium salt of phytic acid to enhance durable flame retardancy of cotton fabrics,https://doi.org/10.1007/s10570-020-03417-x,40,,GBAP50/100/150/200/250g/L+DCD40+ammoniumbiphosphate40+urea20g/L;DIbath50C0.5h ultrasound1:20/~100%pickup80C30min;170C10/7.5/5min3curings;DIrinse/dry.,3 curings and40 source Monograph6-2016 cycles;25C15+/-2min without detergent,3 curings and40 source Monograph6-2016 cycles;25C15+/-2min without detergent,2020
10.1007/s10570-020-03417-x,,,37.4,,,,,,,,,,,,,,r-GBAP100g/L abstract wash state unclassified,,Raw facts held; no verified pair,2026-10-02,Codex complete 12 native publisher pages; one primary reviewer,,Cellulose,"All held: Table2/Fig6 identify 3 curings and 30 laundry cycles but no treated GBAP concentration; the 100 g/L standard in the laundering experiment does not identify later TG after a dose series. Control LOI19 has unspecified washing state. Early Ta peaks are moisture, not the first decomposition peak. Native DTG rate units and tensile/whiteness washing labels conflict; no corrections or graph estimates.",cotton,Cotton fabric; 215.7 g/m2; Alibaba; purity/weave unreported,Cotton fabric; 215.7 g/m2; Alibaba; purity/weave unreported,Cotton fabric; 215.7 g/m2; Alibaba; purity/weave unreported,r-GBAP100g/L abstract wash state unclassified,held_source_facts,,held_abstract_exact_LOI_wash_state_unclassified,journal_article,Native PDF p1 DOI/title/authors/Original Research/accepted2020,,,,,held_outside_verified_target,,r-GBAP100g/L abstract wash state unclassified,,,,,,,,,,,,,,,,,,,,,,,,,,,,,,,,,,,,,,,,,,,Native publisher online-first original research; unpaginated PDF,,,Main abstract PDF p1;40LC endpoint discussion PDF p6,,,NaOH40g/L70C30min;thorough deionized-water rinse;not postfinish durability laundering,GBAP50/100/150/200/250g/L+DCD40+ammoniumbiphosphate40+urea20g/L;DIbath50C0.5h ultrasound1:20/~100%pickup80C30min;170C10/7.5/5min3curings;DIrinse/dry.,,,,,,Phytic acid20mmol60wt%aqueous+saccharide14.5-53.3mmol+boricacid40mmol60C2h;urea500mmol+deionizedwater360mmol90C8h;viscous liquid used unpurified,A synergistic flame retardant of glycosyl cross-linking boron acid and ammonium salt of phytic acid to enhance durable flame retardancy of cotton fabrics,https://doi.org/10.1007/s10570-020-03417-x,,,GBAP50/100/150/200/250g/L+DCD40+ammoniumbiphosphate40+urea20g/L;DIbath50C0.5h ultrasound1:20/~100%pickup80C30min;170C10/7.5/5min3curings;DIrinse/dry.,Abstract washing state unclassified;not initial assumed,Abstract washing state unclassified;not initial assumed,2020
10.1007/s10570-020-03417-x,,,19,,,,,,,,,,,,,,Control cotton LOI wash state unclassified,,Raw facts held; no verified pair,2026-10-02,Codex complete 12 native publisher pages; one primary reviewer,,Cellulose,"All held: Table2/Fig6 identify 3 curings and 30 laundry cycles but no treated GBAP concentration; the 100 g/L standard in the laundering experiment does not identify later TG after a dose series. Control LOI19 has unspecified washing state. Early Ta peaks are moisture, not the first decomposition peak. Native DTG rate units and tensile/whiteness washing labels conflict; no corrections or graph estimates.",cotton,Cotton fabric; 215.7 g/m2; Alibaba; purity/weave unreported,Cotton fabric; 215.7 g/m2; Alibaba; purity/weave unreported,Cotton fabric; 215.7 g/m2; Alibaba; purity/weave unreported,Control cotton LOI wash state unclassified,held_source_facts,,held_control_exact_LOI_wash_state_unclassified,journal_article,Native PDF p1 DOI/title/authors/Original Research/accepted2020,,,,,held_outside_verified_target,,Control cotton LOI wash state unclassified,,,,,,,,,,,,,,,,,,,,,,,,,,,,,,,,,,,,,,,,,,,Native publisher online-first original research; unpaginated PDF,,,Main own control LOI comparison prose PDF p6;TG30LC Table2 PDF p8,,,NaOH40g/L70C30min;thorough deionized-water rinse;not postfinish durability laundering,GBAP50/100/150/200/250g/L+DCD40+ammoniumbiphosphate40+urea20g/L;DIbath50C0.5h ultrasound1:20/~100%pickup80C30min;170C10/7.5/5min3curings;DIrinse/dry.,,,,,,Phytic acid20mmol60wt%aqueous+saccharide14.5-53.3mmol+boricacid40mmol60C2h;urea500mmol+deionizedwater360mmol90C8h;viscous liquid used unpurified,A synergistic flame retardant of glycosyl cross-linking boron acid and ammonium salt of phytic acid to enhance durable flame retardancy of cotton fabrics,https://doi.org/10.1007/s10570-020-03417-x,,,GBAP50/100/150/200/250g/L+DCD40+ammoniumbiphosphate40+urea20g/L;DIbath50C0.5h ultrasound1:20/~100%pickup80C30min;170C10/7.5/5min3curings;DIrinse/dry.,Own control LOI washing state unclassified,Own control LOI washing state unclassified,2020
10.1007/s10570-020-03469-z,LFY606B,Main Table1 PDF p6; native WG0 untreated control,18,,GB/T5454-1997,,1.6,,HTG1; Beijing Hengjiu,,700,Main Table2 PDF p7 / Figure2 PDF p6,35,346,268,air,Control cotton fabrics,Main measurements PDF pp4-5; recipe/material PDF p3,TG+LOI,2026-10-02,Codex complete 16 native publisher pages; one primary reviewer,10,Cellulose,"Only initial untreated control is paired. Treated initial Table1 LOI29.0 versus Table4 zero-wash LOI28.8 has no resolved cohort or uncertainty explanation, so both values and TG remain held. WG7.6 has no dose mapping. Dyed, undyed and washed specimens are distinct. Figure2 colour keys vary by panel; native table and each legend are read separately. Residue at Tmax is not R700.",cotton,Scoured bleached plain-woven cotton fabric; 14.75 tex x 14.75 tex; 122 g/m2; Weifang Qirong Textiles,Scoured bleached plain-woven cotton fabric; 14.75 tex x 14.75 tex; 122 g/m2; Weifang Qirong Textiles,Scoured bleached plain-woven cotton fabric; 14.75 tex x 14.75 tex; 122 g/m2; Weifang Qirong Textiles,Control cotton fabrics,explicit_text,"Own initial WG0 scoured/bleached plainwoven control Table1 LOI18 and Table2 control TG; air/N2 are both explicit10C/min50mL/min HTG1 tests. No treated29.0/28.8 choice, dyed-control18.4 transfer or washed-state transfer.",verified_exact,journal_article,Native PDF p1 DOI/title/authors/Original Research/accepted2020,62.3,346,1.6,700,source_review_approved,33498b029aab6f51a181899d8256adb3a5bb71cdab14895090e2ec74410d0d0d,Control cotton fabrics,,,,,,,,,,,,,,,,,,,,50,,,,,,,,,,Native generic main decomposition Tmax; no chronological-stage inference,,,,,,,,,,,,,Native publisher online-first original research; unpaginated PDF,,0,Main Table1 PDF p6 / Table2 PDF p7; thermal methods PDF p5,,,,"Sodiumsulfanilate+cyanuricchlorideCTSGsynthesisp3 then dimethylhydroxymethylphosphonate55C5h pH7-8 sodiumcarbonate. CTSGP220g/L DIbath1:25/60C15min+NaCl40g/Lstir15minraise90C+Na2CO310g/L60min/waterrinse/dry;notdurabilitywashingcycle. DyedreactiveRedKbath1:30withCTSGP separate specimens,never borrow theirLOIforundyedTG.",,,,,,,"Preparation of flame-retardant/dyed cotton fabrics: flame retardancy, dyeing performance and flame retardant/dyed mechanism",https://doi.org/10.1007/s10570-020-03469-z,,,"Sodiumsulfanilate+cyanuricchlorideCTSGsynthesisp3 then dimethylhydroxymethylphosphonate55C5h pH7-8 sodiumcarbonate. CTSGP220g/L DIbath1:25/60C15min+NaCl40g/Lstir15minraise90C+Na2CO310g/L60min/waterrinse/dry;notdurabilitywashingcycle. DyedreactiveRedKbath1:30withCTSGP separate specimens,never borrow theirLOIforundyedTG.",Initial prepared fabric; preparation rinses are not durability laundering,Initial prepared fabric; preparation rinses are not durability laundering,2020
10.1007/s10570-020-03469-z,LFY606B,Main Table1 PDF p6; native WG0 untreated control,18,,GB/T5454-1997,,10.8,,HTG1; Beijing Hengjiu,,700,Main Table2 PDF p7 / Figure2 PDF p6,35,361,287,N2,Control cotton fabrics,Main measurements PDF pp4-5; recipe/material PDF p3,TG+LOI,2026-10-02,Codex complete 16 native publisher pages; one primary reviewer,10,Cellulose,"Only initial untreated control is paired. Treated initial Table1 LOI29.0 versus Table4 zero-wash LOI28.8 has no resolved cohort or uncertainty explanation, so both values and TG remain held. WG7.6 has no dose mapping. Dyed, undyed and washed specimens are distinct. Figure2 colour keys vary by panel; native table and each legend are read separately. Residue at Tmax is not R700.",cotton,Scoured bleached plain-woven cotton fabric; 14.75 tex x 14.75 tex; 122 g/m2; Weifang Qirong Textiles,Scoured bleached plain-woven cotton fabric; 14.75 tex x 14.75 tex; 122 g/m2; Weifang Qirong Textiles,Scoured bleached plain-woven cotton fabric; 14.75 tex x 14.75 tex; 122 g/m2; Weifang Qirong Textiles,Control cotton fabrics,explicit_text,"Own initial WG0 scoured/bleached plainwoven control Table1 LOI18 and Table2 control TG; air/N2 are both explicit10C/min50mL/min HTG1 tests. No treated29.0/28.8 choice, dyed-control18.4 transfer or washed-state transfer.",verified_exact,journal_article,Native PDF p1 DOI/title/authors/Original Research/accepted2020,40.7,361,10.8,700,source_review_approved,ce690179efd5b5456587ae7b2b5e626f5753decdf8e16da48f5a3170e0f2d35f,Control cotton fabrics,,,,,,,,,,,,,,,,,,,,50,,,,,,,,,,Native generic main decomposition Tmax; no chronological-stage inference,,,,,,,,,,,,,Native publisher online-first original research; unpaginated PDF,,0,Main Table1 PDF p6 / Table2 PDF p7; thermal methods PDF p5,,,,"Sodiumsulfanilate+cyanuricchlorideCTSGsynthesisp3 then dimethylhydroxymethylphosphonate55C5h pH7-8 sodiumcarbonate. CTSGP220g/L DIbath1:25/60C15min+NaCl40g/Lstir15minraise90C+Na2CO310g/L60min/waterrinse/dry;notdurabilitywashingcycle. DyedreactiveRedKbath1:30withCTSGP separate specimens,never borrow theirLOIforundyedTG.",,,,,,,"Preparation of flame-retardant/dyed cotton fabrics: flame retardancy, dyeing performance and flame retardant/dyed mechanism",https://doi.org/10.1007/s10570-020-03469-z,,,"Sodiumsulfanilate+cyanuricchlorideCTSGsynthesisp3 then dimethylhydroxymethylphosphonate55C5h pH7-8 sodiumcarbonate. CTSGP220g/L DIbath1:25/60C15min+NaCl40g/Lstir15minraise90C+Na2CO310g/L60min/waterrinse/dry;notdurabilitywashingcycle. DyedreactiveRedKbath1:30withCTSGP separate specimens,never borrow theirLOIforundyedTG.",Initial prepared fabric; preparation rinses are not durability laundering,Initial prepared fabric; preparation rinses are not durability laundering,2020
10.1007/s10570-020-03469-z,LFY606B,Main Table1 PDF p6; native WG0 untreated control,,,GB/T5454-1997,,,,HTG1; Beijing Hengjiu,,700,Main Table2 PDF p7 / Figure2 PDF p6,35,,,air,CTSGP-treated cotton initial LOI disagreement,Main measurements PDF pp4-5; recipe/material PDF p3,Raw facts held; no verified pair,2026-10-02,Codex complete 16 native publisher pages; one primary reviewer,10,Cellulose,"Only initial untreated control is paired. Treated initial Table1 LOI29.0 versus Table4 zero-wash LOI28.8 has no resolved cohort or uncertainty explanation, so both values and TG remain held. WG7.6 has no dose mapping. Dyed, undyed and washed specimens are distinct. Figure2 colour keys vary by panel; native table and each legend are read separately. Residue at Tmax is not R700.",cotton,Scoured bleached plain-woven cotton fabric; 14.75 tex x 14.75 tex; 122 g/m2; Weifang Qirong Textiles,Scoured bleached plain-woven cotton fabric; 14.75 tex x 14.75 tex; 122 g/m2; Weifang Qirong Textiles,Scoured bleached plain-woven cotton fabric; 14.75 tex x 14.75 tex; 122 g/m2; Weifang Qirong Textiles,CTSGP-treated cotton initial LOI disagreement,held_source_facts,,held_initial_LOI_29_0_vs28_8_unresolved,journal_article,Native PDF p1 DOI/title/authors/Original Research/accepted2020,,,,,held_outside_verified_target,,CTSGP-treated cotton initial LOI disagreement,,,,29.0,28.8,,,,,,,,,27.9,,,,,,50,,,,,,,,,309,,240,,,,,,,,,,,,Native publisher online-first original research; unpaginated PDF,,21.4,Main Table1 PDF p6 / Table2 PDF p7 / Table4 zero-wash PDF p12;no resolved cohort/uncertainty,,220,,"Sodiumsulfanilate+cyanuricchlorideCTSGsynthesisp3 then dimethylhydroxymethylphosphonate55C5h pH7-8 sodiumcarbonate. CTSGP220g/L DIbath1:25/60C15min+NaCl40g/Lstir15minraise90C+Na2CO310g/L60min/waterrinse/dry;notdurabilitywashingcycle. DyedreactiveRedKbath1:30withCTSGP separate specimens,never borrow theirLOIforundyedTG.",,77.6,,,,,"Preparation of flame-retardant/dyed cotton fabrics: flame retardancy, dyeing performance and flame retardant/dyed mechanism",https://doi.org/10.1007/s10570-020-03469-z,,,"Sodiumsulfanilate+cyanuricchlorideCTSGsynthesisp3 then dimethylhydroxymethylphosphonate55C5h pH7-8 sodiumcarbonate. CTSGP220g/L DIbath1:25/60C15min+NaCl40g/Lstir15minraise90C+Na2CO310g/L60min/waterrinse/dry;notdurabilitywashingcycle. DyedreactiveRedKbath1:30withCTSGP separate specimens,never borrow theirLOIforundyedTG.",Initial prepared fabric; preparation rinses are not durability laundering,Initial prepared fabric; preparation rinses are not durability laundering,2020
10.1007/s10570-020-03469-z,LFY606B,Main Table1 PDF p6; native WG0 untreated control,,,GB/T5454-1997,,,,HTG1; Beijing Hengjiu,,700,Main Table2 PDF p7 / Figure2 PDF p6,35,,,N2,CTSGP-treated cotton initial LOI disagreement,Main measurements PDF pp4-5; recipe/material PDF p3,Raw facts held; no verified pair,2026-10-02,Codex complete 16 native publisher pages; one primary reviewer,10,Cellulose,"Only initial untreated control is paired. Treated initial Table1 LOI29.0 versus Table4 zero-wash LOI28.8 has no resolved cohort or uncertainty explanation, so both values and TG remain held. WG7.6 has no dose mapping. Dyed, undyed and washed specimens are distinct. Figure2 colour keys vary by panel; native table and each legend are read separately. Residue at Tmax is not R700.",cotton,Scoured bleached plain-woven cotton fabric; 14.75 tex x 14.75 tex; 122 g/m2; Weifang Qirong Textiles,Scoured bleached plain-woven cotton fabric; 14.75 tex x 14.75 tex; 122 g/m2; Weifang Qirong Textiles,Scoured bleached plain-woven cotton fabric; 14.75 tex x 14.75 tex; 122 g/m2; Weifang Qirong Textiles,CTSGP-treated cotton initial LOI disagreement,held_source_facts,,held_initial_LOI_29_0_vs28_8_unresolved,journal_article,Native PDF p1 DOI/title/authors/Original Research/accepted2020,,,,,held_outside_verified_target,,CTSGP-treated cotton initial LOI disagreement,,,,29.0,28.8,,,,,,,,,42.6,,,,,,50,,,,,,,,,317,,248,,,,,,,,,,,,Native publisher online-first original research; unpaginated PDF,,21.4,Main Table1 PDF p6 / Table2 PDF p7 / Table4 zero-wash PDF p12;no resolved cohort/uncertainty,,220,,"Sodiumsulfanilate+cyanuricchlorideCTSGsynthesisp3 then dimethylhydroxymethylphosphonate55C5h pH7-8 sodiumcarbonate. CTSGP220g/L DIbath1:25/60C15min+NaCl40g/Lstir15minraise90C+Na2CO310g/L60min/waterrinse/dry;notdurabilitywashingcycle. DyedreactiveRedKbath1:30withCTSGP separate specimens,never borrow theirLOIforundyedTG.",,70.4,,,,,"Preparation of flame-retardant/dyed cotton fabrics: flame retardancy, dyeing performance and flame retardant/dyed mechanism",https://doi.org/10.1007/s10570-020-03469-z,,,"Sodiumsulfanilate+cyanuricchlorideCTSGsynthesisp3 then dimethylhydroxymethylphosphonate55C5h pH7-8 sodiumcarbonate. CTSGP220g/L DIbath1:25/60C15min+NaCl40g/Lstir15minraise90C+Na2CO310g/L60min/waterrinse/dry;notdurabilitywashingcycle. DyedreactiveRedKbath1:30withCTSGP separate specimens,never borrow theirLOIforundyedTG.",Initial prepared fabric; preparation rinses are not durability laundering,Initial prepared fabric; preparation rinses are not durability laundering,2020
10.1007/s10570-020-03469-z,LFY606B,Main Table1 PDF p6; native WG0 untreated control,24.7,,GB/T5454-1997,,,,HTG1; Beijing Hengjiu,,700,Main Table2 PDF p7 / Figure2 PDF p6,35,,,,CTSGP-treated cotton WG7.6 dose unclassified,Main measurements PDF pp4-5; recipe/material PDF p3,Raw facts held; no verified pair,2026-10-02,Codex complete 16 native publisher pages; one primary reviewer,,Cellulose,"Only initial untreated control is paired. Treated initial Table1 LOI29.0 versus Table4 zero-wash LOI28.8 has no resolved cohort or uncertainty explanation, so both values and TG remain held. WG7.6 has no dose mapping. Dyed, undyed and washed specimens are distinct. Figure2 colour keys vary by panel; native table and each legend are read separately. Residue at Tmax is not R700.",cotton,Scoured bleached plain-woven cotton fabric; 14.75 tex x 14.75 tex; 122 g/m2; Weifang Qirong Textiles,Scoured bleached plain-woven cotton fabric; 14.75 tex x 14.75 tex; 122 g/m2; Weifang Qirong Textiles,Scoured bleached plain-woven cotton fabric; 14.75 tex x 14.75 tex; 122 g/m2; Weifang Qirong Textiles,CTSGP-treated cotton WG7.6 dose unclassified,held_source_facts,,held_initial_LOI_dose_and_own_TG_unclassified,journal_article,Native PDF p1 DOI/title/authors/Original Research/accepted2020,,,,,held_outside_verified_target,,CTSGP-treated cotton WG7.6 dose unclassified,,,,,,,,,,,,,,,,,,,,50,,,,,,,,,,,,,,,,,,,,,,,Native publisher online-first original research; unpaginated PDF,,7.6,Main Table1 PDF p6;row lacks dose/sample ID,,,,"Sodiumsulfanilate+cyanuricchlorideCTSGsynthesisp3 then dimethylhydroxymethylphosphonate55C5h pH7-8 sodiumcarbonate. CTSGP220g/L DIbath1:25/60C15min+NaCl40g/Lstir15minraise90C+Na2CO310g/L60min/waterrinse/dry;notdurabilitywashingcycle. DyedreactiveRedKbath1:30withCTSGP separate specimens,never borrow theirLOIforundyedTG.",,,,,,,"Preparation of flame-retardant/dyed cotton fabrics: flame retardancy, dyeing performance and flame retardant/dyed mechanism",https://doi.org/10.1007/s10570-020-03469-z,,,"Sodiumsulfanilate+cyanuricchlorideCTSGsynthesisp3 then dimethylhydroxymethylphosphonate55C5h pH7-8 sodiumcarbonate. CTSGP220g/L DIbath1:25/60C15min+NaCl40g/Lstir15minraise90C+Na2CO310g/L60min/waterrinse/dry;notdurabilitywashingcycle. DyedreactiveRedKbath1:30withCTSGP separate specimens,never borrow theirLOIforundyedTG.",Initial prepared fabric; preparation rinses are not durability laundering,Initial prepared fabric; preparation rinses are not durability laundering,2020
10.1007/s10570-020-03469-z,LFY606B,Main Table1 PDF p6; native WG0 untreated control,28.8,,GB/T5454-1997,,,,HTG1; Beijing Hengjiu,,700,Main Table2 PDF p7 / Figure2 PDF p6,35,,,,CTSGP-treated cotton native wash series 0times,Main measurements PDF pp4-5; recipe/material PDF p3,Raw facts held; no verified pair,2026-10-02,Codex complete 16 native publisher pages; one primary reviewer,,Cellulose,"Only initial untreated control is paired. Treated initial Table1 LOI29.0 versus Table4 zero-wash LOI28.8 has no resolved cohort or uncertainty explanation, so both values and TG remain held. WG7.6 has no dose mapping. Dyed, undyed and washed specimens are distinct. Figure2 colour keys vary by panel; native table and each legend are read separately. Residue at Tmax is not R700.",cotton,Scoured bleached plain-woven cotton fabric; 14.75 tex x 14.75 tex; 122 g/m2; Weifang Qirong Textiles,Scoured bleached plain-woven cotton fabric; 14.75 tex x 14.75 tex; 122 g/m2; Weifang Qirong Textiles,Scoured bleached plain-woven cotton fabric; 14.75 tex x 14.75 tex; 122 g/m2; Weifang Qirong Textiles,CTSGP-treated cotton native wash series 0times,held_source_facts,,held_initial_LOI_29_0_vs28_8_unresolved,journal_article,Native PDF p1 DOI/title/authors/Original Research/accepted2020,,,,,held_outside_verified_target,,CTSGP-treated cotton native wash series 0times,,,,,,,,,,,,,,,,,,,,50,,,,,,,,,,,,,,,,,,,,,,,Native publisher online-first original research; unpaginated PDF,,,Main Table4 PDF p12;washing discussion PDF pp11-12;no own washed TG,,,,"Sodiumsulfanilate+cyanuricchlorideCTSGsynthesisp3 then dimethylhydroxymethylphosphonate55C5h pH7-8 sodiumcarbonate. CTSGP220g/L DIbath1:25/60C15min+NaCl40g/Lstir15minraise90C+Na2CO310g/L60min/waterrinse/dry;notdurabilitywashingcycle. DyedreactiveRedKbath1:30withCTSGP separate specimens,never borrow theirLOIforundyedTG.",,,,,,,"Preparation of flame-retardant/dyed cotton fabrics: flame retardancy, dyeing performance and flame retardant/dyed mechanism",https://doi.org/10.1007/s10570-020-03469-z,0,,"Sodiumsulfanilate+cyanuricchlorideCTSGsynthesisp3 then dimethylhydroxymethylphosphonate55C5h pH7-8 sodiumcarbonate. CTSGP220g/L DIbath1:25/60C15min+NaCl40g/Lstir15minraise90C+Na2CO310g/L60min/waterrinse/dry;notdurabilitywashingcycle. DyedreactiveRedKbath1:30withCTSGP separate specimens,never borrow theirLOIforundyedTG.",After0 native washing times;wash standard/temp/duration/detergent unreported,After0 native washing times;wash standard/temp/duration/detergent unreported,2020
10.1007/s10570-020-03469-z,LFY606B,Main Table1 PDF p6; native WG0 untreated control,27.0,,GB/T5454-1997,,,,HTG1; Beijing Hengjiu,,700,Main Table2 PDF p7 / Figure2 PDF p6,35,,,,CTSGP-treated cotton native wash series 5times,Main measurements PDF pp4-5; recipe/material PDF p3,Raw facts held; no verified pair,2026-10-02,Codex complete 16 native publisher pages; one primary reviewer,,Cellulose,"Only initial untreated control is paired. Treated initial Table1 LOI29.0 versus Table4 zero-wash LOI28.8 has no resolved cohort or uncertainty explanation, so both values and TG remain held. WG7.6 has no dose mapping. Dyed, undyed and washed specimens are distinct. Figure2 colour keys vary by panel; native table and each legend are read separately. Residue at Tmax is not R700.",cotton,Scoured bleached plain-woven cotton fabric; 14.75 tex x 14.75 tex; 122 g/m2; Weifang Qirong Textiles,Scoured bleached plain-woven cotton fabric; 14.75 tex x 14.75 tex; 122 g/m2; Weifang Qirong Textiles,Scoured bleached plain-woven cotton fabric; 14.75 tex x 14.75 tex; 122 g/m2; Weifang Qirong Textiles,CTSGP-treated cotton native wash series 5times,held_source_facts,,held_washed_exact_LOI_no_own_TG,journal_article,Native PDF p1 DOI/title/authors/Original Research/accepted2020,,,,,held_outside_verified_target,,CTSGP-treated cotton native wash series 5times,,,,,,,,,,,,,,,,,,,,50,,,,,,,,,,,,,,,,,,,,,,,Native publisher online-first original research; unpaginated PDF,,,Main Table4 PDF p12;washing discussion PDF pp11-12;no own washed TG,,,,"Sodiumsulfanilate+cyanuricchlorideCTSGsynthesisp3 then dimethylhydroxymethylphosphonate55C5h pH7-8 sodiumcarbonate. CTSGP220g/L DIbath1:25/60C15min+NaCl40g/Lstir15minraise90C+Na2CO310g/L60min/waterrinse/dry;notdurabilitywashingcycle. DyedreactiveRedKbath1:30withCTSGP separate specimens,never borrow theirLOIforundyedTG.",,,,,,,"Preparation of flame-retardant/dyed cotton fabrics: flame retardancy, dyeing performance and flame retardant/dyed mechanism",https://doi.org/10.1007/s10570-020-03469-z,5,,"Sodiumsulfanilate+cyanuricchlorideCTSGsynthesisp3 then dimethylhydroxymethylphosphonate55C5h pH7-8 sodiumcarbonate. CTSGP220g/L DIbath1:25/60C15min+NaCl40g/Lstir15minraise90C+Na2CO310g/L60min/waterrinse/dry;notdurabilitywashingcycle. DyedreactiveRedKbath1:30withCTSGP separate specimens,never borrow theirLOIforundyedTG.",After5 native washing times;wash standard/temp/duration/detergent unreported,After5 native washing times;wash standard/temp/duration/detergent unreported,2020
10.1007/s10570-020-03469-z,LFY606B,Main Table1 PDF p6; native WG0 untreated control,26.6,,GB/T5454-1997,,,,HTG1; Beijing Hengjiu,,700,Main Table2 PDF p7 / Figure2 PDF p6,35,,,,CTSGP-treated cotton native wash series 15times,Main measurements PDF pp4-5; recipe/material PDF p3,Raw facts held; no verified pair,2026-10-02,Codex complete 16 native publisher pages; one primary reviewer,,Cellulose,"Only initial untreated control is paired. Treated initial Table1 LOI29.0 versus Table4 zero-wash LOI28.8 has no resolved cohort or uncertainty explanation, so both values and TG remain held. WG7.6 has no dose mapping. Dyed, undyed and washed specimens are distinct. Figure2 colour keys vary by panel; native table and each legend are read separately. Residue at Tmax is not R700.",cotton,Scoured bleached plain-woven cotton fabric; 14.75 tex x 14.75 tex; 122 g/m2; Weifang Qirong Textiles,Scoured bleached plain-woven cotton fabric; 14.75 tex x 14.75 tex; 122 g/m2; Weifang Qirong Textiles,Scoured bleached plain-woven cotton fabric; 14.75 tex x 14.75 tex; 122 g/m2; Weifang Qirong Textiles,CTSGP-treated cotton native wash series 15times,held_source_facts,,held_washed_exact_LOI_no_own_TG,journal_article,Native PDF p1 DOI/title/authors/Original Research/accepted2020,,,,,held_outside_verified_target,,CTSGP-treated cotton native wash series 15times,,,,,,,,,,,,,,,,,,,,50,,,,,,,,,,,,,,,,,,,,,,,Native publisher online-first original research; unpaginated PDF,,,Main Table4 PDF p12;washing discussion PDF pp11-12;no own washed TG,,,,"Sodiumsulfanilate+cyanuricchlorideCTSGsynthesisp3 then dimethylhydroxymethylphosphonate55C5h pH7-8 sodiumcarbonate. CTSGP220g/L DIbath1:25/60C15min+NaCl40g/Lstir15minraise90C+Na2CO310g/L60min/waterrinse/dry;notdurabilitywashingcycle. DyedreactiveRedKbath1:30withCTSGP separate specimens,never borrow theirLOIforundyedTG.",,,,,,,"Preparation of flame-retardant/dyed cotton fabrics: flame retardancy, dyeing performance and flame retardant/dyed mechanism",https://doi.org/10.1007/s10570-020-03469-z,15,,"Sodiumsulfanilate+cyanuricchlorideCTSGsynthesisp3 then dimethylhydroxymethylphosphonate55C5h pH7-8 sodiumcarbonate. CTSGP220g/L DIbath1:25/60C15min+NaCl40g/Lstir15minraise90C+Na2CO310g/L60min/waterrinse/dry;notdurabilitywashingcycle. DyedreactiveRedKbath1:30withCTSGP separate specimens,never borrow theirLOIforundyedTG.",After15 native washing times;wash standard/temp/duration/detergent unreported,After15 native washing times;wash standard/temp/duration/detergent unreported,2020
10.1007/s10570-020-03469-z,LFY606B,Main Table1 PDF p6; native WG0 untreated control,26.2,,GB/T5454-1997,,,,HTG1; Beijing Hengjiu,,700,Main Table2 PDF p7 / Figure2 PDF p6,35,,,,CTSGP-treated cotton native wash series 25times,Main measurements PDF pp4-5; recipe/material PDF p3,Raw facts held; no verified pair,2026-10-02,Codex complete 16 native publisher pages; one primary reviewer,,Cellulose,"Only initial untreated control is paired. Treated initial Table1 LOI29.0 versus Table4 zero-wash LOI28.8 has no resolved cohort or uncertainty explanation, so both values and TG remain held. WG7.6 has no dose mapping. Dyed, undyed and washed specimens are distinct. Figure2 colour keys vary by panel; native table and each legend are read separately. Residue at Tmax is not R700.",cotton,Scoured bleached plain-woven cotton fabric; 14.75 tex x 14.75 tex; 122 g/m2; Weifang Qirong Textiles,Scoured bleached plain-woven cotton fabric; 14.75 tex x 14.75 tex; 122 g/m2; Weifang Qirong Textiles,Scoured bleached plain-woven cotton fabric; 14.75 tex x 14.75 tex; 122 g/m2; Weifang Qirong Textiles,CTSGP-treated cotton native wash series 25times,held_source_facts,,held_washed_exact_LOI_no_own_TG,journal_article,Native PDF p1 DOI/title/authors/Original Research/accepted2020,,,,,held_outside_verified_target,,CTSGP-treated cotton native wash series 25times,,,,,,,,,,,,,,,,,,,,50,,,,,,,,,,,,,,,,,,,,,,,Native publisher online-first original research; unpaginated PDF,,,Main Table4 PDF p12;washing discussion PDF pp11-12;no own washed TG,,,,"Sodiumsulfanilate+cyanuricchlorideCTSGsynthesisp3 then dimethylhydroxymethylphosphonate55C5h pH7-8 sodiumcarbonate. CTSGP220g/L DIbath1:25/60C15min+NaCl40g/Lstir15minraise90C+Na2CO310g/L60min/waterrinse/dry;notdurabilitywashingcycle. DyedreactiveRedKbath1:30withCTSGP separate specimens,never borrow theirLOIforundyedTG.",,,,,,,"Preparation of flame-retardant/dyed cotton fabrics: flame retardancy, dyeing performance and flame retardant/dyed mechanism",https://doi.org/10.1007/s10570-020-03469-z,25,,"Sodiumsulfanilate+cyanuricchlorideCTSGsynthesisp3 then dimethylhydroxymethylphosphonate55C5h pH7-8 sodiumcarbonate. CTSGP220g/L DIbath1:25/60C15min+NaCl40g/Lstir15minraise90C+Na2CO310g/L60min/waterrinse/dry;notdurabilitywashingcycle. DyedreactiveRedKbath1:30withCTSGP separate specimens,never borrow theirLOIforundyedTG.",After25 native washing times;wash standard/temp/duration/detergent unreported,After25 native washing times;wash standard/temp/duration/detergent unreported,2020
10.1007/s10570-020-03469-z,LFY606B,Main Table1 PDF p6; native WG0 untreated control,18.4,,GB/T5454-1997,,,,HTG1; Beijing Hengjiu,,700,Main Table2 PDF p7 / Figure2 PDF p6,35,,,,Reactive Red K dyed cotton CTSGP0g/L,Main measurements PDF pp4-5; recipe/material PDF p3,Raw facts held; no verified pair,2026-10-02,Codex complete 16 native publisher pages; one primary reviewer,,Cellulose,"Only initial untreated control is paired. Treated initial Table1 LOI29.0 versus Table4 zero-wash LOI28.8 has no resolved cohort or uncertainty explanation, so both values and TG remain held. WG7.6 has no dose mapping. Dyed, undyed and washed specimens are distinct. Figure2 colour keys vary by panel; native table and each legend are read separately. Residue at Tmax is not R700.",cotton,Scoured bleached plain-woven cotton fabric; 14.75 tex x 14.75 tex; 122 g/m2; Weifang Qirong Textiles,Scoured bleached plain-woven cotton fabric; 14.75 tex x 14.75 tex; 122 g/m2; Weifang Qirong Textiles,,Reactive Red K dyed cotton CTSGP0g/L,held_source_facts,,held_dyed_exact_LOI_no_own_TG,journal_article,Native PDF p1 DOI/title/authors/Original Research/accepted2020,,,,,held_outside_verified_target,,Reactive Red K dyed cotton CTSGP0g/L,,,,,,,,,,,,,,,,,,,,50,,,,,,,,,,,,,,,,,0,,,,,,Native publisher online-first original research; unpaginated PDF,Reactive Red K; concentration unreported,,Main Table5 PDF p12;one-bath dyeing methods PDF p4;no dyed TG,,,,"Sodiumsulfanilate+cyanuricchlorideCTSGsynthesisp3 then dimethylhydroxymethylphosphonate55C5h pH7-8 sodiumcarbonate. CTSGP220g/L DIbath1:25/60C15min+NaCl40g/Lstir15minraise90C+Na2CO310g/L60min/waterrinse/dry;notdurabilitywashingcycle. DyedreactiveRedKbath1:30withCTSGP separate specimens,never borrow theirLOIforundyedTG.",,,,,,,"Preparation of flame-retardant/dyed cotton fabrics: flame retardancy, dyeing performance and flame retardant/dyed mechanism",https://doi.org/10.1007/s10570-020-03469-z,,,"Sodiumsulfanilate+cyanuricchlorideCTSGsynthesisp3 then dimethylhydroxymethylphosphonate55C5h pH7-8 sodiumcarbonate. CTSGP220g/L DIbath1:25/60C15min+NaCl40g/Lstir15minraise90C+Na2CO310g/L60min/waterrinse/dry;notdurabilitywashingcycle. DyedreactiveRedKbath1:30withCTSGP separate specimens,never borrow theirLOIforundyedTG.",Initial prepared fabric; preparation rinses are not durability laundering,Initial prepared fabric; preparation rinses are not durability laundering,2020
10.1007/s10570-020-03469-z,LFY606B,Main Table1 PDF p6; native WG0 untreated control,25.6,,GB/T5454-1997,,,,HTG1; Beijing Hengjiu,,700,Main Table2 PDF p7 / Figure2 PDF p6,35,,,,Reactive Red K dyed cotton CTSGP150g/L,Main measurements PDF pp4-5; recipe/material PDF p3,Raw facts held; no verified pair,2026-10-02,Codex complete 16 native publisher pages; one primary reviewer,,Cellulose,"Only initial untreated control is paired. Treated initial Table1 LOI29.0 versus Table4 zero-wash LOI28.8 has no resolved cohort or uncertainty explanation, so both values and TG remain held. WG7.6 has no dose mapping. Dyed, undyed and washed specimens are distinct. Figure2 colour keys vary by panel; native table and each legend are read separately. Residue at Tmax is not R700.",cotton,Scoured bleached plain-woven cotton fabric; 14.75 tex x 14.75 tex; 122 g/m2; Weifang Qirong Textiles,Scoured bleached plain-woven cotton fabric; 14.75 tex x 14.75 tex; 122 g/m2; Weifang Qirong Textiles,,Reactive Red K dyed cotton CTSGP150g/L,held_source_facts,,held_dyed_exact_LOI_no_own_TG,journal_article,Native PDF p1 DOI/title/authors/Original Research/accepted2020,,,,,held_outside_verified_target,,Reactive Red K dyed cotton CTSGP150g/L,,,,,,,,,,,,,,,,,,,,50,,,,,,,,,,,,,,,,,150,,,,,,Native publisher online-first original research; unpaginated PDF,Reactive Red K; concentration unreported,,Main Table5 PDF p12;one-bath dyeing methods PDF p4;no dyed TG,,,,"Sodiumsulfanilate+cyanuricchlorideCTSGsynthesisp3 then dimethylhydroxymethylphosphonate55C5h pH7-8 sodiumcarbonate. CTSGP220g/L DIbath1:25/60C15min+NaCl40g/Lstir15minraise90C+Na2CO310g/L60min/waterrinse/dry;notdurabilitywashingcycle. DyedreactiveRedKbath1:30withCTSGP separate specimens,never borrow theirLOIforundyedTG.",,,,,,,"Preparation of flame-retardant/dyed cotton fabrics: flame retardancy, dyeing performance and flame retardant/dyed mechanism",https://doi.org/10.1007/s10570-020-03469-z,,,"Sodiumsulfanilate+cyanuricchlorideCTSGsynthesisp3 then dimethylhydroxymethylphosphonate55C5h pH7-8 sodiumcarbonate. CTSGP220g/L DIbath1:25/60C15min+NaCl40g/Lstir15minraise90C+Na2CO310g/L60min/waterrinse/dry;notdurabilitywashingcycle. DyedreactiveRedKbath1:30withCTSGP separate specimens,never borrow theirLOIforundyedTG.",Initial prepared fabric; preparation rinses are not durability laundering,Initial prepared fabric; preparation rinses are not durability laundering,2020
10.1007/s10570-020-03469-z,LFY606B,Main Table1 PDF p6; native WG0 untreated control,26.2,,GB/T5454-1997,,,,HTG1; Beijing Hengjiu,,700,Main Table2 PDF p7 / Figure2 PDF p6,35,,,,Reactive Red K dyed cotton CTSGP200g/L,Main measurements PDF pp4-5; recipe/material PDF p3,Raw facts held; no verified pair,2026-10-02,Codex complete 16 native publisher pages; one primary reviewer,,Cellulose,"Only initial untreated control is paired. Treated initial Table1 LOI29.0 versus Table4 zero-wash LOI28.8 has no resolved cohort or uncertainty explanation, so both values and TG remain held. WG7.6 has no dose mapping. Dyed, undyed and washed specimens are distinct. Figure2 colour keys vary by panel; native table and each legend are read separately. Residue at Tmax is not R700.",cotton,Scoured bleached plain-woven cotton fabric; 14.75 tex x 14.75 tex; 122 g/m2; Weifang Qirong Textiles,Scoured bleached plain-woven cotton fabric; 14.75 tex x 14.75 tex; 122 g/m2; Weifang Qirong Textiles,,Reactive Red K dyed cotton CTSGP200g/L,held_source_facts,,held_dyed_exact_LOI_no_own_TG,journal_article,Native PDF p1 DOI/title/authors/Original Research/accepted2020,,,,,held_outside_verified_target,,Reactive Red K dyed cotton CTSGP200g/L,,,,,,,,,,,,,,,,,,,,50,,,,,,,,,,,,,,,,,200,,,,,,Native publisher online-first original research; unpaginated PDF,Reactive Red K; concentration unreported,,Main Table5 PDF p12;one-bath dyeing methods PDF p4;no dyed TG,,,,"Sodiumsulfanilate+cyanuricchlorideCTSGsynthesisp3 then dimethylhydroxymethylphosphonate55C5h pH7-8 sodiumcarbonate. CTSGP220g/L DIbath1:25/60C15min+NaCl40g/Lstir15minraise90C+Na2CO310g/L60min/waterrinse/dry;notdurabilitywashingcycle. DyedreactiveRedKbath1:30withCTSGP separate specimens,never borrow theirLOIforundyedTG.",,,,,,,"Preparation of flame-retardant/dyed cotton fabrics: flame retardancy, dyeing performance and flame retardant/dyed mechanism",https://doi.org/10.1007/s10570-020-03469-z,,,"Sodiumsulfanilate+cyanuricchlorideCTSGsynthesisp3 then dimethylhydroxymethylphosphonate55C5h pH7-8 sodiumcarbonate. CTSGP220g/L DIbath1:25/60C15min+NaCl40g/Lstir15minraise90C+Na2CO310g/L60min/waterrinse/dry;notdurabilitywashingcycle. DyedreactiveRedKbath1:30withCTSGP separate specimens,never borrow theirLOIforundyedTG.",Initial prepared fabric; preparation rinses are not durability laundering,Initial prepared fabric; preparation rinses are not durability laundering,2020
10.1007/s10570-020-03469-z,LFY606B,Main Table1 PDF p6; native WG0 untreated control,26.8,,GB/T5454-1997,,,,HTG1; Beijing Hengjiu,,700,Main Table2 PDF p7 / Figure2 PDF p6,35,,,,Reactive Red K dyed cotton CTSGP250g/L,Main measurements PDF pp4-5; recipe/material PDF p3,Raw facts held; no verified pair,2026-10-02,Codex complete 16 native publisher pages; one primary reviewer,,Cellulose,"Only initial untreated control is paired. Treated initial Table1 LOI29.0 versus Table4 zero-wash LOI28.8 has no resolved cohort or uncertainty explanation, so both values and TG remain held. WG7.6 has no dose mapping. Dyed, undyed and washed specimens are distinct. Figure2 colour keys vary by panel; native table and each legend are read separately. Residue at Tmax is not R700.",cotton,Scoured bleached plain-woven cotton fabric; 14.75 tex x 14.75 tex; 122 g/m2; Weifang Qirong Textiles,Scoured bleached plain-woven cotton fabric; 14.75 tex x 14.75 tex; 122 g/m2; Weifang Qirong Textiles,,Reactive Red K dyed cotton CTSGP250g/L,held_source_facts,,held_dyed_exact_LOI_no_own_TG,journal_article,Native PDF p1 DOI/title/authors/Original Research/accepted2020,,,,,held_outside_verified_target,,Reactive Red K dyed cotton CTSGP250g/L,,,,,,,,,,,,,,,,,,,,50,,,,,,,,,,,,,,,,,250,,,,,,Native publisher online-first original research; unpaginated PDF,Reactive Red K; concentration unreported,,Main Table5 PDF p12;one-bath dyeing methods PDF p4;no dyed TG,,,,"Sodiumsulfanilate+cyanuricchlorideCTSGsynthesisp3 then dimethylhydroxymethylphosphonate55C5h pH7-8 sodiumcarbonate. CTSGP220g/L DIbath1:25/60C15min+NaCl40g/Lstir15minraise90C+Na2CO310g/L60min/waterrinse/dry;notdurabilitywashingcycle. DyedreactiveRedKbath1:30withCTSGP separate specimens,never borrow theirLOIforundyedTG.",,,,,,,"Preparation of flame-retardant/dyed cotton fabrics: flame retardancy, dyeing performance and flame retardant/dyed mechanism",https://doi.org/10.1007/s10570-020-03469-z,,,"Sodiumsulfanilate+cyanuricchlorideCTSGsynthesisp3 then dimethylhydroxymethylphosphonate55C5h pH7-8 sodiumcarbonate. CTSGP220g/L DIbath1:25/60C15min+NaCl40g/Lstir15minraise90C+Na2CO310g/L60min/waterrinse/dry;notdurabilitywashingcycle. DyedreactiveRedKbath1:30withCTSGP separate specimens,never borrow theirLOIforundyedTG.",Initial prepared fabric; preparation rinses are not durability laundering,Initial prepared fabric; preparation rinses are not durability laundering,2020
10.1007/s10570-020-03488-w,LFY606B,Main Table1 PDF p6; matching zero-wash Table3 PDF p13,18,150 x 58,GB/T5454-1997,,,,STA6000; PerkinElmer USA,5,800,Main explicit TG prose PDF pp7-8 / Figure6 PDF p9,40,344,,air,Untreated cotton,Main thermal methods PDF p5; recipes/material/LOI methods PDF pp3-4,TG+LOI,2026-10-02,Codex complete 15 native publisher pages; one primary reviewer,10,Cellulose,"Exact own initial control and 350 g/L TG/LOI match. Air control near-zero-char prose conflicts with a nonzero figure plateau: char remains blank, never zero; exact main Tmax344 is independently explicit. Treated Tmax300 is a generic maximum-rate temperature, not a claim of the first chronological peak. N2 treated stage ranges are not exact peaks. SI says aminopropyl while main says aminoethyl; chemistry identity remains raw/unresolved, while both assays explicitly identify the same 350 g/L ASPBH fabric. PBTCA acronym/basis is unreported. Sparse isolated Tmax344 coincidences do not establish source/sample equivalence; the new N2 multi-metric profile has no exact prior match. No independent experimental-replicate claim.",cotton,Alkaline-scoured bleached cotton fabric; Weifang Qirong Textiles; purity/weave/tex/area density unreported,Alkaline-scoured bleached cotton fabric; Weifang Qirong Textiles; purity/weave/tex/area density unreported,Alkaline-scoured bleached cotton fabric; Weifang Qirong Textiles; purity/weave/tex/area density unreported,Untreated cotton,explicit_text,"Own initial untreated and explicitly350g/L fabrics: Table1 LOI18/30.4 and matching Table3 zero-wash30.4; thermal prose/Figure6 explicitly concern control/350gL and p5 methods report both gases10K/min40-800C about5mg. Keep air-control residue blank under prose/curve conflict, N2 treated peaks unreported, and chemistry-label uncertainty raw; no other-dose/washed transfer.",verified_exact,journal_article,Native PDF p1 DOI/title/authors/Original Research/accepted2020,,,,,source_review_approved,4c26a6c2859d753eff60c72ce101b73e21b75b3b52b61a91518dffb7b0dce9fb,Untreated cotton,,,,,,,,,,,10 percent PBTCA; acronym and percentage basis unreported,,,,,,,https://media.springernature.com/original/springer-static/esm/art%3A10.1007%2Fs10570-020-03488-w/MediaObjects/10570_2020_3488_MOESM1_ESM.docx,,,,,,,,,,,,Native generic maximum-rate temperature; legacy Tmax1 is not a first-stage claim,,Almost no residue after492C prose versus nonzero Fig6a plateau;no canonical residue/zero/graph estimate,,Main N-aminoethylpiperazine; SI N-aminopropylpiperazine; unresolved,,0,,,,,,,Native publisher online-first original research; unpaginated PDF,,0,Main Table1 PDF p6; explicit TG prose PDF p8; methods PDF p5,294-370,,,"Synthesis3stepsHMTS/AGE/H2PtCl6N270C7h;AEP75C6hN2;AHMTS:SPDPC2:1/Et3N/acetonitrileN280C7h/yellowASPBH94%yield. BathASPBH250/300/350g/L+10%PBTCA(nativeundefinedacronym/basisunreported)+ethanolwater1:1;30min/about80%pickup80C20min120C5min;fabric pre-soak/drydetailsunknown,nativebathFinishingTG350g/Lexplicitnotassumed.",,,,470-490,One generic peak may coincide across cotton papers;no alias inferred. Explicit N2 onset312/Tmax369/R80017.3 differs from existing273/369/17.2 profile10.1007/s10570-021-04054-8.,,"Synthetic novel, convenient and eco-friendly Si/P/N synergistic treatment agent to improve the flame retardancy and thermal stability of cotton fabrics",https://doi.org/10.1007/s10570-020-03488-w,,"Complete official DOCX:13 paragraphs,0tables,2renderedpages; synthesis only; no TG/LOI","Synthesis3stepsHMTS/AGE/H2PtCl6N270C7h;AEP75C6hN2;AHMTS:SPDPC2:1/Et3N/acetonitrileN280C7h/yellowASPBH94%yield. BathASPBH250/300/350g/L+10%PBTCA(nativeundefinedacronym/basisunreported)+ethanolwater1:1;30min/about80%pickup80C20min120C5min;fabric pre-soak/drydetailsunknown,nativebathFinishingTG350g/Lexplicitnotassumed.",Initial prepared fabric; preparation rinses are not durability laundering,Initial prepared fabric; preparation rinses are not durability laundering,2020
10.1007/s10570-020-03488-w,LFY606B,Main Table1 PDF p6; matching zero-wash Table3 PDF p13,30.4,150 x 58,GB/T5454-1997,,,11.6,STA6000; PerkinElmer USA,5,800,Main explicit TG prose PDF pp7-8 / Figure6 PDF p9,40,300,,air,350g/L ASPBH-treated cotton,Main thermal methods PDF p5; recipes/material/LOI methods PDF pp3-4,TG+LOI,2026-10-02,Codex complete 15 native publisher pages; one primary reviewer,10,Cellulose,"Exact own initial control and 350 g/L TG/LOI match. Air control near-zero-char prose conflicts with a nonzero figure plateau: char remains blank, never zero; exact main Tmax344 is independently explicit. Treated Tmax300 is a generic maximum-rate temperature, not a claim of the first chronological peak. N2 treated stage ranges are not exact peaks. SI says aminopropyl while main says aminoethyl; chemistry identity remains raw/unresolved, while both assays explicitly identify the same 350 g/L ASPBH fabric. PBTCA acronym/basis is unreported. Sparse isolated Tmax344 coincidences do not establish source/sample equivalence; the new N2 multi-metric profile has no exact prior match. No independent experimental-replicate claim.",cotton,Alkaline-scoured bleached cotton fabric; Weifang Qirong Textiles; purity/weave/tex/area density unreported,Alkaline-scoured bleached cotton fabric; Weifang Qirong Textiles; purity/weave/tex/area density unreported,Alkaline-scoured bleached cotton fabric; Weifang Qirong Textiles; purity/weave/tex/area density unreported,350g/L ASPBH-treated cotton,explicit_text,"Own initial untreated and explicitly350g/L fabrics: Table1 LOI18/30.4 and matching Table3 zero-wash30.4; thermal prose/Figure6 explicitly concern control/350gL and p5 methods report both gases10K/min40-800C about5mg. Keep air-control residue blank under prose/curve conflict, N2 treated peaks unreported, and chemistry-label uncertainty raw; no other-dose/washed transfer.",verified_exact,journal_article,Native PDF p1 DOI/title/authors/Original Research/accepted2020,,,11.6,800,source_review_approved,aa5ca7d5dc03ea9770a86846e5d296f5c13174ff4c5d35bd8a05159b378a1a53,350g/L ASPBH-treated cotton,,,,,,,,,,,10 percent PBTCA; acronym and percentage basis unreported,,,,,,,https://media.springernature.com/original/springer-static/esm/art%3A10.1007%2Fs10570-020-03488-w/MediaObjects/10570_2020_3488_MOESM1_ESM.docx,,,,,,,,,,,,Native generic maximum-rate temperature; legacy Tmax1 is not a first-stage claim,,,,Main N-aminoethylpiperazine; SI N-aminopropylpiperazine; unresolved,,350,,,,,,,Native publisher online-first original research; unpaginated PDF,,27.6,Main Table1 PDF p6; explicit TG prose PDF p8; methods PDF p5,,,,"Synthesis3stepsHMTS/AGE/H2PtCl6N270C7h;AEP75C6hN2;AHMTS:SPDPC2:1/Et3N/acetonitrileN280C7h/yellowASPBH94%yield. BathASPBH250/300/350g/L+10%PBTCA(nativeundefinedacronym/basisunreported)+ethanolwater1:1;30min/about80%pickup80C20min120C5min;fabric pre-soak/drydetailsunknown,nativebathFinishingTG350g/Lexplicitnotassumed.",,,,,,,"Synthetic novel, convenient and eco-friendly Si/P/N synergistic treatment agent to improve the flame retardancy and thermal stability of cotton fabrics",https://doi.org/10.1007/s10570-020-03488-w,,"Complete official DOCX:13 paragraphs,0tables,2renderedpages; synthesis only; no TG/LOI","Synthesis3stepsHMTS/AGE/H2PtCl6N270C7h;AEP75C6hN2;AHMTS:SPDPC2:1/Et3N/acetonitrileN280C7h/yellowASPBH94%yield. BathASPBH250/300/350g/L+10%PBTCA(nativeundefinedacronym/basisunreported)+ethanolwater1:1;30min/about80%pickup80C20min120C5min;fabric pre-soak/drydetailsunknown,nativebathFinishingTG350g/Lexplicitnotassumed.",Initial prepared fabric; preparation rinses are not durability laundering,Initial prepared fabric; preparation rinses are not durability laundering,2020
10.1007/s10570-020-03488-w,LFY606B,Main Table1 PDF p6; matching zero-wash Table3 PDF p13,18,150 x 58,GB/T5454-1997,,,17.3,STA6000; PerkinElmer USA,5,800,Main explicit TG prose PDF pp7-8 / Figure6 PDF p9,40,369,312,N2,Untreated cotton,Main thermal methods PDF p5; recipes/material/LOI methods PDF pp3-4,TG+LOI,2026-10-02,Codex complete 15 native publisher pages; one primary reviewer,10,Cellulose,"Exact own initial control and 350 g/L TG/LOI match. Air control near-zero-char prose conflicts with a nonzero figure plateau: char remains blank, never zero; exact main Tmax344 is independently explicit. Treated Tmax300 is a generic maximum-rate temperature, not a claim of the first chronological peak. N2 treated stage ranges are not exact peaks. SI says aminopropyl while main says aminoethyl; chemistry identity remains raw/unresolved, while both assays explicitly identify the same 350 g/L ASPBH fabric. PBTCA acronym/basis is unreported. Sparse isolated Tmax344 coincidences do not establish source/sample equivalence; the new N2 multi-metric profile has no exact prior match. No independent experimental-replicate claim.",cotton,Alkaline-scoured bleached cotton fabric; Weifang Qirong Textiles; purity/weave/tex/area density unreported,Alkaline-scoured bleached cotton fabric; Weifang Qirong Textiles; purity/weave/tex/area density unreported,Alkaline-scoured bleached cotton fabric; Weifang Qirong Textiles; purity/weave/tex/area density unreported,Untreated cotton,explicit_text,"Own initial untreated and explicitly350g/L fabrics: Table1 LOI18/30.4 and matching Table3 zero-wash30.4; thermal prose/Figure6 explicitly concern control/350gL and p5 methods report both gases10K/min40-800C about5mg. Keep air-control residue blank under prose/curve conflict, N2 treated peaks unreported, and chemistry-label uncertainty raw; no other-dose/washed transfer.",verified_exact,journal_article,Native PDF p1 DOI/title/authors/Original Research/accepted2020,,,17.3,800,source_review_approved,f685429cee4e2884293298016c3f64251c547d5060b1ad3a6473267e39b16d0d,Untreated cotton,,,,,,,,,,,10 percent PBTCA; acronym and percentage basis unreported,,,,,,,https://media.springernature.com/original/springer-static/esm/art%3A10.1007%2Fs10570-020-03488-w/MediaObjects/10570_2020_3488_MOESM1_ESM.docx,,,,,,,,,,,,Native generic maximum-rate temperature; legacy Tmax1 is not a first-stage claim,,,,Main N-aminoethylpiperazine; SI N-aminopropylpiperazine; unresolved,,0,,,,,,,Native publisher online-first original research; unpaginated PDF,,0,Main Table1 PDF p6; explicit TG prose PDF p8; methods PDF p5,,,,"Synthesis3stepsHMTS/AGE/H2PtCl6N270C7h;AEP75C6hN2;AHMTS:SPDPC2:1/Et3N/acetonitrileN280C7h/yellowASPBH94%yield. BathASPBH250/300/350g/L+10%PBTCA(nativeundefinedacronym/basisunreported)+ethanolwater1:1;30min/about80%pickup80C20min120C5min;fabric pre-soak/drydetailsunknown,nativebathFinishingTG350g/Lexplicitnotassumed.",,,,,,,"Synthetic novel, convenient and eco-friendly Si/P/N synergistic treatment agent to improve the flame retardancy and thermal stability of cotton fabrics",https://doi.org/10.1007/s10570-020-03488-w,,"Complete official DOCX:13 paragraphs,0tables,2renderedpages; synthesis only; no TG/LOI","Synthesis3stepsHMTS/AGE/H2PtCl6N270C7h;AEP75C6hN2;AHMTS:SPDPC2:1/Et3N/acetonitrileN280C7h/yellowASPBH94%yield. BathASPBH250/300/350g/L+10%PBTCA(nativeundefinedacronym/basisunreported)+ethanolwater1:1;30min/about80%pickup80C20min120C5min;fabric pre-soak/drydetailsunknown,nativebathFinishingTG350g/Lexplicitnotassumed.",Initial prepared fabric; preparation rinses are not durability laundering,Initial prepared fabric; preparation rinses are not durability laundering,2020
10.1007/s10570-020-03488-w,LFY606B,Main Table1 PDF p6; matching zero-wash Table3 PDF p13,30.4,150 x 58,GB/T5454-1997,,,42.9,STA6000; PerkinElmer USA,5,800,Main explicit TG prose PDF pp7-8 / Figure6 PDF p9,40,,,N2,350g/L ASPBH-treated cotton,Main thermal methods PDF p5; recipes/material/LOI methods PDF pp3-4,TG+LOI,2026-10-02,Codex complete 15 native publisher pages; one primary reviewer,10,Cellulose,"Exact own initial control and 350 g/L TG/LOI match. Air control near-zero-char prose conflicts with a nonzero figure plateau: char remains blank, never zero; exact main Tmax344 is independently explicit. Treated Tmax300 is a generic maximum-rate temperature, not a claim of the first chronological peak. N2 treated stage ranges are not exact peaks. SI says aminopropyl while main says aminoethyl; chemistry identity remains raw/unresolved, while both assays explicitly identify the same 350 g/L ASPBH fabric. PBTCA acronym/basis is unreported. Sparse isolated Tmax344 coincidences do not establish source/sample equivalence; the new N2 multi-metric profile has no exact prior match. No independent experimental-replicate claim.",cotton,Alkaline-scoured bleached cotton fabric; Weifang Qirong Textiles; purity/weave/tex/area density unreported,Alkaline-scoured bleached cotton fabric; Weifang Qirong Textiles; purity/weave/tex/area density unreported,Alkaline-scoured bleached cotton fabric; Weifang Qirong Textiles; purity/weave/tex/area density unreported,350g/L ASPBH-treated cotton,explicit_text,"Own initial untreated and explicitly350g/L fabrics: Table1 LOI18/30.4 and matching Table3 zero-wash30.4; thermal prose/Figure6 explicitly concern control/350gL and p5 methods report both gases10K/min40-800C about5mg. Keep air-control residue blank under prose/curve conflict, N2 treated peaks unreported, and chemistry-label uncertainty raw; no other-dose/washed transfer.",verified_exact,journal_article,Native PDF p1 DOI/title/authors/Original Research/accepted2020,,,42.9,800,source_review_approved,0b98df73ceb28ba7603d4cd4dce506750f9b455b568072debca116dcb27bb207,350g/L ASPBH-treated cotton,,,,,,,,,,,10 percent PBTCA; acronym and percentage basis unreported,,,,,,,https://media.springernature.com/original/springer-static/esm/art%3A10.1007%2Fs10570-020-03488-w/MediaObjects/10570_2020_3488_MOESM1_ESM.docx,,,,,,,,,,,,Native generic maximum-rate temperature; legacy Tmax1 is not a first-stage claim,,,,Main N-aminoethylpiperazine; SI N-aminopropylpiperazine; unresolved,,350,,,,,237-273;280-320;not exact peak temperatures,,Native publisher online-first original research; unpaginated PDF,,27.6,Main Table1 PDF p6; explicit TG prose PDF p8; methods PDF p5,,,,"Synthesis3stepsHMTS/AGE/H2PtCl6N270C7h;AEP75C6hN2;AHMTS:SPDPC2:1/Et3N/acetonitrileN280C7h/yellowASPBH94%yield. BathASPBH250/300/350g/L+10%PBTCA(nativeundefinedacronym/basisunreported)+ethanolwater1:1;30min/about80%pickup80C20min120C5min;fabric pre-soak/drydetailsunknown,nativebathFinishingTG350g/Lexplicitnotassumed.",,,,,,,"Synthetic novel, convenient and eco-friendly Si/P/N synergistic treatment agent to improve the flame retardancy and thermal stability of cotton fabrics",https://doi.org/10.1007/s10570-020-03488-w,,"Complete official DOCX:13 paragraphs,0tables,2renderedpages; synthesis only; no TG/LOI","Synthesis3stepsHMTS/AGE/H2PtCl6N270C7h;AEP75C6hN2;AHMTS:SPDPC2:1/Et3N/acetonitrileN280C7h/yellowASPBH94%yield. BathASPBH250/300/350g/L+10%PBTCA(nativeundefinedacronym/basisunreported)+ethanolwater1:1;30min/about80%pickup80C20min120C5min;fabric pre-soak/drydetailsunknown,nativebathFinishingTG350g/Lexplicitnotassumed.",Initial prepared fabric; preparation rinses are not durability laundering,Initial prepared fabric; preparation rinses are not durability laundering,2020
10.1007/s10570-020-03488-w,LFY606B,Main Table1 PDF p6; matching zero-wash Table3 PDF p13,27.2,150 x 58,GB/T5454-1997,,,,STA6000; PerkinElmer USA,5,800,Main explicit TG prose PDF pp7-8 / Figure6 PDF p9,40,,,,250g/L ASPBH-treated cotton,Main thermal methods PDF p5; recipes/material/LOI methods PDF pp3-4,Raw facts held; no verified pair,2026-10-02,Codex complete 15 native publisher pages; one primary reviewer,,Cellulose,"Exact own initial control and 350 g/L TG/LOI match. Air control near-zero-char prose conflicts with a nonzero figure plateau: char remains blank, never zero; exact main Tmax344 is independently explicit. Treated Tmax300 is a generic maximum-rate temperature, not a claim of the first chronological peak. N2 treated stage ranges are not exact peaks. SI says aminopropyl while main says aminoethyl; chemistry identity remains raw/unresolved, while both assays explicitly identify the same 350 g/L ASPBH fabric. PBTCA acronym/basis is unreported. Sparse isolated Tmax344 coincidences do not establish source/sample equivalence; the new N2 multi-metric profile has no exact prior match. No independent experimental-replicate claim.",cotton,Alkaline-scoured bleached cotton fabric; Weifang Qirong Textiles; purity/weave/tex/area density unreported,Alkaline-scoured bleached cotton fabric; Weifang Qirong Textiles; purity/weave/tex/area density unreported,Alkaline-scoured bleached cotton fabric; Weifang Qirong Textiles; purity/weave/tex/area density unreported,250g/L ASPBH-treated cotton,held_source_facts,,held_otherdose_exact_LOI_no_own_TG,journal_article,Native PDF p1 DOI/title/authors/Original Research/accepted2020,,,,,held_outside_verified_target,,250g/L ASPBH-treated cotton,,,,,,,,,,,10 percent PBTCA; acronym and percentage basis unreported,,,,,,,https://media.springernature.com/original/springer-static/esm/art%3A10.1007%2Fs10570-020-03488-w/MediaObjects/10570_2020_3488_MOESM1_ESM.docx,,,,,,,,,,,,,,,,Main N-aminoethylpiperazine; SI N-aminopropylpiperazine; unresolved,,250,,,,,,,Native publisher online-first original research; unpaginated PDF,,21.3,Main Table1 PDF p6; explicit TG prose PDF p8; methods PDF p5,,,,"Synthesis3stepsHMTS/AGE/H2PtCl6N270C7h;AEP75C6hN2;AHMTS:SPDPC2:1/Et3N/acetonitrileN280C7h/yellowASPBH94%yield. BathASPBH250/300/350g/L+10%PBTCA(nativeundefinedacronym/basisunreported)+ethanolwater1:1;30min/about80%pickup80C20min120C5min;fabric pre-soak/drydetailsunknown,nativebathFinishingTG350g/Lexplicitnotassumed.",,,,,,,"Synthetic novel, convenient and eco-friendly Si/P/N synergistic treatment agent to improve the flame retardancy and thermal stability of cotton fabrics",https://doi.org/10.1007/s10570-020-03488-w,,"Complete official DOCX:13 paragraphs,0tables,2renderedpages; synthesis only; no TG/LOI","Synthesis3stepsHMTS/AGE/H2PtCl6N270C7h;AEP75C6hN2;AHMTS:SPDPC2:1/Et3N/acetonitrileN280C7h/yellowASPBH94%yield. BathASPBH250/300/350g/L+10%PBTCA(nativeundefinedacronym/basisunreported)+ethanolwater1:1;30min/about80%pickup80C20min120C5min;fabric pre-soak/drydetailsunknown,nativebathFinishingTG350g/Lexplicitnotassumed.",Initial prepared fabric; preparation rinses are not durability laundering,Initial prepared fabric; preparation rinses are not durability laundering,2020
10.1007/s10570-020-03488-w,LFY606B,Main Table1 PDF p6; matching zero-wash Table3 PDF p13,29.1,150 x 58,GB/T5454-1997,,,,STA6000; PerkinElmer USA,5,800,Main explicit TG prose PDF pp7-8 / Figure6 PDF p9,40,,,,300g/L ASPBH-treated cotton,Main thermal methods PDF p5; recipes/material/LOI methods PDF pp3-4,Raw facts held; no verified pair,2026-10-02,Codex complete 15 native publisher pages; one primary reviewer,,Cellulose,"Exact own initial control and 350 g/L TG/LOI match. Air control near-zero-char prose conflicts with a nonzero figure plateau: char remains blank, never zero; exact main Tmax344 is independently explicit. Treated Tmax300 is a generic maximum-rate temperature, not a claim of the first chronological peak. N2 treated stage ranges are not exact peaks. SI says aminopropyl while main says aminoethyl; chemistry identity remains raw/unresolved, while both assays explicitly identify the same 350 g/L ASPBH fabric. PBTCA acronym/basis is unreported. Sparse isolated Tmax344 coincidences do not establish source/sample equivalence; the new N2 multi-metric profile has no exact prior match. No independent experimental-replicate claim.",cotton,Alkaline-scoured bleached cotton fabric; Weifang Qirong Textiles; purity/weave/tex/area density unreported,Alkaline-scoured bleached cotton fabric; Weifang Qirong Textiles; purity/weave/tex/area density unreported,Alkaline-scoured bleached cotton fabric; Weifang Qirong Textiles; purity/weave/tex/area density unreported,300g/L ASPBH-treated cotton,held_source_facts,,held_otherdose_exact_LOI_no_own_TG,journal_article,Native PDF p1 DOI/title/authors/Original Research/accepted2020,,,,,held_outside_verified_target,,300g/L ASPBH-treated cotton,,,,,,,,,,,10 percent PBTCA; acronym and percentage basis unreported,,,,,,,https://media.springernature.com/original/springer-static/esm/art%3A10.1007%2Fs10570-020-03488-w/MediaObjects/10570_2020_3488_MOESM1_ESM.docx,,,,,,,,,,,,,,,,Main N-aminoethylpiperazine; SI N-aminopropylpiperazine; unresolved,,300,,,,,,,Native publisher online-first original research; unpaginated PDF,,24.1,Main Table1 PDF p6; explicit TG prose PDF p8; methods PDF p5,,,,"Synthesis3stepsHMTS/AGE/H2PtCl6N270C7h;AEP75C6hN2;AHMTS:SPDPC2:1/Et3N/acetonitrileN280C7h/yellowASPBH94%yield. BathASPBH250/300/350g/L+10%PBTCA(nativeundefinedacronym/basisunreported)+ethanolwater1:1;30min/about80%pickup80C20min120C5min;fabric pre-soak/drydetailsunknown,nativebathFinishingTG350g/Lexplicitnotassumed.",,,,,,,"Synthetic novel, convenient and eco-friendly Si/P/N synergistic treatment agent to improve the flame retardancy and thermal stability of cotton fabrics",https://doi.org/10.1007/s10570-020-03488-w,,"Complete official DOCX:13 paragraphs,0tables,2renderedpages; synthesis only; no TG/LOI","Synthesis3stepsHMTS/AGE/H2PtCl6N270C7h;AEP75C6hN2;AHMTS:SPDPC2:1/Et3N/acetonitrileN280C7h/yellowASPBH94%yield. BathASPBH250/300/350g/L+10%PBTCA(nativeundefinedacronym/basisunreported)+ethanolwater1:1;30min/about80%pickup80C20min120C5min;fabric pre-soak/drydetailsunknown,nativebathFinishingTG350g/Lexplicitnotassumed.",Initial prepared fabric; preparation rinses are not durability laundering,Initial prepared fabric; preparation rinses are not durability laundering,2020
10.1007/s10570-020-03488-w,LFY606B,Main Table1 PDF p6; matching zero-wash Table3 PDF p13,28.6,150 x 58,GB/T5454-1997,,,,STA6000; PerkinElmer USA,5,800,Main explicit TG prose PDF pp7-8 / Figure6 PDF p9,40,,,,350g/L ASPBH-treated cotton after5washings,Main thermal methods PDF p5; recipes/material/LOI methods PDF pp3-4,Raw facts held; no verified pair,2026-10-02,Codex complete 15 native publisher pages; one primary reviewer,,Cellulose,"Exact own initial control and 350 g/L TG/LOI match. Air control near-zero-char prose conflicts with a nonzero figure plateau: char remains blank, never zero; exact main Tmax344 is independently explicit. Treated Tmax300 is a generic maximum-rate temperature, not a claim of the first chronological peak. N2 treated stage ranges are not exact peaks. SI says aminopropyl while main says aminoethyl; chemistry identity remains raw/unresolved, while both assays explicitly identify the same 350 g/L ASPBH fabric. PBTCA acronym/basis is unreported. Sparse isolated Tmax344 coincidences do not establish source/sample equivalence; the new N2 multi-metric profile has no exact prior match. No independent experimental-replicate claim.",cotton,Alkaline-scoured bleached cotton fabric; Weifang Qirong Textiles; purity/weave/tex/area density unreported,Alkaline-scoured bleached cotton fabric; Weifang Qirong Textiles; purity/weave/tex/area density unreported,Alkaline-scoured bleached cotton fabric; Weifang Qirong Textiles; purity/weave/tex/area density unreported,350g/L ASPBH-treated cotton after5washings,held_source_facts,,held_washed_exact_LOI_no_own_TG,journal_article,Native PDF p1 DOI/title/authors/Original Research/accepted2020,,,,,held_outside_verified_target,,350g/L ASPBH-treated cotton after5washings,,,,,,,,,,,10 percent PBTCA; acronym and percentage basis unreported,,,,,,,https://media.springernature.com/original/springer-static/esm/art%3A10.1007%2Fs10570-020-03488-w/MediaObjects/10570_2020_3488_MOESM1_ESM.docx,,,,,,,,,,,,,,,,Main N-aminoethylpiperazine; SI N-aminopropylpiperazine; unresolved,,350,,,,,,,Native publisher online-first original research; unpaginated PDF,,,Main Table3 PDF p13;wash method PDF p5;no washed TG,,,,"Synthesis3stepsHMTS/AGE/H2PtCl6N270C7h;AEP75C6hN2;AHMTS:SPDPC2:1/Et3N/acetonitrileN280C7h/yellowASPBH94%yield. BathASPBH250/300/350g/L+10%PBTCA(nativeundefinedacronym/basisunreported)+ethanolwater1:1;30min/about80%pickup80C20min120C5min;fabric pre-soak/drydetailsunknown,nativebathFinishingTG350g/Lexplicitnotassumed.",,,,,,,"Synthetic novel, convenient and eco-friendly Si/P/N synergistic treatment agent to improve the flame retardancy and thermal stability of cotton fabrics",https://doi.org/10.1007/s10570-020-03488-w,5,"Complete official DOCX:13 paragraphs,0tables,2renderedpages; synthesis only; no TG/LOI","Synthesis3stepsHMTS/AGE/H2PtCl6N270C7h;AEP75C6hN2;AHMTS:SPDPC2:1/Et3N/acetonitrileN280C7h/yellowASPBH94%yield. BathASPBH250/300/350g/L+10%PBTCA(nativeundefinedacronym/basisunreported)+ethanolwater1:1;30min/about80%pickup80C20min120C5min;fabric pre-soak/drydetailsunknown,nativebathFinishingTG350g/Lexplicitnotassumed.",After5 source GB/T8629-2001 family washing/drying cycles;2.0g/L neutral detergent5min;temperature/liquor ratio unreported,After5 source GB/T8629-2001 family washing/drying cycles;2.0g/L neutral detergent5min;temperature/liquor ratio unreported,2020
10.1007/s10570-020-03488-w,LFY606B,Main Table1 PDF p6; matching zero-wash Table3 PDF p13,27.8,150 x 58,GB/T5454-1997,,,,STA6000; PerkinElmer USA,5,800,Main explicit TG prose PDF pp7-8 / Figure6 PDF p9,40,,,,350g/L ASPBH-treated cotton after10washings,Main thermal methods PDF p5; recipes/material/LOI methods PDF pp3-4,Raw facts held; no verified pair,2026-10-02,Codex complete 15 native publisher pages; one primary reviewer,,Cellulose,"Exact own initial control and 350 g/L TG/LOI match. Air control near-zero-char prose conflicts with a nonzero figure plateau: char remains blank, never zero; exact main Tmax344 is independently explicit. Treated Tmax300 is a generic maximum-rate temperature, not a claim of the first chronological peak. N2 treated stage ranges are not exact peaks. SI says aminopropyl while main says aminoethyl; chemistry identity remains raw/unresolved, while both assays explicitly identify the same 350 g/L ASPBH fabric. PBTCA acronym/basis is unreported. Sparse isolated Tmax344 coincidences do not establish source/sample equivalence; the new N2 multi-metric profile has no exact prior match. No independent experimental-replicate claim.",cotton,Alkaline-scoured bleached cotton fabric; Weifang Qirong Textiles; purity/weave/tex/area density unreported,Alkaline-scoured bleached cotton fabric; Weifang Qirong Textiles; purity/weave/tex/area density unreported,Alkaline-scoured bleached cotton fabric; Weifang Qirong Textiles; purity/weave/tex/area density unreported,350g/L ASPBH-treated cotton after10washings,held_source_facts,,held_washed_exact_LOI_no_own_TG,journal_article,Native PDF p1 DOI/title/authors/Original Research/accepted2020,,,,,held_outside_verified_target,,350g/L ASPBH-treated cotton after10washings,,,,,,,,,,,10 percent PBTCA; acronym and percentage basis unreported,,,,,,,https://media.springernature.com/original/springer-static/esm/art%3A10.1007%2Fs10570-020-03488-w/MediaObjects/10570_2020_3488_MOESM1_ESM.docx,,,,,,,,,,,,,,,,Main N-aminoethylpiperazine; SI N-aminopropylpiperazine; unresolved,,350,,,,,,,Native publisher online-first original research; unpaginated PDF,,,Main Table3 PDF p13;wash method PDF p5;no washed TG,,,,"Synthesis3stepsHMTS/AGE/H2PtCl6N270C7h;AEP75C6hN2;AHMTS:SPDPC2:1/Et3N/acetonitrileN280C7h/yellowASPBH94%yield. BathASPBH250/300/350g/L+10%PBTCA(nativeundefinedacronym/basisunreported)+ethanolwater1:1;30min/about80%pickup80C20min120C5min;fabric pre-soak/drydetailsunknown,nativebathFinishingTG350g/Lexplicitnotassumed.",,,,,,,"Synthetic novel, convenient and eco-friendly Si/P/N synergistic treatment agent to improve the flame retardancy and thermal stability of cotton fabrics",https://doi.org/10.1007/s10570-020-03488-w,10,"Complete official DOCX:13 paragraphs,0tables,2renderedpages; synthesis only; no TG/LOI","Synthesis3stepsHMTS/AGE/H2PtCl6N270C7h;AEP75C6hN2;AHMTS:SPDPC2:1/Et3N/acetonitrileN280C7h/yellowASPBH94%yield. BathASPBH250/300/350g/L+10%PBTCA(nativeundefinedacronym/basisunreported)+ethanolwater1:1;30min/about80%pickup80C20min120C5min;fabric pre-soak/drydetailsunknown,nativebathFinishingTG350g/Lexplicitnotassumed.",After10 source GB/T8629-2001 family washing/drying cycles;2.0g/L neutral detergent5min;temperature/liquor ratio unreported,After10 source GB/T8629-2001 family washing/drying cycles;2.0g/L neutral detergent5min;temperature/liquor ratio unreported,2020
10.1007/s10570-020-03488-w,LFY606B,Main Table1 PDF p6; matching zero-wash Table3 PDF p13,27.2,150 x 58,GB/T5454-1997,,,,STA6000; PerkinElmer USA,5,800,Main explicit TG prose PDF pp7-8 / Figure6 PDF p9,40,,,,350g/L ASPBH-treated cotton after15washings,Main thermal methods PDF p5; recipes/material/LOI methods PDF pp3-4,Raw facts held; no verified pair,2026-10-02,Codex complete 15 native publisher pages; one primary reviewer,,Cellulose,"Exact own initial control and 350 g/L TG/LOI match. Air control near-zero-char prose conflicts with a nonzero figure plateau: char remains blank, never zero; exact main Tmax344 is independently explicit. Treated Tmax300 is a generic maximum-rate temperature, not a claim of the first chronological peak. N2 treated stage ranges are not exact peaks. SI says aminopropyl while main says aminoethyl; chemistry identity remains raw/unresolved, while both assays explicitly identify the same 350 g/L ASPBH fabric. PBTCA acronym/basis is unreported. Sparse isolated Tmax344 coincidences do not establish source/sample equivalence; the new N2 multi-metric profile has no exact prior match. No independent experimental-replicate claim.",cotton,Alkaline-scoured bleached cotton fabric; Weifang Qirong Textiles; purity/weave/tex/area density unreported,Alkaline-scoured bleached cotton fabric; Weifang Qirong Textiles; purity/weave/tex/area density unreported,Alkaline-scoured bleached cotton fabric; Weifang Qirong Textiles; purity/weave/tex/area density unreported,350g/L ASPBH-treated cotton after15washings,held_source_facts,,held_washed_exact_LOI_no_own_TG,journal_article,Native PDF p1 DOI/title/authors/Original Research/accepted2020,,,,,held_outside_verified_target,,350g/L ASPBH-treated cotton after15washings,,,,,,,,,,,10 percent PBTCA; acronym and percentage basis unreported,,,,,,,https://media.springernature.com/original/springer-static/esm/art%3A10.1007%2Fs10570-020-03488-w/MediaObjects/10570_2020_3488_MOESM1_ESM.docx,,,,,,,,,,,,,,,,Main N-aminoethylpiperazine; SI N-aminopropylpiperazine; unresolved,,350,,,,,,,Native publisher online-first original research; unpaginated PDF,,,Main Table3 PDF p13;wash method PDF p5;no washed TG,,,,"Synthesis3stepsHMTS/AGE/H2PtCl6N270C7h;AEP75C6hN2;AHMTS:SPDPC2:1/Et3N/acetonitrileN280C7h/yellowASPBH94%yield. BathASPBH250/300/350g/L+10%PBTCA(nativeundefinedacronym/basisunreported)+ethanolwater1:1;30min/about80%pickup80C20min120C5min;fabric pre-soak/drydetailsunknown,nativebathFinishingTG350g/Lexplicitnotassumed.",,,,,,,"Synthetic novel, convenient and eco-friendly Si/P/N synergistic treatment agent to improve the flame retardancy and thermal stability of cotton fabrics",https://doi.org/10.1007/s10570-020-03488-w,15,"Complete official DOCX:13 paragraphs,0tables,2renderedpages; synthesis only; no TG/LOI","Synthesis3stepsHMTS/AGE/H2PtCl6N270C7h;AEP75C6hN2;AHMTS:SPDPC2:1/Et3N/acetonitrileN280C7h/yellowASPBH94%yield. BathASPBH250/300/350g/L+10%PBTCA(nativeundefinedacronym/basisunreported)+ethanolwater1:1;30min/about80%pickup80C20min120C5min;fabric pre-soak/drydetailsunknown,nativebathFinishingTG350g/Lexplicitnotassumed.",After15 source GB/T8629-2001 family washing/drying cycles;2.0g/L neutral detergent5min;temperature/liquor ratio unreported,After15 source GB/T8629-2001 family washing/drying cycles;2.0g/L neutral detergent5min;temperature/liquor ratio unreported,2020
