DOI,LOI_instrument,LOI_locator,LOI_pct,LOI_sample_dimensions_mm,LOI_standard,R400_pct,R500_pct,R550_pct,R600_pct,R650_pct,R700_pct,R750_pct,R800_pct,T10_C,T1_C,T20_C,T40_C,T50_C,T5_C,T80_C,TGA_instrument,TG_end_C,TG_locator,TG_start_C,Tmax1_C,Tmax2_C,Tmax3_C,Tmax4_C,Tonset_C,atmosphere,char_pct,char_temp_C,composition,direct_numeric_use,evidence_reviewed_at,evidence_reviewed_by,heating_rate_C_min,journal,limitations,material_category,material_form,material_form_LOI,material_form_TGA,native_sample_label,numeric_evidence_type,pairing_evidence,pairing_status,publication_type,publication_type_evidence,residue_at_Tmax1_pct,residue_at_Tmax2_pct,residue_at_Tmax3_pct,residue_at_Tmax_pct,residue_pct,residue_temp_C,review_disposition,reviewed_measurement_fingerprint,sample_state,source_AEGDP_bath_g_L,source_AIR_control_residue_status,source_AIR_rapid_decomp_range_C,source_LOI_conflict,source_LOI_dimensions_repeats,source_LOI_repeats,source_LOI_standard_dimensions_repeats,source_MCP_bath_wt_pct,source_N2_Fig3_end_C,source_N2_control_residue_wording,source_N2_rapid_decomp_range_C,source_N2_residue_wording,source_R800_evidence,source_T10_definition,source_TG_dose_identity,source_TG_mass_pan_flow,source_TG_start,source_Table1_LOI_pct,source_Table3_R800_pct,source_Table3_T10_C,source_Table3_Tend_C,source_Table3_Tmax_C,source_Table3_WG_after50Lcs_pct,source_Tend_definition,source_Tmax_conflict,source_WG_definition,source_bath_THPON_wt_pct,source_burning_char_TableI_pct,source_burning_char_method,source_candidate_control_LOI_pct,source_conclusion_LOI_pct,source_control_LOI_provenance,source_document_version,source_dry_WG_definition,source_fig3_R800_pct,source_heating_rate_status,source_initial_Table3_WG_pct,source_location,source_method_end_C,source_native_laundering_cycles,source_native_precuring_WG_range,source_native_residue_wording,source_native_yarn_wording,source_onset_definition,source_onset_qualifier,source_rapid_decomp_ranges_C,source_reported_R500_pct,source_reported_atmosphere,source_reported_heating_rate_C_min,source_reported_residue_pct,source_residue_temperature_status,source_title,source_url,source_wash_method,supplement_review_status,treatment_method,treatment_state,washing_state,year
10.1002/pol.20230165,FTT0077,OwnTable1PDFp5printed2143;prosep6printed2144,18.19,,,,,,,,,,,,,,,,,,,,OwnTable3PDFp7printed2145control/generictreatedonly,,,,,,,,,,Cotton290gm2;THPON0wtpercent finishing solution,Raw source facts only,2026-10-02,Codex complete primary native/text pages; one primary reviewer,,Journal of Polymer Science,"All10native/textpages read. Cotton290gm2. OwnTable1p5LOI18.19/21.68/22.25/25.10/27.34at0/10/15/20/25wtpercentbath. OwnTable3p7N2control/treatedT10explicit315.17/277.33,Tmax367.43/324.17,Tend385.83/337.16,R80014.22/40.44. MainTGinstrumentDSC2,butheatingrate/mass/flow/panunreported:allTGheld. OwnTGtreateddoseunmapped,Fig5genericlabelNOTFig6/Table4explicit25percentcone. ControlTmaxprose367.43vs324.17conflictsTable. Conclusionp10LOI22.34conflictsTable1/prosep627.34;nochosen25LOI. Tendrapidstageendnotexperimentendpoint. FiveLOIdosefacts plusgenericunmappedtreatedTGfact planned6held0valid. PretreatmentultrasonicDI50C20min,base60C40minbasechemistry/doseunreported,neutralDIrinse60Cconstantmass;finishstock50percentTHPON/formaldehyde,pH8-9NaOH6M75C2hthenpH3-4H3PO4andbath10/15/20/25wtpercent;diproomtemp5min90C3mindry160C4mincure. Native75-80percentWGbeforecuringnotassumeddryloading,individualEq1dryWGunreported. LOIFT T0077standard/dimensions/repsunreported. No washedquantTGLOI;Table2charlength0notTGzero. NoSIcited. Originalandprivateimagesoutsidepublicrepo.",cotton,"Cotton fabric290g/m2,XinxiangZhongchengWeavingDyeing;weaveunreported","Cotton fabric290g/m2,XinxiangZhongchengWeavingDyeing;weaveunreported",,0percentTHPON,held_source_facts,,held_TG_missing_rate_and_native_Tmax_conflict,journal_article,OwnDOI/title/materials and all primary native/textpages reviewed,,,,,,,held_outside_verified_target,,THPON-0wtpercent,,,,,,,Unreported,,,,,,,Own10percentmasslossnotT5/genericTonset,,,,18.19,14.22,315.17,385.83,367.43,,,Thermalprose367.43then324.17assignedcontrol;Tablecontrol367.43/treated324.17,,0,,,,,,"NativeWiley2023,61:2139-2148,10PDFpages",(W1-W0)/W0*100;individualdryvaluesunreported,,Unreported;neverguessed,,Ownmaterialsp2/finishingandTGmethodp3/Table1p5/thermalTable3p7/conclusionp10,,,"75-80percent nativewording,notassumeddryloading",,,,,,,N2,,,,Synthesis of trimethylolphosphine carbamate and its flame retardant application in cotton,https://doi.org/10.1002/pol.20230165,,No SI cited in complete primary,"InitialultrasonicDI50C20min,ultrasonicbase60C40minbasechemistry/doseunreported,DIneutralrinse,60Cconstantmassdry;THPON50percentstock/formaldehyde,pH8-9NaOH6M75C2hthenpH3-4phosphoricacid;nativebathdose0/10/15/20/25wtpercent;roomtemp5mindip90C3mindry160C4mincure",Initial own native dose group,Initial0durabilitycycles;preparationwashingseparate,2023
10.1002/pol.20230165,FTT0077,OwnTable1PDFp5printed2143;prosep6printed2144,21.68,,,,,,,,,,,,,,,,,,,,OwnTable3PDFp7printed2145control/generictreatedonly,,,,,,,,,,Cotton290gm2;THPON10wtpercent finishing solution,Raw source facts only,2026-10-02,Codex complete primary native/text pages; one primary reviewer,,Journal of Polymer Science,"All10native/textpages read. Cotton290gm2. OwnTable1p5LOI18.19/21.68/22.25/25.10/27.34at0/10/15/20/25wtpercentbath. OwnTable3p7N2control/treatedT10explicit315.17/277.33,Tmax367.43/324.17,Tend385.83/337.16,R80014.22/40.44. MainTGinstrumentDSC2,butheatingrate/mass/flow/panunreported:allTGheld. OwnTGtreateddoseunmapped,Fig5genericlabelNOTFig6/Table4explicit25percentcone. ControlTmaxprose367.43vs324.17conflictsTable. Conclusionp10LOI22.34conflictsTable1/prosep627.34;nochosen25LOI. Tendrapidstageendnotexperimentendpoint. FiveLOIdosefacts plusgenericunmappedtreatedTGfact planned6held0valid. PretreatmentultrasonicDI50C20min,base60C40minbasechemistry/doseunreported,neutralDIrinse60Cconstantmass;finishstock50percentTHPON/formaldehyde,pH8-9NaOH6M75C2hthenpH3-4H3PO4andbath10/15/20/25wtpercent;diproomtemp5min90C3mindry160C4mincure. Native75-80percentWGbeforecuringnotassumeddryloading,individualEq1dryWGunreported. LOIFT T0077standard/dimensions/repsunreported. No washedquantTGLOI;Table2charlength0notTGzero. NoSIcited. Originalandprivateimagesoutsidepublicrepo.",cotton,"Cotton fabric290g/m2,XinxiangZhongchengWeavingDyeing;weaveunreported","Cotton fabric290g/m2,XinxiangZhongchengWeavingDyeing;weaveunreported",,10percentTHPON,held_source_facts,,held_dose_LOI_without_mapped_own_TG_and_missing_rate,journal_article,OwnDOI/title/materials and all primary native/textpages reviewed,,,,,,,held_outside_verified_target,,THPON-10wtpercent,,,,,,,Unreported,,,,,,,,,,,21.68,,,,,,,,,10,,,,,,"NativeWiley2023,61:2139-2148,10PDFpages",(W1-W0)/W0*100;individualdryvaluesunreported,,Unreported;neverguessed,,Ownmaterialsp2/finishingandTGmethodp3/Table1p5/thermalTable3p7/conclusionp10,,,"75-80percent nativewording,notassumeddryloading",,,,,,,,,,,Synthesis of trimethylolphosphine carbamate and its flame retardant application in cotton,https://doi.org/10.1002/pol.20230165,,No SI cited in complete primary,"InitialultrasonicDI50C20min,ultrasonicbase60C40minbasechemistry/doseunreported,DIneutralrinse,60Cconstantmassdry;THPON50percentstock/formaldehyde,pH8-9NaOH6M75C2hthenpH3-4phosphoricacid;nativebathdose0/10/15/20/25wtpercent;roomtemp5mindip90C3mindry160C4mincure",Initial own native dose group,Initial0durabilitycycles;preparationwashingseparate,2023
10.1002/pol.20230165,FTT0077,OwnTable1PDFp5printed2143;prosep6printed2144,22.25,,,,,,,,,,,,,,,,,,,,OwnTable3PDFp7printed2145control/generictreatedonly,,,,,,,,,,Cotton290gm2;THPON15wtpercent finishing solution,Raw source facts only,2026-10-02,Codex complete primary native/text pages; one primary reviewer,,Journal of Polymer Science,"All10native/textpages read. Cotton290gm2. OwnTable1p5LOI18.19/21.68/22.25/25.10/27.34at0/10/15/20/25wtpercentbath. OwnTable3p7N2control/treatedT10explicit315.17/277.33,Tmax367.43/324.17,Tend385.83/337.16,R80014.22/40.44. MainTGinstrumentDSC2,butheatingrate/mass/flow/panunreported:allTGheld. OwnTGtreateddoseunmapped,Fig5genericlabelNOTFig6/Table4explicit25percentcone. ControlTmaxprose367.43vs324.17conflictsTable. Conclusionp10LOI22.34conflictsTable1/prosep627.34;nochosen25LOI. Tendrapidstageendnotexperimentendpoint. FiveLOIdosefacts plusgenericunmappedtreatedTGfact planned6held0valid. PretreatmentultrasonicDI50C20min,base60C40minbasechemistry/doseunreported,neutralDIrinse60Cconstantmass;finishstock50percentTHPON/formaldehyde,pH8-9NaOH6M75C2hthenpH3-4H3PO4andbath10/15/20/25wtpercent;diproomtemp5min90C3mindry160C4mincure. Native75-80percentWGbeforecuringnotassumeddryloading,individualEq1dryWGunreported. LOIFT T0077standard/dimensions/repsunreported. No washedquantTGLOI;Table2charlength0notTGzero. NoSIcited. Originalandprivateimagesoutsidepublicrepo.",cotton,"Cotton fabric290g/m2,XinxiangZhongchengWeavingDyeing;weaveunreported","Cotton fabric290g/m2,XinxiangZhongchengWeavingDyeing;weaveunreported",,15percentTHPON,held_source_facts,,held_dose_LOI_without_mapped_own_TG_and_missing_rate,journal_article,OwnDOI/title/materials and all primary native/textpages reviewed,,,,,,,held_outside_verified_target,,THPON-15wtpercent,,,,,,,Unreported,,,,,,,,,,,22.25,,,,,,,,,15,,,,,,"NativeWiley2023,61:2139-2148,10PDFpages",(W1-W0)/W0*100;individualdryvaluesunreported,,Unreported;neverguessed,,Ownmaterialsp2/finishingandTGmethodp3/Table1p5/thermalTable3p7/conclusionp10,,,"75-80percent nativewording,notassumeddryloading",,,,,,,,,,,Synthesis of trimethylolphosphine carbamate and its flame retardant application in cotton,https://doi.org/10.1002/pol.20230165,,No SI cited in complete primary,"InitialultrasonicDI50C20min,ultrasonicbase60C40minbasechemistry/doseunreported,DIneutralrinse,60Cconstantmassdry;THPON50percentstock/formaldehyde,pH8-9NaOH6M75C2hthenpH3-4phosphoricacid;nativebathdose0/10/15/20/25wtpercent;roomtemp5mindip90C3mindry160C4mincure",Initial own native dose group,Initial0durabilitycycles;preparationwashingseparate,2023
10.1002/pol.20230165,FTT0077,OwnTable1PDFp5printed2143;prosep6printed2144,25.1,,,,,,,,,,,,,,,,,,,,OwnTable3PDFp7printed2145control/generictreatedonly,,,,,,,,,,Cotton290gm2;THPON20wtpercent finishing solution,Raw source facts only,2026-10-02,Codex complete primary native/text pages; one primary reviewer,,Journal of Polymer Science,"All10native/textpages read. Cotton290gm2. OwnTable1p5LOI18.19/21.68/22.25/25.10/27.34at0/10/15/20/25wtpercentbath. OwnTable3p7N2control/treatedT10explicit315.17/277.33,Tmax367.43/324.17,Tend385.83/337.16,R80014.22/40.44. MainTGinstrumentDSC2,butheatingrate/mass/flow/panunreported:allTGheld. OwnTGtreateddoseunmapped,Fig5genericlabelNOTFig6/Table4explicit25percentcone. ControlTmaxprose367.43vs324.17conflictsTable. Conclusionp10LOI22.34conflictsTable1/prosep627.34;nochosen25LOI. Tendrapidstageendnotexperimentendpoint. FiveLOIdosefacts plusgenericunmappedtreatedTGfact planned6held0valid. PretreatmentultrasonicDI50C20min,base60C40minbasechemistry/doseunreported,neutralDIrinse60Cconstantmass;finishstock50percentTHPON/formaldehyde,pH8-9NaOH6M75C2hthenpH3-4H3PO4andbath10/15/20/25wtpercent;diproomtemp5min90C3mindry160C4mincure. Native75-80percentWGbeforecuringnotassumeddryloading,individualEq1dryWGunreported. LOIFT T0077standard/dimensions/repsunreported. No washedquantTGLOI;Table2charlength0notTGzero. NoSIcited. Originalandprivateimagesoutsidepublicrepo.",cotton,"Cotton fabric290g/m2,XinxiangZhongchengWeavingDyeing;weaveunreported","Cotton fabric290g/m2,XinxiangZhongchengWeavingDyeing;weaveunreported",,20percentTHPON,held_source_facts,,held_dose_LOI_without_mapped_own_TG_and_missing_rate,journal_article,OwnDOI/title/materials and all primary native/textpages reviewed,,,,,,,held_outside_verified_target,,THPON-20wtpercent,,,,,,,Unreported,,,,,,,,,,,25.1,,,,,,,,,20,,,,,,"NativeWiley2023,61:2139-2148,10PDFpages",(W1-W0)/W0*100;individualdryvaluesunreported,,Unreported;neverguessed,,Ownmaterialsp2/finishingandTGmethodp3/Table1p5/thermalTable3p7/conclusionp10,,,"75-80percent nativewording,notassumeddryloading",,,,,,,,,,,Synthesis of trimethylolphosphine carbamate and its flame retardant application in cotton,https://doi.org/10.1002/pol.20230165,,No SI cited in complete primary,"InitialultrasonicDI50C20min,ultrasonicbase60C40minbasechemistry/doseunreported,DIneutralrinse,60Cconstantmassdry;THPON50percentstock/formaldehyde,pH8-9NaOH6M75C2hthenpH3-4phosphoricacid;nativebathdose0/10/15/20/25wtpercent;roomtemp5mindip90C3mindry160C4mincure",Initial own native dose group,Initial0durabilitycycles;preparationwashingseparate,2023
10.1002/pol.20230165,FTT0077,OwnTable1PDFp5printed2143;prosep6printed2144,,,,,,,,,,,,,,,,,,,,,OwnTable3PDFp7printed2145control/generictreatedonly,,,,,,,,,,Cotton290gm2;THPON25wtpercent finishing solution,Raw source facts only,2026-10-02,Codex complete primary native/text pages; one primary reviewer,,Journal of Polymer Science,"All10native/textpages read. Cotton290gm2. OwnTable1p5LOI18.19/21.68/22.25/25.10/27.34at0/10/15/20/25wtpercentbath. OwnTable3p7N2control/treatedT10explicit315.17/277.33,Tmax367.43/324.17,Tend385.83/337.16,R80014.22/40.44. MainTGinstrumentDSC2,butheatingrate/mass/flow/panunreported:allTGheld. OwnTGtreateddoseunmapped,Fig5genericlabelNOTFig6/Table4explicit25percentcone. ControlTmaxprose367.43vs324.17conflictsTable. Conclusionp10LOI22.34conflictsTable1/prosep627.34;nochosen25LOI. Tendrapidstageendnotexperimentendpoint. FiveLOIdosefacts plusgenericunmappedtreatedTGfact planned6held0valid. PretreatmentultrasonicDI50C20min,base60C40minbasechemistry/doseunreported,neutralDIrinse60Cconstantmass;finishstock50percentTHPON/formaldehyde,pH8-9NaOH6M75C2hthenpH3-4H3PO4andbath10/15/20/25wtpercent;diproomtemp5min90C3mindry160C4mincure. Native75-80percentWGbeforecuringnotassumeddryloading,individualEq1dryWGunreported. LOIFT T0077standard/dimensions/repsunreported. No washedquantTGLOI;Table2charlength0notTGzero. NoSIcited. Originalandprivateimagesoutsidepublicrepo.",cotton,"Cotton fabric290g/m2,XinxiangZhongchengWeavingDyeing;weaveunreported","Cotton fabric290g/m2,XinxiangZhongchengWeavingDyeing;weaveunreported",,25percentTHPON,held_source_facts,,held_dose_LOI_without_mapped_own_TG_and_missing_rate,journal_article,OwnDOI/title/materials and all primary native/textpages reviewed,,,,,,,held_outside_verified_target,,THPON-25wtpercent,,,,Table1andprosep6:27.34;conclusionp10:22.34;canonicalblank,,,Unreported,,,,,,,,,,,27.34,,,,,,,,,25,,,,22.34,,"NativeWiley2023,61:2139-2148,10PDFpages",(W1-W0)/W0*100;individualdryvaluesunreported,,Unreported;neverguessed,,Ownmaterialsp2/finishingandTGmethodp3/Table1p5/thermalTable3p7/conclusionp10,,,"75-80percent nativewording,notassumeddryloading",,,,,,,,,,,Synthesis of trimethylolphosphine carbamate and its flame retardant application in cotton,https://doi.org/10.1002/pol.20230165,,No SI cited in complete primary,"InitialultrasonicDI50C20min,ultrasonicbase60C40minbasechemistry/doseunreported,DIneutralrinse,60Cconstantmassdry;THPON50percentstock/formaldehyde,pH8-9NaOH6M75C2hthenpH3-4phosphoricacid;nativebathdose0/10/15/20/25wtpercent;roomtemp5mindip90C3mindry160C4mincure",Initial own native dose group,Initial0durabilitycycles;preparationwashingseparate,2023
10.1002/pol.20230165,,Table1dosegroupsnotmappedtogenericTG,,,,,,,,,,,,,,,,,,,,,OwnFig5/Table3PDFp7printed2145,,,,,,,,,,"Cotton290gm2,THPONtreated;TGdoseunmapped",Raw source facts only,2026-10-02,Codex complete primary native/text pages; one primary reviewer,,Journal of Polymer Science,"All10native/textpages read. Cotton290gm2. OwnTable1p5LOI18.19/21.68/22.25/25.10/27.34at0/10/15/20/25wtpercentbath. OwnTable3p7N2control/treatedT10explicit315.17/277.33,Tmax367.43/324.17,Tend385.83/337.16,R80014.22/40.44. MainTGinstrumentDSC2,butheatingrate/mass/flow/panunreported:allTGheld. OwnTGtreateddoseunmapped,Fig5genericlabelNOTFig6/Table4explicit25percentcone. ControlTmaxprose367.43vs324.17conflictsTable. Conclusionp10LOI22.34conflictsTable1/prosep627.34;nochosen25LOI. Tendrapidstageendnotexperimentendpoint. FiveLOIdosefacts plusgenericunmappedtreatedTGfact planned6held0valid. PretreatmentultrasonicDI50C20min,base60C40minbasechemistry/doseunreported,neutralDIrinse60Cconstantmass;finishstock50percentTHPON/formaldehyde,pH8-9NaOH6M75C2hthenpH3-4H3PO4andbath10/15/20/25wtpercent;diproomtemp5min90C3mindry160C4mincure. Native75-80percentWGbeforecuringnotassumeddryloading,individualEq1dryWGunreported. LOIFT T0077standard/dimensions/repsunreported. No washedquantTGLOI;Table2charlength0notTGzero. NoSIcited. Originalandprivateimagesoutsidepublicrepo.",cotton,"Cotton fabric290g/m2,XinxiangZhongchengWeavingDyeing;weaveunreported","Cotton fabric290g/m2,XinxiangZhongchengWeavingDyeing;weaveunreported",,THPON-treated cotton,held_source_facts,,held_generic_TG_dose_unmapped_and_rate_missing,journal_article,OwnDOI/title/materials and all primary native/textpages reviewed,,,,,,,held_outside_verified_target,,THPON-treated cotton;TGdoseunmapped,,,,,,,,,,,,,,10percentmasslossnotT5/genericTonset,"Fig5/Table3genericTHPONtreated;25percentexplicitONLYconeFig6/Table4,notborrowed",,,,40.44,277.33,337.16,324.17,,"Endofrapidstage,nottestendpoint800C",,,,,,,,,"NativeWiley2023,61:2139-2148,10PDFpages",,,Unreported,,OwnTGmethodp3/thermalp7/cone25percentp8,,,,,,,,,,N2,,,,Synthesis of trimethylolphosphine carbamate and its flame retardant application in cotton,https://doi.org/10.1002/pol.20230165,,No SI cited in complete primary,"InitialultrasonicDI50C20min,ultrasonicbase60C40minbasechemistry/doseunreported,DIneutralrinse,60Cconstantmassdry;THPON50percentstock/formaldehyde,pH8-9NaOH6M75C2hthenpH3-4phosphoricacid;nativebathdose0/10/15/20/25wtpercent;roomtemp5mindip90C3mindry160C4mincure",Initial genericTGsample;doseunresolved,Initial0durabilitycycles,2023
10.1039/c7ta01106g,M606B,OwnTable4PDFp9printed9978,35.1,,ASTM-D2863-2000,,,,,,,,,,,,,,,,,,"OwnthermalprosePDFp5printed9974/Fig3p6printed9975,onlyinitial120gL",,,,,,,,,,Purecotton133.27gm2;AEGDP60gL finishing solution,Raw source facts only,2026-10-02,Codex complete primary native/text pages; one primary reviewer,,Journal of Materials Chemistry A,"Full12native/textpages read. JMaterChemA2017,5:9970-9981. Purecottonscouredbleached133.27gm2,weaveunreported. AEGDP60/90/120gLDIwater,dicyandiamidecatalystamountunreported,70C1h1:20gpervolbath,padabout100percentpickup190C5mincure,runningwaterrinse60Cdrytimeunreported nativeprocedure repeatedonce ambiguity whichsteps repeated preserved. OwnWG(Wf-Wi)/Wi,Table3p9control0/doses16.1/20.1/23.7,120after50nativeLC14.8notinitial. MainTGp3Pyris1bothN2/AIR20Kmin40-800C,mass/pan/flowunreported. TGIRseparateSTA409PC8mgN230mLmin20Kmin notmainTGmass/flow. LOIASTMD2863-2000M606B,dimensions/repsunreported. WashAATCC61-2006soapingfastness native10/20/30/40/50LCnotunsupported5xconversion. OwnTable4p9doses60 LOI35.1/32.6/29.0/25.7/23.7/20.9;90 37.8/32.8/30.5/28.1/27.2/25.9;120 41.0/36.2/35.0/32.4/30.0/28.4at0/10/20/30/40/50LC. Ownthermalp5explicit120gLinitialmatch41.0;AIRR60027.94unambiguousexplicitprose. AIRcontrolnoresidue500Czeroexplicit,butLOI18.4p8citedref38andnotownTable4,holdpendingowncontrolprovenance. N2p5control14.92afterdecompunlocated;treated42.62percentmoreresidueambiguousnotabsoluteR,doNOTcalculate57.54;N2p6erroneouslyassignstreated14.92at600conflictscontrolp5,held. Fig3N2panelend600versusmethod800retainedsourceconflict notestimatedR800. Allrapiddecompranges160.6-244.7pureAEGDP/313.8-394.8control/252.9-296.8treatedN2and161-272/602-739pureAEGDP/299.5-364.9control/237.9-289.1treatedAIRrawonlynotdefinedT5/T10/Tonset/Tmax. PureFR45.15N2/11.98AIRresiduetempunlocatednoownLOIreferenceheld. 40-100Cwaterlossseparate. ConeTable1char24.9/0.09/0.08NOTTG,R500/R600nothorizon800.18dose/washLOIfacts plusAIRcontrol2N2initial2pureFR=23facts1approved22held planned. Unknownprep/reps preserved. Originals/privateevidenceoutsidepublicrepo.",cotton,"Scoured and bleached purecotton fabric,133.27g/m2,ChaotianmenMarketChongqing;weaveunreported","Scoured and bleached purecotton fabric,133.27g/m2,ChaotianmenMarketChongqing;weaveunreported",,60gL after0nativeLcs,held_source_facts,,held_LOI_without_own_dose_or_wash_TG,journal_article,OwnDOI/title/materials and all primary native/textpages reviewed,,,,,,,held_outside_verified_target,,AEGDP-60gL,60,,,,Unreported,,,,,,,,,,,,,,,,,,,,,(Wf-Wi)/Wi*100;untreateddenominator,,,,,,,"NativeRSC2017,5:9970-9981,12PDFpages",,,,16.1,OwnmaterialsPDFp2printed9971;TG/LOI/finishingp3printed9972;thermalp5-6;WG/LOITable3/4p9,,0,,,,,,,,,,,,Facile synthesis of an eco-friendly nitrogen–phosphorus ammonium salt to enhance the durability and flame retardancy of cotton,https://doi.org/10.1039/c7ta01106g,"AATCC61-2006soapingfastnesstester;parametersunreported,noassumedcommercialequivalence",No SI cited in complete primary,"AEGDPaqueous60/90/120gL,dicyandiamidecatalystamountunreported;70C1h,bathratio1:20gpervolume,padabout100percentpickup,190C5mincure,runningwaterrinse,60Cdrytimeunreported;nativeprocedure repeatedonce,scopeofrepeatedstepsunresolved",Initialdosegroup,0nativeAATCC61-2006Lcs,2017
10.1039/c7ta01106g,M606B,OwnTable4PDFp9printed9978,32.6,,ASTM-D2863-2000,,,,,,,,,,,,,,,,,,"OwnthermalprosePDFp5printed9974/Fig3p6printed9975,onlyinitial120gL",,,,,,,,,,Purecotton133.27gm2;AEGDP60gL finishing solution,Raw source facts only,2026-10-02,Codex complete primary native/text pages; one primary reviewer,,Journal of Materials Chemistry A,"Full12native/textpages read. JMaterChemA2017,5:9970-9981. Purecottonscouredbleached133.27gm2,weaveunreported. AEGDP60/90/120gLDIwater,dicyandiamidecatalystamountunreported,70C1h1:20gpervolbath,padabout100percentpickup190C5mincure,runningwaterrinse60Cdrytimeunreported nativeprocedure repeatedonce ambiguity whichsteps repeated preserved. OwnWG(Wf-Wi)/Wi,Table3p9control0/doses16.1/20.1/23.7,120after50nativeLC14.8notinitial. MainTGp3Pyris1bothN2/AIR20Kmin40-800C,mass/pan/flowunreported. TGIRseparateSTA409PC8mgN230mLmin20Kmin notmainTGmass/flow. LOIASTMD2863-2000M606B,dimensions/repsunreported. WashAATCC61-2006soapingfastness native10/20/30/40/50LCnotunsupported5xconversion. OwnTable4p9doses60 LOI35.1/32.6/29.0/25.7/23.7/20.9;90 37.8/32.8/30.5/28.1/27.2/25.9;120 41.0/36.2/35.0/32.4/30.0/28.4at0/10/20/30/40/50LC. Ownthermalp5explicit120gLinitialmatch41.0;AIRR60027.94unambiguousexplicitprose. AIRcontrolnoresidue500Czeroexplicit,butLOI18.4p8citedref38andnotownTable4,holdpendingowncontrolprovenance. N2p5control14.92afterdecompunlocated;treated42.62percentmoreresidueambiguousnotabsoluteR,doNOTcalculate57.54;N2p6erroneouslyassignstreated14.92at600conflictscontrolp5,held. Fig3N2panelend600versusmethod800retainedsourceconflict notestimatedR800. Allrapiddecompranges160.6-244.7pureAEGDP/313.8-394.8control/252.9-296.8treatedN2and161-272/602-739pureAEGDP/299.5-364.9control/237.9-289.1treatedAIRrawonlynotdefinedT5/T10/Tonset/Tmax. PureFR45.15N2/11.98AIRresiduetempunlocatednoownLOIreferenceheld. 40-100Cwaterlossseparate. ConeTable1char24.9/0.09/0.08NOTTG,R500/R600nothorizon800.18dose/washLOIfacts plusAIRcontrol2N2initial2pureFR=23facts1approved22held planned. Unknownprep/reps preserved. Originals/privateevidenceoutsidepublicrepo.",cotton,"Scoured and bleached purecotton fabric,133.27g/m2,ChaotianmenMarketChongqing;weaveunreported","Scoured and bleached purecotton fabric,133.27g/m2,ChaotianmenMarketChongqing;weaveunreported",,60gL after10nativeLcs,held_source_facts,,held_LOI_without_own_dose_or_wash_TG,journal_article,OwnDOI/title/materials and all primary native/textpages reviewed,,,,,,,held_outside_verified_target,,AEGDP-60gL,60,,,,Unreported,,,,,,,,,,,,,,,,,,,,,(Wf-Wi)/Wi*100;untreateddenominator,,,,,,,"NativeRSC2017,5:9970-9981,12PDFpages",,,,16.1,OwnmaterialsPDFp2printed9971;TG/LOI/finishingp3printed9972;thermalp5-6;WG/LOITable3/4p9,,10,,,,,,,,,,,,Facile synthesis of an eco-friendly nitrogen–phosphorus ammonium salt to enhance the durability and flame retardancy of cotton,https://doi.org/10.1039/c7ta01106g,"AATCC61-2006soapingfastnesstester;parametersunreported,noassumedcommercialequivalence",No SI cited in complete primary,"AEGDPaqueous60/90/120gL,dicyandiamidecatalystamountunreported;70C1h,bathratio1:20gpervolume,padabout100percentpickup,190C5mincure,runningwaterrinse,60Cdrytimeunreported;nativeprocedure repeatedonce,scopeofrepeatedstepsunresolved",After10nativeLcs,10nativeAATCC61-2006Lcs,2017
10.1039/c7ta01106g,M606B,OwnTable4PDFp9printed9978,29,,ASTM-D2863-2000,,,,,,,,,,,,,,,,,,"OwnthermalprosePDFp5printed9974/Fig3p6printed9975,onlyinitial120gL",,,,,,,,,,Purecotton133.27gm2;AEGDP60gL finishing solution,Raw source facts only,2026-10-02,Codex complete primary native/text pages; one primary reviewer,,Journal of Materials Chemistry A,"Full12native/textpages read. JMaterChemA2017,5:9970-9981. Purecottonscouredbleached133.27gm2,weaveunreported. AEGDP60/90/120gLDIwater,dicyandiamidecatalystamountunreported,70C1h1:20gpervolbath,padabout100percentpickup190C5mincure,runningwaterrinse60Cdrytimeunreported nativeprocedure repeatedonce ambiguity whichsteps repeated preserved. OwnWG(Wf-Wi)/Wi,Table3p9control0/doses16.1/20.1/23.7,120after50nativeLC14.8notinitial. MainTGp3Pyris1bothN2/AIR20Kmin40-800C,mass/pan/flowunreported. TGIRseparateSTA409PC8mgN230mLmin20Kmin notmainTGmass/flow. LOIASTMD2863-2000M606B,dimensions/repsunreported. WashAATCC61-2006soapingfastness native10/20/30/40/50LCnotunsupported5xconversion. OwnTable4p9doses60 LOI35.1/32.6/29.0/25.7/23.7/20.9;90 37.8/32.8/30.5/28.1/27.2/25.9;120 41.0/36.2/35.0/32.4/30.0/28.4at0/10/20/30/40/50LC. Ownthermalp5explicit120gLinitialmatch41.0;AIRR60027.94unambiguousexplicitprose. AIRcontrolnoresidue500Czeroexplicit,butLOI18.4p8citedref38andnotownTable4,holdpendingowncontrolprovenance. N2p5control14.92afterdecompunlocated;treated42.62percentmoreresidueambiguousnotabsoluteR,doNOTcalculate57.54;N2p6erroneouslyassignstreated14.92at600conflictscontrolp5,held. Fig3N2panelend600versusmethod800retainedsourceconflict notestimatedR800. Allrapiddecompranges160.6-244.7pureAEGDP/313.8-394.8control/252.9-296.8treatedN2and161-272/602-739pureAEGDP/299.5-364.9control/237.9-289.1treatedAIRrawonlynotdefinedT5/T10/Tonset/Tmax. PureFR45.15N2/11.98AIRresiduetempunlocatednoownLOIreferenceheld. 40-100Cwaterlossseparate. ConeTable1char24.9/0.09/0.08NOTTG,R500/R600nothorizon800.18dose/washLOIfacts plusAIRcontrol2N2initial2pureFR=23facts1approved22held planned. Unknownprep/reps preserved. Originals/privateevidenceoutsidepublicrepo.",cotton,"Scoured and bleached purecotton fabric,133.27g/m2,ChaotianmenMarketChongqing;weaveunreported","Scoured and bleached purecotton fabric,133.27g/m2,ChaotianmenMarketChongqing;weaveunreported",,60gL after20nativeLcs,held_source_facts,,held_LOI_without_own_dose_or_wash_TG,journal_article,OwnDOI/title/materials and all primary native/textpages reviewed,,,,,,,held_outside_verified_target,,AEGDP-60gL,60,,,,Unreported,,,,,,,,,,,,,,,,,,,,,(Wf-Wi)/Wi*100;untreateddenominator,,,,,,,"NativeRSC2017,5:9970-9981,12PDFpages",,,,16.1,OwnmaterialsPDFp2printed9971;TG/LOI/finishingp3printed9972;thermalp5-6;WG/LOITable3/4p9,,20,,,,,,,,,,,,Facile synthesis of an eco-friendly nitrogen–phosphorus ammonium salt to enhance the durability and flame retardancy of cotton,https://doi.org/10.1039/c7ta01106g,"AATCC61-2006soapingfastnesstester;parametersunreported,noassumedcommercialequivalence",No SI cited in complete primary,"AEGDPaqueous60/90/120gL,dicyandiamidecatalystamountunreported;70C1h,bathratio1:20gpervolume,padabout100percentpickup,190C5mincure,runningwaterrinse,60Cdrytimeunreported;nativeprocedure repeatedonce,scopeofrepeatedstepsunresolved",After20nativeLcs,20nativeAATCC61-2006Lcs,2017
10.1039/c7ta01106g,M606B,OwnTable4PDFp9printed9978,25.7,,ASTM-D2863-2000,,,,,,,,,,,,,,,,,,"OwnthermalprosePDFp5printed9974/Fig3p6printed9975,onlyinitial120gL",,,,,,,,,,Purecotton133.27gm2;AEGDP60gL finishing solution,Raw source facts only,2026-10-02,Codex complete primary native/text pages; one primary reviewer,,Journal of Materials Chemistry A,"Full12native/textpages read. JMaterChemA2017,5:9970-9981. Purecottonscouredbleached133.27gm2,weaveunreported. AEGDP60/90/120gLDIwater,dicyandiamidecatalystamountunreported,70C1h1:20gpervolbath,padabout100percentpickup190C5mincure,runningwaterrinse60Cdrytimeunreported nativeprocedure repeatedonce ambiguity whichsteps repeated preserved. OwnWG(Wf-Wi)/Wi,Table3p9control0/doses16.1/20.1/23.7,120after50nativeLC14.8notinitial. MainTGp3Pyris1bothN2/AIR20Kmin40-800C,mass/pan/flowunreported. TGIRseparateSTA409PC8mgN230mLmin20Kmin notmainTGmass/flow. LOIASTMD2863-2000M606B,dimensions/repsunreported. WashAATCC61-2006soapingfastness native10/20/30/40/50LCnotunsupported5xconversion. OwnTable4p9doses60 LOI35.1/32.6/29.0/25.7/23.7/20.9;90 37.8/32.8/30.5/28.1/27.2/25.9;120 41.0/36.2/35.0/32.4/30.0/28.4at0/10/20/30/40/50LC. Ownthermalp5explicit120gLinitialmatch41.0;AIRR60027.94unambiguousexplicitprose. AIRcontrolnoresidue500Czeroexplicit,butLOI18.4p8citedref38andnotownTable4,holdpendingowncontrolprovenance. N2p5control14.92afterdecompunlocated;treated42.62percentmoreresidueambiguousnotabsoluteR,doNOTcalculate57.54;N2p6erroneouslyassignstreated14.92at600conflictscontrolp5,held. Fig3N2panelend600versusmethod800retainedsourceconflict notestimatedR800. Allrapiddecompranges160.6-244.7pureAEGDP/313.8-394.8control/252.9-296.8treatedN2and161-272/602-739pureAEGDP/299.5-364.9control/237.9-289.1treatedAIRrawonlynotdefinedT5/T10/Tonset/Tmax. PureFR45.15N2/11.98AIRresiduetempunlocatednoownLOIreferenceheld. 40-100Cwaterlossseparate. ConeTable1char24.9/0.09/0.08NOTTG,R500/R600nothorizon800.18dose/washLOIfacts plusAIRcontrol2N2initial2pureFR=23facts1approved22held planned. Unknownprep/reps preserved. Originals/privateevidenceoutsidepublicrepo.",cotton,"Scoured and bleached purecotton fabric,133.27g/m2,ChaotianmenMarketChongqing;weaveunreported","Scoured and bleached purecotton fabric,133.27g/m2,ChaotianmenMarketChongqing;weaveunreported",,60gL after30nativeLcs,held_source_facts,,held_LOI_without_own_dose_or_wash_TG,journal_article,OwnDOI/title/materials and all primary native/textpages reviewed,,,,,,,held_outside_verified_target,,AEGDP-60gL,60,,,,Unreported,,,,,,,,,,,,,,,,,,,,,(Wf-Wi)/Wi*100;untreateddenominator,,,,,,,"NativeRSC2017,5:9970-9981,12PDFpages",,,,16.1,OwnmaterialsPDFp2printed9971;TG/LOI/finishingp3printed9972;thermalp5-6;WG/LOITable3/4p9,,30,,,,,,,,,,,,Facile synthesis of an eco-friendly nitrogen–phosphorus ammonium salt to enhance the durability and flame retardancy of cotton,https://doi.org/10.1039/c7ta01106g,"AATCC61-2006soapingfastnesstester;parametersunreported,noassumedcommercialequivalence",No SI cited in complete primary,"AEGDPaqueous60/90/120gL,dicyandiamidecatalystamountunreported;70C1h,bathratio1:20gpervolume,padabout100percentpickup,190C5mincure,runningwaterrinse,60Cdrytimeunreported;nativeprocedure repeatedonce,scopeofrepeatedstepsunresolved",After30nativeLcs,30nativeAATCC61-2006Lcs,2017
10.1039/c7ta01106g,M606B,OwnTable4PDFp9printed9978,23.7,,ASTM-D2863-2000,,,,,,,,,,,,,,,,,,"OwnthermalprosePDFp5printed9974/Fig3p6printed9975,onlyinitial120gL",,,,,,,,,,Purecotton133.27gm2;AEGDP60gL finishing solution,Raw source facts only,2026-10-02,Codex complete primary native/text pages; one primary reviewer,,Journal of Materials Chemistry A,"Full12native/textpages read. JMaterChemA2017,5:9970-9981. Purecottonscouredbleached133.27gm2,weaveunreported. AEGDP60/90/120gLDIwater,dicyandiamidecatalystamountunreported,70C1h1:20gpervolbath,padabout100percentpickup190C5mincure,runningwaterrinse60Cdrytimeunreported nativeprocedure repeatedonce ambiguity whichsteps repeated preserved. OwnWG(Wf-Wi)/Wi,Table3p9control0/doses16.1/20.1/23.7,120after50nativeLC14.8notinitial. MainTGp3Pyris1bothN2/AIR20Kmin40-800C,mass/pan/flowunreported. TGIRseparateSTA409PC8mgN230mLmin20Kmin notmainTGmass/flow. LOIASTMD2863-2000M606B,dimensions/repsunreported. WashAATCC61-2006soapingfastness native10/20/30/40/50LCnotunsupported5xconversion. OwnTable4p9doses60 LOI35.1/32.6/29.0/25.7/23.7/20.9;90 37.8/32.8/30.5/28.1/27.2/25.9;120 41.0/36.2/35.0/32.4/30.0/28.4at0/10/20/30/40/50LC. Ownthermalp5explicit120gLinitialmatch41.0;AIRR60027.94unambiguousexplicitprose. AIRcontrolnoresidue500Czeroexplicit,butLOI18.4p8citedref38andnotownTable4,holdpendingowncontrolprovenance. N2p5control14.92afterdecompunlocated;treated42.62percentmoreresidueambiguousnotabsoluteR,doNOTcalculate57.54;N2p6erroneouslyassignstreated14.92at600conflictscontrolp5,held. Fig3N2panelend600versusmethod800retainedsourceconflict notestimatedR800. Allrapiddecompranges160.6-244.7pureAEGDP/313.8-394.8control/252.9-296.8treatedN2and161-272/602-739pureAEGDP/299.5-364.9control/237.9-289.1treatedAIRrawonlynotdefinedT5/T10/Tonset/Tmax. PureFR45.15N2/11.98AIRresiduetempunlocatednoownLOIreferenceheld. 40-100Cwaterlossseparate. ConeTable1char24.9/0.09/0.08NOTTG,R500/R600nothorizon800.18dose/washLOIfacts plusAIRcontrol2N2initial2pureFR=23facts1approved22held planned. Unknownprep/reps preserved. Originals/privateevidenceoutsidepublicrepo.",cotton,"Scoured and bleached purecotton fabric,133.27g/m2,ChaotianmenMarketChongqing;weaveunreported","Scoured and bleached purecotton fabric,133.27g/m2,ChaotianmenMarketChongqing;weaveunreported",,60gL after40nativeLcs,held_source_facts,,held_LOI_without_own_dose_or_wash_TG,journal_article,OwnDOI/title/materials and all primary native/textpages reviewed,,,,,,,held_outside_verified_target,,AEGDP-60gL,60,,,,Unreported,,,,,,,,,,,,,,,,,,,,,(Wf-Wi)/Wi*100;untreateddenominator,,,,,,,"NativeRSC2017,5:9970-9981,12PDFpages",,,,16.1,OwnmaterialsPDFp2printed9971;TG/LOI/finishingp3printed9972;thermalp5-6;WG/LOITable3/4p9,,40,,,,,,,,,,,,Facile synthesis of an eco-friendly nitrogen–phosphorus ammonium salt to enhance the durability and flame retardancy of cotton,https://doi.org/10.1039/c7ta01106g,"AATCC61-2006soapingfastnesstester;parametersunreported,noassumedcommercialequivalence",No SI cited in complete primary,"AEGDPaqueous60/90/120gL,dicyandiamidecatalystamountunreported;70C1h,bathratio1:20gpervolume,padabout100percentpickup,190C5mincure,runningwaterrinse,60Cdrytimeunreported;nativeprocedure repeatedonce,scopeofrepeatedstepsunresolved",After40nativeLcs,40nativeAATCC61-2006Lcs,2017
10.1039/c7ta01106g,M606B,OwnTable4PDFp9printed9978,20.9,,ASTM-D2863-2000,,,,,,,,,,,,,,,,,,"OwnthermalprosePDFp5printed9974/Fig3p6printed9975,onlyinitial120gL",,,,,,,,,,Purecotton133.27gm2;AEGDP60gL finishing solution,Raw source facts only,2026-10-02,Codex complete primary native/text pages; one primary reviewer,,Journal of Materials Chemistry A,"Full12native/textpages read. JMaterChemA2017,5:9970-9981. Purecottonscouredbleached133.27gm2,weaveunreported. AEGDP60/90/120gLDIwater,dicyandiamidecatalystamountunreported,70C1h1:20gpervolbath,padabout100percentpickup190C5mincure,runningwaterrinse60Cdrytimeunreported nativeprocedure repeatedonce ambiguity whichsteps repeated preserved. OwnWG(Wf-Wi)/Wi,Table3p9control0/doses16.1/20.1/23.7,120after50nativeLC14.8notinitial. MainTGp3Pyris1bothN2/AIR20Kmin40-800C,mass/pan/flowunreported. TGIRseparateSTA409PC8mgN230mLmin20Kmin notmainTGmass/flow. LOIASTMD2863-2000M606B,dimensions/repsunreported. WashAATCC61-2006soapingfastness native10/20/30/40/50LCnotunsupported5xconversion. OwnTable4p9doses60 LOI35.1/32.6/29.0/25.7/23.7/20.9;90 37.8/32.8/30.5/28.1/27.2/25.9;120 41.0/36.2/35.0/32.4/30.0/28.4at0/10/20/30/40/50LC. Ownthermalp5explicit120gLinitialmatch41.0;AIRR60027.94unambiguousexplicitprose. AIRcontrolnoresidue500Czeroexplicit,butLOI18.4p8citedref38andnotownTable4,holdpendingowncontrolprovenance. N2p5control14.92afterdecompunlocated;treated42.62percentmoreresidueambiguousnotabsoluteR,doNOTcalculate57.54;N2p6erroneouslyassignstreated14.92at600conflictscontrolp5,held. Fig3N2panelend600versusmethod800retainedsourceconflict notestimatedR800. Allrapiddecompranges160.6-244.7pureAEGDP/313.8-394.8control/252.9-296.8treatedN2and161-272/602-739pureAEGDP/299.5-364.9control/237.9-289.1treatedAIRrawonlynotdefinedT5/T10/Tonset/Tmax. PureFR45.15N2/11.98AIRresiduetempunlocatednoownLOIreferenceheld. 40-100Cwaterlossseparate. ConeTable1char24.9/0.09/0.08NOTTG,R500/R600nothorizon800.18dose/washLOIfacts plusAIRcontrol2N2initial2pureFR=23facts1approved22held planned. Unknownprep/reps preserved. Originals/privateevidenceoutsidepublicrepo.",cotton,"Scoured and bleached purecotton fabric,133.27g/m2,ChaotianmenMarketChongqing;weaveunreported","Scoured and bleached purecotton fabric,133.27g/m2,ChaotianmenMarketChongqing;weaveunreported",,60gL after50nativeLcs,held_source_facts,,held_LOI_without_own_dose_or_wash_TG,journal_article,OwnDOI/title/materials and all primary native/textpages reviewed,,,,,,,held_outside_verified_target,,AEGDP-60gL,60,,,,Unreported,,,,,,,,,,,,,,,,,,,,,(Wf-Wi)/Wi*100;untreateddenominator,,,,,,,"NativeRSC2017,5:9970-9981,12PDFpages",,,,16.1,OwnmaterialsPDFp2printed9971;TG/LOI/finishingp3printed9972;thermalp5-6;WG/LOITable3/4p9,,50,,,,,,,,,,,,Facile synthesis of an eco-friendly nitrogen–phosphorus ammonium salt to enhance the durability and flame retardancy of cotton,https://doi.org/10.1039/c7ta01106g,"AATCC61-2006soapingfastnesstester;parametersunreported,noassumedcommercialequivalence",No SI cited in complete primary,"AEGDPaqueous60/90/120gL,dicyandiamidecatalystamountunreported;70C1h,bathratio1:20gpervolume,padabout100percentpickup,190C5mincure,runningwaterrinse,60Cdrytimeunreported;nativeprocedure repeatedonce,scopeofrepeatedstepsunresolved",After50nativeLcs,50nativeAATCC61-2006Lcs,2017
10.1039/c7ta01106g,M606B,OwnTable4PDFp9printed9978,37.8,,ASTM-D2863-2000,,,,,,,,,,,,,,,,,,"OwnthermalprosePDFp5printed9974/Fig3p6printed9975,onlyinitial120gL",,,,,,,,,,Purecotton133.27gm2;AEGDP90gL finishing solution,Raw source facts only,2026-10-02,Codex complete primary native/text pages; one primary reviewer,,Journal of Materials Chemistry A,"Full12native/textpages read. JMaterChemA2017,5:9970-9981. Purecottonscouredbleached133.27gm2,weaveunreported. AEGDP60/90/120gLDIwater,dicyandiamidecatalystamountunreported,70C1h1:20gpervolbath,padabout100percentpickup190C5mincure,runningwaterrinse60Cdrytimeunreported nativeprocedure repeatedonce ambiguity whichsteps repeated preserved. OwnWG(Wf-Wi)/Wi,Table3p9control0/doses16.1/20.1/23.7,120after50nativeLC14.8notinitial. MainTGp3Pyris1bothN2/AIR20Kmin40-800C,mass/pan/flowunreported. TGIRseparateSTA409PC8mgN230mLmin20Kmin notmainTGmass/flow. LOIASTMD2863-2000M606B,dimensions/repsunreported. WashAATCC61-2006soapingfastness native10/20/30/40/50LCnotunsupported5xconversion. OwnTable4p9doses60 LOI35.1/32.6/29.0/25.7/23.7/20.9;90 37.8/32.8/30.5/28.1/27.2/25.9;120 41.0/36.2/35.0/32.4/30.0/28.4at0/10/20/30/40/50LC. Ownthermalp5explicit120gLinitialmatch41.0;AIRR60027.94unambiguousexplicitprose. AIRcontrolnoresidue500Czeroexplicit,butLOI18.4p8citedref38andnotownTable4,holdpendingowncontrolprovenance. N2p5control14.92afterdecompunlocated;treated42.62percentmoreresidueambiguousnotabsoluteR,doNOTcalculate57.54;N2p6erroneouslyassignstreated14.92at600conflictscontrolp5,held. Fig3N2panelend600versusmethod800retainedsourceconflict notestimatedR800. Allrapiddecompranges160.6-244.7pureAEGDP/313.8-394.8control/252.9-296.8treatedN2and161-272/602-739pureAEGDP/299.5-364.9control/237.9-289.1treatedAIRrawonlynotdefinedT5/T10/Tonset/Tmax. PureFR45.15N2/11.98AIRresiduetempunlocatednoownLOIreferenceheld. 40-100Cwaterlossseparate. ConeTable1char24.9/0.09/0.08NOTTG,R500/R600nothorizon800.18dose/washLOIfacts plusAIRcontrol2N2initial2pureFR=23facts1approved22held planned. Unknownprep/reps preserved. Originals/privateevidenceoutsidepublicrepo.",cotton,"Scoured and bleached purecotton fabric,133.27g/m2,ChaotianmenMarketChongqing;weaveunreported","Scoured and bleached purecotton fabric,133.27g/m2,ChaotianmenMarketChongqing;weaveunreported",,90gL after0nativeLcs,held_source_facts,,held_LOI_without_own_dose_or_wash_TG,journal_article,OwnDOI/title/materials and all primary native/textpages reviewed,,,,,,,held_outside_verified_target,,AEGDP-90gL,90,,,,Unreported,,,,,,,,,,,,,,,,,,,,,(Wf-Wi)/Wi*100;untreateddenominator,,,,,,,"NativeRSC2017,5:9970-9981,12PDFpages",,,,20.1,OwnmaterialsPDFp2printed9971;TG/LOI/finishingp3printed9972;thermalp5-6;WG/LOITable3/4p9,,0,,,,,,,,,,,,Facile synthesis of an eco-friendly nitrogen–phosphorus ammonium salt to enhance the durability and flame retardancy of cotton,https://doi.org/10.1039/c7ta01106g,"AATCC61-2006soapingfastnesstester;parametersunreported,noassumedcommercialequivalence",No SI cited in complete primary,"AEGDPaqueous60/90/120gL,dicyandiamidecatalystamountunreported;70C1h,bathratio1:20gpervolume,padabout100percentpickup,190C5mincure,runningwaterrinse,60Cdrytimeunreported;nativeprocedure repeatedonce,scopeofrepeatedstepsunresolved",Initialdosegroup,0nativeAATCC61-2006Lcs,2017
10.1039/c7ta01106g,M606B,OwnTable4PDFp9printed9978,32.8,,ASTM-D2863-2000,,,,,,,,,,,,,,,,,,"OwnthermalprosePDFp5printed9974/Fig3p6printed9975,onlyinitial120gL",,,,,,,,,,Purecotton133.27gm2;AEGDP90gL finishing solution,Raw source facts only,2026-10-02,Codex complete primary native/text pages; one primary reviewer,,Journal of Materials Chemistry A,"Full12native/textpages read. JMaterChemA2017,5:9970-9981. Purecottonscouredbleached133.27gm2,weaveunreported. AEGDP60/90/120gLDIwater,dicyandiamidecatalystamountunreported,70C1h1:20gpervolbath,padabout100percentpickup190C5mincure,runningwaterrinse60Cdrytimeunreported nativeprocedure repeatedonce ambiguity whichsteps repeated preserved. OwnWG(Wf-Wi)/Wi,Table3p9control0/doses16.1/20.1/23.7,120after50nativeLC14.8notinitial. MainTGp3Pyris1bothN2/AIR20Kmin40-800C,mass/pan/flowunreported. TGIRseparateSTA409PC8mgN230mLmin20Kmin notmainTGmass/flow. LOIASTMD2863-2000M606B,dimensions/repsunreported. WashAATCC61-2006soapingfastness native10/20/30/40/50LCnotunsupported5xconversion. OwnTable4p9doses60 LOI35.1/32.6/29.0/25.7/23.7/20.9;90 37.8/32.8/30.5/28.1/27.2/25.9;120 41.0/36.2/35.0/32.4/30.0/28.4at0/10/20/30/40/50LC. Ownthermalp5explicit120gLinitialmatch41.0;AIRR60027.94unambiguousexplicitprose. AIRcontrolnoresidue500Czeroexplicit,butLOI18.4p8citedref38andnotownTable4,holdpendingowncontrolprovenance. N2p5control14.92afterdecompunlocated;treated42.62percentmoreresidueambiguousnotabsoluteR,doNOTcalculate57.54;N2p6erroneouslyassignstreated14.92at600conflictscontrolp5,held. Fig3N2panelend600versusmethod800retainedsourceconflict notestimatedR800. Allrapiddecompranges160.6-244.7pureAEGDP/313.8-394.8control/252.9-296.8treatedN2and161-272/602-739pureAEGDP/299.5-364.9control/237.9-289.1treatedAIRrawonlynotdefinedT5/T10/Tonset/Tmax. PureFR45.15N2/11.98AIRresiduetempunlocatednoownLOIreferenceheld. 40-100Cwaterlossseparate. ConeTable1char24.9/0.09/0.08NOTTG,R500/R600nothorizon800.18dose/washLOIfacts plusAIRcontrol2N2initial2pureFR=23facts1approved22held planned. Unknownprep/reps preserved. Originals/privateevidenceoutsidepublicrepo.",cotton,"Scoured and bleached purecotton fabric,133.27g/m2,ChaotianmenMarketChongqing;weaveunreported","Scoured and bleached purecotton fabric,133.27g/m2,ChaotianmenMarketChongqing;weaveunreported",,90gL after10nativeLcs,held_source_facts,,held_LOI_without_own_dose_or_wash_TG,journal_article,OwnDOI/title/materials and all primary native/textpages reviewed,,,,,,,held_outside_verified_target,,AEGDP-90gL,90,,,,Unreported,,,,,,,,,,,,,,,,,,,,,(Wf-Wi)/Wi*100;untreateddenominator,,,,,,,"NativeRSC2017,5:9970-9981,12PDFpages",,,,20.1,OwnmaterialsPDFp2printed9971;TG/LOI/finishingp3printed9972;thermalp5-6;WG/LOITable3/4p9,,10,,,,,,,,,,,,Facile synthesis of an eco-friendly nitrogen–phosphorus ammonium salt to enhance the durability and flame retardancy of cotton,https://doi.org/10.1039/c7ta01106g,"AATCC61-2006soapingfastnesstester;parametersunreported,noassumedcommercialequivalence",No SI cited in complete primary,"AEGDPaqueous60/90/120gL,dicyandiamidecatalystamountunreported;70C1h,bathratio1:20gpervolume,padabout100percentpickup,190C5mincure,runningwaterrinse,60Cdrytimeunreported;nativeprocedure repeatedonce,scopeofrepeatedstepsunresolved",After10nativeLcs,10nativeAATCC61-2006Lcs,2017
10.1039/c7ta01106g,M606B,OwnTable4PDFp9printed9978,30.5,,ASTM-D2863-2000,,,,,,,,,,,,,,,,,,"OwnthermalprosePDFp5printed9974/Fig3p6printed9975,onlyinitial120gL",,,,,,,,,,Purecotton133.27gm2;AEGDP90gL finishing solution,Raw source facts only,2026-10-02,Codex complete primary native/text pages; one primary reviewer,,Journal of Materials Chemistry A,"Full12native/textpages read. JMaterChemA2017,5:9970-9981. Purecottonscouredbleached133.27gm2,weaveunreported. AEGDP60/90/120gLDIwater,dicyandiamidecatalystamountunreported,70C1h1:20gpervolbath,padabout100percentpickup190C5mincure,runningwaterrinse60Cdrytimeunreported nativeprocedure repeatedonce ambiguity whichsteps repeated preserved. OwnWG(Wf-Wi)/Wi,Table3p9control0/doses16.1/20.1/23.7,120after50nativeLC14.8notinitial. MainTGp3Pyris1bothN2/AIR20Kmin40-800C,mass/pan/flowunreported. TGIRseparateSTA409PC8mgN230mLmin20Kmin notmainTGmass/flow. LOIASTMD2863-2000M606B,dimensions/repsunreported. WashAATCC61-2006soapingfastness native10/20/30/40/50LCnotunsupported5xconversion. OwnTable4p9doses60 LOI35.1/32.6/29.0/25.7/23.7/20.9;90 37.8/32.8/30.5/28.1/27.2/25.9;120 41.0/36.2/35.0/32.4/30.0/28.4at0/10/20/30/40/50LC. Ownthermalp5explicit120gLinitialmatch41.0;AIRR60027.94unambiguousexplicitprose. AIRcontrolnoresidue500Czeroexplicit,butLOI18.4p8citedref38andnotownTable4,holdpendingowncontrolprovenance. N2p5control14.92afterdecompunlocated;treated42.62percentmoreresidueambiguousnotabsoluteR,doNOTcalculate57.54;N2p6erroneouslyassignstreated14.92at600conflictscontrolp5,held. Fig3N2panelend600versusmethod800retainedsourceconflict notestimatedR800. Allrapiddecompranges160.6-244.7pureAEGDP/313.8-394.8control/252.9-296.8treatedN2and161-272/602-739pureAEGDP/299.5-364.9control/237.9-289.1treatedAIRrawonlynotdefinedT5/T10/Tonset/Tmax. PureFR45.15N2/11.98AIRresiduetempunlocatednoownLOIreferenceheld. 40-100Cwaterlossseparate. ConeTable1char24.9/0.09/0.08NOTTG,R500/R600nothorizon800.18dose/washLOIfacts plusAIRcontrol2N2initial2pureFR=23facts1approved22held planned. Unknownprep/reps preserved. Originals/privateevidenceoutsidepublicrepo.",cotton,"Scoured and bleached purecotton fabric,133.27g/m2,ChaotianmenMarketChongqing;weaveunreported","Scoured and bleached purecotton fabric,133.27g/m2,ChaotianmenMarketChongqing;weaveunreported",,90gL after20nativeLcs,held_source_facts,,held_LOI_without_own_dose_or_wash_TG,journal_article,OwnDOI/title/materials and all primary native/textpages reviewed,,,,,,,held_outside_verified_target,,AEGDP-90gL,90,,,,Unreported,,,,,,,,,,,,,,,,,,,,,(Wf-Wi)/Wi*100;untreateddenominator,,,,,,,"NativeRSC2017,5:9970-9981,12PDFpages",,,,20.1,OwnmaterialsPDFp2printed9971;TG/LOI/finishingp3printed9972;thermalp5-6;WG/LOITable3/4p9,,20,,,,,,,,,,,,Facile synthesis of an eco-friendly nitrogen–phosphorus ammonium salt to enhance the durability and flame retardancy of cotton,https://doi.org/10.1039/c7ta01106g,"AATCC61-2006soapingfastnesstester;parametersunreported,noassumedcommercialequivalence",No SI cited in complete primary,"AEGDPaqueous60/90/120gL,dicyandiamidecatalystamountunreported;70C1h,bathratio1:20gpervolume,padabout100percentpickup,190C5mincure,runningwaterrinse,60Cdrytimeunreported;nativeprocedure repeatedonce,scopeofrepeatedstepsunresolved",After20nativeLcs,20nativeAATCC61-2006Lcs,2017
10.1039/c7ta01106g,M606B,OwnTable4PDFp9printed9978,28.1,,ASTM-D2863-2000,,,,,,,,,,,,,,,,,,"OwnthermalprosePDFp5printed9974/Fig3p6printed9975,onlyinitial120gL",,,,,,,,,,Purecotton133.27gm2;AEGDP90gL finishing solution,Raw source facts only,2026-10-02,Codex complete primary native/text pages; one primary reviewer,,Journal of Materials Chemistry A,"Full12native/textpages read. JMaterChemA2017,5:9970-9981. Purecottonscouredbleached133.27gm2,weaveunreported. AEGDP60/90/120gLDIwater,dicyandiamidecatalystamountunreported,70C1h1:20gpervolbath,padabout100percentpickup190C5mincure,runningwaterrinse60Cdrytimeunreported nativeprocedure repeatedonce ambiguity whichsteps repeated preserved. OwnWG(Wf-Wi)/Wi,Table3p9control0/doses16.1/20.1/23.7,120after50nativeLC14.8notinitial. MainTGp3Pyris1bothN2/AIR20Kmin40-800C,mass/pan/flowunreported. TGIRseparateSTA409PC8mgN230mLmin20Kmin notmainTGmass/flow. LOIASTMD2863-2000M606B,dimensions/repsunreported. WashAATCC61-2006soapingfastness native10/20/30/40/50LCnotunsupported5xconversion. OwnTable4p9doses60 LOI35.1/32.6/29.0/25.7/23.7/20.9;90 37.8/32.8/30.5/28.1/27.2/25.9;120 41.0/36.2/35.0/32.4/30.0/28.4at0/10/20/30/40/50LC. Ownthermalp5explicit120gLinitialmatch41.0;AIRR60027.94unambiguousexplicitprose. AIRcontrolnoresidue500Czeroexplicit,butLOI18.4p8citedref38andnotownTable4,holdpendingowncontrolprovenance. N2p5control14.92afterdecompunlocated;treated42.62percentmoreresidueambiguousnotabsoluteR,doNOTcalculate57.54;N2p6erroneouslyassignstreated14.92at600conflictscontrolp5,held. Fig3N2panelend600versusmethod800retainedsourceconflict notestimatedR800. Allrapiddecompranges160.6-244.7pureAEGDP/313.8-394.8control/252.9-296.8treatedN2and161-272/602-739pureAEGDP/299.5-364.9control/237.9-289.1treatedAIRrawonlynotdefinedT5/T10/Tonset/Tmax. PureFR45.15N2/11.98AIRresiduetempunlocatednoownLOIreferenceheld. 40-100Cwaterlossseparate. ConeTable1char24.9/0.09/0.08NOTTG,R500/R600nothorizon800.18dose/washLOIfacts plusAIRcontrol2N2initial2pureFR=23facts1approved22held planned. Unknownprep/reps preserved. Originals/privateevidenceoutsidepublicrepo.",cotton,"Scoured and bleached purecotton fabric,133.27g/m2,ChaotianmenMarketChongqing;weaveunreported","Scoured and bleached purecotton fabric,133.27g/m2,ChaotianmenMarketChongqing;weaveunreported",,90gL after30nativeLcs,held_source_facts,,held_LOI_without_own_dose_or_wash_TG,journal_article,OwnDOI/title/materials and all primary native/textpages reviewed,,,,,,,held_outside_verified_target,,AEGDP-90gL,90,,,,Unreported,,,,,,,,,,,,,,,,,,,,,(Wf-Wi)/Wi*100;untreateddenominator,,,,,,,"NativeRSC2017,5:9970-9981,12PDFpages",,,,20.1,OwnmaterialsPDFp2printed9971;TG/LOI/finishingp3printed9972;thermalp5-6;WG/LOITable3/4p9,,30,,,,,,,,,,,,Facile synthesis of an eco-friendly nitrogen–phosphorus ammonium salt to enhance the durability and flame retardancy of cotton,https://doi.org/10.1039/c7ta01106g,"AATCC61-2006soapingfastnesstester;parametersunreported,noassumedcommercialequivalence",No SI cited in complete primary,"AEGDPaqueous60/90/120gL,dicyandiamidecatalystamountunreported;70C1h,bathratio1:20gpervolume,padabout100percentpickup,190C5mincure,runningwaterrinse,60Cdrytimeunreported;nativeprocedure repeatedonce,scopeofrepeatedstepsunresolved",After30nativeLcs,30nativeAATCC61-2006Lcs,2017
10.1039/c7ta01106g,M606B,OwnTable4PDFp9printed9978,27.2,,ASTM-D2863-2000,,,,,,,,,,,,,,,,,,"OwnthermalprosePDFp5printed9974/Fig3p6printed9975,onlyinitial120gL",,,,,,,,,,Purecotton133.27gm2;AEGDP90gL finishing solution,Raw source facts only,2026-10-02,Codex complete primary native/text pages; one primary reviewer,,Journal of Materials Chemistry A,"Full12native/textpages read. JMaterChemA2017,5:9970-9981. Purecottonscouredbleached133.27gm2,weaveunreported. AEGDP60/90/120gLDIwater,dicyandiamidecatalystamountunreported,70C1h1:20gpervolbath,padabout100percentpickup190C5mincure,runningwaterrinse60Cdrytimeunreported nativeprocedure repeatedonce ambiguity whichsteps repeated preserved. OwnWG(Wf-Wi)/Wi,Table3p9control0/doses16.1/20.1/23.7,120after50nativeLC14.8notinitial. MainTGp3Pyris1bothN2/AIR20Kmin40-800C,mass/pan/flowunreported. TGIRseparateSTA409PC8mgN230mLmin20Kmin notmainTGmass/flow. LOIASTMD2863-2000M606B,dimensions/repsunreported. WashAATCC61-2006soapingfastness native10/20/30/40/50LCnotunsupported5xconversion. OwnTable4p9doses60 LOI35.1/32.6/29.0/25.7/23.7/20.9;90 37.8/32.8/30.5/28.1/27.2/25.9;120 41.0/36.2/35.0/32.4/30.0/28.4at0/10/20/30/40/50LC. Ownthermalp5explicit120gLinitialmatch41.0;AIRR60027.94unambiguousexplicitprose. AIRcontrolnoresidue500Czeroexplicit,butLOI18.4p8citedref38andnotownTable4,holdpendingowncontrolprovenance. N2p5control14.92afterdecompunlocated;treated42.62percentmoreresidueambiguousnotabsoluteR,doNOTcalculate57.54;N2p6erroneouslyassignstreated14.92at600conflictscontrolp5,held. Fig3N2panelend600versusmethod800retainedsourceconflict notestimatedR800. Allrapiddecompranges160.6-244.7pureAEGDP/313.8-394.8control/252.9-296.8treatedN2and161-272/602-739pureAEGDP/299.5-364.9control/237.9-289.1treatedAIRrawonlynotdefinedT5/T10/Tonset/Tmax. PureFR45.15N2/11.98AIRresiduetempunlocatednoownLOIreferenceheld. 40-100Cwaterlossseparate. ConeTable1char24.9/0.09/0.08NOTTG,R500/R600nothorizon800.18dose/washLOIfacts plusAIRcontrol2N2initial2pureFR=23facts1approved22held planned. Unknownprep/reps preserved. Originals/privateevidenceoutsidepublicrepo.",cotton,"Scoured and bleached purecotton fabric,133.27g/m2,ChaotianmenMarketChongqing;weaveunreported","Scoured and bleached purecotton fabric,133.27g/m2,ChaotianmenMarketChongqing;weaveunreported",,90gL after40nativeLcs,held_source_facts,,held_LOI_without_own_dose_or_wash_TG,journal_article,OwnDOI/title/materials and all primary native/textpages reviewed,,,,,,,held_outside_verified_target,,AEGDP-90gL,90,,,,Unreported,,,,,,,,,,,,,,,,,,,,,(Wf-Wi)/Wi*100;untreateddenominator,,,,,,,"NativeRSC2017,5:9970-9981,12PDFpages",,,,20.1,OwnmaterialsPDFp2printed9971;TG/LOI/finishingp3printed9972;thermalp5-6;WG/LOITable3/4p9,,40,,,,,,,,,,,,Facile synthesis of an eco-friendly nitrogen–phosphorus ammonium salt to enhance the durability and flame retardancy of cotton,https://doi.org/10.1039/c7ta01106g,"AATCC61-2006soapingfastnesstester;parametersunreported,noassumedcommercialequivalence",No SI cited in complete primary,"AEGDPaqueous60/90/120gL,dicyandiamidecatalystamountunreported;70C1h,bathratio1:20gpervolume,padabout100percentpickup,190C5mincure,runningwaterrinse,60Cdrytimeunreported;nativeprocedure repeatedonce,scopeofrepeatedstepsunresolved",After40nativeLcs,40nativeAATCC61-2006Lcs,2017
10.1039/c7ta01106g,M606B,OwnTable4PDFp9printed9978,25.9,,ASTM-D2863-2000,,,,,,,,,,,,,,,,,,"OwnthermalprosePDFp5printed9974/Fig3p6printed9975,onlyinitial120gL",,,,,,,,,,Purecotton133.27gm2;AEGDP90gL finishing solution,Raw source facts only,2026-10-02,Codex complete primary native/text pages; one primary reviewer,,Journal of Materials Chemistry A,"Full12native/textpages read. JMaterChemA2017,5:9970-9981. Purecottonscouredbleached133.27gm2,weaveunreported. AEGDP60/90/120gLDIwater,dicyandiamidecatalystamountunreported,70C1h1:20gpervolbath,padabout100percentpickup190C5mincure,runningwaterrinse60Cdrytimeunreported nativeprocedure repeatedonce ambiguity whichsteps repeated preserved. OwnWG(Wf-Wi)/Wi,Table3p9control0/doses16.1/20.1/23.7,120after50nativeLC14.8notinitial. MainTGp3Pyris1bothN2/AIR20Kmin40-800C,mass/pan/flowunreported. TGIRseparateSTA409PC8mgN230mLmin20Kmin notmainTGmass/flow. LOIASTMD2863-2000M606B,dimensions/repsunreported. WashAATCC61-2006soapingfastness native10/20/30/40/50LCnotunsupported5xconversion. OwnTable4p9doses60 LOI35.1/32.6/29.0/25.7/23.7/20.9;90 37.8/32.8/30.5/28.1/27.2/25.9;120 41.0/36.2/35.0/32.4/30.0/28.4at0/10/20/30/40/50LC. Ownthermalp5explicit120gLinitialmatch41.0;AIRR60027.94unambiguousexplicitprose. AIRcontrolnoresidue500Czeroexplicit,butLOI18.4p8citedref38andnotownTable4,holdpendingowncontrolprovenance. N2p5control14.92afterdecompunlocated;treated42.62percentmoreresidueambiguousnotabsoluteR,doNOTcalculate57.54;N2p6erroneouslyassignstreated14.92at600conflictscontrolp5,held. Fig3N2panelend600versusmethod800retainedsourceconflict notestimatedR800. Allrapiddecompranges160.6-244.7pureAEGDP/313.8-394.8control/252.9-296.8treatedN2and161-272/602-739pureAEGDP/299.5-364.9control/237.9-289.1treatedAIRrawonlynotdefinedT5/T10/Tonset/Tmax. PureFR45.15N2/11.98AIRresiduetempunlocatednoownLOIreferenceheld. 40-100Cwaterlossseparate. ConeTable1char24.9/0.09/0.08NOTTG,R500/R600nothorizon800.18dose/washLOIfacts plusAIRcontrol2N2initial2pureFR=23facts1approved22held planned. Unknownprep/reps preserved. Originals/privateevidenceoutsidepublicrepo.",cotton,"Scoured and bleached purecotton fabric,133.27g/m2,ChaotianmenMarketChongqing;weaveunreported","Scoured and bleached purecotton fabric,133.27g/m2,ChaotianmenMarketChongqing;weaveunreported",,90gL after50nativeLcs,held_source_facts,,held_LOI_without_own_dose_or_wash_TG,journal_article,OwnDOI/title/materials and all primary native/textpages reviewed,,,,,,,held_outside_verified_target,,AEGDP-90gL,90,,,,Unreported,,,,,,,,,,,,,,,,,,,,,(Wf-Wi)/Wi*100;untreateddenominator,,,,,,,"NativeRSC2017,5:9970-9981,12PDFpages",,,,20.1,OwnmaterialsPDFp2printed9971;TG/LOI/finishingp3printed9972;thermalp5-6;WG/LOITable3/4p9,,50,,,,,,,,,,,,Facile synthesis of an eco-friendly nitrogen–phosphorus ammonium salt to enhance the durability and flame retardancy of cotton,https://doi.org/10.1039/c7ta01106g,"AATCC61-2006soapingfastnesstester;parametersunreported,noassumedcommercialequivalence",No SI cited in complete primary,"AEGDPaqueous60/90/120gL,dicyandiamidecatalystamountunreported;70C1h,bathratio1:20gpervolume,padabout100percentpickup,190C5mincure,runningwaterrinse,60Cdrytimeunreported;nativeprocedure repeatedonce,scopeofrepeatedstepsunresolved",After50nativeLcs,50nativeAATCC61-2006Lcs,2017
10.1039/c7ta01106g,M606B,OwnTable4PDFp9printed9978,41,,ASTM-D2863-2000,,,,27.94,,,,,,,,,,,,Pyris1PerkinElmer,800,"OwnthermalprosePDFp5printed9974/Fig3p6printed9975,onlyinitial120gL",40,,,,,,air,27.94,600,Purecotton133.27gm2;AEGDP120gL finishing solution,TG+LOI,2026-10-02,Codex complete primary native/text pages; one primary reviewer,20,Journal of Materials Chemistry A,"Full12native/textpages read. JMaterChemA2017,5:9970-9981. Purecottonscouredbleached133.27gm2,weaveunreported. AEGDP60/90/120gLDIwater,dicyandiamidecatalystamountunreported,70C1h1:20gpervolbath,padabout100percentpickup190C5mincure,runningwaterrinse60Cdrytimeunreported nativeprocedure repeatedonce ambiguity whichsteps repeated preserved. OwnWG(Wf-Wi)/Wi,Table3p9control0/doses16.1/20.1/23.7,120after50nativeLC14.8notinitial. MainTGp3Pyris1bothN2/AIR20Kmin40-800C,mass/pan/flowunreported. TGIRseparateSTA409PC8mgN230mLmin20Kmin notmainTGmass/flow. LOIASTMD2863-2000M606B,dimensions/repsunreported. WashAATCC61-2006soapingfastness native10/20/30/40/50LCnotunsupported5xconversion. OwnTable4p9doses60 LOI35.1/32.6/29.0/25.7/23.7/20.9;90 37.8/32.8/30.5/28.1/27.2/25.9;120 41.0/36.2/35.0/32.4/30.0/28.4at0/10/20/30/40/50LC. Ownthermalp5explicit120gLinitialmatch41.0;AIRR60027.94unambiguousexplicitprose. AIRcontrolnoresidue500Czeroexplicit,butLOI18.4p8citedref38andnotownTable4,holdpendingowncontrolprovenance. N2p5control14.92afterdecompunlocated;treated42.62percentmoreresidueambiguousnotabsoluteR,doNOTcalculate57.54;N2p6erroneouslyassignstreated14.92at600conflictscontrolp5,held. Fig3N2panelend600versusmethod800retainedsourceconflict notestimatedR800. Allrapiddecompranges160.6-244.7pureAEGDP/313.8-394.8control/252.9-296.8treatedN2and161-272/602-739pureAEGDP/299.5-364.9control/237.9-289.1treatedAIRrawonlynotdefinedT5/T10/Tonset/Tmax. PureFR45.15N2/11.98AIRresiduetempunlocatednoownLOIreferenceheld. 40-100Cwaterlossseparate. ConeTable1char24.9/0.09/0.08NOTTG,R500/R600nothorizon800.18dose/washLOIfacts plusAIRcontrol2N2initial2pureFR=23facts1approved22held planned. Unknownprep/reps preserved. Originals/privateevidenceoutsidepublicrepo.",cotton,"Scoured and bleached purecotton fabric,133.27g/m2,ChaotianmenMarketChongqing;weaveunreported","Scoured and bleached purecotton fabric,133.27g/m2,ChaotianmenMarketChongqing;weaveunreported","Scoured and bleached purecotton fabric,133.27g/m2,ChaotianmenMarketChongqing;weaveunreported",120gL after0nativeLcs,explicit_text,"Ownthermalp5printed9974identifies120gLinitialcotton133.27gm2andexplicitAIRresidue27.94percentat600C;ownTable4p9initial120gLLOI41.0. Mainmethodp3Pyris1air20K/min40-800C. NoN2residueidentityconflictimported,noTmax/thresholdestimation,washed/dose60/90notmixed. Complete12native/textpagesnoSIcited;unknowncatalyst/dry/repetitiondetails preserved.",verified_exact,journal_article,OwnDOI/title/materials and all primary native/textpages reviewed,,,,,27.94,600,source_review_approved,619b27dac78d85e0d91a483f0218cd15bfca419640dfae4643e586aa84678bf1,AEGDP-120gL,120,,237.9-289.1notdefinedonset/T5/T10/Tmax,,Unreported,,,,,,,,,,,Unreported;8mg30mLminbelongseparateTGIR,,,,,,,,,,(Wf-Wi)/Wi*100;untreateddenominator,,,,,,,"NativeRSC2017,5:9970-9981,12PDFpages",,,,23.7,OwnmaterialsPDFp2printed9971;TG/LOI/finishingp3printed9972;thermalp5-6;WG/LOITable3/4p9,,0,,,,,,,,,,,,Facile synthesis of an eco-friendly nitrogen–phosphorus ammonium salt to enhance the durability and flame retardancy of cotton,https://doi.org/10.1039/c7ta01106g,"AATCC61-2006soapingfastnesstester;parametersunreported,noassumedcommercialequivalence",No SI cited in complete primary,"AEGDPaqueous60/90/120gL,dicyandiamidecatalystamountunreported;70C1h,bathratio1:20gpervolume,padabout100percentpickup,190C5mincure,runningwaterrinse,60Cdrytimeunreported;nativeprocedure repeatedonce,scopeofrepeatedstepsunresolved",Initialdosegroup,0nativeAATCC61-2006Lcs,2017
10.1039/c7ta01106g,M606B,OwnTable4PDFp9printed9978,36.2,,ASTM-D2863-2000,,,,,,,,,,,,,,,,,,"OwnthermalprosePDFp5printed9974/Fig3p6printed9975,onlyinitial120gL",,,,,,,,,,Purecotton133.27gm2;AEGDP120gL finishing solution,Raw source facts only,2026-10-02,Codex complete primary native/text pages; one primary reviewer,,Journal of Materials Chemistry A,"Full12native/textpages read. JMaterChemA2017,5:9970-9981. Purecottonscouredbleached133.27gm2,weaveunreported. AEGDP60/90/120gLDIwater,dicyandiamidecatalystamountunreported,70C1h1:20gpervolbath,padabout100percentpickup190C5mincure,runningwaterrinse60Cdrytimeunreported nativeprocedure repeatedonce ambiguity whichsteps repeated preserved. OwnWG(Wf-Wi)/Wi,Table3p9control0/doses16.1/20.1/23.7,120after50nativeLC14.8notinitial. MainTGp3Pyris1bothN2/AIR20Kmin40-800C,mass/pan/flowunreported. TGIRseparateSTA409PC8mgN230mLmin20Kmin notmainTGmass/flow. LOIASTMD2863-2000M606B,dimensions/repsunreported. WashAATCC61-2006soapingfastness native10/20/30/40/50LCnotunsupported5xconversion. OwnTable4p9doses60 LOI35.1/32.6/29.0/25.7/23.7/20.9;90 37.8/32.8/30.5/28.1/27.2/25.9;120 41.0/36.2/35.0/32.4/30.0/28.4at0/10/20/30/40/50LC. Ownthermalp5explicit120gLinitialmatch41.0;AIRR60027.94unambiguousexplicitprose. AIRcontrolnoresidue500Czeroexplicit,butLOI18.4p8citedref38andnotownTable4,holdpendingowncontrolprovenance. N2p5control14.92afterdecompunlocated;treated42.62percentmoreresidueambiguousnotabsoluteR,doNOTcalculate57.54;N2p6erroneouslyassignstreated14.92at600conflictscontrolp5,held. Fig3N2panelend600versusmethod800retainedsourceconflict notestimatedR800. Allrapiddecompranges160.6-244.7pureAEGDP/313.8-394.8control/252.9-296.8treatedN2and161-272/602-739pureAEGDP/299.5-364.9control/237.9-289.1treatedAIRrawonlynotdefinedT5/T10/Tonset/Tmax. PureFR45.15N2/11.98AIRresiduetempunlocatednoownLOIreferenceheld. 40-100Cwaterlossseparate. ConeTable1char24.9/0.09/0.08NOTTG,R500/R600nothorizon800.18dose/washLOIfacts plusAIRcontrol2N2initial2pureFR=23facts1approved22held planned. Unknownprep/reps preserved. Originals/privateevidenceoutsidepublicrepo.",cotton,"Scoured and bleached purecotton fabric,133.27g/m2,ChaotianmenMarketChongqing;weaveunreported","Scoured and bleached purecotton fabric,133.27g/m2,ChaotianmenMarketChongqing;weaveunreported",,120gL after10nativeLcs,held_source_facts,,held_LOI_without_own_dose_or_wash_TG,journal_article,OwnDOI/title/materials and all primary native/textpages reviewed,,,,,,,held_outside_verified_target,,AEGDP-120gL,120,,,,Unreported,,,,,,,,,,,,,,,,,,,,,(Wf-Wi)/Wi*100;untreateddenominator,,,,,,,"NativeRSC2017,5:9970-9981,12PDFpages",,,,23.7,OwnmaterialsPDFp2printed9971;TG/LOI/finishingp3printed9972;thermalp5-6;WG/LOITable3/4p9,,10,,,,,,,,,,,,Facile synthesis of an eco-friendly nitrogen–phosphorus ammonium salt to enhance the durability and flame retardancy of cotton,https://doi.org/10.1039/c7ta01106g,"AATCC61-2006soapingfastnesstester;parametersunreported,noassumedcommercialequivalence",No SI cited in complete primary,"AEGDPaqueous60/90/120gL,dicyandiamidecatalystamountunreported;70C1h,bathratio1:20gpervolume,padabout100percentpickup,190C5mincure,runningwaterrinse,60Cdrytimeunreported;nativeprocedure repeatedonce,scopeofrepeatedstepsunresolved",After10nativeLcs,10nativeAATCC61-2006Lcs,2017
10.1039/c7ta01106g,M606B,OwnTable4PDFp9printed9978,35,,ASTM-D2863-2000,,,,,,,,,,,,,,,,,,"OwnthermalprosePDFp5printed9974/Fig3p6printed9975,onlyinitial120gL",,,,,,,,,,Purecotton133.27gm2;AEGDP120gL finishing solution,Raw source facts only,2026-10-02,Codex complete primary native/text pages; one primary reviewer,,Journal of Materials Chemistry A,"Full12native/textpages read. JMaterChemA2017,5:9970-9981. Purecottonscouredbleached133.27gm2,weaveunreported. AEGDP60/90/120gLDIwater,dicyandiamidecatalystamountunreported,70C1h1:20gpervolbath,padabout100percentpickup190C5mincure,runningwaterrinse60Cdrytimeunreported nativeprocedure repeatedonce ambiguity whichsteps repeated preserved. OwnWG(Wf-Wi)/Wi,Table3p9control0/doses16.1/20.1/23.7,120after50nativeLC14.8notinitial. MainTGp3Pyris1bothN2/AIR20Kmin40-800C,mass/pan/flowunreported. TGIRseparateSTA409PC8mgN230mLmin20Kmin notmainTGmass/flow. LOIASTMD2863-2000M606B,dimensions/repsunreported. WashAATCC61-2006soapingfastness native10/20/30/40/50LCnotunsupported5xconversion. OwnTable4p9doses60 LOI35.1/32.6/29.0/25.7/23.7/20.9;90 37.8/32.8/30.5/28.1/27.2/25.9;120 41.0/36.2/35.0/32.4/30.0/28.4at0/10/20/30/40/50LC. Ownthermalp5explicit120gLinitialmatch41.0;AIRR60027.94unambiguousexplicitprose. AIRcontrolnoresidue500Czeroexplicit,butLOI18.4p8citedref38andnotownTable4,holdpendingowncontrolprovenance. N2p5control14.92afterdecompunlocated;treated42.62percentmoreresidueambiguousnotabsoluteR,doNOTcalculate57.54;N2p6erroneouslyassignstreated14.92at600conflictscontrolp5,held. Fig3N2panelend600versusmethod800retainedsourceconflict notestimatedR800. Allrapiddecompranges160.6-244.7pureAEGDP/313.8-394.8control/252.9-296.8treatedN2and161-272/602-739pureAEGDP/299.5-364.9control/237.9-289.1treatedAIRrawonlynotdefinedT5/T10/Tonset/Tmax. PureFR45.15N2/11.98AIRresiduetempunlocatednoownLOIreferenceheld. 40-100Cwaterlossseparate. ConeTable1char24.9/0.09/0.08NOTTG,R500/R600nothorizon800.18dose/washLOIfacts plusAIRcontrol2N2initial2pureFR=23facts1approved22held planned. Unknownprep/reps preserved. Originals/privateevidenceoutsidepublicrepo.",cotton,"Scoured and bleached purecotton fabric,133.27g/m2,ChaotianmenMarketChongqing;weaveunreported","Scoured and bleached purecotton fabric,133.27g/m2,ChaotianmenMarketChongqing;weaveunreported",,120gL after20nativeLcs,held_source_facts,,held_LOI_without_own_dose_or_wash_TG,journal_article,OwnDOI/title/materials and all primary native/textpages reviewed,,,,,,,held_outside_verified_target,,AEGDP-120gL,120,,,,Unreported,,,,,,,,,,,,,,,,,,,,,(Wf-Wi)/Wi*100;untreateddenominator,,,,,,,"NativeRSC2017,5:9970-9981,12PDFpages",,,,23.7,OwnmaterialsPDFp2printed9971;TG/LOI/finishingp3printed9972;thermalp5-6;WG/LOITable3/4p9,,20,,,,,,,,,,,,Facile synthesis of an eco-friendly nitrogen–phosphorus ammonium salt to enhance the durability and flame retardancy of cotton,https://doi.org/10.1039/c7ta01106g,"AATCC61-2006soapingfastnesstester;parametersunreported,noassumedcommercialequivalence",No SI cited in complete primary,"AEGDPaqueous60/90/120gL,dicyandiamidecatalystamountunreported;70C1h,bathratio1:20gpervolume,padabout100percentpickup,190C5mincure,runningwaterrinse,60Cdrytimeunreported;nativeprocedure repeatedonce,scopeofrepeatedstepsunresolved",After20nativeLcs,20nativeAATCC61-2006Lcs,2017
10.1039/c7ta01106g,M606B,OwnTable4PDFp9printed9978,32.4,,ASTM-D2863-2000,,,,,,,,,,,,,,,,,,"OwnthermalprosePDFp5printed9974/Fig3p6printed9975,onlyinitial120gL",,,,,,,,,,Purecotton133.27gm2;AEGDP120gL finishing solution,Raw source facts only,2026-10-02,Codex complete primary native/text pages; one primary reviewer,,Journal of Materials Chemistry A,"Full12native/textpages read. JMaterChemA2017,5:9970-9981. Purecottonscouredbleached133.27gm2,weaveunreported. AEGDP60/90/120gLDIwater,dicyandiamidecatalystamountunreported,70C1h1:20gpervolbath,padabout100percentpickup190C5mincure,runningwaterrinse60Cdrytimeunreported nativeprocedure repeatedonce ambiguity whichsteps repeated preserved. OwnWG(Wf-Wi)/Wi,Table3p9control0/doses16.1/20.1/23.7,120after50nativeLC14.8notinitial. MainTGp3Pyris1bothN2/AIR20Kmin40-800C,mass/pan/flowunreported. TGIRseparateSTA409PC8mgN230mLmin20Kmin notmainTGmass/flow. LOIASTMD2863-2000M606B,dimensions/repsunreported. WashAATCC61-2006soapingfastness native10/20/30/40/50LCnotunsupported5xconversion. OwnTable4p9doses60 LOI35.1/32.6/29.0/25.7/23.7/20.9;90 37.8/32.8/30.5/28.1/27.2/25.9;120 41.0/36.2/35.0/32.4/30.0/28.4at0/10/20/30/40/50LC. Ownthermalp5explicit120gLinitialmatch41.0;AIRR60027.94unambiguousexplicitprose. AIRcontrolnoresidue500Czeroexplicit,butLOI18.4p8citedref38andnotownTable4,holdpendingowncontrolprovenance. N2p5control14.92afterdecompunlocated;treated42.62percentmoreresidueambiguousnotabsoluteR,doNOTcalculate57.54;N2p6erroneouslyassignstreated14.92at600conflictscontrolp5,held. Fig3N2panelend600versusmethod800retainedsourceconflict notestimatedR800. Allrapiddecompranges160.6-244.7pureAEGDP/313.8-394.8control/252.9-296.8treatedN2and161-272/602-739pureAEGDP/299.5-364.9control/237.9-289.1treatedAIRrawonlynotdefinedT5/T10/Tonset/Tmax. PureFR45.15N2/11.98AIRresiduetempunlocatednoownLOIreferenceheld. 40-100Cwaterlossseparate. ConeTable1char24.9/0.09/0.08NOTTG,R500/R600nothorizon800.18dose/washLOIfacts plusAIRcontrol2N2initial2pureFR=23facts1approved22held planned. Unknownprep/reps preserved. Originals/privateevidenceoutsidepublicrepo.",cotton,"Scoured and bleached purecotton fabric,133.27g/m2,ChaotianmenMarketChongqing;weaveunreported","Scoured and bleached purecotton fabric,133.27g/m2,ChaotianmenMarketChongqing;weaveunreported",,120gL after30nativeLcs,held_source_facts,,held_LOI_without_own_dose_or_wash_TG,journal_article,OwnDOI/title/materials and all primary native/textpages reviewed,,,,,,,held_outside_verified_target,,AEGDP-120gL,120,,,,Unreported,,,,,,,,,,,,,,,,,,,,,(Wf-Wi)/Wi*100;untreateddenominator,,,,,,,"NativeRSC2017,5:9970-9981,12PDFpages",,,,23.7,OwnmaterialsPDFp2printed9971;TG/LOI/finishingp3printed9972;thermalp5-6;WG/LOITable3/4p9,,30,,,,,,,,,,,,Facile synthesis of an eco-friendly nitrogen–phosphorus ammonium salt to enhance the durability and flame retardancy of cotton,https://doi.org/10.1039/c7ta01106g,"AATCC61-2006soapingfastnesstester;parametersunreported,noassumedcommercialequivalence",No SI cited in complete primary,"AEGDPaqueous60/90/120gL,dicyandiamidecatalystamountunreported;70C1h,bathratio1:20gpervolume,padabout100percentpickup,190C5mincure,runningwaterrinse,60Cdrytimeunreported;nativeprocedure repeatedonce,scopeofrepeatedstepsunresolved",After30nativeLcs,30nativeAATCC61-2006Lcs,2017
10.1039/c7ta01106g,M606B,OwnTable4PDFp9printed9978,30,,ASTM-D2863-2000,,,,,,,,,,,,,,,,,,"OwnthermalprosePDFp5printed9974/Fig3p6printed9975,onlyinitial120gL",,,,,,,,,,Purecotton133.27gm2;AEGDP120gL finishing solution,Raw source facts only,2026-10-02,Codex complete primary native/text pages; one primary reviewer,,Journal of Materials Chemistry A,"Full12native/textpages read. JMaterChemA2017,5:9970-9981. Purecottonscouredbleached133.27gm2,weaveunreported. AEGDP60/90/120gLDIwater,dicyandiamidecatalystamountunreported,70C1h1:20gpervolbath,padabout100percentpickup190C5mincure,runningwaterrinse60Cdrytimeunreported nativeprocedure repeatedonce ambiguity whichsteps repeated preserved. OwnWG(Wf-Wi)/Wi,Table3p9control0/doses16.1/20.1/23.7,120after50nativeLC14.8notinitial. MainTGp3Pyris1bothN2/AIR20Kmin40-800C,mass/pan/flowunreported. TGIRseparateSTA409PC8mgN230mLmin20Kmin notmainTGmass/flow. LOIASTMD2863-2000M606B,dimensions/repsunreported. WashAATCC61-2006soapingfastness native10/20/30/40/50LCnotunsupported5xconversion. OwnTable4p9doses60 LOI35.1/32.6/29.0/25.7/23.7/20.9;90 37.8/32.8/30.5/28.1/27.2/25.9;120 41.0/36.2/35.0/32.4/30.0/28.4at0/10/20/30/40/50LC. Ownthermalp5explicit120gLinitialmatch41.0;AIRR60027.94unambiguousexplicitprose. AIRcontrolnoresidue500Czeroexplicit,butLOI18.4p8citedref38andnotownTable4,holdpendingowncontrolprovenance. N2p5control14.92afterdecompunlocated;treated42.62percentmoreresidueambiguousnotabsoluteR,doNOTcalculate57.54;N2p6erroneouslyassignstreated14.92at600conflictscontrolp5,held. Fig3N2panelend600versusmethod800retainedsourceconflict notestimatedR800. Allrapiddecompranges160.6-244.7pureAEGDP/313.8-394.8control/252.9-296.8treatedN2and161-272/602-739pureAEGDP/299.5-364.9control/237.9-289.1treatedAIRrawonlynotdefinedT5/T10/Tonset/Tmax. PureFR45.15N2/11.98AIRresiduetempunlocatednoownLOIreferenceheld. 40-100Cwaterlossseparate. ConeTable1char24.9/0.09/0.08NOTTG,R500/R600nothorizon800.18dose/washLOIfacts plusAIRcontrol2N2initial2pureFR=23facts1approved22held planned. Unknownprep/reps preserved. Originals/privateevidenceoutsidepublicrepo.",cotton,"Scoured and bleached purecotton fabric,133.27g/m2,ChaotianmenMarketChongqing;weaveunreported","Scoured and bleached purecotton fabric,133.27g/m2,ChaotianmenMarketChongqing;weaveunreported",,120gL after40nativeLcs,held_source_facts,,held_LOI_without_own_dose_or_wash_TG,journal_article,OwnDOI/title/materials and all primary native/textpages reviewed,,,,,,,held_outside_verified_target,,AEGDP-120gL,120,,,,Unreported,,,,,,,,,,,,,,,,,,,,,(Wf-Wi)/Wi*100;untreateddenominator,,,,,,,"NativeRSC2017,5:9970-9981,12PDFpages",,,,23.7,OwnmaterialsPDFp2printed9971;TG/LOI/finishingp3printed9972;thermalp5-6;WG/LOITable3/4p9,,40,,,,,,,,,,,,Facile synthesis of an eco-friendly nitrogen–phosphorus ammonium salt to enhance the durability and flame retardancy of cotton,https://doi.org/10.1039/c7ta01106g,"AATCC61-2006soapingfastnesstester;parametersunreported,noassumedcommercialequivalence",No SI cited in complete primary,"AEGDPaqueous60/90/120gL,dicyandiamidecatalystamountunreported;70C1h,bathratio1:20gpervolume,padabout100percentpickup,190C5mincure,runningwaterrinse,60Cdrytimeunreported;nativeprocedure repeatedonce,scopeofrepeatedstepsunresolved",After40nativeLcs,40nativeAATCC61-2006Lcs,2017
10.1039/c7ta01106g,M606B,OwnTable4PDFp9printed9978,28.4,,ASTM-D2863-2000,,,,,,,,,,,,,,,,,,"OwnthermalprosePDFp5printed9974/Fig3p6printed9975,onlyinitial120gL",,,,,,,,,,Purecotton133.27gm2;AEGDP120gL finishing solution,Raw source facts only,2026-10-02,Codex complete primary native/text pages; one primary reviewer,,Journal of Materials Chemistry A,"Full12native/textpages read. JMaterChemA2017,5:9970-9981. Purecottonscouredbleached133.27gm2,weaveunreported. AEGDP60/90/120gLDIwater,dicyandiamidecatalystamountunreported,70C1h1:20gpervolbath,padabout100percentpickup190C5mincure,runningwaterrinse60Cdrytimeunreported nativeprocedure repeatedonce ambiguity whichsteps repeated preserved. OwnWG(Wf-Wi)/Wi,Table3p9control0/doses16.1/20.1/23.7,120after50nativeLC14.8notinitial. MainTGp3Pyris1bothN2/AIR20Kmin40-800C,mass/pan/flowunreported. TGIRseparateSTA409PC8mgN230mLmin20Kmin notmainTGmass/flow. LOIASTMD2863-2000M606B,dimensions/repsunreported. WashAATCC61-2006soapingfastness native10/20/30/40/50LCnotunsupported5xconversion. OwnTable4p9doses60 LOI35.1/32.6/29.0/25.7/23.7/20.9;90 37.8/32.8/30.5/28.1/27.2/25.9;120 41.0/36.2/35.0/32.4/30.0/28.4at0/10/20/30/40/50LC. Ownthermalp5explicit120gLinitialmatch41.0;AIRR60027.94unambiguousexplicitprose. AIRcontrolnoresidue500Czeroexplicit,butLOI18.4p8citedref38andnotownTable4,holdpendingowncontrolprovenance. N2p5control14.92afterdecompunlocated;treated42.62percentmoreresidueambiguousnotabsoluteR,doNOTcalculate57.54;N2p6erroneouslyassignstreated14.92at600conflictscontrolp5,held. Fig3N2panelend600versusmethod800retainedsourceconflict notestimatedR800. Allrapiddecompranges160.6-244.7pureAEGDP/313.8-394.8control/252.9-296.8treatedN2and161-272/602-739pureAEGDP/299.5-364.9control/237.9-289.1treatedAIRrawonlynotdefinedT5/T10/Tonset/Tmax. PureFR45.15N2/11.98AIRresiduetempunlocatednoownLOIreferenceheld. 40-100Cwaterlossseparate. ConeTable1char24.9/0.09/0.08NOTTG,R500/R600nothorizon800.18dose/washLOIfacts plusAIRcontrol2N2initial2pureFR=23facts1approved22held planned. Unknownprep/reps preserved. Originals/privateevidenceoutsidepublicrepo.",cotton,"Scoured and bleached purecotton fabric,133.27g/m2,ChaotianmenMarketChongqing;weaveunreported","Scoured and bleached purecotton fabric,133.27g/m2,ChaotianmenMarketChongqing;weaveunreported",,120gL after50nativeLcs,held_source_facts,,held_LOI_without_own_dose_or_wash_TG,journal_article,OwnDOI/title/materials and all primary native/textpages reviewed,,,,,,,held_outside_verified_target,,AEGDP-120gL,120,,,,Unreported,,,,,,,,,,,,,,,,,,14.8,,,(Wf-Wi)/Wi*100;untreateddenominator,,,,,,,"NativeRSC2017,5:9970-9981,12PDFpages",,,,23.7,OwnmaterialsPDFp2printed9971;TG/LOI/finishingp3printed9972;thermalp5-6;WG/LOITable3/4p9,,50,,,,,,,,,,,,Facile synthesis of an eco-friendly nitrogen–phosphorus ammonium salt to enhance the durability and flame retardancy of cotton,https://doi.org/10.1039/c7ta01106g,"AATCC61-2006soapingfastnesstester;parametersunreported,noassumedcommercialequivalence",No SI cited in complete primary,"AEGDPaqueous60/90/120gL,dicyandiamidecatalystamountunreported;70C1h,bathratio1:20gpervolume,padabout100percentpickup,190C5mincure,runningwaterrinse,60Cdrytimeunreported;nativeprocedure repeatedonce,scopeofrepeatedstepsunresolved",After50nativeLcs,50nativeAATCC61-2006Lcs,2017
10.1039/c7ta01106g,,"ProsePDFp8printed9977,citedref38notownTable4controlrow",,,,,,,,,,,,,,,,,,,,,OwnthermalPDFp5-6explicitnoresidue500C,,,,,,,,,,Purecotton133.27gm2scouredbleached,Raw source facts only,2026-10-02,Codex complete primary native/text pages; one primary reviewer,,Journal of Materials Chemistry A,"Full12native/textpages read. JMaterChemA2017,5:9970-9981. Purecottonscouredbleached133.27gm2,weaveunreported. AEGDP60/90/120gLDIwater,dicyandiamidecatalystamountunreported,70C1h1:20gpervolbath,padabout100percentpickup190C5mincure,runningwaterrinse60Cdrytimeunreported nativeprocedure repeatedonce ambiguity whichsteps repeated preserved. OwnWG(Wf-Wi)/Wi,Table3p9control0/doses16.1/20.1/23.7,120after50nativeLC14.8notinitial. MainTGp3Pyris1bothN2/AIR20Kmin40-800C,mass/pan/flowunreported. TGIRseparateSTA409PC8mgN230mLmin20Kmin notmainTGmass/flow. LOIASTMD2863-2000M606B,dimensions/repsunreported. WashAATCC61-2006soapingfastness native10/20/30/40/50LCnotunsupported5xconversion. OwnTable4p9doses60 LOI35.1/32.6/29.0/25.7/23.7/20.9;90 37.8/32.8/30.5/28.1/27.2/25.9;120 41.0/36.2/35.0/32.4/30.0/28.4at0/10/20/30/40/50LC. Ownthermalp5explicit120gLinitialmatch41.0;AIRR60027.94unambiguousexplicitprose. AIRcontrolnoresidue500Czeroexplicit,butLOI18.4p8citedref38andnotownTable4,holdpendingowncontrolprovenance. N2p5control14.92afterdecompunlocated;treated42.62percentmoreresidueambiguousnotabsoluteR,doNOTcalculate57.54;N2p6erroneouslyassignstreated14.92at600conflictscontrolp5,held. Fig3N2panelend600versusmethod800retainedsourceconflict notestimatedR800. Allrapiddecompranges160.6-244.7pureAEGDP/313.8-394.8control/252.9-296.8treatedN2and161-272/602-739pureAEGDP/299.5-364.9control/237.9-289.1treatedAIRrawonlynotdefinedT5/T10/Tonset/Tmax. PureFR45.15N2/11.98AIRresiduetempunlocatednoownLOIreferenceheld. 40-100Cwaterlossseparate. ConeTable1char24.9/0.09/0.08NOTTG,R500/R600nothorizon800.18dose/washLOIfacts plusAIRcontrol2N2initial2pureFR=23facts1approved22held planned. Unknownprep/reps preserved. Originals/privateevidenceoutsidepublicrepo.",cotton,"Scoured and bleached purecotton fabric,133.27g/m2,ChaotianmenMarketChongqing;weaveunreported","Scoured and bleached purecotton fabric,133.27g/m2,ChaotianmenMarketChongqing;weaveunreported",,Controlcotton,held_source_facts,,held_control_LOI_provenance_unresolved,journal_article,OwnDOI/title/materials and all primary native/textpages reviewed,,,,,,,held_outside_verified_target,,Controlcotton,,,,,,,,,,,,,,,,,,,,,,,,,,,,,,18.4,,"Ownp8prose18.4citesreference38;noowncontrolLOIrowinTable4,ownmeasurementprovenanceunresolved","NativeRSC2017,5:9970-9981,12PDFpages",,,,,Thermalp5-6/controlLOIprosep8/ref38p12,,,,,,,,,0,air,20,,,Facile synthesis of an eco-friendly nitrogen–phosphorus ammonium salt to enhance the durability and flame retardancy of cotton,https://doi.org/10.1039/c7ta01106g,,No SI cited in complete primary,,Initialcontrol,Initial0durabilitycycles,2017
10.1039/c7ta01106g,,Controlprosep8citesref38;ownidentityunresolved,,,,,,,,,,,,,,,,,,,,,OwnN2thermalprosePDFp5-6;residueconflict/unfixedtemperature,,,,,,,,,,Purecotton133.27gm2control,Raw source facts only,2026-10-02,Codex complete primary native/text pages; one primary reviewer,,Journal of Materials Chemistry A,"Full12native/textpages read. JMaterChemA2017,5:9970-9981. Purecottonscouredbleached133.27gm2,weaveunreported. AEGDP60/90/120gLDIwater,dicyandiamidecatalystamountunreported,70C1h1:20gpervolbath,padabout100percentpickup190C5mincure,runningwaterrinse60Cdrytimeunreported nativeprocedure repeatedonce ambiguity whichsteps repeated preserved. OwnWG(Wf-Wi)/Wi,Table3p9control0/doses16.1/20.1/23.7,120after50nativeLC14.8notinitial. MainTGp3Pyris1bothN2/AIR20Kmin40-800C,mass/pan/flowunreported. TGIRseparateSTA409PC8mgN230mLmin20Kmin notmainTGmass/flow. LOIASTMD2863-2000M606B,dimensions/repsunreported. WashAATCC61-2006soapingfastness native10/20/30/40/50LCnotunsupported5xconversion. OwnTable4p9doses60 LOI35.1/32.6/29.0/25.7/23.7/20.9;90 37.8/32.8/30.5/28.1/27.2/25.9;120 41.0/36.2/35.0/32.4/30.0/28.4at0/10/20/30/40/50LC. Ownthermalp5explicit120gLinitialmatch41.0;AIRR60027.94unambiguousexplicitprose. AIRcontrolnoresidue500Czeroexplicit,butLOI18.4p8citedref38andnotownTable4,holdpendingowncontrolprovenance. N2p5control14.92afterdecompunlocated;treated42.62percentmoreresidueambiguousnotabsoluteR,doNOTcalculate57.54;N2p6erroneouslyassignstreated14.92at600conflictscontrolp5,held. Fig3N2panelend600versusmethod800retainedsourceconflict notestimatedR800. Allrapiddecompranges160.6-244.7pureAEGDP/313.8-394.8control/252.9-296.8treatedN2and161-272/602-739pureAEGDP/299.5-364.9control/237.9-289.1treatedAIRrawonlynotdefinedT5/T10/Tonset/Tmax. PureFR45.15N2/11.98AIRresiduetempunlocatednoownLOIreferenceheld. 40-100Cwaterlossseparate. ConeTable1char24.9/0.09/0.08NOTTG,R500/R600nothorizon800.18dose/washLOIfacts plusAIRcontrol2N2initial2pureFR=23facts1approved22held planned. Unknownprep/reps preserved. Originals/privateevidenceoutsidepublicrepo.",cotton,"Scoured and bleached purecotton fabric,133.27g/m2,ChaotianmenMarketChongqing;weaveunreported","Scoured and bleached purecotton fabric,133.27g/m2,ChaotianmenMarketChongqing;weaveunreported",,Controlcotton,held_source_facts,,held_N2_residue_conflict_or_temperature_unlocated,journal_article,OwnDOI/title/materials and all primary native/textpages reviewed,,,,,,,held_outside_verified_target,,Controlcotton,,,,,,,,,600,,313.8-394.8,"14.92percentafterdecomposition,correspondingtemperatureunlocated;prosep6assignsto treated14.92at600",,,,,,,,,,,,,,,,,,18.4,,,"NativeRSC2017,5:9970-9981,12PDFpages",,,,,OwnTGmethodp3/N2thermalp5-6/LOITable4p9,800,,,,,,,,,N2,20,,,Facile synthesis of an eco-friendly nitrogen–phosphorus ammonium salt to enhance the durability and flame retardancy of cotton,https://doi.org/10.1039/c7ta01106g,,No SI cited in complete primary,Scouredbleachedcontrol,Initial own nativeTGgroup,Initial0durabilitycycles,2017
10.1039/c7ta01106g,,OwnTable4PDFp9initial120gL,41,,,,,,,,,,,,,,,,,,,,OwnN2thermalprosePDFp5-6;residueconflict/unfixedtemperature,,,,,,,,,,Purecotton133.27gm2;AEGDP120gL,Raw source facts only,2026-10-02,Codex complete primary native/text pages; one primary reviewer,,Journal of Materials Chemistry A,"Full12native/textpages read. JMaterChemA2017,5:9970-9981. Purecottonscouredbleached133.27gm2,weaveunreported. AEGDP60/90/120gLDIwater,dicyandiamidecatalystamountunreported,70C1h1:20gpervolbath,padabout100percentpickup190C5mincure,runningwaterrinse60Cdrytimeunreported nativeprocedure repeatedonce ambiguity whichsteps repeated preserved. OwnWG(Wf-Wi)/Wi,Table3p9control0/doses16.1/20.1/23.7,120after50nativeLC14.8notinitial. MainTGp3Pyris1bothN2/AIR20Kmin40-800C,mass/pan/flowunreported. TGIRseparateSTA409PC8mgN230mLmin20Kmin notmainTGmass/flow. LOIASTMD2863-2000M606B,dimensions/repsunreported. WashAATCC61-2006soapingfastness native10/20/30/40/50LCnotunsupported5xconversion. OwnTable4p9doses60 LOI35.1/32.6/29.0/25.7/23.7/20.9;90 37.8/32.8/30.5/28.1/27.2/25.9;120 41.0/36.2/35.0/32.4/30.0/28.4at0/10/20/30/40/50LC. Ownthermalp5explicit120gLinitialmatch41.0;AIRR60027.94unambiguousexplicitprose. AIRcontrolnoresidue500Czeroexplicit,butLOI18.4p8citedref38andnotownTable4,holdpendingowncontrolprovenance. N2p5control14.92afterdecompunlocated;treated42.62percentmoreresidueambiguousnotabsoluteR,doNOTcalculate57.54;N2p6erroneouslyassignstreated14.92at600conflictscontrolp5,held. Fig3N2panelend600versusmethod800retainedsourceconflict notestimatedR800. Allrapiddecompranges160.6-244.7pureAEGDP/313.8-394.8control/252.9-296.8treatedN2and161-272/602-739pureAEGDP/299.5-364.9control/237.9-289.1treatedAIRrawonlynotdefinedT5/T10/Tonset/Tmax. PureFR45.15N2/11.98AIRresiduetempunlocatednoownLOIreferenceheld. 40-100Cwaterlossseparate. ConeTable1char24.9/0.09/0.08NOTTG,R500/R600nothorizon800.18dose/washLOIfacts plusAIRcontrol2N2initial2pureFR=23facts1approved22held planned. Unknownprep/reps preserved. Originals/privateevidenceoutsidepublicrepo.",cotton,"Scoured and bleached purecotton fabric,133.27g/m2,ChaotianmenMarketChongqing;weaveunreported","Scoured and bleached purecotton fabric,133.27g/m2,ChaotianmenMarketChongqing;weaveunreported",,AEGDP-120gL,held_source_facts,,held_N2_residue_conflict_or_temperature_unlocated,journal_article,OwnDOI/title/materials and all primary native/textpages reviewed,,,,,,,held_outside_verified_target,,AEGDP-120gL,,,,,,,,,600,,252.9-296.8,"42.62percentmoreresiduethancontrol;notabsoluteR,notderived57.54;prosep6treated14.92at600conflictscontrol14.92p5",,,,,,,,,,,,,,,,,,,,,"NativeRSC2017,5:9970-9981,12PDFpages",,,,,OwnTGmethodp3/N2thermalp5-6/LOITable4p9,800,,,,,,,,,N2,20,,,Facile synthesis of an eco-friendly nitrogen–phosphorus ammonium salt to enhance the durability and flame retardancy of cotton,https://doi.org/10.1039/c7ta01106g,,No SI cited in complete primary,"AEGDPaqueous60/90/120gL,dicyandiamidecatalystamountunreported;70C1h,bathratio1:20gpervolume,padabout100percentpickup,190C5mincure,runningwaterrinse,60Cdrytimeunreported;nativeprocedure repeatedonce,scopeofrepeatedstepsunresolved",Initial own nativeTGgroup,Initial0durabilitycycles,2017
10.1039/c7ta01106g,,NoownpureAEGDPLOI,,,,,,,,,,,,,,,,,,,,,OwnthermalPDFp5-6,,,,,,,,,,"PureAEGDPammoniumsaltethylene glycoldiphosphoricacid,noownLOI",Raw source facts only,2026-10-02,Codex complete primary native/text pages; one primary reviewer,,Journal of Materials Chemistry A,"Full12native/textpages read. JMaterChemA2017,5:9970-9981. Purecottonscouredbleached133.27gm2,weaveunreported. AEGDP60/90/120gLDIwater,dicyandiamidecatalystamountunreported,70C1h1:20gpervolbath,padabout100percentpickup190C5mincure,runningwaterrinse60Cdrytimeunreported nativeprocedure repeatedonce ambiguity whichsteps repeated preserved. OwnWG(Wf-Wi)/Wi,Table3p9control0/doses16.1/20.1/23.7,120after50nativeLC14.8notinitial. MainTGp3Pyris1bothN2/AIR20Kmin40-800C,mass/pan/flowunreported. TGIRseparateSTA409PC8mgN230mLmin20Kmin notmainTGmass/flow. LOIASTMD2863-2000M606B,dimensions/repsunreported. WashAATCC61-2006soapingfastness native10/20/30/40/50LCnotunsupported5xconversion. OwnTable4p9doses60 LOI35.1/32.6/29.0/25.7/23.7/20.9;90 37.8/32.8/30.5/28.1/27.2/25.9;120 41.0/36.2/35.0/32.4/30.0/28.4at0/10/20/30/40/50LC. Ownthermalp5explicit120gLinitialmatch41.0;AIRR60027.94unambiguousexplicitprose. AIRcontrolnoresidue500Czeroexplicit,butLOI18.4p8citedref38andnotownTable4,holdpendingowncontrolprovenance. N2p5control14.92afterdecompunlocated;treated42.62percentmoreresidueambiguousnotabsoluteR,doNOTcalculate57.54;N2p6erroneouslyassignstreated14.92at600conflictscontrolp5,held. Fig3N2panelend600versusmethod800retainedsourceconflict notestimatedR800. Allrapiddecompranges160.6-244.7pureAEGDP/313.8-394.8control/252.9-296.8treatedN2and161-272/602-739pureAEGDP/299.5-364.9control/237.9-289.1treatedAIRrawonlynotdefinedT5/T10/Tonset/Tmax. PureFR45.15N2/11.98AIRresiduetempunlocatednoownLOIreferenceheld. 40-100Cwaterlossseparate. ConeTable1char24.9/0.09/0.08NOTTG,R500/R600nothorizon800.18dose/washLOIfacts plusAIRcontrol2N2initial2pureFR=23facts1approved22held planned. Unknownprep/reps preserved. Originals/privateevidenceoutsidepublicrepo.",pureflameretardantreference,PureAEGDPcompound;notcottonfabric,,,AEGDP,held_source_facts,,held_pure_FR_reference_without_own_LOI,journal_article,OwnDOI/title/materials and all primary native/textpages reviewed,,,,,,,held_outside_verified_target,,PureAEGDP,,,,,,,,,,,,,,,,,,,,,,,,,,,,,,,,,"NativeRSC2017,5:9970-9981,12PDFpages",,,,,Ownsynthesisp2/thermalp5-6,,,,,,,,160.6-244.7,,N2,20,45.15,Unlocated,Facile synthesis of an eco-friendly nitrogen–phosphorus ammonium salt to enhance the durability and flame retardancy of cotton,https://doi.org/10.1039/c7ta01106g,,No SI cited in complete primary,,,,2017
10.1039/c7ta01106g,,NoownpureAEGDPLOI,,,,,,,,,,,,,,,,,,,,,OwnthermalPDFp5-6,,,,,,,,,,"PureAEGDPammoniumsaltethylene glycoldiphosphoricacid,noownLOI",Raw source facts only,2026-10-02,Codex complete primary native/text pages; one primary reviewer,,Journal of Materials Chemistry A,"Full12native/textpages read. JMaterChemA2017,5:9970-9981. Purecottonscouredbleached133.27gm2,weaveunreported. AEGDP60/90/120gLDIwater,dicyandiamidecatalystamountunreported,70C1h1:20gpervolbath,padabout100percentpickup190C5mincure,runningwaterrinse60Cdrytimeunreported nativeprocedure repeatedonce ambiguity whichsteps repeated preserved. OwnWG(Wf-Wi)/Wi,Table3p9control0/doses16.1/20.1/23.7,120after50nativeLC14.8notinitial. MainTGp3Pyris1bothN2/AIR20Kmin40-800C,mass/pan/flowunreported. TGIRseparateSTA409PC8mgN230mLmin20Kmin notmainTGmass/flow. LOIASTMD2863-2000M606B,dimensions/repsunreported. WashAATCC61-2006soapingfastness native10/20/30/40/50LCnotunsupported5xconversion. OwnTable4p9doses60 LOI35.1/32.6/29.0/25.7/23.7/20.9;90 37.8/32.8/30.5/28.1/27.2/25.9;120 41.0/36.2/35.0/32.4/30.0/28.4at0/10/20/30/40/50LC. Ownthermalp5explicit120gLinitialmatch41.0;AIRR60027.94unambiguousexplicitprose. AIRcontrolnoresidue500Czeroexplicit,butLOI18.4p8citedref38andnotownTable4,holdpendingowncontrolprovenance. N2p5control14.92afterdecompunlocated;treated42.62percentmoreresidueambiguousnotabsoluteR,doNOTcalculate57.54;N2p6erroneouslyassignstreated14.92at600conflictscontrolp5,held. Fig3N2panelend600versusmethod800retainedsourceconflict notestimatedR800. Allrapiddecompranges160.6-244.7pureAEGDP/313.8-394.8control/252.9-296.8treatedN2and161-272/602-739pureAEGDP/299.5-364.9control/237.9-289.1treatedAIRrawonlynotdefinedT5/T10/Tonset/Tmax. PureFR45.15N2/11.98AIRresiduetempunlocatednoownLOIreferenceheld. 40-100Cwaterlossseparate. ConeTable1char24.9/0.09/0.08NOTTG,R500/R600nothorizon800.18dose/washLOIfacts plusAIRcontrol2N2initial2pureFR=23facts1approved22held planned. Unknownprep/reps preserved. Originals/privateevidenceoutsidepublicrepo.",pureflameretardantreference,PureAEGDPcompound;notcottonfabric,,,AEGDP,held_source_facts,,held_pure_FR_reference_without_own_LOI,journal_article,OwnDOI/title/materials and all primary native/textpages reviewed,,,,,,,held_outside_verified_target,,PureAEGDP,,,,,,,,,,,,,,,,,,,,,,,,,,,,,,,,,"NativeRSC2017,5:9970-9981,12PDFpages",,,,,Ownsynthesisp2/thermalp5-6,,,,,,,,161-272and602-739,,air,20,11.98,Unlocated,Facile synthesis of an eco-friendly nitrogen–phosphorus ammonium salt to enhance the durability and flame retardancy of cotton,https://doi.org/10.1039/c7ta01106g,,No SI cited in complete primary,,,,2017
10.1002/app.43555,JF3,OwnTableIPDFp6andprosep7,16.9,140x52,GB/T5454-1997,,,,,,,,8,,,,,,,,STA409PCNETZSCH,800,"Ownthermalprose/Fig3PDFp5,gauze0/4;mainTGp3",,,,,,324.7,N2,8,800,Medicalabsorbentcottongauze;0wtpercentMCPaqueousfinishingbath,TG+LOI,2026-10-02,Codex complete primary native/text pages; one primary reviewer,10,Journal of Applied Polymer Science,"All9native/textpages read. Own medicalabsorbentcottongauzefromdrugstore,arealmass/weaveunreported;native21s/110texwarp100texweftper10cm2retainoddunitwordingnotconvert. InitialDIwithdetergentpretreatmenttemp/time/doseunreported,distilledrinseairdryroomtemp. MCPetherizedHMMM/HCCP exactmethodp2-3: HMMM12g/K2CO38.28g.06molTBAB1mg50mLTHF,HCCP3.47g.01mol50mLTHFadded2h,N2RT12hthenreflux24h,methanol6mLthenreflux24h;vacuum40C72hproductdry,notfabrics. Gauze0/1/2/3/4/5bath0/5/10/15/20/25wtpercentMCPaqueous,dipRT1h,glassplate60C1hdry80C15mincure,DIwater10h80C15mindry;washweighing2or3timesnotassignedfixedcount,initialprocessingrinse notdurabilitywashing. LOIGB/T5454-1997JF3 140x52mm,repsunreported. MainTGSTA409PCN2andAIR10CminRT-800Cmass/pan/flowunreported. OwnTableIp6LOI16.9/23.5/24.6/25.4/26.5/25.8. Thermalprosep5explicitgauze0/4TonsetN2324.7/approx261.7AIR297.4/approx222.3,definitionnot5/10massloss so genericTonsetnotT5/T10. OwnFig3p5printedexplicitendpoint800annotationsN2gauze442.3/gauze08.0,MCP15.0/HMM/HCCP0.0;AIRgauze431.4/MCP8.9andreference0.0annotationgroupnotassignAIRgauze0exact0fromcurve. Explicitannotationsnotcurveestimates. Nativeproserawmaterials almostnoresidueafter800ambiguousqualitativenotnumeric0forN2gauze08.0. Mainthermalp5twoownfabricstates4gasconditions;otherdoses1/2/3/5noownnumericthermalresults,held4LOIfacts. MCP/HMM/HCCPpureFR2gaseachreference6held,noownLOI. TableIp6residualcarbon0/25.6/35.4/42.3/47.6/46.6 repeatedflameignitioncharweighingNOTTG;MCPburning54.9alsoNOTTG. Initialgauze3burnchar42.3coincidesgauze4N2TG42.3 butdifferentformula/experimentnotcrosspaired. PureFRorairblowburningnotTG. NoquantwashedLOI/TGadditionalstates. TableIafterflame0controlversusrapidburndescriptionirrelevanttoTGnumeric retainednotrewritten. NominalformulaC41H78Cl2N21O18P3/sourcePClweakband,notassumedhalogenfreefromabstractclaim. Twonativefabricstates/fourgasconditionsapproved;14facts10heldplanned. NoSIcited;original/fulltext/imagesoutsidepublicrepo.",cotton,"Medicalabsorbentcotton gauze fabric,drugstore;arealmass/weaveunreported","Medicalabsorbentcotton gauze fabric,drugstore;arealmass/weaveunreported","Medicalabsorbentcotton gauze fabric,drugstore;arealmass/weaveunreported",gauze0,explicit_text,"OwnTableIp6LOI16.9/26.5andthermalp5Fig3nativegauze0/4codesmatchsameinitialmedicalcottongauze0/20wtpercentMCP. ExplicitTonsetN2324.7/approx261.7orAIR297.4/approx222.3,genericonsetnotT5/T10. Mainp3STA409PC10C/minRT-800bothgases. Printed800C annotations N2control8.0/coated42.3andAIRcoated31.4areexplicitnumericlabelsnotcurveestimates;AIRcontrolcharblank. TableIcombustion47.6isnotTG. NootherdoseTGorwashedstatesborrowed. Complete9native/textpagesnoSI,unknownprepdetails explicit.",verified_exact,journal_article,OwnDOI/title/materials and all primary native/textpages reviewed,,,,,8,800,source_review_approved,0b465f28dfb6051a42a7b4ddca7f3b20570652395fb136a97ae346bd3b7de90c,Gauze0,,Groupedreference0.0annotationnotuniquecottonlabel;noAIRcontrolcharcurveestimate,,,,Unreported,,0,,"NativeFig3(1)dprinted8.0percentat800C;proserawmaterials almostnoresiduequalitative,notnumericzero",,,"OwnFig3printednumericendpointannotationatsource800C,notcurveestimated;coatedvaluesalsothermalprose",,,Unreported,"Roomtemperature,nofixednumericassumption",,,,,,,,,,,0,"Repeatedflameignition/blackpartweighing,nottTG",,,,"NativeWiley2016,133:e43555,9PDFpages",,,,,Ownmaterialsp2/finishingandmethods p3/thermalFig3p5/LOITableIp6/prosep7,,,,,"21s,110texwarpyarncountand100texweftcountsper10cm2;oddnativeunitsretainednotconverted","Genericnativeonset,thresholddefinitionunreported;notT5/T10",Sourceexplicitvalue,,,,,,,Synthesis of a melamine‐cyclotriphosphazene derivative and its application as flame retardant on cotton gauze,https://doi.org/10.1002/app.43555,,No SI cited in complete primary,"InitialDIwaterwithdetergentdose/temp/timeunreported,distilledwaterrinseairdryRT;MCPaqueousnative0/5/10/15/20/25wtpercentbath,RT1hsoak,glassplate60C1hdry80C15mincure,DIwater10h80C15mindry;nativewash/weigh2or3times,fixedcountunassigned",Initial own native gauze group after processingrinse/dry,Initial0durabilitycycles;2or3processingwash/weighnotdurabilitycount,2016
10.1002/app.43555,JF3,OwnTableIPDFp6andprosep7,16.9,140x52,GB/T5454-1997,,,,,,,,,,,,,,,,STA409PCNETZSCH,800,"Ownthermalprose/Fig3PDFp5,gauze0/4;mainTGp3",,,,,,297.4,air,,,Medicalabsorbentcottongauze;0wtpercentMCPaqueousfinishingbath,TG+LOI,2026-10-02,Codex complete primary native/text pages; one primary reviewer,10,Journal of Applied Polymer Science,"All9native/textpages read. Own medicalabsorbentcottongauzefromdrugstore,arealmass/weaveunreported;native21s/110texwarp100texweftper10cm2retainoddunitwordingnotconvert. InitialDIwithdetergentpretreatmenttemp/time/doseunreported,distilledrinseairdryroomtemp. MCPetherizedHMMM/HCCP exactmethodp2-3: HMMM12g/K2CO38.28g.06molTBAB1mg50mLTHF,HCCP3.47g.01mol50mLTHFadded2h,N2RT12hthenreflux24h,methanol6mLthenreflux24h;vacuum40C72hproductdry,notfabrics. Gauze0/1/2/3/4/5bath0/5/10/15/20/25wtpercentMCPaqueous,dipRT1h,glassplate60C1hdry80C15mincure,DIwater10h80C15mindry;washweighing2or3timesnotassignedfixedcount,initialprocessingrinse notdurabilitywashing. LOIGB/T5454-1997JF3 140x52mm,repsunreported. MainTGSTA409PCN2andAIR10CminRT-800Cmass/pan/flowunreported. OwnTableIp6LOI16.9/23.5/24.6/25.4/26.5/25.8. Thermalprosep5explicitgauze0/4TonsetN2324.7/approx261.7AIR297.4/approx222.3,definitionnot5/10massloss so genericTonsetnotT5/T10. OwnFig3p5printedexplicitendpoint800annotationsN2gauze442.3/gauze08.0,MCP15.0/HMM/HCCP0.0;AIRgauze431.4/MCP8.9andreference0.0annotationgroupnotassignAIRgauze0exact0fromcurve. Explicitannotationsnotcurveestimates. Nativeproserawmaterials almostnoresidueafter800ambiguousqualitativenotnumeric0forN2gauze08.0. Mainthermalp5twoownfabricstates4gasconditions;otherdoses1/2/3/5noownnumericthermalresults,held4LOIfacts. MCP/HMM/HCCPpureFR2gaseachreference6held,noownLOI. TableIp6residualcarbon0/25.6/35.4/42.3/47.6/46.6 repeatedflameignitioncharweighingNOTTG;MCPburning54.9alsoNOTTG. Initialgauze3burnchar42.3coincidesgauze4N2TG42.3 butdifferentformula/experimentnotcrosspaired. PureFRorairblowburningnotTG. NoquantwashedLOI/TGadditionalstates. TableIafterflame0controlversusrapidburndescriptionirrelevanttoTGnumeric retainednotrewritten. NominalformulaC41H78Cl2N21O18P3/sourcePClweakband,notassumedhalogenfreefromabstractclaim. Twonativefabricstates/fourgasconditionsapproved;14facts10heldplanned. NoSIcited;original/fulltext/imagesoutsidepublicrepo.",cotton,"Medicalabsorbentcotton gauze fabric,drugstore;arealmass/weaveunreported","Medicalabsorbentcotton gauze fabric,drugstore;arealmass/weaveunreported","Medicalabsorbentcotton gauze fabric,drugstore;arealmass/weaveunreported",gauze0,explicit_text,"OwnTableIp6LOI16.9/26.5andthermalp5Fig3nativegauze0/4codesmatchsameinitialmedicalcottongauze0/20wtpercentMCP. ExplicitTonsetN2324.7/approx261.7orAIR297.4/approx222.3,genericonsetnotT5/T10. Mainp3STA409PC10C/minRT-800bothgases. Printed800C annotations N2control8.0/coated42.3andAIRcoated31.4areexplicitnumericlabelsnotcurveestimates;AIRcontrolcharblank. TableIcombustion47.6isnotTG. NootherdoseTGorwashedstatesborrowed. Complete9native/textpagesnoSI,unknownprepdetails explicit.",verified_exact,journal_article,OwnDOI/title/materials and all primary native/textpages reviewed,,,,,,,source_review_approved,8b4c1739aa052ed23e549a87a6236affc33440e5bf3d59ecb6b9e8bd80d14128,Gauze0,,Groupedreference0.0annotationnotuniquecottonlabel;noAIRcontrolcharcurveestimate,,,,Unreported,,0,,"NativeFig3(1)dprinted8.0percentat800C;proserawmaterials almostnoresiduequalitative,notnumericzero",,,,,,Unreported,"Roomtemperature,nofixednumericassumption",,,,,,,,,,,0,"Repeatedflameignition/blackpartweighing,nottTG",,,,"NativeWiley2016,133:e43555,9PDFpages",,,,,Ownmaterialsp2/finishingandmethods p3/thermalFig3p5/LOITableIp6/prosep7,,,,,"21s,110texwarpyarncountand100texweftcountsper10cm2;oddnativeunitsretainednotconverted","Genericnativeonset,thresholddefinitionunreported;notT5/T10",Sourceexplicitvalue,,,,,,,Synthesis of a melamine‐cyclotriphosphazene derivative and its application as flame retardant on cotton gauze,https://doi.org/10.1002/app.43555,,No SI cited in complete primary,"InitialDIwaterwithdetergentdose/temp/timeunreported,distilledwaterrinseairdryRT;MCPaqueousnative0/5/10/15/20/25wtpercentbath,RT1hsoak,glassplate60C1hdry80C15mincure,DIwater10h80C15mindry;nativewash/weigh2or3times,fixedcountunassigned",Initial own native gauze group after processingrinse/dry,Initial0durabilitycycles;2or3processingwash/weighnotdurabilitycount,2016
10.1002/app.43555,JF3,OwnTableIPDFp6andprosep7,26.5,140x52,GB/T5454-1997,,,,,,,,42.3,,,,,,,,STA409PCNETZSCH,800,"Ownthermalprose/Fig3PDFp5,gauze0/4;mainTGp3",,,,,,261.7,N2,42.3,800,Medicalabsorbentcottongauze;20wtpercentMCPaqueousfinishingbath,TG+LOI,2026-10-02,Codex complete primary native/text pages; one primary reviewer,10,Journal of Applied Polymer Science,"All9native/textpages read. Own medicalabsorbentcottongauzefromdrugstore,arealmass/weaveunreported;native21s/110texwarp100texweftper10cm2retainoddunitwordingnotconvert. InitialDIwithdetergentpretreatmenttemp/time/doseunreported,distilledrinseairdryroomtemp. MCPetherizedHMMM/HCCP exactmethodp2-3: HMMM12g/K2CO38.28g.06molTBAB1mg50mLTHF,HCCP3.47g.01mol50mLTHFadded2h,N2RT12hthenreflux24h,methanol6mLthenreflux24h;vacuum40C72hproductdry,notfabrics. Gauze0/1/2/3/4/5bath0/5/10/15/20/25wtpercentMCPaqueous,dipRT1h,glassplate60C1hdry80C15mincure,DIwater10h80C15mindry;washweighing2or3timesnotassignedfixedcount,initialprocessingrinse notdurabilitywashing. LOIGB/T5454-1997JF3 140x52mm,repsunreported. MainTGSTA409PCN2andAIR10CminRT-800Cmass/pan/flowunreported. OwnTableIp6LOI16.9/23.5/24.6/25.4/26.5/25.8. Thermalprosep5explicitgauze0/4TonsetN2324.7/approx261.7AIR297.4/approx222.3,definitionnot5/10massloss so genericTonsetnotT5/T10. OwnFig3p5printedexplicitendpoint800annotationsN2gauze442.3/gauze08.0,MCP15.0/HMM/HCCP0.0;AIRgauze431.4/MCP8.9andreference0.0annotationgroupnotassignAIRgauze0exact0fromcurve. Explicitannotationsnotcurveestimates. Nativeproserawmaterials almostnoresidueafter800ambiguousqualitativenotnumeric0forN2gauze08.0. Mainthermalp5twoownfabricstates4gasconditions;otherdoses1/2/3/5noownnumericthermalresults,held4LOIfacts. MCP/HMM/HCCPpureFR2gaseachreference6held,noownLOI. TableIp6residualcarbon0/25.6/35.4/42.3/47.6/46.6 repeatedflameignitioncharweighingNOTTG;MCPburning54.9alsoNOTTG. Initialgauze3burnchar42.3coincidesgauze4N2TG42.3 butdifferentformula/experimentnotcrosspaired. PureFRorairblowburningnotTG. NoquantwashedLOI/TGadditionalstates. TableIafterflame0controlversusrapidburndescriptionirrelevanttoTGnumeric retainednotrewritten. NominalformulaC41H78Cl2N21O18P3/sourcePClweakband,notassumedhalogenfreefromabstractclaim. Twonativefabricstates/fourgasconditionsapproved;14facts10heldplanned. NoSIcited;original/fulltext/imagesoutsidepublicrepo.",cotton,"Medicalabsorbentcotton gauze fabric,drugstore;arealmass/weaveunreported","Medicalabsorbentcotton gauze fabric,drugstore;arealmass/weaveunreported","Medicalabsorbentcotton gauze fabric,drugstore;arealmass/weaveunreported",gauze4,explicit_text,"OwnTableIp6LOI16.9/26.5andthermalp5Fig3nativegauze0/4codesmatchsameinitialmedicalcottongauze0/20wtpercentMCP. ExplicitTonsetN2324.7/approx261.7orAIR297.4/approx222.3,genericonsetnotT5/T10. Mainp3STA409PC10C/minRT-800bothgases. Printed800C annotations N2control8.0/coated42.3andAIRcoated31.4areexplicitnumericlabelsnotcurveestimates;AIRcontrolcharblank. TableIcombustion47.6isnotTG. NootherdoseTGorwashedstatesborrowed. Complete9native/textpagesnoSI,unknownprepdetails explicit.",verified_exact,journal_article,OwnDOI/title/materials and all primary native/textpages reviewed,,,,,42.3,800,source_review_approved,8957ef85f4badb8b3a9e86e4bea465e35e6c15a742ab8174484cca5072d9bab9,Gauze4,,Groupedreference0.0annotationnotuniquecottonlabel;noAIRcontrolcharcurveestimate,,,,Unreported,,20,,"NativeFig3(1)dprinted8.0percentat800C;proserawmaterials almostnoresiduequalitative,notnumericzero",,,"OwnFig3printednumericendpointannotationatsource800C,notcurveestimated;coatedvaluesalsothermalprose",,,Unreported,"Roomtemperature,nofixednumericassumption",,,,,,,,,,,47.6,"Repeatedflameignition/blackpartweighing,nottTG",,,,"NativeWiley2016,133:e43555,9PDFpages",,,,,Ownmaterialsp2/finishingandmethods p3/thermalFig3p5/LOITableIp6/prosep7,,,,,"21s,110texwarpyarncountand100texweftcountsper10cm2;oddnativeunitsretainednotconverted","Genericnativeonset,thresholddefinitionunreported;notT5/T10",Approximately,,,,,,,Synthesis of a melamine‐cyclotriphosphazene derivative and its application as flame retardant on cotton gauze,https://doi.org/10.1002/app.43555,,No SI cited in complete primary,"InitialDIwaterwithdetergentdose/temp/timeunreported,distilledwaterrinseairdryRT;MCPaqueousnative0/5/10/15/20/25wtpercentbath,RT1hsoak,glassplate60C1hdry80C15mincure,DIwater10h80C15mindry;nativewash/weigh2or3times,fixedcountunassigned",Initial own native gauze group after processingrinse/dry,Initial0durabilitycycles;2or3processingwash/weighnotdurabilitycount,2016
10.1002/app.43555,JF3,OwnTableIPDFp6andprosep7,26.5,140x52,GB/T5454-1997,,,,,,,,31.4,,,,,,,,STA409PCNETZSCH,800,"Ownthermalprose/Fig3PDFp5,gauze0/4;mainTGp3",,,,,,222.3,air,31.4,800,Medicalabsorbentcottongauze;20wtpercentMCPaqueousfinishingbath,TG+LOI,2026-10-02,Codex complete primary native/text pages; one primary reviewer,10,Journal of Applied Polymer Science,"All9native/textpages read. Own medicalabsorbentcottongauzefromdrugstore,arealmass/weaveunreported;native21s/110texwarp100texweftper10cm2retainoddunitwordingnotconvert. InitialDIwithdetergentpretreatmenttemp/time/doseunreported,distilledrinseairdryroomtemp. MCPetherizedHMMM/HCCP exactmethodp2-3: HMMM12g/K2CO38.28g.06molTBAB1mg50mLTHF,HCCP3.47g.01mol50mLTHFadded2h,N2RT12hthenreflux24h,methanol6mLthenreflux24h;vacuum40C72hproductdry,notfabrics. Gauze0/1/2/3/4/5bath0/5/10/15/20/25wtpercentMCPaqueous,dipRT1h,glassplate60C1hdry80C15mincure,DIwater10h80C15mindry;washweighing2or3timesnotassignedfixedcount,initialprocessingrinse notdurabilitywashing. LOIGB/T5454-1997JF3 140x52mm,repsunreported. MainTGSTA409PCN2andAIR10CminRT-800Cmass/pan/flowunreported. OwnTableIp6LOI16.9/23.5/24.6/25.4/26.5/25.8. Thermalprosep5explicitgauze0/4TonsetN2324.7/approx261.7AIR297.4/approx222.3,definitionnot5/10massloss so genericTonsetnotT5/T10. OwnFig3p5printedexplicitendpoint800annotationsN2gauze442.3/gauze08.0,MCP15.0/HMM/HCCP0.0;AIRgauze431.4/MCP8.9andreference0.0annotationgroupnotassignAIRgauze0exact0fromcurve. Explicitannotationsnotcurveestimates. Nativeproserawmaterials almostnoresidueafter800ambiguousqualitativenotnumeric0forN2gauze08.0. Mainthermalp5twoownfabricstates4gasconditions;otherdoses1/2/3/5noownnumericthermalresults,held4LOIfacts. MCP/HMM/HCCPpureFR2gaseachreference6held,noownLOI. TableIp6residualcarbon0/25.6/35.4/42.3/47.6/46.6 repeatedflameignitioncharweighingNOTTG;MCPburning54.9alsoNOTTG. Initialgauze3burnchar42.3coincidesgauze4N2TG42.3 butdifferentformula/experimentnotcrosspaired. PureFRorairblowburningnotTG. NoquantwashedLOI/TGadditionalstates. TableIafterflame0controlversusrapidburndescriptionirrelevanttoTGnumeric retainednotrewritten. NominalformulaC41H78Cl2N21O18P3/sourcePClweakband,notassumedhalogenfreefromabstractclaim. Twonativefabricstates/fourgasconditionsapproved;14facts10heldplanned. NoSIcited;original/fulltext/imagesoutsidepublicrepo.",cotton,"Medicalabsorbentcotton gauze fabric,drugstore;arealmass/weaveunreported","Medicalabsorbentcotton gauze fabric,drugstore;arealmass/weaveunreported","Medicalabsorbentcotton gauze fabric,drugstore;arealmass/weaveunreported",gauze4,explicit_text,"OwnTableIp6LOI16.9/26.5andthermalp5Fig3nativegauze0/4codesmatchsameinitialmedicalcottongauze0/20wtpercentMCP. ExplicitTonsetN2324.7/approx261.7orAIR297.4/approx222.3,genericonsetnotT5/T10. Mainp3STA409PC10C/minRT-800bothgases. Printed800C annotations N2control8.0/coated42.3andAIRcoated31.4areexplicitnumericlabelsnotcurveestimates;AIRcontrolcharblank. TableIcombustion47.6isnotTG. NootherdoseTGorwashedstatesborrowed. Complete9native/textpagesnoSI,unknownprepdetails explicit.",verified_exact,journal_article,OwnDOI/title/materials and all primary native/textpages reviewed,,,,,31.4,800,source_review_approved,0909adeb2b64323974344b2b9bb023ad5d02acccb9477a07b95dff690e4d1ef3,Gauze4,,Groupedreference0.0annotationnotuniquecottonlabel;noAIRcontrolcharcurveestimate,,,,Unreported,,20,,"NativeFig3(1)dprinted8.0percentat800C;proserawmaterials almostnoresiduequalitative,notnumericzero",,,"OwnFig3printednumericendpointannotationatsource800C,notcurveestimated;coatedvaluesalsothermalprose",,,Unreported,"Roomtemperature,nofixednumericassumption",,,,,,,,,,,47.6,"Repeatedflameignition/blackpartweighing,nottTG",,,,"NativeWiley2016,133:e43555,9PDFpages",,,,,Ownmaterialsp2/finishingandmethods p3/thermalFig3p5/LOITableIp6/prosep7,,,,,"21s,110texwarpyarncountand100texweftcountsper10cm2;oddnativeunitsretainednotconverted","Genericnativeonset,thresholddefinitionunreported;notT5/T10",Approximately,,,,,,,Synthesis of a melamine‐cyclotriphosphazene derivative and its application as flame retardant on cotton gauze,https://doi.org/10.1002/app.43555,,No SI cited in complete primary,"InitialDIwaterwithdetergentdose/temp/timeunreported,distilledwaterrinseairdryRT;MCPaqueousnative0/5/10/15/20/25wtpercentbath,RT1hsoak,glassplate60C1hdry80C15mincure,DIwater10h80C15mindry;nativewash/weigh2or3times,fixedcountunassigned",Initial own native gauze group after processingrinse/dry,Initial0durabilitycycles;2or3processingwash/weighnotdurabilitycount,2016
10.1002/app.43555,JF3,OwnTableIPDFp6,23.5,,GB/T5454-1997,,,,,,,,,,,,,,,,,,OwnFig3p5onlygauze0/4;noownnumericTG,,,,,,,,,,Medicalcottongauze;5wtpercentMCPfinishingbath,Raw source facts only,2026-10-02,Codex complete primary native/text pages; one primary reviewer,,Journal of Applied Polymer Science,"All9native/textpages read. Own medicalabsorbentcottongauzefromdrugstore,arealmass/weaveunreported;native21s/110texwarp100texweftper10cm2retainoddunitwordingnotconvert. InitialDIwithdetergentpretreatmenttemp/time/doseunreported,distilledrinseairdryroomtemp. MCPetherizedHMMM/HCCP exactmethodp2-3: HMMM12g/K2CO38.28g.06molTBAB1mg50mLTHF,HCCP3.47g.01mol50mLTHFadded2h,N2RT12hthenreflux24h,methanol6mLthenreflux24h;vacuum40C72hproductdry,notfabrics. Gauze0/1/2/3/4/5bath0/5/10/15/20/25wtpercentMCPaqueous,dipRT1h,glassplate60C1hdry80C15mincure,DIwater10h80C15mindry;washweighing2or3timesnotassignedfixedcount,initialprocessingrinse notdurabilitywashing. LOIGB/T5454-1997JF3 140x52mm,repsunreported. MainTGSTA409PCN2andAIR10CminRT-800Cmass/pan/flowunreported. OwnTableIp6LOI16.9/23.5/24.6/25.4/26.5/25.8. Thermalprosep5explicitgauze0/4TonsetN2324.7/approx261.7AIR297.4/approx222.3,definitionnot5/10massloss so genericTonsetnotT5/T10. OwnFig3p5printedexplicitendpoint800annotationsN2gauze442.3/gauze08.0,MCP15.0/HMM/HCCP0.0;AIRgauze431.4/MCP8.9andreference0.0annotationgroupnotassignAIRgauze0exact0fromcurve. Explicitannotationsnotcurveestimates. Nativeproserawmaterials almostnoresidueafter800ambiguousqualitativenotnumeric0forN2gauze08.0. Mainthermalp5twoownfabricstates4gasconditions;otherdoses1/2/3/5noownnumericthermalresults,held4LOIfacts. MCP/HMM/HCCPpureFR2gaseachreference6held,noownLOI. TableIp6residualcarbon0/25.6/35.4/42.3/47.6/46.6 repeatedflameignitioncharweighingNOTTG;MCPburning54.9alsoNOTTG. Initialgauze3burnchar42.3coincidesgauze4N2TG42.3 butdifferentformula/experimentnotcrosspaired. PureFRorairblowburningnotTG. NoquantwashedLOI/TGadditionalstates. TableIafterflame0controlversusrapidburndescriptionirrelevanttoTGnumeric retainednotrewritten. NominalformulaC41H78Cl2N21O18P3/sourcePClweakband,notassumedhalogenfreefromabstractclaim. Twonativefabricstates/fourgasconditionsapproved;14facts10heldplanned. NoSIcited;original/fulltext/imagesoutsidepublicrepo.",cotton,"Medicalabsorbentcotton gauze fabric,drugstore;arealmass/weaveunreported","Medicalabsorbentcotton gauze fabric,drugstore;arealmass/weaveunreported",,gauze1,held_source_facts,,held_dose_LOI_without_corresponding_own_TG,journal_article,OwnDOI/title/materials and all primary native/textpages reviewed,,,,,,,held_outside_verified_target,,Gauze1,,,,,,,,5,,,,,,,,,,,,,,,,,,,,25.6,"Repeatedflameignitionblackpartweighing,notTG",,,,"NativeWiley2016,133:e43555,9PDFpages",,,,,Ownfinishingp3/TableIp6,,,,,,,,,,,,,,Synthesis of a melamine‐cyclotriphosphazene derivative and its application as flame retardant on cotton gauze,https://doi.org/10.1002/app.43555,,No SI cited in complete primary,"InitialDIwaterwithdetergentdose/temp/timeunreported,distilledwaterrinseairdryRT;MCPaqueousnative0/5/10/15/20/25wtpercentbath,RT1hsoak,glassplate60C1hdry80C15mincure,DIwater10h80C15mindry;nativewash/weigh2or3times,fixedcountunassigned",Initialownnativedosegroup,Initial0durabilitycycles,2016
10.1002/app.43555,JF3,OwnTableIPDFp6,24.6,,GB/T5454-1997,,,,,,,,,,,,,,,,,,OwnFig3p5onlygauze0/4;noownnumericTG,,,,,,,,,,Medicalcottongauze;10wtpercentMCPfinishingbath,Raw source facts only,2026-10-02,Codex complete primary native/text pages; one primary reviewer,,Journal of Applied Polymer Science,"All9native/textpages read. Own medicalabsorbentcottongauzefromdrugstore,arealmass/weaveunreported;native21s/110texwarp100texweftper10cm2retainoddunitwordingnotconvert. InitialDIwithdetergentpretreatmenttemp/time/doseunreported,distilledrinseairdryroomtemp. MCPetherizedHMMM/HCCP exactmethodp2-3: HMMM12g/K2CO38.28g.06molTBAB1mg50mLTHF,HCCP3.47g.01mol50mLTHFadded2h,N2RT12hthenreflux24h,methanol6mLthenreflux24h;vacuum40C72hproductdry,notfabrics. Gauze0/1/2/3/4/5bath0/5/10/15/20/25wtpercentMCPaqueous,dipRT1h,glassplate60C1hdry80C15mincure,DIwater10h80C15mindry;washweighing2or3timesnotassignedfixedcount,initialprocessingrinse notdurabilitywashing. LOIGB/T5454-1997JF3 140x52mm,repsunreported. MainTGSTA409PCN2andAIR10CminRT-800Cmass/pan/flowunreported. OwnTableIp6LOI16.9/23.5/24.6/25.4/26.5/25.8. Thermalprosep5explicitgauze0/4TonsetN2324.7/approx261.7AIR297.4/approx222.3,definitionnot5/10massloss so genericTonsetnotT5/T10. OwnFig3p5printedexplicitendpoint800annotationsN2gauze442.3/gauze08.0,MCP15.0/HMM/HCCP0.0;AIRgauze431.4/MCP8.9andreference0.0annotationgroupnotassignAIRgauze0exact0fromcurve. Explicitannotationsnotcurveestimates. Nativeproserawmaterials almostnoresidueafter800ambiguousqualitativenotnumeric0forN2gauze08.0. Mainthermalp5twoownfabricstates4gasconditions;otherdoses1/2/3/5noownnumericthermalresults,held4LOIfacts. MCP/HMM/HCCPpureFR2gaseachreference6held,noownLOI. TableIp6residualcarbon0/25.6/35.4/42.3/47.6/46.6 repeatedflameignitioncharweighingNOTTG;MCPburning54.9alsoNOTTG. Initialgauze3burnchar42.3coincidesgauze4N2TG42.3 butdifferentformula/experimentnotcrosspaired. PureFRorairblowburningnotTG. NoquantwashedLOI/TGadditionalstates. TableIafterflame0controlversusrapidburndescriptionirrelevanttoTGnumeric retainednotrewritten. NominalformulaC41H78Cl2N21O18P3/sourcePClweakband,notassumedhalogenfreefromabstractclaim. Twonativefabricstates/fourgasconditionsapproved;14facts10heldplanned. NoSIcited;original/fulltext/imagesoutsidepublicrepo.",cotton,"Medicalabsorbentcotton gauze fabric,drugstore;arealmass/weaveunreported","Medicalabsorbentcotton gauze fabric,drugstore;arealmass/weaveunreported",,gauze2,held_source_facts,,held_dose_LOI_without_corresponding_own_TG,journal_article,OwnDOI/title/materials and all primary native/textpages reviewed,,,,,,,held_outside_verified_target,,Gauze2,,,,,,,,10,,,,,,,,,,,,,,,,,,,,35.4,"Repeatedflameignitionblackpartweighing,notTG",,,,"NativeWiley2016,133:e43555,9PDFpages",,,,,Ownfinishingp3/TableIp6,,,,,,,,,,,,,,Synthesis of a melamine‐cyclotriphosphazene derivative and its application as flame retardant on cotton gauze,https://doi.org/10.1002/app.43555,,No SI cited in complete primary,"InitialDIwaterwithdetergentdose/temp/timeunreported,distilledwaterrinseairdryRT;MCPaqueousnative0/5/10/15/20/25wtpercentbath,RT1hsoak,glassplate60C1hdry80C15mincure,DIwater10h80C15mindry;nativewash/weigh2or3times,fixedcountunassigned",Initialownnativedosegroup,Initial0durabilitycycles,2016
10.1002/app.43555,JF3,OwnTableIPDFp6,25.4,,GB/T5454-1997,,,,,,,,,,,,,,,,,,OwnFig3p5onlygauze0/4;noownnumericTG,,,,,,,,,,Medicalcottongauze;15wtpercentMCPfinishingbath,Raw source facts only,2026-10-02,Codex complete primary native/text pages; one primary reviewer,,Journal of Applied Polymer Science,"All9native/textpages read. Own medicalabsorbentcottongauzefromdrugstore,arealmass/weaveunreported;native21s/110texwarp100texweftper10cm2retainoddunitwordingnotconvert. InitialDIwithdetergentpretreatmenttemp/time/doseunreported,distilledrinseairdryroomtemp. MCPetherizedHMMM/HCCP exactmethodp2-3: HMMM12g/K2CO38.28g.06molTBAB1mg50mLTHF,HCCP3.47g.01mol50mLTHFadded2h,N2RT12hthenreflux24h,methanol6mLthenreflux24h;vacuum40C72hproductdry,notfabrics. Gauze0/1/2/3/4/5bath0/5/10/15/20/25wtpercentMCPaqueous,dipRT1h,glassplate60C1hdry80C15mincure,DIwater10h80C15mindry;washweighing2or3timesnotassignedfixedcount,initialprocessingrinse notdurabilitywashing. LOIGB/T5454-1997JF3 140x52mm,repsunreported. MainTGSTA409PCN2andAIR10CminRT-800Cmass/pan/flowunreported. OwnTableIp6LOI16.9/23.5/24.6/25.4/26.5/25.8. Thermalprosep5explicitgauze0/4TonsetN2324.7/approx261.7AIR297.4/approx222.3,definitionnot5/10massloss so genericTonsetnotT5/T10. OwnFig3p5printedexplicitendpoint800annotationsN2gauze442.3/gauze08.0,MCP15.0/HMM/HCCP0.0;AIRgauze431.4/MCP8.9andreference0.0annotationgroupnotassignAIRgauze0exact0fromcurve. Explicitannotationsnotcurveestimates. Nativeproserawmaterials almostnoresidueafter800ambiguousqualitativenotnumeric0forN2gauze08.0. Mainthermalp5twoownfabricstates4gasconditions;otherdoses1/2/3/5noownnumericthermalresults,held4LOIfacts. MCP/HMM/HCCPpureFR2gaseachreference6held,noownLOI. TableIp6residualcarbon0/25.6/35.4/42.3/47.6/46.6 repeatedflameignitioncharweighingNOTTG;MCPburning54.9alsoNOTTG. Initialgauze3burnchar42.3coincidesgauze4N2TG42.3 butdifferentformula/experimentnotcrosspaired. PureFRorairblowburningnotTG. NoquantwashedLOI/TGadditionalstates. TableIafterflame0controlversusrapidburndescriptionirrelevanttoTGnumeric retainednotrewritten. NominalformulaC41H78Cl2N21O18P3/sourcePClweakband,notassumedhalogenfreefromabstractclaim. Twonativefabricstates/fourgasconditionsapproved;14facts10heldplanned. NoSIcited;original/fulltext/imagesoutsidepublicrepo.",cotton,"Medicalabsorbentcotton gauze fabric,drugstore;arealmass/weaveunreported","Medicalabsorbentcotton gauze fabric,drugstore;arealmass/weaveunreported",,gauze3,held_source_facts,,held_dose_LOI_without_corresponding_own_TG,journal_article,OwnDOI/title/materials and all primary native/textpages reviewed,,,,,,,held_outside_verified_target,,Gauze3,,,,,,,,15,,,,,,,,,,,,,,,,,,,,42.3,"Repeatedflameignitionblackpartweighing,notTG",,,,"NativeWiley2016,133:e43555,9PDFpages",,,,,Ownfinishingp3/TableIp6,,,,,,,,,,,,,,Synthesis of a melamine‐cyclotriphosphazene derivative and its application as flame retardant on cotton gauze,https://doi.org/10.1002/app.43555,,No SI cited in complete primary,"InitialDIwaterwithdetergentdose/temp/timeunreported,distilledwaterrinseairdryRT;MCPaqueousnative0/5/10/15/20/25wtpercentbath,RT1hsoak,glassplate60C1hdry80C15mincure,DIwater10h80C15mindry;nativewash/weigh2or3times,fixedcountunassigned",Initialownnativedosegroup,Initial0durabilitycycles,2016
10.1002/app.43555,JF3,OwnTableIPDFp6,25.8,,GB/T5454-1997,,,,,,,,,,,,,,,,,,OwnFig3p5onlygauze0/4;noownnumericTG,,,,,,,,,,Medicalcottongauze;25wtpercentMCPfinishingbath,Raw source facts only,2026-10-02,Codex complete primary native/text pages; one primary reviewer,,Journal of Applied Polymer Science,"All9native/textpages read. Own medicalabsorbentcottongauzefromdrugstore,arealmass/weaveunreported;native21s/110texwarp100texweftper10cm2retainoddunitwordingnotconvert. InitialDIwithdetergentpretreatmenttemp/time/doseunreported,distilledrinseairdryroomtemp. MCPetherizedHMMM/HCCP exactmethodp2-3: HMMM12g/K2CO38.28g.06molTBAB1mg50mLTHF,HCCP3.47g.01mol50mLTHFadded2h,N2RT12hthenreflux24h,methanol6mLthenreflux24h;vacuum40C72hproductdry,notfabrics. Gauze0/1/2/3/4/5bath0/5/10/15/20/25wtpercentMCPaqueous,dipRT1h,glassplate60C1hdry80C15mincure,DIwater10h80C15mindry;washweighing2or3timesnotassignedfixedcount,initialprocessingrinse notdurabilitywashing. LOIGB/T5454-1997JF3 140x52mm,repsunreported. MainTGSTA409PCN2andAIR10CminRT-800Cmass/pan/flowunreported. OwnTableIp6LOI16.9/23.5/24.6/25.4/26.5/25.8. Thermalprosep5explicitgauze0/4TonsetN2324.7/approx261.7AIR297.4/approx222.3,definitionnot5/10massloss so genericTonsetnotT5/T10. OwnFig3p5printedexplicitendpoint800annotationsN2gauze442.3/gauze08.0,MCP15.0/HMM/HCCP0.0;AIRgauze431.4/MCP8.9andreference0.0annotationgroupnotassignAIRgauze0exact0fromcurve. Explicitannotationsnotcurveestimates. Nativeproserawmaterials almostnoresidueafter800ambiguousqualitativenotnumeric0forN2gauze08.0. Mainthermalp5twoownfabricstates4gasconditions;otherdoses1/2/3/5noownnumericthermalresults,held4LOIfacts. MCP/HMM/HCCPpureFR2gaseachreference6held,noownLOI. TableIp6residualcarbon0/25.6/35.4/42.3/47.6/46.6 repeatedflameignitioncharweighingNOTTG;MCPburning54.9alsoNOTTG. Initialgauze3burnchar42.3coincidesgauze4N2TG42.3 butdifferentformula/experimentnotcrosspaired. PureFRorairblowburningnotTG. NoquantwashedLOI/TGadditionalstates. TableIafterflame0controlversusrapidburndescriptionirrelevanttoTGnumeric retainednotrewritten. NominalformulaC41H78Cl2N21O18P3/sourcePClweakband,notassumedhalogenfreefromabstractclaim. Twonativefabricstates/fourgasconditionsapproved;14facts10heldplanned. NoSIcited;original/fulltext/imagesoutsidepublicrepo.",cotton,"Medicalabsorbentcotton gauze fabric,drugstore;arealmass/weaveunreported","Medicalabsorbentcotton gauze fabric,drugstore;arealmass/weaveunreported",,gauze5,held_source_facts,,held_dose_LOI_without_corresponding_own_TG,journal_article,OwnDOI/title/materials and all primary native/textpages reviewed,,,,,,,held_outside_verified_target,,Gauze5,,,,,,,,25,,,,,,,,,,,,,,,,,,,,46.6,"Repeatedflameignitionblackpartweighing,notTG",,,,"NativeWiley2016,133:e43555,9PDFpages",,,,,Ownfinishingp3/TableIp6,,,,,,,,,,,,,,Synthesis of a melamine‐cyclotriphosphazene derivative and its application as flame retardant on cotton gauze,https://doi.org/10.1002/app.43555,,No SI cited in complete primary,"InitialDIwaterwithdetergentdose/temp/timeunreported,distilledwaterrinseairdryRT;MCPaqueousnative0/5/10/15/20/25wtpercentbath,RT1hsoak,glassplate60C1hdry80C15mincure,DIwater10h80C15mindry;nativewash/weigh2or3times,fixedcountunassigned",Initialownnativedosegroup,Initial0durabilitycycles,2016
10.1002/app.43555,,NoownpureFRLOI;TableIcottongauzeonly,,,,,,,,,,,,,,,,,,,,,OwnFig3PDFp5pureFRcurves,,,,,,,,,,"PureCuredMCPcompound,noownLOI",Raw source facts only,2026-10-02,Codex complete primary native/text pages; one primary reviewer,,Journal of Applied Polymer Science,"All9native/textpages read. Own medicalabsorbentcottongauzefromdrugstore,arealmass/weaveunreported;native21s/110texwarp100texweftper10cm2retainoddunitwordingnotconvert. InitialDIwithdetergentpretreatmenttemp/time/doseunreported,distilledrinseairdryroomtemp. MCPetherizedHMMM/HCCP exactmethodp2-3: HMMM12g/K2CO38.28g.06molTBAB1mg50mLTHF,HCCP3.47g.01mol50mLTHFadded2h,N2RT12hthenreflux24h,methanol6mLthenreflux24h;vacuum40C72hproductdry,notfabrics. Gauze0/1/2/3/4/5bath0/5/10/15/20/25wtpercentMCPaqueous,dipRT1h,glassplate60C1hdry80C15mincure,DIwater10h80C15mindry;washweighing2or3timesnotassignedfixedcount,initialprocessingrinse notdurabilitywashing. LOIGB/T5454-1997JF3 140x52mm,repsunreported. MainTGSTA409PCN2andAIR10CminRT-800Cmass/pan/flowunreported. OwnTableIp6LOI16.9/23.5/24.6/25.4/26.5/25.8. Thermalprosep5explicitgauze0/4TonsetN2324.7/approx261.7AIR297.4/approx222.3,definitionnot5/10massloss so genericTonsetnotT5/T10. OwnFig3p5printedexplicitendpoint800annotationsN2gauze442.3/gauze08.0,MCP15.0/HMM/HCCP0.0;AIRgauze431.4/MCP8.9andreference0.0annotationgroupnotassignAIRgauze0exact0fromcurve. Explicitannotationsnotcurveestimates. Nativeproserawmaterials almostnoresidueafter800ambiguousqualitativenotnumeric0forN2gauze08.0. Mainthermalp5twoownfabricstates4gasconditions;otherdoses1/2/3/5noownnumericthermalresults,held4LOIfacts. MCP/HMM/HCCPpureFR2gaseachreference6held,noownLOI. TableIp6residualcarbon0/25.6/35.4/42.3/47.6/46.6 repeatedflameignitioncharweighingNOTTG;MCPburning54.9alsoNOTTG. Initialgauze3burnchar42.3coincidesgauze4N2TG42.3 butdifferentformula/experimentnotcrosspaired. PureFRorairblowburningnotTG. NoquantwashedLOI/TGadditionalstates. TableIafterflame0controlversusrapidburndescriptionirrelevanttoTGnumeric retainednotrewritten. NominalformulaC41H78Cl2N21O18P3/sourcePClweakband,notassumedhalogenfreefromabstractclaim. Twonativefabricstates/fourgasconditionsapproved;14facts10heldplanned. NoSIcited;original/fulltext/imagesoutsidepublicrepo.",pureflameretardantreference,PureCuredMCPcompound;notcottongauze,,,CuredMCP,held_source_facts,,held_pure_FR_reference_without_own_LOI,journal_article,OwnDOI/title/materials and all primary native/textpages reviewed,,,,,,,held_outside_verified_target,,CuredMCP,,,,,,,,,,,,,,,,,,,,,,,,,,,,,,,,,"NativeWiley2016,133:e43555,9PDFpages",,15,,,Ownsynthesisp2-3/thermalFig3p5,,,,"OwnprintedFig3andprose,pureFRnottextile;notburnchar54.9",,,,,,N2,10,,,Synthesis of a melamine‐cyclotriphosphazene derivative and its application as flame retardant on cotton gauze,https://doi.org/10.1002/app.43555,,No SI cited in complete primary,,,,2016
10.1002/app.43555,,NoownpureFRLOI;TableIcottongauzeonly,,,,,,,,,,,,,,,,,,,,,OwnFig3PDFp5pureFRcurves,,,,,,,,,,"PureCuredMCPcompound,noownLOI",Raw source facts only,2026-10-02,Codex complete primary native/text pages; one primary reviewer,,Journal of Applied Polymer Science,"All9native/textpages read. Own medicalabsorbentcottongauzefromdrugstore,arealmass/weaveunreported;native21s/110texwarp100texweftper10cm2retainoddunitwordingnotconvert. InitialDIwithdetergentpretreatmenttemp/time/doseunreported,distilledrinseairdryroomtemp. MCPetherizedHMMM/HCCP exactmethodp2-3: HMMM12g/K2CO38.28g.06molTBAB1mg50mLTHF,HCCP3.47g.01mol50mLTHFadded2h,N2RT12hthenreflux24h,methanol6mLthenreflux24h;vacuum40C72hproductdry,notfabrics. Gauze0/1/2/3/4/5bath0/5/10/15/20/25wtpercentMCPaqueous,dipRT1h,glassplate60C1hdry80C15mincure,DIwater10h80C15mindry;washweighing2or3timesnotassignedfixedcount,initialprocessingrinse notdurabilitywashing. LOIGB/T5454-1997JF3 140x52mm,repsunreported. MainTGSTA409PCN2andAIR10CminRT-800Cmass/pan/flowunreported. OwnTableIp6LOI16.9/23.5/24.6/25.4/26.5/25.8. Thermalprosep5explicitgauze0/4TonsetN2324.7/approx261.7AIR297.4/approx222.3,definitionnot5/10massloss so genericTonsetnotT5/T10. OwnFig3p5printedexplicitendpoint800annotationsN2gauze442.3/gauze08.0,MCP15.0/HMM/HCCP0.0;AIRgauze431.4/MCP8.9andreference0.0annotationgroupnotassignAIRgauze0exact0fromcurve. Explicitannotationsnotcurveestimates. Nativeproserawmaterials almostnoresidueafter800ambiguousqualitativenotnumeric0forN2gauze08.0. Mainthermalp5twoownfabricstates4gasconditions;otherdoses1/2/3/5noownnumericthermalresults,held4LOIfacts. MCP/HMM/HCCPpureFR2gaseachreference6held,noownLOI. TableIp6residualcarbon0/25.6/35.4/42.3/47.6/46.6 repeatedflameignitioncharweighingNOTTG;MCPburning54.9alsoNOTTG. Initialgauze3burnchar42.3coincidesgauze4N2TG42.3 butdifferentformula/experimentnotcrosspaired. PureFRorairblowburningnotTG. NoquantwashedLOI/TGadditionalstates. TableIafterflame0controlversusrapidburndescriptionirrelevanttoTGnumeric retainednotrewritten. NominalformulaC41H78Cl2N21O18P3/sourcePClweakband,notassumedhalogenfreefromabstractclaim. Twonativefabricstates/fourgasconditionsapproved;14facts10heldplanned. NoSIcited;original/fulltext/imagesoutsidepublicrepo.",pureflameretardantreference,PureCuredMCPcompound;notcottongauze,,,CuredMCP,held_source_facts,,held_pure_FR_reference_without_own_LOI,journal_article,OwnDOI/title/materials and all primary native/textpages reviewed,,,,,,,held_outside_verified_target,,CuredMCP,,,,,,,,,,,,,,,,,,,,,,,,,,,,,,,,,"NativeWiley2016,133:e43555,9PDFpages",,8.9,,,Ownsynthesisp2-3/thermalFig3p5,,,,"OwnprintedFig3andprose,pureFRnottextile;notburnchar54.9",,,,,,air,10,,,Synthesis of a melamine‐cyclotriphosphazene derivative and its application as flame retardant on cotton gauze,https://doi.org/10.1002/app.43555,,No SI cited in complete primary,,,,2016
10.1002/app.43555,,NoownpureFRLOI;TableIcottongauzeonly,,,,,,,,,,,,,,,,,,,,,OwnFig3PDFp5pureFRcurves,,,,,,,,,,"PureHMMcompound,noownLOI",Raw source facts only,2026-10-02,Codex complete primary native/text pages; one primary reviewer,,Journal of Applied Polymer Science,"All9native/textpages read. Own medicalabsorbentcottongauzefromdrugstore,arealmass/weaveunreported;native21s/110texwarp100texweftper10cm2retainoddunitwordingnotconvert. InitialDIwithdetergentpretreatmenttemp/time/doseunreported,distilledrinseairdryroomtemp. MCPetherizedHMMM/HCCP exactmethodp2-3: HMMM12g/K2CO38.28g.06molTBAB1mg50mLTHF,HCCP3.47g.01mol50mLTHFadded2h,N2RT12hthenreflux24h,methanol6mLthenreflux24h;vacuum40C72hproductdry,notfabrics. Gauze0/1/2/3/4/5bath0/5/10/15/20/25wtpercentMCPaqueous,dipRT1h,glassplate60C1hdry80C15mincure,DIwater10h80C15mindry;washweighing2or3timesnotassignedfixedcount,initialprocessingrinse notdurabilitywashing. LOIGB/T5454-1997JF3 140x52mm,repsunreported. MainTGSTA409PCN2andAIR10CminRT-800Cmass/pan/flowunreported. OwnTableIp6LOI16.9/23.5/24.6/25.4/26.5/25.8. Thermalprosep5explicitgauze0/4TonsetN2324.7/approx261.7AIR297.4/approx222.3,definitionnot5/10massloss so genericTonsetnotT5/T10. OwnFig3p5printedexplicitendpoint800annotationsN2gauze442.3/gauze08.0,MCP15.0/HMM/HCCP0.0;AIRgauze431.4/MCP8.9andreference0.0annotationgroupnotassignAIRgauze0exact0fromcurve. Explicitannotationsnotcurveestimates. Nativeproserawmaterials almostnoresidueafter800ambiguousqualitativenotnumeric0forN2gauze08.0. Mainthermalp5twoownfabricstates4gasconditions;otherdoses1/2/3/5noownnumericthermalresults,held4LOIfacts. MCP/HMM/HCCPpureFR2gaseachreference6held,noownLOI. TableIp6residualcarbon0/25.6/35.4/42.3/47.6/46.6 repeatedflameignitioncharweighingNOTTG;MCPburning54.9alsoNOTTG. Initialgauze3burnchar42.3coincidesgauze4N2TG42.3 butdifferentformula/experimentnotcrosspaired. PureFRorairblowburningnotTG. NoquantwashedLOI/TGadditionalstates. TableIafterflame0controlversusrapidburndescriptionirrelevanttoTGnumeric retainednotrewritten. NominalformulaC41H78Cl2N21O18P3/sourcePClweakband,notassumedhalogenfreefromabstractclaim. Twonativefabricstates/fourgasconditionsapproved;14facts10heldplanned. NoSIcited;original/fulltext/imagesoutsidepublicrepo.",pureflameretardantreference,PureHMMcompound;notcottongauze,,,HMM,held_source_facts,,held_pure_FR_reference_without_own_LOI,journal_article,OwnDOI/title/materials and all primary native/textpages reviewed,,,,,,,held_outside_verified_target,,HMM,,,,,,,,,,,,,,,,,,,,,,,,,,,,,,,,,"NativeWiley2016,133:e43555,9PDFpages",,,,,Ownsynthesisp2-3/thermalFig3p5,,,,"OwnprintedFig3andprose,pureFRnottextile;notburnchar54.9",,,,,,N2,10,,,Synthesis of a melamine‐cyclotriphosphazene derivative and its application as flame retardant on cotton gauze,https://doi.org/10.1002/app.43555,,No SI cited in complete primary,,,,2016
10.1002/app.43555,,NoownpureFRLOI;TableIcottongauzeonly,,,,,,,,,,,,,,,,,,,,,OwnFig3PDFp5pureFRcurves,,,,,,,,,,"PureHMMcompound,noownLOI",Raw source facts only,2026-10-02,Codex complete primary native/text pages; one primary reviewer,,Journal of Applied Polymer Science,"All9native/textpages read. Own medicalabsorbentcottongauzefromdrugstore,arealmass/weaveunreported;native21s/110texwarp100texweftper10cm2retainoddunitwordingnotconvert. InitialDIwithdetergentpretreatmenttemp/time/doseunreported,distilledrinseairdryroomtemp. MCPetherizedHMMM/HCCP exactmethodp2-3: HMMM12g/K2CO38.28g.06molTBAB1mg50mLTHF,HCCP3.47g.01mol50mLTHFadded2h,N2RT12hthenreflux24h,methanol6mLthenreflux24h;vacuum40C72hproductdry,notfabrics. Gauze0/1/2/3/4/5bath0/5/10/15/20/25wtpercentMCPaqueous,dipRT1h,glassplate60C1hdry80C15mincure,DIwater10h80C15mindry;washweighing2or3timesnotassignedfixedcount,initialprocessingrinse notdurabilitywashing. LOIGB/T5454-1997JF3 140x52mm,repsunreported. MainTGSTA409PCN2andAIR10CminRT-800Cmass/pan/flowunreported. OwnTableIp6LOI16.9/23.5/24.6/25.4/26.5/25.8. Thermalprosep5explicitgauze0/4TonsetN2324.7/approx261.7AIR297.4/approx222.3,definitionnot5/10massloss so genericTonsetnotT5/T10. OwnFig3p5printedexplicitendpoint800annotationsN2gauze442.3/gauze08.0,MCP15.0/HMM/HCCP0.0;AIRgauze431.4/MCP8.9andreference0.0annotationgroupnotassignAIRgauze0exact0fromcurve. Explicitannotationsnotcurveestimates. Nativeproserawmaterials almostnoresidueafter800ambiguousqualitativenotnumeric0forN2gauze08.0. Mainthermalp5twoownfabricstates4gasconditions;otherdoses1/2/3/5noownnumericthermalresults,held4LOIfacts. MCP/HMM/HCCPpureFR2gaseachreference6held,noownLOI. TableIp6residualcarbon0/25.6/35.4/42.3/47.6/46.6 repeatedflameignitioncharweighingNOTTG;MCPburning54.9alsoNOTTG. Initialgauze3burnchar42.3coincidesgauze4N2TG42.3 butdifferentformula/experimentnotcrosspaired. PureFRorairblowburningnotTG. NoquantwashedLOI/TGadditionalstates. TableIafterflame0controlversusrapidburndescriptionirrelevanttoTGnumeric retainednotrewritten. NominalformulaC41H78Cl2N21O18P3/sourcePClweakband,notassumedhalogenfreefromabstractclaim. Twonativefabricstates/fourgasconditionsapproved;14facts10heldplanned. NoSIcited;original/fulltext/imagesoutsidepublicrepo.",pureflameretardantreference,PureHMMcompound;notcottongauze,,,HMM,held_source_facts,,held_pure_FR_reference_without_own_LOI,journal_article,OwnDOI/title/materials and all primary native/textpages reviewed,,,,,,,held_outside_verified_target,,HMM,,,,,,,,,,,,,,,,,,,,,,,,,,,,,,,,,"NativeWiley2016,133:e43555,9PDFpages",,,,,Ownsynthesisp2-3/thermalFig3p5,,,,"OwnprintedFig3andprose,pureFRnottextile;notburnchar54.9",,,,,,air,10,,,Synthesis of a melamine‐cyclotriphosphazene derivative and its application as flame retardant on cotton gauze,https://doi.org/10.1002/app.43555,,No SI cited in complete primary,,,,2016
10.1002/app.43555,,NoownpureFRLOI;TableIcottongauzeonly,,,,,,,,,,,,,,,,,,,,,OwnFig3PDFp5pureFRcurves,,,,,,,,,,"PureHCCPcompound,noownLOI",Raw source facts only,2026-10-02,Codex complete primary native/text pages; one primary reviewer,,Journal of Applied Polymer Science,"All9native/textpages read. Own medicalabsorbentcottongauzefromdrugstore,arealmass/weaveunreported;native21s/110texwarp100texweftper10cm2retainoddunitwordingnotconvert. InitialDIwithdetergentpretreatmenttemp/time/doseunreported,distilledrinseairdryroomtemp. MCPetherizedHMMM/HCCP exactmethodp2-3: HMMM12g/K2CO38.28g.06molTBAB1mg50mLTHF,HCCP3.47g.01mol50mLTHFadded2h,N2RT12hthenreflux24h,methanol6mLthenreflux24h;vacuum40C72hproductdry,notfabrics. Gauze0/1/2/3/4/5bath0/5/10/15/20/25wtpercentMCPaqueous,dipRT1h,glassplate60C1hdry80C15mincure,DIwater10h80C15mindry;washweighing2or3timesnotassignedfixedcount,initialprocessingrinse notdurabilitywashing. LOIGB/T5454-1997JF3 140x52mm,repsunreported. MainTGSTA409PCN2andAIR10CminRT-800Cmass/pan/flowunreported. OwnTableIp6LOI16.9/23.5/24.6/25.4/26.5/25.8. Thermalprosep5explicitgauze0/4TonsetN2324.7/approx261.7AIR297.4/approx222.3,definitionnot5/10massloss so genericTonsetnotT5/T10. OwnFig3p5printedexplicitendpoint800annotationsN2gauze442.3/gauze08.0,MCP15.0/HMM/HCCP0.0;AIRgauze431.4/MCP8.9andreference0.0annotationgroupnotassignAIRgauze0exact0fromcurve. Explicitannotationsnotcurveestimates. Nativeproserawmaterials almostnoresidueafter800ambiguousqualitativenotnumeric0forN2gauze08.0. Mainthermalp5twoownfabricstates4gasconditions;otherdoses1/2/3/5noownnumericthermalresults,held4LOIfacts. MCP/HMM/HCCPpureFR2gaseachreference6held,noownLOI. TableIp6residualcarbon0/25.6/35.4/42.3/47.6/46.6 repeatedflameignitioncharweighingNOTTG;MCPburning54.9alsoNOTTG. Initialgauze3burnchar42.3coincidesgauze4N2TG42.3 butdifferentformula/experimentnotcrosspaired. PureFRorairblowburningnotTG. NoquantwashedLOI/TGadditionalstates. TableIafterflame0controlversusrapidburndescriptionirrelevanttoTGnumeric retainednotrewritten. NominalformulaC41H78Cl2N21O18P3/sourcePClweakband,notassumedhalogenfreefromabstractclaim. Twonativefabricstates/fourgasconditionsapproved;14facts10heldplanned. NoSIcited;original/fulltext/imagesoutsidepublicrepo.",pureflameretardantreference,PureHCCPcompound;notcottongauze,,,HCCP,held_source_facts,,held_pure_FR_reference_without_own_LOI,journal_article,OwnDOI/title/materials and all primary native/textpages reviewed,,,,,,,held_outside_verified_target,,HCCP,,,,,,,,,,,,,,,,,,,,,,,,,,,,,,,,,"NativeWiley2016,133:e43555,9PDFpages",,,,,Ownsynthesisp2-3/thermalFig3p5,,,,"OwnprintedFig3andprose,pureFRnottextile;notburnchar54.9",,,,,,N2,10,,,Synthesis of a melamine‐cyclotriphosphazene derivative and its application as flame retardant on cotton gauze,https://doi.org/10.1002/app.43555,,No SI cited in complete primary,,,,2016
10.1002/app.43555,,NoownpureFRLOI;TableIcottongauzeonly,,,,,,,,,,,,,,,,,,,,,OwnFig3PDFp5pureFRcurves,,,,,,,,,,"PureHCCPcompound,noownLOI",Raw source facts only,2026-10-02,Codex complete primary native/text pages; one primary reviewer,,Journal of Applied Polymer Science,"All9native/textpages read. Own medicalabsorbentcottongauzefromdrugstore,arealmass/weaveunreported;native21s/110texwarp100texweftper10cm2retainoddunitwordingnotconvert. InitialDIwithdetergentpretreatmenttemp/time/doseunreported,distilledrinseairdryroomtemp. MCPetherizedHMMM/HCCP exactmethodp2-3: HMMM12g/K2CO38.28g.06molTBAB1mg50mLTHF,HCCP3.47g.01mol50mLTHFadded2h,N2RT12hthenreflux24h,methanol6mLthenreflux24h;vacuum40C72hproductdry,notfabrics. Gauze0/1/2/3/4/5bath0/5/10/15/20/25wtpercentMCPaqueous,dipRT1h,glassplate60C1hdry80C15mincure,DIwater10h80C15mindry;washweighing2or3timesnotassignedfixedcount,initialprocessingrinse notdurabilitywashing. LOIGB/T5454-1997JF3 140x52mm,repsunreported. MainTGSTA409PCN2andAIR10CminRT-800Cmass/pan/flowunreported. OwnTableIp6LOI16.9/23.5/24.6/25.4/26.5/25.8. Thermalprosep5explicitgauze0/4TonsetN2324.7/approx261.7AIR297.4/approx222.3,definitionnot5/10massloss so genericTonsetnotT5/T10. OwnFig3p5printedexplicitendpoint800annotationsN2gauze442.3/gauze08.0,MCP15.0/HMM/HCCP0.0;AIRgauze431.4/MCP8.9andreference0.0annotationgroupnotassignAIRgauze0exact0fromcurve. Explicitannotationsnotcurveestimates. Nativeproserawmaterials almostnoresidueafter800ambiguousqualitativenotnumeric0forN2gauze08.0. Mainthermalp5twoownfabricstates4gasconditions;otherdoses1/2/3/5noownnumericthermalresults,held4LOIfacts. MCP/HMM/HCCPpureFR2gaseachreference6held,noownLOI. TableIp6residualcarbon0/25.6/35.4/42.3/47.6/46.6 repeatedflameignitioncharweighingNOTTG;MCPburning54.9alsoNOTTG. Initialgauze3burnchar42.3coincidesgauze4N2TG42.3 butdifferentformula/experimentnotcrosspaired. PureFRorairblowburningnotTG. NoquantwashedLOI/TGadditionalstates. TableIafterflame0controlversusrapidburndescriptionirrelevanttoTGnumeric retainednotrewritten. NominalformulaC41H78Cl2N21O18P3/sourcePClweakband,notassumedhalogenfreefromabstractclaim. Twonativefabricstates/fourgasconditionsapproved;14facts10heldplanned. NoSIcited;original/fulltext/imagesoutsidepublicrepo.",pureflameretardantreference,PureHCCPcompound;notcottongauze,,,HCCP,held_source_facts,,held_pure_FR_reference_without_own_LOI,journal_article,OwnDOI/title/materials and all primary native/textpages reviewed,,,,,,,held_outside_verified_target,,HCCP,,,,,,,,,,,,,,,,,,,,,,,,,,,,,,,,,"NativeWiley2016,133:e43555,9PDFpages",,,,,Ownsynthesisp2-3/thermalFig3p5,,,,"OwnprintedFig3andprose,pureFRnottextile;notburnchar54.9",,,,,,air,10,,,Synthesis of a melamine‐cyclotriphosphazene derivative and its application as flame retardant on cotton gauze,https://doi.org/10.1002/app.43555,,No SI cited in complete primary,,,,2016
