DOI,LOI_instrument,LOI_locator,LOI_pct,LOI_sample_dimensions_mm,LOI_standard,R400_pct,R500_pct,R550_pct,R600_pct,R650_pct,R700_pct,R750_pct,R800_pct,T10_C,T1_C,T20_C,T40_C,T50_C,T5_C,T80_C,TGA_gas_flow_mL_min,TGA_instrument,TG_end_C,TG_locator,TG_start_C,Tmax1_C,Tmax2_C,Tmax3_C,Tmax4_C,Tonset_C,atmosphere,char_pct,char_temp_C,composition,direct_numeric_use,evidence_reviewed_at,evidence_reviewed_by,heating_rate_C_min,journal,limitations,material_category,material_form,material_form_LOI,material_form_TGA,native_sample_label,numeric_evidence_type,pairing_evidence,pairing_status,publication_type,publication_type_evidence,residue_at_Tmax1_pct,residue_at_Tmax2_pct,residue_at_Tmax3_pct,residue_at_Tmax_pct,residue_pct,residue_temp_C,review_disposition,reviewed_measurement_fingerprint,sample_state,source_COT_PA_urea_mass_ratio,source_GR_definition,source_GR_pct,source_ISPA_bath_wt_pct,source_ISPA_identity,source_LOI_dimensions_repeats,source_LOI_repeats,source_SI4_initial_rounded_LOI_pct,source_SI5_label_conflict,source_T10_definition,source_TG_pan,source_TG_sample_mass_range_mg,source_Vmax_unit,source_cure_C,source_cyanuricacid_bath_wt_pct,source_document_version,source_generic_degradation_begin_C,source_graft_C,source_graft_time_min,source_location,source_main_TG_mass_pan_flow_range,source_native_Vmax1,source_native_Vmax2,source_native_domestic_equivalent_LCs,source_orthogonal_trial,source_phosphoricacid_bath_wt_pct,source_printed_TG_annotations,source_threshold_definition,source_title,source_url,source_wash_method,supplement_review_status,treatment_method,treatment_state,washing_state,year
10.1007/s12221-015-0388-z,JF3Jiangning,OwnTable2PDFp4printed391/Table3p5printed392,18.7,130x60,ASTM-D2863-09,,,,0.1,,,,,,,,,,,,50,Pyris1PerkinElmer,800,OwnprintednumericFig2PDFp5printed392andthermalprosep6printed393;mainmethodp3printed390,50,350,525,,,,N2,0.1,600,Cotton261gm2control,TG+LOI,2026-10-02,Codex complete primary native/text pages; one primary reviewer,10,Fibers and Polymers,"All9native/textpagesread;FibersandPolymers2015,16(2):388-396,paperprintedpage387+PDFpage. Purecotton261gm2JiulongClothIndustrySuzhou,weaveunreported. ISPAimidazolespirocyclicphosphoramidateC10H14O6N4P2source synthesis/elementalanalysis,notunreactedSPDPC. FactorTable1PDFp3ISPA10/15/20/25/30wtpercent,phosphoricacid0/.5/1/1.5/2wtpercent,cyanuricacid0/.5/1/1.5/2wtpercent,cure140/150/160/170/180C;ownTable2p4twentyfiveorthogonaltrialcodesallLOI,noneofthemownTG. OptimalA5B4C5D4NOToneof25trials=30percentISPA1.5percentphosphoricacid2percentcyanuricacid170C3mincure,LOI36.6ownTable3p5. ControlLOI18.7Table2p4/Table3p5. Boil10gfabric500mLwater30min,RTdrycompletely,stir300mLfinishingaqueous30minRT,padapprox100percentwetpickup80C5mindry,cure3min;nativewtpercentbasisunreportednotdryaddon/compositemass. Initialcontrolwhetherboilpretreatedscopeunresolved,retainownpurecontrol. NoquantdurabilitywashedLOI/TG. MainTGp3Pyris1PerkinElmerN250mL/min10C/min50-800C3-5mgpanunreported;introoxidativetermnotAIRrecord. Explicitp5selectiononlycontrolandoptimalforTG+cone,doNOTpairtrial21/24highLOIwithoptimalTG. LOIp3JF3ASTMD2863-09dims130x60mm,repsunreported;5warp/5weftspecimensbelongsverticalASTMD6413-08notLOI. OwnFig2p5printed392annotationscontrolR6000.1treatedR60030,notcurveestimates;prosecontrolscarcelycharNOTzero. NativeDTGexplicitcontrolTmax1=350/Tmax2=525,optimalTmax1=300,agreeprosep6printed393. Prosefirstdegradationbegincontrol300/optimal168genericnotT5/T10;nativeTGcontrol277C98percent/optimal168C98percentremainingmassare2percentlossannotationsNOTT5/T10,keptrawallnochosenonsetthreshold. Nativeotherannotationscontrol379C21percent/optimal316C53percentretainedraw;notresidueendpoint/temp orT50interpolation. Generic300-380rangepurecontrolnotthreshold. SourceDTGprinted/proseunitspercent/minvsnativeVmaxnotborrowedtoheat rate. TGplotdisplay700-750vs800methodnotR800estimate. Cone154/98kWphrased57percenthigherand4/2.5MJ60percenthighernotTG/LOI;donotfixarithmetichere. All25orthogonalLOIfactsheldplus2ownN2states=27facts25held. NoSIcited,original/image/fulltextpathsremainprivate.",cotton,"Pure cotton fabric,261g/m2,JiulongClothIndustrySuzhou; weave unreported","Pure cotton fabric,261g/m2,JiulongClothIndustrySuzhou; weave unreported","Pure cotton fabric,261g/m2,JiulongClothIndustrySuzhou; weave unreported",Purecotton,explicit_text,"OwnTable2p4/Table3p5LOI18.7control/36.6optimalA5B4C5D4;ownp5explicitselectionONLYcontrolandoptimalforTG. PrintedFig2p5andprosep6DTGcontrol350/525 andoptimal300;printedR6000.1/30areexplicitlabelsnotcurveestimates,controlscarcelycharisnotzero. Mainp3Pyris1N210C/min50-800C50mL/min3-5mg. Sameinitial261gm2cotton,not25orthogonaltrialsorwashedstates. Native98percentmassannotationsnotT5/T10;all9native/textpagesnoSI.",verified_exact,journal_article,OwnDOI/title/materials/all primary native and text pages reviewed,,,,,0.1,600,source_review_approved,48ed50921e0b132ceb26941b67eeb535dc135de614151cdc1fab12657bfd6595,Purecottoncontrol,,,,,,,Unreported;fivewarp/fiveweftspecimensareverticalburningnotLOI,,,,Unreported,3-5,,,,"NativeSpringer2015,16(2):388-396,9PDFpages",300,,,Ownmaterialsp2/recipeTable1methodsp3/LOITable2p4/Table3Fig2p5/thermalp6,,,,,,,277C98percentmass;379C21percentmass;600C0.1percent,Genericprosebeginandnative98percentremainingmassannotationskeptonlyraw;notT5/T10/Tonsetassignment,Enhanced flame retardancy of cotton fabrics with a novel intumescent flame-retardant finishing system,https://doi.org/10.1007/s12221-015-0388-z,,NoSIcitedincompleteprimary,Ownpurecottoncontrol;boilpretreatmentscopeunresolved,Initial own native group,Initial0durabilitycycles;preparationboilnotdurabilitywash,2015
10.1007/s12221-015-0388-z,JF3Jiangning,OwnTable2PDFp4printed391/Table3p5printed392,36.6,130x60,ASTM-D2863-09,,,,30,,,,,,,,,,,,50,Pyris1PerkinElmer,800,OwnprintednumericFig2PDFp5printed392andthermalprosep6printed393;mainmethodp3printed390,50,300,,,,,N2,30,600,Cotton261gm2;ISPA30wtpercent/phosphoricacid1.5wtpercent/cyanuricacid2wtpercentnativefinishingliquid;dryloadingunreported,TG+LOI,2026-10-02,Codex complete primary native/text pages; one primary reviewer,10,Fibers and Polymers,"All9native/textpagesread;FibersandPolymers2015,16(2):388-396,paperprintedpage387+PDFpage. Purecotton261gm2JiulongClothIndustrySuzhou,weaveunreported. ISPAimidazolespirocyclicphosphoramidateC10H14O6N4P2source synthesis/elementalanalysis,notunreactedSPDPC. FactorTable1PDFp3ISPA10/15/20/25/30wtpercent,phosphoricacid0/.5/1/1.5/2wtpercent,cyanuricacid0/.5/1/1.5/2wtpercent,cure140/150/160/170/180C;ownTable2p4twentyfiveorthogonaltrialcodesallLOI,noneofthemownTG. OptimalA5B4C5D4NOToneof25trials=30percentISPA1.5percentphosphoricacid2percentcyanuricacid170C3mincure,LOI36.6ownTable3p5. ControlLOI18.7Table2p4/Table3p5. Boil10gfabric500mLwater30min,RTdrycompletely,stir300mLfinishingaqueous30minRT,padapprox100percentwetpickup80C5mindry,cure3min;nativewtpercentbasisunreportednotdryaddon/compositemass. Initialcontrolwhetherboilpretreatedscopeunresolved,retainownpurecontrol. NoquantdurabilitywashedLOI/TG. MainTGp3Pyris1PerkinElmerN250mL/min10C/min50-800C3-5mgpanunreported;introoxidativetermnotAIRrecord. Explicitp5selectiononlycontrolandoptimalforTG+cone,doNOTpairtrial21/24highLOIwithoptimalTG. LOIp3JF3ASTMD2863-09dims130x60mm,repsunreported;5warp/5weftspecimensbelongsverticalASTMD6413-08notLOI. OwnFig2p5printed392annotationscontrolR6000.1treatedR60030,notcurveestimates;prosecontrolscarcelycharNOTzero. NativeDTGexplicitcontrolTmax1=350/Tmax2=525,optimalTmax1=300,agreeprosep6printed393. Prosefirstdegradationbegincontrol300/optimal168genericnotT5/T10;nativeTGcontrol277C98percent/optimal168C98percentremainingmassare2percentlossannotationsNOTT5/T10,keptrawallnochosenonsetthreshold. Nativeotherannotationscontrol379C21percent/optimal316C53percentretainedraw;notresidueendpoint/temp orT50interpolation. Generic300-380rangepurecontrolnotthreshold. SourceDTGprinted/proseunitspercent/minvsnativeVmaxnotborrowedtoheat rate. TGplotdisplay700-750vs800methodnotR800estimate. Cone154/98kWphrased57percenthigherand4/2.5MJ60percenthighernotTG/LOI;donotfixarithmetichere. All25orthogonalLOIfactsheldplus2ownN2states=27facts25held. NoSIcited,original/image/fulltextpathsremainprivate.",cotton,"Pure cotton fabric,261g/m2,JiulongClothIndustrySuzhou; weave unreported","Pure cotton fabric,261g/m2,JiulongClothIndustrySuzhou; weave unreported","Pure cotton fabric,261g/m2,JiulongClothIndustrySuzhou; weave unreported",OptimalA5B4C5D4,explicit_text,"OwnTable2p4/Table3p5LOI18.7control/36.6optimalA5B4C5D4;ownp5explicitselectionONLYcontrolandoptimalforTG. PrintedFig2p5andprosep6DTGcontrol350/525 andoptimal300;printedR6000.1/30areexplicitlabelsnotcurveestimates,controlscarcelycharisnotzero. Mainp3Pyris1N210C/min50-800C50mL/min3-5mg. Sameinitial261gm2cotton,not25orthogonaltrialsorwashedstates. Native98percentmassannotationsnotT5/T10;all9native/textpagesnoSI.",verified_exact,journal_article,OwnDOI/title/materials/all primary native and text pages reviewed,,,,,30,600,source_review_approved,05926b91eb41988ebd0e3e87697e2aca7f1616b58b53a85799baf7526010a149,ISPAoptimalA5B4C5D4,,,,30,ImidazolespirocyclicphosphoramidateC10H14O6N4P2;notunreactedSPDPC,,Unreported;fivewarp/fiveweftspecimensareverticalburningnotLOI,,,,Unreported,3-5,,170,2,"NativeSpringer2015,16(2):388-396,9PDFpages",168,,,Ownmaterialsp2/recipeTable1methodsp3/LOITable2p4/Table3Fig2p5/thermalp6,,,,,,1.5,168C98percentmass;316C53percentmass;600C30percent,Genericprosebeginandnative98percentremainingmassannotationskeptonlyraw;notT5/T10/Tonsetassignment,Enhanced flame retardancy of cotton fabrics with a novel intumescent flame-retardant finishing system,https://doi.org/10.1007/s12221-015-0388-z,,NoSIcitedincompleteprimary,"10gfabric500mLboilingwater30min,RTdrycompletely;300mLaqueousISPA/phosphoricacid/cyanuricacid30minstirRT,padapprox100percentwetpickup80C5mindry,cure3min;nativewtpercentbasisunreported;optimal170C3mincure",Initial own native group,Initial0durabilitycycles;preparationboilnotdurabilitywash,2015
10.1007/s12221-015-0388-z,JF3Jiangning,OwnTable2PDFp4printed391;subsetduplicateTable3p5notnew,24.9,130x60,ASTM-D2863-09,,,,,,,,,,,,,,,,,,,OwnTGp5-6onlypurecontrol/optimal;orthogonaltrialTGunreported,,,,,,,,,,Cotton261gm2;ISPA10wtpercent/phosphoricacid0wtpercent/cyanuricacid0wtpercentnativefinishingliquid,Raw source facts only,2026-10-02,Codex complete primary native/text pages; one primary reviewer,,Fibers and Polymers,"All9native/textpagesread;FibersandPolymers2015,16(2):388-396,paperprintedpage387+PDFpage. Purecotton261gm2JiulongClothIndustrySuzhou,weaveunreported. ISPAimidazolespirocyclicphosphoramidateC10H14O6N4P2source synthesis/elementalanalysis,notunreactedSPDPC. FactorTable1PDFp3ISPA10/15/20/25/30wtpercent,phosphoricacid0/.5/1/1.5/2wtpercent,cyanuricacid0/.5/1/1.5/2wtpercent,cure140/150/160/170/180C;ownTable2p4twentyfiveorthogonaltrialcodesallLOI,noneofthemownTG. OptimalA5B4C5D4NOToneof25trials=30percentISPA1.5percentphosphoricacid2percentcyanuricacid170C3mincure,LOI36.6ownTable3p5. ControlLOI18.7Table2p4/Table3p5. Boil10gfabric500mLwater30min,RTdrycompletely,stir300mLfinishingaqueous30minRT,padapprox100percentwetpickup80C5mindry,cure3min;nativewtpercentbasisunreportednotdryaddon/compositemass. Initialcontrolwhetherboilpretreatedscopeunresolved,retainownpurecontrol. NoquantdurabilitywashedLOI/TG. MainTGp3Pyris1PerkinElmerN250mL/min10C/min50-800C3-5mgpanunreported;introoxidativetermnotAIRrecord. Explicitp5selectiononlycontrolandoptimalforTG+cone,doNOTpairtrial21/24highLOIwithoptimalTG. LOIp3JF3ASTMD2863-09dims130x60mm,repsunreported;5warp/5weftspecimensbelongsverticalASTMD6413-08notLOI. OwnFig2p5printed392annotationscontrolR6000.1treatedR60030,notcurveestimates;prosecontrolscarcelycharNOTzero. NativeDTGexplicitcontrolTmax1=350/Tmax2=525,optimalTmax1=300,agreeprosep6printed393. Prosefirstdegradationbegincontrol300/optimal168genericnotT5/T10;nativeTGcontrol277C98percent/optimal168C98percentremainingmassare2percentlossannotationsNOTT5/T10,keptrawallnochosenonsetthreshold. Nativeotherannotationscontrol379C21percent/optimal316C53percentretainedraw;notresidueendpoint/temp orT50interpolation. Generic300-380rangepurecontrolnotthreshold. SourceDTGprinted/proseunitspercent/minvsnativeVmaxnotborrowedtoheat rate. TGplotdisplay700-750vs800methodnotR800estimate. Cone154/98kWphrased57percenthigherand4/2.5MJ60percenthighernotTG/LOI;donotfixarithmetichere. All25orthogonalLOIfactsheldplus2ownN2states=27facts25held. NoSIcited,original/image/fulltextpathsremainprivate.",cotton,"Pure cotton fabric,261g/m2,JiulongClothIndustrySuzhou; weave unreported","Pure cotton fabric,261g/m2,JiulongClothIndustrySuzhou; weave unreported",,Trial1;A1B1C1D1,held_source_facts,,held_orthogonal_LOI_without_own_trial_TG,journal_article,OwnDOI/title/materials/all primary native and text pages reviewed,,,,,,,held_outside_verified_target,,ISPAorthogonaltrial1,,,,10,,,,,,,,,,140,0,"NativeSpringer2015,16(2):388-396,9PDFpages",,,,OwnfactorTable1p3/Table2p4/TGselectionp5,,,,,1,0,,,Enhanced flame retardancy of cotton fabrics with a novel intumescent flame-retardant finishing system,https://doi.org/10.1007/s12221-015-0388-z,,NoSIcitedincompleteprimary,"10gfabric500mLboilingwater30min,RTdrycompletely;300mLaqueousISPA/phosphoricacid/cyanuricacid30minstirRT,padapprox100percentwetpickup80C5mindry,cure3min;nativewtpercentbasisunreported;140C3mincure",Initial own orthogonal formulation,Initial0durabilitycycles,2015
10.1007/s12221-015-0388-z,JF3Jiangning,OwnTable2PDFp4printed391;subsetduplicateTable3p5notnew,27.8,130x60,ASTM-D2863-09,,,,,,,,,,,,,,,,,,,OwnTGp5-6onlypurecontrol/optimal;orthogonaltrialTGunreported,,,,,,,,,,Cotton261gm2;ISPA10wtpercent/phosphoricacid0.5wtpercent/cyanuricacid0.5wtpercentnativefinishingliquid,Raw source facts only,2026-10-02,Codex complete primary native/text pages; one primary reviewer,,Fibers and Polymers,"All9native/textpagesread;FibersandPolymers2015,16(2):388-396,paperprintedpage387+PDFpage. Purecotton261gm2JiulongClothIndustrySuzhou,weaveunreported. ISPAimidazolespirocyclicphosphoramidateC10H14O6N4P2source synthesis/elementalanalysis,notunreactedSPDPC. FactorTable1PDFp3ISPA10/15/20/25/30wtpercent,phosphoricacid0/.5/1/1.5/2wtpercent,cyanuricacid0/.5/1/1.5/2wtpercent,cure140/150/160/170/180C;ownTable2p4twentyfiveorthogonaltrialcodesallLOI,noneofthemownTG. OptimalA5B4C5D4NOToneof25trials=30percentISPA1.5percentphosphoricacid2percentcyanuricacid170C3mincure,LOI36.6ownTable3p5. ControlLOI18.7Table2p4/Table3p5. Boil10gfabric500mLwater30min,RTdrycompletely,stir300mLfinishingaqueous30minRT,padapprox100percentwetpickup80C5mindry,cure3min;nativewtpercentbasisunreportednotdryaddon/compositemass. Initialcontrolwhetherboilpretreatedscopeunresolved,retainownpurecontrol. NoquantdurabilitywashedLOI/TG. MainTGp3Pyris1PerkinElmerN250mL/min10C/min50-800C3-5mgpanunreported;introoxidativetermnotAIRrecord. Explicitp5selectiononlycontrolandoptimalforTG+cone,doNOTpairtrial21/24highLOIwithoptimalTG. LOIp3JF3ASTMD2863-09dims130x60mm,repsunreported;5warp/5weftspecimensbelongsverticalASTMD6413-08notLOI. OwnFig2p5printed392annotationscontrolR6000.1treatedR60030,notcurveestimates;prosecontrolscarcelycharNOTzero. NativeDTGexplicitcontrolTmax1=350/Tmax2=525,optimalTmax1=300,agreeprosep6printed393. Prosefirstdegradationbegincontrol300/optimal168genericnotT5/T10;nativeTGcontrol277C98percent/optimal168C98percentremainingmassare2percentlossannotationsNOTT5/T10,keptrawallnochosenonsetthreshold. Nativeotherannotationscontrol379C21percent/optimal316C53percentretainedraw;notresidueendpoint/temp orT50interpolation. Generic300-380rangepurecontrolnotthreshold. SourceDTGprinted/proseunitspercent/minvsnativeVmaxnotborrowedtoheat rate. TGplotdisplay700-750vs800methodnotR800estimate. Cone154/98kWphrased57percenthigherand4/2.5MJ60percenthighernotTG/LOI;donotfixarithmetichere. All25orthogonalLOIfactsheldplus2ownN2states=27facts25held. NoSIcited,original/image/fulltextpathsremainprivate.",cotton,"Pure cotton fabric,261g/m2,JiulongClothIndustrySuzhou; weave unreported","Pure cotton fabric,261g/m2,JiulongClothIndustrySuzhou; weave unreported",,Trial2;A1B2C2D2,held_source_facts,,held_orthogonal_LOI_without_own_trial_TG,journal_article,OwnDOI/title/materials/all primary native and text pages reviewed,,,,,,,held_outside_verified_target,,ISPAorthogonaltrial2,,,,10,,,,,,,,,,150,0.5,"NativeSpringer2015,16(2):388-396,9PDFpages",,,,OwnfactorTable1p3/Table2p4/TGselectionp5,,,,,2,0.5,,,Enhanced flame retardancy of cotton fabrics with a novel intumescent flame-retardant finishing system,https://doi.org/10.1007/s12221-015-0388-z,,NoSIcitedincompleteprimary,"10gfabric500mLboilingwater30min,RTdrycompletely;300mLaqueousISPA/phosphoricacid/cyanuricacid30minstirRT,padapprox100percentwetpickup80C5mindry,cure3min;nativewtpercentbasisunreported;150C3mincure",Initial own orthogonal formulation,Initial0durabilitycycles,2015
10.1007/s12221-015-0388-z,JF3Jiangning,OwnTable2PDFp4printed391;subsetduplicateTable3p5notnew,29.8,130x60,ASTM-D2863-09,,,,,,,,,,,,,,,,,,,OwnTGp5-6onlypurecontrol/optimal;orthogonaltrialTGunreported,,,,,,,,,,Cotton261gm2;ISPA10wtpercent/phosphoricacid1wtpercent/cyanuricacid1wtpercentnativefinishingliquid,Raw source facts only,2026-10-02,Codex complete primary native/text pages; one primary reviewer,,Fibers and Polymers,"All9native/textpagesread;FibersandPolymers2015,16(2):388-396,paperprintedpage387+PDFpage. Purecotton261gm2JiulongClothIndustrySuzhou,weaveunreported. ISPAimidazolespirocyclicphosphoramidateC10H14O6N4P2source synthesis/elementalanalysis,notunreactedSPDPC. FactorTable1PDFp3ISPA10/15/20/25/30wtpercent,phosphoricacid0/.5/1/1.5/2wtpercent,cyanuricacid0/.5/1/1.5/2wtpercent,cure140/150/160/170/180C;ownTable2p4twentyfiveorthogonaltrialcodesallLOI,noneofthemownTG. OptimalA5B4C5D4NOToneof25trials=30percentISPA1.5percentphosphoricacid2percentcyanuricacid170C3mincure,LOI36.6ownTable3p5. ControlLOI18.7Table2p4/Table3p5. Boil10gfabric500mLwater30min,RTdrycompletely,stir300mLfinishingaqueous30minRT,padapprox100percentwetpickup80C5mindry,cure3min;nativewtpercentbasisunreportednotdryaddon/compositemass. Initialcontrolwhetherboilpretreatedscopeunresolved,retainownpurecontrol. NoquantdurabilitywashedLOI/TG. MainTGp3Pyris1PerkinElmerN250mL/min10C/min50-800C3-5mgpanunreported;introoxidativetermnotAIRrecord. Explicitp5selectiononlycontrolandoptimalforTG+cone,doNOTpairtrial21/24highLOIwithoptimalTG. LOIp3JF3ASTMD2863-09dims130x60mm,repsunreported;5warp/5weftspecimensbelongsverticalASTMD6413-08notLOI. OwnFig2p5printed392annotationscontrolR6000.1treatedR60030,notcurveestimates;prosecontrolscarcelycharNOTzero. NativeDTGexplicitcontrolTmax1=350/Tmax2=525,optimalTmax1=300,agreeprosep6printed393. Prosefirstdegradationbegincontrol300/optimal168genericnotT5/T10;nativeTGcontrol277C98percent/optimal168C98percentremainingmassare2percentlossannotationsNOTT5/T10,keptrawallnochosenonsetthreshold. Nativeotherannotationscontrol379C21percent/optimal316C53percentretainedraw;notresidueendpoint/temp orT50interpolation. Generic300-380rangepurecontrolnotthreshold. SourceDTGprinted/proseunitspercent/minvsnativeVmaxnotborrowedtoheat rate. TGplotdisplay700-750vs800methodnotR800estimate. Cone154/98kWphrased57percenthigherand4/2.5MJ60percenthighernotTG/LOI;donotfixarithmetichere. All25orthogonalLOIfactsheldplus2ownN2states=27facts25held. NoSIcited,original/image/fulltextpathsremainprivate.",cotton,"Pure cotton fabric,261g/m2,JiulongClothIndustrySuzhou; weave unreported","Pure cotton fabric,261g/m2,JiulongClothIndustrySuzhou; weave unreported",,Trial3;A1B3C3D3,held_source_facts,,held_orthogonal_LOI_without_own_trial_TG,journal_article,OwnDOI/title/materials/all primary native and text pages reviewed,,,,,,,held_outside_verified_target,,ISPAorthogonaltrial3,,,,10,,,,,,,,,,160,1,"NativeSpringer2015,16(2):388-396,9PDFpages",,,,OwnfactorTable1p3/Table2p4/TGselectionp5,,,,,3,1,,,Enhanced flame retardancy of cotton fabrics with a novel intumescent flame-retardant finishing system,https://doi.org/10.1007/s12221-015-0388-z,,NoSIcitedincompleteprimary,"10gfabric500mLboilingwater30min,RTdrycompletely;300mLaqueousISPA/phosphoricacid/cyanuricacid30minstirRT,padapprox100percentwetpickup80C5mindry,cure3min;nativewtpercentbasisunreported;160C3mincure",Initial own orthogonal formulation,Initial0durabilitycycles,2015
10.1007/s12221-015-0388-z,JF3Jiangning,OwnTable2PDFp4printed391;subsetduplicateTable3p5notnew,30.1,130x60,ASTM-D2863-09,,,,,,,,,,,,,,,,,,,OwnTGp5-6onlypurecontrol/optimal;orthogonaltrialTGunreported,,,,,,,,,,Cotton261gm2;ISPA10wtpercent/phosphoricacid1.5wtpercent/cyanuricacid1.5wtpercentnativefinishingliquid,Raw source facts only,2026-10-02,Codex complete primary native/text pages; one primary reviewer,,Fibers and Polymers,"All9native/textpagesread;FibersandPolymers2015,16(2):388-396,paperprintedpage387+PDFpage. Purecotton261gm2JiulongClothIndustrySuzhou,weaveunreported. ISPAimidazolespirocyclicphosphoramidateC10H14O6N4P2source synthesis/elementalanalysis,notunreactedSPDPC. FactorTable1PDFp3ISPA10/15/20/25/30wtpercent,phosphoricacid0/.5/1/1.5/2wtpercent,cyanuricacid0/.5/1/1.5/2wtpercent,cure140/150/160/170/180C;ownTable2p4twentyfiveorthogonaltrialcodesallLOI,noneofthemownTG. OptimalA5B4C5D4NOToneof25trials=30percentISPA1.5percentphosphoricacid2percentcyanuricacid170C3mincure,LOI36.6ownTable3p5. ControlLOI18.7Table2p4/Table3p5. Boil10gfabric500mLwater30min,RTdrycompletely,stir300mLfinishingaqueous30minRT,padapprox100percentwetpickup80C5mindry,cure3min;nativewtpercentbasisunreportednotdryaddon/compositemass. Initialcontrolwhetherboilpretreatedscopeunresolved,retainownpurecontrol. NoquantdurabilitywashedLOI/TG. MainTGp3Pyris1PerkinElmerN250mL/min10C/min50-800C3-5mgpanunreported;introoxidativetermnotAIRrecord. Explicitp5selectiononlycontrolandoptimalforTG+cone,doNOTpairtrial21/24highLOIwithoptimalTG. LOIp3JF3ASTMD2863-09dims130x60mm,repsunreported;5warp/5weftspecimensbelongsverticalASTMD6413-08notLOI. OwnFig2p5printed392annotationscontrolR6000.1treatedR60030,notcurveestimates;prosecontrolscarcelycharNOTzero. NativeDTGexplicitcontrolTmax1=350/Tmax2=525,optimalTmax1=300,agreeprosep6printed393. Prosefirstdegradationbegincontrol300/optimal168genericnotT5/T10;nativeTGcontrol277C98percent/optimal168C98percentremainingmassare2percentlossannotationsNOTT5/T10,keptrawallnochosenonsetthreshold. Nativeotherannotationscontrol379C21percent/optimal316C53percentretainedraw;notresidueendpoint/temp orT50interpolation. Generic300-380rangepurecontrolnotthreshold. SourceDTGprinted/proseunitspercent/minvsnativeVmaxnotborrowedtoheat rate. TGplotdisplay700-750vs800methodnotR800estimate. Cone154/98kWphrased57percenthigherand4/2.5MJ60percenthighernotTG/LOI;donotfixarithmetichere. All25orthogonalLOIfactsheldplus2ownN2states=27facts25held. NoSIcited,original/image/fulltextpathsremainprivate.",cotton,"Pure cotton fabric,261g/m2,JiulongClothIndustrySuzhou; weave unreported","Pure cotton fabric,261g/m2,JiulongClothIndustrySuzhou; weave unreported",,Trial4;A1B4C4D4,held_source_facts,,held_orthogonal_LOI_without_own_trial_TG,journal_article,OwnDOI/title/materials/all primary native and text pages reviewed,,,,,,,held_outside_verified_target,,ISPAorthogonaltrial4,,,,10,,,,,,,,,,170,1.5,"NativeSpringer2015,16(2):388-396,9PDFpages",,,,OwnfactorTable1p3/Table2p4/TGselectionp5,,,,,4,1.5,,,Enhanced flame retardancy of cotton fabrics with a novel intumescent flame-retardant finishing system,https://doi.org/10.1007/s12221-015-0388-z,,NoSIcitedincompleteprimary,"10gfabric500mLboilingwater30min,RTdrycompletely;300mLaqueousISPA/phosphoricacid/cyanuricacid30minstirRT,padapprox100percentwetpickup80C5mindry,cure3min;nativewtpercentbasisunreported;170C3mincure",Initial own orthogonal formulation,Initial0durabilitycycles,2015
10.1007/s12221-015-0388-z,JF3Jiangning,OwnTable2PDFp4printed391;subsetduplicateTable3p5notnew,29.5,130x60,ASTM-D2863-09,,,,,,,,,,,,,,,,,,,OwnTGp5-6onlypurecontrol/optimal;orthogonaltrialTGunreported,,,,,,,,,,Cotton261gm2;ISPA10wtpercent/phosphoricacid2wtpercent/cyanuricacid2wtpercentnativefinishingliquid,Raw source facts only,2026-10-02,Codex complete primary native/text pages; one primary reviewer,,Fibers and Polymers,"All9native/textpagesread;FibersandPolymers2015,16(2):388-396,paperprintedpage387+PDFpage. Purecotton261gm2JiulongClothIndustrySuzhou,weaveunreported. ISPAimidazolespirocyclicphosphoramidateC10H14O6N4P2source synthesis/elementalanalysis,notunreactedSPDPC. FactorTable1PDFp3ISPA10/15/20/25/30wtpercent,phosphoricacid0/.5/1/1.5/2wtpercent,cyanuricacid0/.5/1/1.5/2wtpercent,cure140/150/160/170/180C;ownTable2p4twentyfiveorthogonaltrialcodesallLOI,noneofthemownTG. OptimalA5B4C5D4NOToneof25trials=30percentISPA1.5percentphosphoricacid2percentcyanuricacid170C3mincure,LOI36.6ownTable3p5. ControlLOI18.7Table2p4/Table3p5. Boil10gfabric500mLwater30min,RTdrycompletely,stir300mLfinishingaqueous30minRT,padapprox100percentwetpickup80C5mindry,cure3min;nativewtpercentbasisunreportednotdryaddon/compositemass. Initialcontrolwhetherboilpretreatedscopeunresolved,retainownpurecontrol. NoquantdurabilitywashedLOI/TG. MainTGp3Pyris1PerkinElmerN250mL/min10C/min50-800C3-5mgpanunreported;introoxidativetermnotAIRrecord. Explicitp5selectiononlycontrolandoptimalforTG+cone,doNOTpairtrial21/24highLOIwithoptimalTG. LOIp3JF3ASTMD2863-09dims130x60mm,repsunreported;5warp/5weftspecimensbelongsverticalASTMD6413-08notLOI. OwnFig2p5printed392annotationscontrolR6000.1treatedR60030,notcurveestimates;prosecontrolscarcelycharNOTzero. NativeDTGexplicitcontrolTmax1=350/Tmax2=525,optimalTmax1=300,agreeprosep6printed393. Prosefirstdegradationbegincontrol300/optimal168genericnotT5/T10;nativeTGcontrol277C98percent/optimal168C98percentremainingmassare2percentlossannotationsNOTT5/T10,keptrawallnochosenonsetthreshold. Nativeotherannotationscontrol379C21percent/optimal316C53percentretainedraw;notresidueendpoint/temp orT50interpolation. Generic300-380rangepurecontrolnotthreshold. SourceDTGprinted/proseunitspercent/minvsnativeVmaxnotborrowedtoheat rate. TGplotdisplay700-750vs800methodnotR800estimate. Cone154/98kWphrased57percenthigherand4/2.5MJ60percenthighernotTG/LOI;donotfixarithmetichere. All25orthogonalLOIfactsheldplus2ownN2states=27facts25held. NoSIcited,original/image/fulltextpathsremainprivate.",cotton,"Pure cotton fabric,261g/m2,JiulongClothIndustrySuzhou; weave unreported","Pure cotton fabric,261g/m2,JiulongClothIndustrySuzhou; weave unreported",,Trial5;A1B5C5D5,held_source_facts,,held_orthogonal_LOI_without_own_trial_TG,journal_article,OwnDOI/title/materials/all primary native and text pages reviewed,,,,,,,held_outside_verified_target,,ISPAorthogonaltrial5,,,,10,,,,,,,,,,180,2,"NativeSpringer2015,16(2):388-396,9PDFpages",,,,OwnfactorTable1p3/Table2p4/TGselectionp5,,,,,5,2,,,Enhanced flame retardancy of cotton fabrics with a novel intumescent flame-retardant finishing system,https://doi.org/10.1007/s12221-015-0388-z,,NoSIcitedincompleteprimary,"10gfabric500mLboilingwater30min,RTdrycompletely;300mLaqueousISPA/phosphoricacid/cyanuricacid30minstirRT,padapprox100percentwetpickup80C5mindry,cure3min;nativewtpercentbasisunreported;180C3mincure",Initial own orthogonal formulation,Initial0durabilitycycles,2015
10.1007/s12221-015-0388-z,JF3Jiangning,OwnTable2PDFp4printed391;subsetduplicateTable3p5notnew,26.2,130x60,ASTM-D2863-09,,,,,,,,,,,,,,,,,,,OwnTGp5-6onlypurecontrol/optimal;orthogonaltrialTGunreported,,,,,,,,,,Cotton261gm2;ISPA15wtpercent/phosphoricacid0wtpercent/cyanuricacid0.5wtpercentnativefinishingliquid,Raw source facts only,2026-10-02,Codex complete primary native/text pages; one primary reviewer,,Fibers and Polymers,"All9native/textpagesread;FibersandPolymers2015,16(2):388-396,paperprintedpage387+PDFpage. Purecotton261gm2JiulongClothIndustrySuzhou,weaveunreported. ISPAimidazolespirocyclicphosphoramidateC10H14O6N4P2source synthesis/elementalanalysis,notunreactedSPDPC. FactorTable1PDFp3ISPA10/15/20/25/30wtpercent,phosphoricacid0/.5/1/1.5/2wtpercent,cyanuricacid0/.5/1/1.5/2wtpercent,cure140/150/160/170/180C;ownTable2p4twentyfiveorthogonaltrialcodesallLOI,noneofthemownTG. OptimalA5B4C5D4NOToneof25trials=30percentISPA1.5percentphosphoricacid2percentcyanuricacid170C3mincure,LOI36.6ownTable3p5. ControlLOI18.7Table2p4/Table3p5. Boil10gfabric500mLwater30min,RTdrycompletely,stir300mLfinishingaqueous30minRT,padapprox100percentwetpickup80C5mindry,cure3min;nativewtpercentbasisunreportednotdryaddon/compositemass. Initialcontrolwhetherboilpretreatedscopeunresolved,retainownpurecontrol. NoquantdurabilitywashedLOI/TG. MainTGp3Pyris1PerkinElmerN250mL/min10C/min50-800C3-5mgpanunreported;introoxidativetermnotAIRrecord. Explicitp5selectiononlycontrolandoptimalforTG+cone,doNOTpairtrial21/24highLOIwithoptimalTG. LOIp3JF3ASTMD2863-09dims130x60mm,repsunreported;5warp/5weftspecimensbelongsverticalASTMD6413-08notLOI. OwnFig2p5printed392annotationscontrolR6000.1treatedR60030,notcurveestimates;prosecontrolscarcelycharNOTzero. NativeDTGexplicitcontrolTmax1=350/Tmax2=525,optimalTmax1=300,agreeprosep6printed393. Prosefirstdegradationbegincontrol300/optimal168genericnotT5/T10;nativeTGcontrol277C98percent/optimal168C98percentremainingmassare2percentlossannotationsNOTT5/T10,keptrawallnochosenonsetthreshold. Nativeotherannotationscontrol379C21percent/optimal316C53percentretainedraw;notresidueendpoint/temp orT50interpolation. Generic300-380rangepurecontrolnotthreshold. SourceDTGprinted/proseunitspercent/minvsnativeVmaxnotborrowedtoheat rate. TGplotdisplay700-750vs800methodnotR800estimate. Cone154/98kWphrased57percenthigherand4/2.5MJ60percenthighernotTG/LOI;donotfixarithmetichere. All25orthogonalLOIfactsheldplus2ownN2states=27facts25held. NoSIcited,original/image/fulltextpathsremainprivate.",cotton,"Pure cotton fabric,261g/m2,JiulongClothIndustrySuzhou; weave unreported","Pure cotton fabric,261g/m2,JiulongClothIndustrySuzhou; weave unreported",,Trial6;A2B1C2D3,held_source_facts,,held_orthogonal_LOI_without_own_trial_TG,journal_article,OwnDOI/title/materials/all primary native and text pages reviewed,,,,,,,held_outside_verified_target,,ISPAorthogonaltrial6,,,,15,,,,,,,,,,160,0.5,"NativeSpringer2015,16(2):388-396,9PDFpages",,,,OwnfactorTable1p3/Table2p4/TGselectionp5,,,,,6,0,,,Enhanced flame retardancy of cotton fabrics with a novel intumescent flame-retardant finishing system,https://doi.org/10.1007/s12221-015-0388-z,,NoSIcitedincompleteprimary,"10gfabric500mLboilingwater30min,RTdrycompletely;300mLaqueousISPA/phosphoricacid/cyanuricacid30minstirRT,padapprox100percentwetpickup80C5mindry,cure3min;nativewtpercentbasisunreported;160C3mincure",Initial own orthogonal formulation,Initial0durabilitycycles,2015
10.1007/s12221-015-0388-z,JF3Jiangning,OwnTable2PDFp4printed391;subsetduplicateTable3p5notnew,26.6,130x60,ASTM-D2863-09,,,,,,,,,,,,,,,,,,,OwnTGp5-6onlypurecontrol/optimal;orthogonaltrialTGunreported,,,,,,,,,,Cotton261gm2;ISPA15wtpercent/phosphoricacid0.5wtpercent/cyanuricacid1wtpercentnativefinishingliquid,Raw source facts only,2026-10-02,Codex complete primary native/text pages; one primary reviewer,,Fibers and Polymers,"All9native/textpagesread;FibersandPolymers2015,16(2):388-396,paperprintedpage387+PDFpage. Purecotton261gm2JiulongClothIndustrySuzhou,weaveunreported. ISPAimidazolespirocyclicphosphoramidateC10H14O6N4P2source synthesis/elementalanalysis,notunreactedSPDPC. FactorTable1PDFp3ISPA10/15/20/25/30wtpercent,phosphoricacid0/.5/1/1.5/2wtpercent,cyanuricacid0/.5/1/1.5/2wtpercent,cure140/150/160/170/180C;ownTable2p4twentyfiveorthogonaltrialcodesallLOI,noneofthemownTG. OptimalA5B4C5D4NOToneof25trials=30percentISPA1.5percentphosphoricacid2percentcyanuricacid170C3mincure,LOI36.6ownTable3p5. ControlLOI18.7Table2p4/Table3p5. Boil10gfabric500mLwater30min,RTdrycompletely,stir300mLfinishingaqueous30minRT,padapprox100percentwetpickup80C5mindry,cure3min;nativewtpercentbasisunreportednotdryaddon/compositemass. Initialcontrolwhetherboilpretreatedscopeunresolved,retainownpurecontrol. NoquantdurabilitywashedLOI/TG. MainTGp3Pyris1PerkinElmerN250mL/min10C/min50-800C3-5mgpanunreported;introoxidativetermnotAIRrecord. Explicitp5selectiononlycontrolandoptimalforTG+cone,doNOTpairtrial21/24highLOIwithoptimalTG. LOIp3JF3ASTMD2863-09dims130x60mm,repsunreported;5warp/5weftspecimensbelongsverticalASTMD6413-08notLOI. OwnFig2p5printed392annotationscontrolR6000.1treatedR60030,notcurveestimates;prosecontrolscarcelycharNOTzero. NativeDTGexplicitcontrolTmax1=350/Tmax2=525,optimalTmax1=300,agreeprosep6printed393. Prosefirstdegradationbegincontrol300/optimal168genericnotT5/T10;nativeTGcontrol277C98percent/optimal168C98percentremainingmassare2percentlossannotationsNOTT5/T10,keptrawallnochosenonsetthreshold. Nativeotherannotationscontrol379C21percent/optimal316C53percentretainedraw;notresidueendpoint/temp orT50interpolation. Generic300-380rangepurecontrolnotthreshold. SourceDTGprinted/proseunitspercent/minvsnativeVmaxnotborrowedtoheat rate. TGplotdisplay700-750vs800methodnotR800estimate. Cone154/98kWphrased57percenthigherand4/2.5MJ60percenthighernotTG/LOI;donotfixarithmetichere. All25orthogonalLOIfactsheldplus2ownN2states=27facts25held. NoSIcited,original/image/fulltextpathsremainprivate.",cotton,"Pure cotton fabric,261g/m2,JiulongClothIndustrySuzhou; weave unreported","Pure cotton fabric,261g/m2,JiulongClothIndustrySuzhou; weave unreported",,Trial7;A2B2C3D4,held_source_facts,,held_orthogonal_LOI_without_own_trial_TG,journal_article,OwnDOI/title/materials/all primary native and text pages reviewed,,,,,,,held_outside_verified_target,,ISPAorthogonaltrial7,,,,15,,,,,,,,,,170,1,"NativeSpringer2015,16(2):388-396,9PDFpages",,,,OwnfactorTable1p3/Table2p4/TGselectionp5,,,,,7,0.5,,,Enhanced flame retardancy of cotton fabrics with a novel intumescent flame-retardant finishing system,https://doi.org/10.1007/s12221-015-0388-z,,NoSIcitedincompleteprimary,"10gfabric500mLboilingwater30min,RTdrycompletely;300mLaqueousISPA/phosphoricacid/cyanuricacid30minstirRT,padapprox100percentwetpickup80C5mindry,cure3min;nativewtpercentbasisunreported;170C3mincure",Initial own orthogonal formulation,Initial0durabilitycycles,2015
10.1007/s12221-015-0388-z,JF3Jiangning,OwnTable2PDFp4printed391;subsetduplicateTable3p5notnew,26.8,130x60,ASTM-D2863-09,,,,,,,,,,,,,,,,,,,OwnTGp5-6onlypurecontrol/optimal;orthogonaltrialTGunreported,,,,,,,,,,Cotton261gm2;ISPA15wtpercent/phosphoricacid1wtpercent/cyanuricacid1.5wtpercentnativefinishingliquid,Raw source facts only,2026-10-02,Codex complete primary native/text pages; one primary reviewer,,Fibers and Polymers,"All9native/textpagesread;FibersandPolymers2015,16(2):388-396,paperprintedpage387+PDFpage. Purecotton261gm2JiulongClothIndustrySuzhou,weaveunreported. ISPAimidazolespirocyclicphosphoramidateC10H14O6N4P2source synthesis/elementalanalysis,notunreactedSPDPC. FactorTable1PDFp3ISPA10/15/20/25/30wtpercent,phosphoricacid0/.5/1/1.5/2wtpercent,cyanuricacid0/.5/1/1.5/2wtpercent,cure140/150/160/170/180C;ownTable2p4twentyfiveorthogonaltrialcodesallLOI,noneofthemownTG. OptimalA5B4C5D4NOToneof25trials=30percentISPA1.5percentphosphoricacid2percentcyanuricacid170C3mincure,LOI36.6ownTable3p5. ControlLOI18.7Table2p4/Table3p5. Boil10gfabric500mLwater30min,RTdrycompletely,stir300mLfinishingaqueous30minRT,padapprox100percentwetpickup80C5mindry,cure3min;nativewtpercentbasisunreportednotdryaddon/compositemass. Initialcontrolwhetherboilpretreatedscopeunresolved,retainownpurecontrol. NoquantdurabilitywashedLOI/TG. MainTGp3Pyris1PerkinElmerN250mL/min10C/min50-800C3-5mgpanunreported;introoxidativetermnotAIRrecord. Explicitp5selectiononlycontrolandoptimalforTG+cone,doNOTpairtrial21/24highLOIwithoptimalTG. LOIp3JF3ASTMD2863-09dims130x60mm,repsunreported;5warp/5weftspecimensbelongsverticalASTMD6413-08notLOI. OwnFig2p5printed392annotationscontrolR6000.1treatedR60030,notcurveestimates;prosecontrolscarcelycharNOTzero. NativeDTGexplicitcontrolTmax1=350/Tmax2=525,optimalTmax1=300,agreeprosep6printed393. Prosefirstdegradationbegincontrol300/optimal168genericnotT5/T10;nativeTGcontrol277C98percent/optimal168C98percentremainingmassare2percentlossannotationsNOTT5/T10,keptrawallnochosenonsetthreshold. Nativeotherannotationscontrol379C21percent/optimal316C53percentretainedraw;notresidueendpoint/temp orT50interpolation. Generic300-380rangepurecontrolnotthreshold. SourceDTGprinted/proseunitspercent/minvsnativeVmaxnotborrowedtoheat rate. TGplotdisplay700-750vs800methodnotR800estimate. Cone154/98kWphrased57percenthigherand4/2.5MJ60percenthighernotTG/LOI;donotfixarithmetichere. All25orthogonalLOIfactsheldplus2ownN2states=27facts25held. NoSIcited,original/image/fulltextpathsremainprivate.",cotton,"Pure cotton fabric,261g/m2,JiulongClothIndustrySuzhou; weave unreported","Pure cotton fabric,261g/m2,JiulongClothIndustrySuzhou; weave unreported",,Trial8;A2B3C4D5,held_source_facts,,held_orthogonal_LOI_without_own_trial_TG,journal_article,OwnDOI/title/materials/all primary native and text pages reviewed,,,,,,,held_outside_verified_target,,ISPAorthogonaltrial8,,,,15,,,,,,,,,,180,1.5,"NativeSpringer2015,16(2):388-396,9PDFpages",,,,OwnfactorTable1p3/Table2p4/TGselectionp5,,,,,8,1,,,Enhanced flame retardancy of cotton fabrics with a novel intumescent flame-retardant finishing system,https://doi.org/10.1007/s12221-015-0388-z,,NoSIcitedincompleteprimary,"10gfabric500mLboilingwater30min,RTdrycompletely;300mLaqueousISPA/phosphoricacid/cyanuricacid30minstirRT,padapprox100percentwetpickup80C5mindry,cure3min;nativewtpercentbasisunreported;180C3mincure",Initial own orthogonal formulation,Initial0durabilitycycles,2015
10.1007/s12221-015-0388-z,JF3Jiangning,OwnTable2PDFp4printed391;subsetduplicateTable3p5notnew,28.7,130x60,ASTM-D2863-09,,,,,,,,,,,,,,,,,,,OwnTGp5-6onlypurecontrol/optimal;orthogonaltrialTGunreported,,,,,,,,,,Cotton261gm2;ISPA15wtpercent/phosphoricacid1.5wtpercent/cyanuricacid2wtpercentnativefinishingliquid,Raw source facts only,2026-10-02,Codex complete primary native/text pages; one primary reviewer,,Fibers and Polymers,"All9native/textpagesread;FibersandPolymers2015,16(2):388-396,paperprintedpage387+PDFpage. Purecotton261gm2JiulongClothIndustrySuzhou,weaveunreported. ISPAimidazolespirocyclicphosphoramidateC10H14O6N4P2source synthesis/elementalanalysis,notunreactedSPDPC. FactorTable1PDFp3ISPA10/15/20/25/30wtpercent,phosphoricacid0/.5/1/1.5/2wtpercent,cyanuricacid0/.5/1/1.5/2wtpercent,cure140/150/160/170/180C;ownTable2p4twentyfiveorthogonaltrialcodesallLOI,noneofthemownTG. OptimalA5B4C5D4NOToneof25trials=30percentISPA1.5percentphosphoricacid2percentcyanuricacid170C3mincure,LOI36.6ownTable3p5. ControlLOI18.7Table2p4/Table3p5. Boil10gfabric500mLwater30min,RTdrycompletely,stir300mLfinishingaqueous30minRT,padapprox100percentwetpickup80C5mindry,cure3min;nativewtpercentbasisunreportednotdryaddon/compositemass. Initialcontrolwhetherboilpretreatedscopeunresolved,retainownpurecontrol. NoquantdurabilitywashedLOI/TG. MainTGp3Pyris1PerkinElmerN250mL/min10C/min50-800C3-5mgpanunreported;introoxidativetermnotAIRrecord. Explicitp5selectiononlycontrolandoptimalforTG+cone,doNOTpairtrial21/24highLOIwithoptimalTG. LOIp3JF3ASTMD2863-09dims130x60mm,repsunreported;5warp/5weftspecimensbelongsverticalASTMD6413-08notLOI. OwnFig2p5printed392annotationscontrolR6000.1treatedR60030,notcurveestimates;prosecontrolscarcelycharNOTzero. NativeDTGexplicitcontrolTmax1=350/Tmax2=525,optimalTmax1=300,agreeprosep6printed393. Prosefirstdegradationbegincontrol300/optimal168genericnotT5/T10;nativeTGcontrol277C98percent/optimal168C98percentremainingmassare2percentlossannotationsNOTT5/T10,keptrawallnochosenonsetthreshold. Nativeotherannotationscontrol379C21percent/optimal316C53percentretainedraw;notresidueendpoint/temp orT50interpolation. Generic300-380rangepurecontrolnotthreshold. SourceDTGprinted/proseunitspercent/minvsnativeVmaxnotborrowedtoheat rate. TGplotdisplay700-750vs800methodnotR800estimate. Cone154/98kWphrased57percenthigherand4/2.5MJ60percenthighernotTG/LOI;donotfixarithmetichere. All25orthogonalLOIfactsheldplus2ownN2states=27facts25held. NoSIcited,original/image/fulltextpathsremainprivate.",cotton,"Pure cotton fabric,261g/m2,JiulongClothIndustrySuzhou; weave unreported","Pure cotton fabric,261g/m2,JiulongClothIndustrySuzhou; weave unreported",,Trial9;A2B4C5D1,held_source_facts,,held_orthogonal_LOI_without_own_trial_TG,journal_article,OwnDOI/title/materials/all primary native and text pages reviewed,,,,,,,held_outside_verified_target,,ISPAorthogonaltrial9,,,,15,,,,,,,,,,140,2,"NativeSpringer2015,16(2):388-396,9PDFpages",,,,OwnfactorTable1p3/Table2p4/TGselectionp5,,,,,9,1.5,,,Enhanced flame retardancy of cotton fabrics with a novel intumescent flame-retardant finishing system,https://doi.org/10.1007/s12221-015-0388-z,,NoSIcitedincompleteprimary,"10gfabric500mLboilingwater30min,RTdrycompletely;300mLaqueousISPA/phosphoricacid/cyanuricacid30minstirRT,padapprox100percentwetpickup80C5mindry,cure3min;nativewtpercentbasisunreported;140C3mincure",Initial own orthogonal formulation,Initial0durabilitycycles,2015
10.1007/s12221-015-0388-z,JF3Jiangning,OwnTable2PDFp4printed391;subsetduplicateTable3p5notnew,28.2,130x60,ASTM-D2863-09,,,,,,,,,,,,,,,,,,,OwnTGp5-6onlypurecontrol/optimal;orthogonaltrialTGunreported,,,,,,,,,,Cotton261gm2;ISPA15wtpercent/phosphoricacid2wtpercent/cyanuricacid0wtpercentnativefinishingliquid,Raw source facts only,2026-10-02,Codex complete primary native/text pages; one primary reviewer,,Fibers and Polymers,"All9native/textpagesread;FibersandPolymers2015,16(2):388-396,paperprintedpage387+PDFpage. Purecotton261gm2JiulongClothIndustrySuzhou,weaveunreported. ISPAimidazolespirocyclicphosphoramidateC10H14O6N4P2source synthesis/elementalanalysis,notunreactedSPDPC. FactorTable1PDFp3ISPA10/15/20/25/30wtpercent,phosphoricacid0/.5/1/1.5/2wtpercent,cyanuricacid0/.5/1/1.5/2wtpercent,cure140/150/160/170/180C;ownTable2p4twentyfiveorthogonaltrialcodesallLOI,noneofthemownTG. OptimalA5B4C5D4NOToneof25trials=30percentISPA1.5percentphosphoricacid2percentcyanuricacid170C3mincure,LOI36.6ownTable3p5. ControlLOI18.7Table2p4/Table3p5. Boil10gfabric500mLwater30min,RTdrycompletely,stir300mLfinishingaqueous30minRT,padapprox100percentwetpickup80C5mindry,cure3min;nativewtpercentbasisunreportednotdryaddon/compositemass. Initialcontrolwhetherboilpretreatedscopeunresolved,retainownpurecontrol. NoquantdurabilitywashedLOI/TG. MainTGp3Pyris1PerkinElmerN250mL/min10C/min50-800C3-5mgpanunreported;introoxidativetermnotAIRrecord. Explicitp5selectiononlycontrolandoptimalforTG+cone,doNOTpairtrial21/24highLOIwithoptimalTG. LOIp3JF3ASTMD2863-09dims130x60mm,repsunreported;5warp/5weftspecimensbelongsverticalASTMD6413-08notLOI. OwnFig2p5printed392annotationscontrolR6000.1treatedR60030,notcurveestimates;prosecontrolscarcelycharNOTzero. NativeDTGexplicitcontrolTmax1=350/Tmax2=525,optimalTmax1=300,agreeprosep6printed393. Prosefirstdegradationbegincontrol300/optimal168genericnotT5/T10;nativeTGcontrol277C98percent/optimal168C98percentremainingmassare2percentlossannotationsNOTT5/T10,keptrawallnochosenonsetthreshold. Nativeotherannotationscontrol379C21percent/optimal316C53percentretainedraw;notresidueendpoint/temp orT50interpolation. Generic300-380rangepurecontrolnotthreshold. SourceDTGprinted/proseunitspercent/minvsnativeVmaxnotborrowedtoheat rate. TGplotdisplay700-750vs800methodnotR800estimate. Cone154/98kWphrased57percenthigherand4/2.5MJ60percenthighernotTG/LOI;donotfixarithmetichere. All25orthogonalLOIfactsheldplus2ownN2states=27facts25held. NoSIcited,original/image/fulltextpathsremainprivate.",cotton,"Pure cotton fabric,261g/m2,JiulongClothIndustrySuzhou; weave unreported","Pure cotton fabric,261g/m2,JiulongClothIndustrySuzhou; weave unreported",,Trial10;A2B5C1D2,held_source_facts,,held_orthogonal_LOI_without_own_trial_TG,journal_article,OwnDOI/title/materials/all primary native and text pages reviewed,,,,,,,held_outside_verified_target,,ISPAorthogonaltrial10,,,,15,,,,,,,,,,150,0,"NativeSpringer2015,16(2):388-396,9PDFpages",,,,OwnfactorTable1p3/Table2p4/TGselectionp5,,,,,10,2,,,Enhanced flame retardancy of cotton fabrics with a novel intumescent flame-retardant finishing system,https://doi.org/10.1007/s12221-015-0388-z,,NoSIcitedincompleteprimary,"10gfabric500mLboilingwater30min,RTdrycompletely;300mLaqueousISPA/phosphoricacid/cyanuricacid30minstirRT,padapprox100percentwetpickup80C5mindry,cure3min;nativewtpercentbasisunreported;150C3mincure",Initial own orthogonal formulation,Initial0durabilitycycles,2015
10.1007/s12221-015-0388-z,JF3Jiangning,OwnTable2PDFp4printed391;subsetduplicateTable3p5notnew,26.9,130x60,ASTM-D2863-09,,,,,,,,,,,,,,,,,,,OwnTGp5-6onlypurecontrol/optimal;orthogonaltrialTGunreported,,,,,,,,,,Cotton261gm2;ISPA20wtpercent/phosphoricacid0wtpercent/cyanuricacid1wtpercentnativefinishingliquid,Raw source facts only,2026-10-02,Codex complete primary native/text pages; one primary reviewer,,Fibers and Polymers,"All9native/textpagesread;FibersandPolymers2015,16(2):388-396,paperprintedpage387+PDFpage. Purecotton261gm2JiulongClothIndustrySuzhou,weaveunreported. ISPAimidazolespirocyclicphosphoramidateC10H14O6N4P2source synthesis/elementalanalysis,notunreactedSPDPC. FactorTable1PDFp3ISPA10/15/20/25/30wtpercent,phosphoricacid0/.5/1/1.5/2wtpercent,cyanuricacid0/.5/1/1.5/2wtpercent,cure140/150/160/170/180C;ownTable2p4twentyfiveorthogonaltrialcodesallLOI,noneofthemownTG. OptimalA5B4C5D4NOToneof25trials=30percentISPA1.5percentphosphoricacid2percentcyanuricacid170C3mincure,LOI36.6ownTable3p5. ControlLOI18.7Table2p4/Table3p5. Boil10gfabric500mLwater30min,RTdrycompletely,stir300mLfinishingaqueous30minRT,padapprox100percentwetpickup80C5mindry,cure3min;nativewtpercentbasisunreportednotdryaddon/compositemass. Initialcontrolwhetherboilpretreatedscopeunresolved,retainownpurecontrol. NoquantdurabilitywashedLOI/TG. MainTGp3Pyris1PerkinElmerN250mL/min10C/min50-800C3-5mgpanunreported;introoxidativetermnotAIRrecord. Explicitp5selectiononlycontrolandoptimalforTG+cone,doNOTpairtrial21/24highLOIwithoptimalTG. LOIp3JF3ASTMD2863-09dims130x60mm,repsunreported;5warp/5weftspecimensbelongsverticalASTMD6413-08notLOI. OwnFig2p5printed392annotationscontrolR6000.1treatedR60030,notcurveestimates;prosecontrolscarcelycharNOTzero. NativeDTGexplicitcontrolTmax1=350/Tmax2=525,optimalTmax1=300,agreeprosep6printed393. Prosefirstdegradationbegincontrol300/optimal168genericnotT5/T10;nativeTGcontrol277C98percent/optimal168C98percentremainingmassare2percentlossannotationsNOTT5/T10,keptrawallnochosenonsetthreshold. Nativeotherannotationscontrol379C21percent/optimal316C53percentretainedraw;notresidueendpoint/temp orT50interpolation. Generic300-380rangepurecontrolnotthreshold. SourceDTGprinted/proseunitspercent/minvsnativeVmaxnotborrowedtoheat rate. TGplotdisplay700-750vs800methodnotR800estimate. Cone154/98kWphrased57percenthigherand4/2.5MJ60percenthighernotTG/LOI;donotfixarithmetichere. All25orthogonalLOIfactsheldplus2ownN2states=27facts25held. NoSIcited,original/image/fulltextpathsremainprivate.",cotton,"Pure cotton fabric,261g/m2,JiulongClothIndustrySuzhou; weave unreported","Pure cotton fabric,261g/m2,JiulongClothIndustrySuzhou; weave unreported",,Trial11;A3B1C3D5,held_source_facts,,held_orthogonal_LOI_without_own_trial_TG,journal_article,OwnDOI/title/materials/all primary native and text pages reviewed,,,,,,,held_outside_verified_target,,ISPAorthogonaltrial11,,,,20,,,,,,,,,,180,1,"NativeSpringer2015,16(2):388-396,9PDFpages",,,,OwnfactorTable1p3/Table2p4/TGselectionp5,,,,,11,0,,,Enhanced flame retardancy of cotton fabrics with a novel intumescent flame-retardant finishing system,https://doi.org/10.1007/s12221-015-0388-z,,NoSIcitedincompleteprimary,"10gfabric500mLboilingwater30min,RTdrycompletely;300mLaqueousISPA/phosphoricacid/cyanuricacid30minstirRT,padapprox100percentwetpickup80C5mindry,cure3min;nativewtpercentbasisunreported;180C3mincure",Initial own orthogonal formulation,Initial0durabilitycycles,2015
10.1007/s12221-015-0388-z,JF3Jiangning,OwnTable2PDFp4printed391;subsetduplicateTable3p5notnew,26.6,130x60,ASTM-D2863-09,,,,,,,,,,,,,,,,,,,OwnTGp5-6onlypurecontrol/optimal;orthogonaltrialTGunreported,,,,,,,,,,Cotton261gm2;ISPA20wtpercent/phosphoricacid0.5wtpercent/cyanuricacid1.5wtpercentnativefinishingliquid,Raw source facts only,2026-10-02,Codex complete primary native/text pages; one primary reviewer,,Fibers and Polymers,"All9native/textpagesread;FibersandPolymers2015,16(2):388-396,paperprintedpage387+PDFpage. Purecotton261gm2JiulongClothIndustrySuzhou,weaveunreported. ISPAimidazolespirocyclicphosphoramidateC10H14O6N4P2source synthesis/elementalanalysis,notunreactedSPDPC. FactorTable1PDFp3ISPA10/15/20/25/30wtpercent,phosphoricacid0/.5/1/1.5/2wtpercent,cyanuricacid0/.5/1/1.5/2wtpercent,cure140/150/160/170/180C;ownTable2p4twentyfiveorthogonaltrialcodesallLOI,noneofthemownTG. OptimalA5B4C5D4NOToneof25trials=30percentISPA1.5percentphosphoricacid2percentcyanuricacid170C3mincure,LOI36.6ownTable3p5. ControlLOI18.7Table2p4/Table3p5. Boil10gfabric500mLwater30min,RTdrycompletely,stir300mLfinishingaqueous30minRT,padapprox100percentwetpickup80C5mindry,cure3min;nativewtpercentbasisunreportednotdryaddon/compositemass. Initialcontrolwhetherboilpretreatedscopeunresolved,retainownpurecontrol. NoquantdurabilitywashedLOI/TG. MainTGp3Pyris1PerkinElmerN250mL/min10C/min50-800C3-5mgpanunreported;introoxidativetermnotAIRrecord. Explicitp5selectiononlycontrolandoptimalforTG+cone,doNOTpairtrial21/24highLOIwithoptimalTG. LOIp3JF3ASTMD2863-09dims130x60mm,repsunreported;5warp/5weftspecimensbelongsverticalASTMD6413-08notLOI. OwnFig2p5printed392annotationscontrolR6000.1treatedR60030,notcurveestimates;prosecontrolscarcelycharNOTzero. NativeDTGexplicitcontrolTmax1=350/Tmax2=525,optimalTmax1=300,agreeprosep6printed393. Prosefirstdegradationbegincontrol300/optimal168genericnotT5/T10;nativeTGcontrol277C98percent/optimal168C98percentremainingmassare2percentlossannotationsNOTT5/T10,keptrawallnochosenonsetthreshold. Nativeotherannotationscontrol379C21percent/optimal316C53percentretainedraw;notresidueendpoint/temp orT50interpolation. Generic300-380rangepurecontrolnotthreshold. SourceDTGprinted/proseunitspercent/minvsnativeVmaxnotborrowedtoheat rate. TGplotdisplay700-750vs800methodnotR800estimate. Cone154/98kWphrased57percenthigherand4/2.5MJ60percenthighernotTG/LOI;donotfixarithmetichere. All25orthogonalLOIfactsheldplus2ownN2states=27facts25held. NoSIcited,original/image/fulltextpathsremainprivate.",cotton,"Pure cotton fabric,261g/m2,JiulongClothIndustrySuzhou; weave unreported","Pure cotton fabric,261g/m2,JiulongClothIndustrySuzhou; weave unreported",,Trial12;A3B2C4D1,held_source_facts,,held_orthogonal_LOI_without_own_trial_TG,journal_article,OwnDOI/title/materials/all primary native and text pages reviewed,,,,,,,held_outside_verified_target,,ISPAorthogonaltrial12,,,,20,,,,,,,,,,140,1.5,"NativeSpringer2015,16(2):388-396,9PDFpages",,,,OwnfactorTable1p3/Table2p4/TGselectionp5,,,,,12,0.5,,,Enhanced flame retardancy of cotton fabrics with a novel intumescent flame-retardant finishing system,https://doi.org/10.1007/s12221-015-0388-z,,NoSIcitedincompleteprimary,"10gfabric500mLboilingwater30min,RTdrycompletely;300mLaqueousISPA/phosphoricacid/cyanuricacid30minstirRT,padapprox100percentwetpickup80C5mindry,cure3min;nativewtpercentbasisunreported;140C3mincure",Initial own orthogonal formulation,Initial0durabilitycycles,2015
10.1007/s12221-015-0388-z,JF3Jiangning,OwnTable2PDFp4printed391;subsetduplicateTable3p5notnew,27.4,130x60,ASTM-D2863-09,,,,,,,,,,,,,,,,,,,OwnTGp5-6onlypurecontrol/optimal;orthogonaltrialTGunreported,,,,,,,,,,Cotton261gm2;ISPA20wtpercent/phosphoricacid1wtpercent/cyanuricacid2wtpercentnativefinishingliquid,Raw source facts only,2026-10-02,Codex complete primary native/text pages; one primary reviewer,,Fibers and Polymers,"All9native/textpagesread;FibersandPolymers2015,16(2):388-396,paperprintedpage387+PDFpage. Purecotton261gm2JiulongClothIndustrySuzhou,weaveunreported. ISPAimidazolespirocyclicphosphoramidateC10H14O6N4P2source synthesis/elementalanalysis,notunreactedSPDPC. FactorTable1PDFp3ISPA10/15/20/25/30wtpercent,phosphoricacid0/.5/1/1.5/2wtpercent,cyanuricacid0/.5/1/1.5/2wtpercent,cure140/150/160/170/180C;ownTable2p4twentyfiveorthogonaltrialcodesallLOI,noneofthemownTG. OptimalA5B4C5D4NOToneof25trials=30percentISPA1.5percentphosphoricacid2percentcyanuricacid170C3mincure,LOI36.6ownTable3p5. ControlLOI18.7Table2p4/Table3p5. Boil10gfabric500mLwater30min,RTdrycompletely,stir300mLfinishingaqueous30minRT,padapprox100percentwetpickup80C5mindry,cure3min;nativewtpercentbasisunreportednotdryaddon/compositemass. Initialcontrolwhetherboilpretreatedscopeunresolved,retainownpurecontrol. NoquantdurabilitywashedLOI/TG. MainTGp3Pyris1PerkinElmerN250mL/min10C/min50-800C3-5mgpanunreported;introoxidativetermnotAIRrecord. Explicitp5selectiononlycontrolandoptimalforTG+cone,doNOTpairtrial21/24highLOIwithoptimalTG. LOIp3JF3ASTMD2863-09dims130x60mm,repsunreported;5warp/5weftspecimensbelongsverticalASTMD6413-08notLOI. OwnFig2p5printed392annotationscontrolR6000.1treatedR60030,notcurveestimates;prosecontrolscarcelycharNOTzero. NativeDTGexplicitcontrolTmax1=350/Tmax2=525,optimalTmax1=300,agreeprosep6printed393. Prosefirstdegradationbegincontrol300/optimal168genericnotT5/T10;nativeTGcontrol277C98percent/optimal168C98percentremainingmassare2percentlossannotationsNOTT5/T10,keptrawallnochosenonsetthreshold. Nativeotherannotationscontrol379C21percent/optimal316C53percentretainedraw;notresidueendpoint/temp orT50interpolation. Generic300-380rangepurecontrolnotthreshold. SourceDTGprinted/proseunitspercent/minvsnativeVmaxnotborrowedtoheat rate. TGplotdisplay700-750vs800methodnotR800estimate. Cone154/98kWphrased57percenthigherand4/2.5MJ60percenthighernotTG/LOI;donotfixarithmetichere. All25orthogonalLOIfactsheldplus2ownN2states=27facts25held. NoSIcited,original/image/fulltextpathsremainprivate.",cotton,"Pure cotton fabric,261g/m2,JiulongClothIndustrySuzhou; weave unreported","Pure cotton fabric,261g/m2,JiulongClothIndustrySuzhou; weave unreported",,Trial13;A3B3C5D2,held_source_facts,,held_orthogonal_LOI_without_own_trial_TG,journal_article,OwnDOI/title/materials/all primary native and text pages reviewed,,,,,,,held_outside_verified_target,,ISPAorthogonaltrial13,,,,20,,,,,,,,,,150,2,"NativeSpringer2015,16(2):388-396,9PDFpages",,,,OwnfactorTable1p3/Table2p4/TGselectionp5,,,,,13,1,,,Enhanced flame retardancy of cotton fabrics with a novel intumescent flame-retardant finishing system,https://doi.org/10.1007/s12221-015-0388-z,,NoSIcitedincompleteprimary,"10gfabric500mLboilingwater30min,RTdrycompletely;300mLaqueousISPA/phosphoricacid/cyanuricacid30minstirRT,padapprox100percentwetpickup80C5mindry,cure3min;nativewtpercentbasisunreported;150C3mincure",Initial own orthogonal formulation,Initial0durabilitycycles,2015
10.1007/s12221-015-0388-z,JF3Jiangning,OwnTable2PDFp4printed391;subsetduplicateTable3p5notnew,27.7,130x60,ASTM-D2863-09,,,,,,,,,,,,,,,,,,,OwnTGp5-6onlypurecontrol/optimal;orthogonaltrialTGunreported,,,,,,,,,,Cotton261gm2;ISPA20wtpercent/phosphoricacid1.5wtpercent/cyanuricacid0wtpercentnativefinishingliquid,Raw source facts only,2026-10-02,Codex complete primary native/text pages; one primary reviewer,,Fibers and Polymers,"All9native/textpagesread;FibersandPolymers2015,16(2):388-396,paperprintedpage387+PDFpage. Purecotton261gm2JiulongClothIndustrySuzhou,weaveunreported. ISPAimidazolespirocyclicphosphoramidateC10H14O6N4P2source synthesis/elementalanalysis,notunreactedSPDPC. FactorTable1PDFp3ISPA10/15/20/25/30wtpercent,phosphoricacid0/.5/1/1.5/2wtpercent,cyanuricacid0/.5/1/1.5/2wtpercent,cure140/150/160/170/180C;ownTable2p4twentyfiveorthogonaltrialcodesallLOI,noneofthemownTG. OptimalA5B4C5D4NOToneof25trials=30percentISPA1.5percentphosphoricacid2percentcyanuricacid170C3mincure,LOI36.6ownTable3p5. ControlLOI18.7Table2p4/Table3p5. Boil10gfabric500mLwater30min,RTdrycompletely,stir300mLfinishingaqueous30minRT,padapprox100percentwetpickup80C5mindry,cure3min;nativewtpercentbasisunreportednotdryaddon/compositemass. Initialcontrolwhetherboilpretreatedscopeunresolved,retainownpurecontrol. NoquantdurabilitywashedLOI/TG. MainTGp3Pyris1PerkinElmerN250mL/min10C/min50-800C3-5mgpanunreported;introoxidativetermnotAIRrecord. Explicitp5selectiononlycontrolandoptimalforTG+cone,doNOTpairtrial21/24highLOIwithoptimalTG. LOIp3JF3ASTMD2863-09dims130x60mm,repsunreported;5warp/5weftspecimensbelongsverticalASTMD6413-08notLOI. OwnFig2p5printed392annotationscontrolR6000.1treatedR60030,notcurveestimates;prosecontrolscarcelycharNOTzero. NativeDTGexplicitcontrolTmax1=350/Tmax2=525,optimalTmax1=300,agreeprosep6printed393. Prosefirstdegradationbegincontrol300/optimal168genericnotT5/T10;nativeTGcontrol277C98percent/optimal168C98percentremainingmassare2percentlossannotationsNOTT5/T10,keptrawallnochosenonsetthreshold. Nativeotherannotationscontrol379C21percent/optimal316C53percentretainedraw;notresidueendpoint/temp orT50interpolation. Generic300-380rangepurecontrolnotthreshold. SourceDTGprinted/proseunitspercent/minvsnativeVmaxnotborrowedtoheat rate. TGplotdisplay700-750vs800methodnotR800estimate. Cone154/98kWphrased57percenthigherand4/2.5MJ60percenthighernotTG/LOI;donotfixarithmetichere. All25orthogonalLOIfactsheldplus2ownN2states=27facts25held. NoSIcited,original/image/fulltextpathsremainprivate.",cotton,"Pure cotton fabric,261g/m2,JiulongClothIndustrySuzhou; weave unreported","Pure cotton fabric,261g/m2,JiulongClothIndustrySuzhou; weave unreported",,Trial14;A3B4C1D3,held_source_facts,,held_orthogonal_LOI_without_own_trial_TG,journal_article,OwnDOI/title/materials/all primary native and text pages reviewed,,,,,,,held_outside_verified_target,,ISPAorthogonaltrial14,,,,20,,,,,,,,,,160,0,"NativeSpringer2015,16(2):388-396,9PDFpages",,,,OwnfactorTable1p3/Table2p4/TGselectionp5,,,,,14,1.5,,,Enhanced flame retardancy of cotton fabrics with a novel intumescent flame-retardant finishing system,https://doi.org/10.1007/s12221-015-0388-z,,NoSIcitedincompleteprimary,"10gfabric500mLboilingwater30min,RTdrycompletely;300mLaqueousISPA/phosphoricacid/cyanuricacid30minstirRT,padapprox100percentwetpickup80C5mindry,cure3min;nativewtpercentbasisunreported;160C3mincure",Initial own orthogonal formulation,Initial0durabilitycycles,2015
10.1007/s12221-015-0388-z,JF3Jiangning,OwnTable2PDFp4printed391;subsetduplicateTable3p5notnew,27.1,130x60,ASTM-D2863-09,,,,,,,,,,,,,,,,,,,OwnTGp5-6onlypurecontrol/optimal;orthogonaltrialTGunreported,,,,,,,,,,Cotton261gm2;ISPA20wtpercent/phosphoricacid2wtpercent/cyanuricacid0.5wtpercentnativefinishingliquid,Raw source facts only,2026-10-02,Codex complete primary native/text pages; one primary reviewer,,Fibers and Polymers,"All9native/textpagesread;FibersandPolymers2015,16(2):388-396,paperprintedpage387+PDFpage. Purecotton261gm2JiulongClothIndustrySuzhou,weaveunreported. ISPAimidazolespirocyclicphosphoramidateC10H14O6N4P2source synthesis/elementalanalysis,notunreactedSPDPC. FactorTable1PDFp3ISPA10/15/20/25/30wtpercent,phosphoricacid0/.5/1/1.5/2wtpercent,cyanuricacid0/.5/1/1.5/2wtpercent,cure140/150/160/170/180C;ownTable2p4twentyfiveorthogonaltrialcodesallLOI,noneofthemownTG. OptimalA5B4C5D4NOToneof25trials=30percentISPA1.5percentphosphoricacid2percentcyanuricacid170C3mincure,LOI36.6ownTable3p5. ControlLOI18.7Table2p4/Table3p5. Boil10gfabric500mLwater30min,RTdrycompletely,stir300mLfinishingaqueous30minRT,padapprox100percentwetpickup80C5mindry,cure3min;nativewtpercentbasisunreportednotdryaddon/compositemass. Initialcontrolwhetherboilpretreatedscopeunresolved,retainownpurecontrol. NoquantdurabilitywashedLOI/TG. MainTGp3Pyris1PerkinElmerN250mL/min10C/min50-800C3-5mgpanunreported;introoxidativetermnotAIRrecord. Explicitp5selectiononlycontrolandoptimalforTG+cone,doNOTpairtrial21/24highLOIwithoptimalTG. LOIp3JF3ASTMD2863-09dims130x60mm,repsunreported;5warp/5weftspecimensbelongsverticalASTMD6413-08notLOI. OwnFig2p5printed392annotationscontrolR6000.1treatedR60030,notcurveestimates;prosecontrolscarcelycharNOTzero. NativeDTGexplicitcontrolTmax1=350/Tmax2=525,optimalTmax1=300,agreeprosep6printed393. Prosefirstdegradationbegincontrol300/optimal168genericnotT5/T10;nativeTGcontrol277C98percent/optimal168C98percentremainingmassare2percentlossannotationsNOTT5/T10,keptrawallnochosenonsetthreshold. Nativeotherannotationscontrol379C21percent/optimal316C53percentretainedraw;notresidueendpoint/temp orT50interpolation. Generic300-380rangepurecontrolnotthreshold. SourceDTGprinted/proseunitspercent/minvsnativeVmaxnotborrowedtoheat rate. TGplotdisplay700-750vs800methodnotR800estimate. Cone154/98kWphrased57percenthigherand4/2.5MJ60percenthighernotTG/LOI;donotfixarithmetichere. All25orthogonalLOIfactsheldplus2ownN2states=27facts25held. NoSIcited,original/image/fulltextpathsremainprivate.",cotton,"Pure cotton fabric,261g/m2,JiulongClothIndustrySuzhou; weave unreported","Pure cotton fabric,261g/m2,JiulongClothIndustrySuzhou; weave unreported",,Trial15;A3B5C2D4,held_source_facts,,held_orthogonal_LOI_without_own_trial_TG,journal_article,OwnDOI/title/materials/all primary native and text pages reviewed,,,,,,,held_outside_verified_target,,ISPAorthogonaltrial15,,,,20,,,,,,,,,,170,0.5,"NativeSpringer2015,16(2):388-396,9PDFpages",,,,OwnfactorTable1p3/Table2p4/TGselectionp5,,,,,15,2,,,Enhanced flame retardancy of cotton fabrics with a novel intumescent flame-retardant finishing system,https://doi.org/10.1007/s12221-015-0388-z,,NoSIcitedincompleteprimary,"10gfabric500mLboilingwater30min,RTdrycompletely;300mLaqueousISPA/phosphoricacid/cyanuricacid30minstirRT,padapprox100percentwetpickup80C5mindry,cure3min;nativewtpercentbasisunreported;170C3mincure",Initial own orthogonal formulation,Initial0durabilitycycles,2015
10.1007/s12221-015-0388-z,JF3Jiangning,OwnTable2PDFp4printed391;subsetduplicateTable3p5notnew,26.6,130x60,ASTM-D2863-09,,,,,,,,,,,,,,,,,,,OwnTGp5-6onlypurecontrol/optimal;orthogonaltrialTGunreported,,,,,,,,,,Cotton261gm2;ISPA25wtpercent/phosphoricacid0wtpercent/cyanuricacid1.5wtpercentnativefinishingliquid,Raw source facts only,2026-10-02,Codex complete primary native/text pages; one primary reviewer,,Fibers and Polymers,"All9native/textpagesread;FibersandPolymers2015,16(2):388-396,paperprintedpage387+PDFpage. Purecotton261gm2JiulongClothIndustrySuzhou,weaveunreported. ISPAimidazolespirocyclicphosphoramidateC10H14O6N4P2source synthesis/elementalanalysis,notunreactedSPDPC. FactorTable1PDFp3ISPA10/15/20/25/30wtpercent,phosphoricacid0/.5/1/1.5/2wtpercent,cyanuricacid0/.5/1/1.5/2wtpercent,cure140/150/160/170/180C;ownTable2p4twentyfiveorthogonaltrialcodesallLOI,noneofthemownTG. OptimalA5B4C5D4NOToneof25trials=30percentISPA1.5percentphosphoricacid2percentcyanuricacid170C3mincure,LOI36.6ownTable3p5. ControlLOI18.7Table2p4/Table3p5. Boil10gfabric500mLwater30min,RTdrycompletely,stir300mLfinishingaqueous30minRT,padapprox100percentwetpickup80C5mindry,cure3min;nativewtpercentbasisunreportednotdryaddon/compositemass. Initialcontrolwhetherboilpretreatedscopeunresolved,retainownpurecontrol. NoquantdurabilitywashedLOI/TG. MainTGp3Pyris1PerkinElmerN250mL/min10C/min50-800C3-5mgpanunreported;introoxidativetermnotAIRrecord. Explicitp5selectiononlycontrolandoptimalforTG+cone,doNOTpairtrial21/24highLOIwithoptimalTG. LOIp3JF3ASTMD2863-09dims130x60mm,repsunreported;5warp/5weftspecimensbelongsverticalASTMD6413-08notLOI. OwnFig2p5printed392annotationscontrolR6000.1treatedR60030,notcurveestimates;prosecontrolscarcelycharNOTzero. NativeDTGexplicitcontrolTmax1=350/Tmax2=525,optimalTmax1=300,agreeprosep6printed393. Prosefirstdegradationbegincontrol300/optimal168genericnotT5/T10;nativeTGcontrol277C98percent/optimal168C98percentremainingmassare2percentlossannotationsNOTT5/T10,keptrawallnochosenonsetthreshold. Nativeotherannotationscontrol379C21percent/optimal316C53percentretainedraw;notresidueendpoint/temp orT50interpolation. Generic300-380rangepurecontrolnotthreshold. SourceDTGprinted/proseunitspercent/minvsnativeVmaxnotborrowedtoheat rate. TGplotdisplay700-750vs800methodnotR800estimate. Cone154/98kWphrased57percenthigherand4/2.5MJ60percenthighernotTG/LOI;donotfixarithmetichere. All25orthogonalLOIfactsheldplus2ownN2states=27facts25held. NoSIcited,original/image/fulltextpathsremainprivate.",cotton,"Pure cotton fabric,261g/m2,JiulongClothIndustrySuzhou; weave unreported","Pure cotton fabric,261g/m2,JiulongClothIndustrySuzhou; weave unreported",,Trial16;A4B1C4D2,held_source_facts,,held_orthogonal_LOI_without_own_trial_TG,journal_article,OwnDOI/title/materials/all primary native and text pages reviewed,,,,,,,held_outside_verified_target,,ISPAorthogonaltrial16,,,,25,,,,,,,,,,150,1.5,"NativeSpringer2015,16(2):388-396,9PDFpages",,,,OwnfactorTable1p3/Table2p4/TGselectionp5,,,,,16,0,,,Enhanced flame retardancy of cotton fabrics with a novel intumescent flame-retardant finishing system,https://doi.org/10.1007/s12221-015-0388-z,,NoSIcitedincompleteprimary,"10gfabric500mLboilingwater30min,RTdrycompletely;300mLaqueousISPA/phosphoricacid/cyanuricacid30minstirRT,padapprox100percentwetpickup80C5mindry,cure3min;nativewtpercentbasisunreported;150C3mincure",Initial own orthogonal formulation,Initial0durabilitycycles,2015
10.1007/s12221-015-0388-z,JF3Jiangning,OwnTable2PDFp4printed391;subsetduplicateTable3p5notnew,28.2,130x60,ASTM-D2863-09,,,,,,,,,,,,,,,,,,,OwnTGp5-6onlypurecontrol/optimal;orthogonaltrialTGunreported,,,,,,,,,,Cotton261gm2;ISPA25wtpercent/phosphoricacid0.5wtpercent/cyanuricacid2wtpercentnativefinishingliquid,Raw source facts only,2026-10-02,Codex complete primary native/text pages; one primary reviewer,,Fibers and Polymers,"All9native/textpagesread;FibersandPolymers2015,16(2):388-396,paperprintedpage387+PDFpage. Purecotton261gm2JiulongClothIndustrySuzhou,weaveunreported. ISPAimidazolespirocyclicphosphoramidateC10H14O6N4P2source synthesis/elementalanalysis,notunreactedSPDPC. FactorTable1PDFp3ISPA10/15/20/25/30wtpercent,phosphoricacid0/.5/1/1.5/2wtpercent,cyanuricacid0/.5/1/1.5/2wtpercent,cure140/150/160/170/180C;ownTable2p4twentyfiveorthogonaltrialcodesallLOI,noneofthemownTG. OptimalA5B4C5D4NOToneof25trials=30percentISPA1.5percentphosphoricacid2percentcyanuricacid170C3mincure,LOI36.6ownTable3p5. ControlLOI18.7Table2p4/Table3p5. Boil10gfabric500mLwater30min,RTdrycompletely,stir300mLfinishingaqueous30minRT,padapprox100percentwetpickup80C5mindry,cure3min;nativewtpercentbasisunreportednotdryaddon/compositemass. Initialcontrolwhetherboilpretreatedscopeunresolved,retainownpurecontrol. NoquantdurabilitywashedLOI/TG. MainTGp3Pyris1PerkinElmerN250mL/min10C/min50-800C3-5mgpanunreported;introoxidativetermnotAIRrecord. Explicitp5selectiononlycontrolandoptimalforTG+cone,doNOTpairtrial21/24highLOIwithoptimalTG. LOIp3JF3ASTMD2863-09dims130x60mm,repsunreported;5warp/5weftspecimensbelongsverticalASTMD6413-08notLOI. OwnFig2p5printed392annotationscontrolR6000.1treatedR60030,notcurveestimates;prosecontrolscarcelycharNOTzero. NativeDTGexplicitcontrolTmax1=350/Tmax2=525,optimalTmax1=300,agreeprosep6printed393. Prosefirstdegradationbegincontrol300/optimal168genericnotT5/T10;nativeTGcontrol277C98percent/optimal168C98percentremainingmassare2percentlossannotationsNOTT5/T10,keptrawallnochosenonsetthreshold. Nativeotherannotationscontrol379C21percent/optimal316C53percentretainedraw;notresidueendpoint/temp orT50interpolation. Generic300-380rangepurecontrolnotthreshold. SourceDTGprinted/proseunitspercent/minvsnativeVmaxnotborrowedtoheat rate. TGplotdisplay700-750vs800methodnotR800estimate. Cone154/98kWphrased57percenthigherand4/2.5MJ60percenthighernotTG/LOI;donotfixarithmetichere. All25orthogonalLOIfactsheldplus2ownN2states=27facts25held. NoSIcited,original/image/fulltextpathsremainprivate.",cotton,"Pure cotton fabric,261g/m2,JiulongClothIndustrySuzhou; weave unreported","Pure cotton fabric,261g/m2,JiulongClothIndustrySuzhou; weave unreported",,Trial17;A4B2C5D3,held_source_facts,,held_orthogonal_LOI_without_own_trial_TG,journal_article,OwnDOI/title/materials/all primary native and text pages reviewed,,,,,,,held_outside_verified_target,,ISPAorthogonaltrial17,,,,25,,,,,,,,,,160,2,"NativeSpringer2015,16(2):388-396,9PDFpages",,,,OwnfactorTable1p3/Table2p4/TGselectionp5,,,,,17,0.5,,,Enhanced flame retardancy of cotton fabrics with a novel intumescent flame-retardant finishing system,https://doi.org/10.1007/s12221-015-0388-z,,NoSIcitedincompleteprimary,"10gfabric500mLboilingwater30min,RTdrycompletely;300mLaqueousISPA/phosphoricacid/cyanuricacid30minstirRT,padapprox100percentwetpickup80C5mindry,cure3min;nativewtpercentbasisunreported;160C3mincure",Initial own orthogonal formulation,Initial0durabilitycycles,2015
10.1007/s12221-015-0388-z,JF3Jiangning,OwnTable2PDFp4printed391;subsetduplicateTable3p5notnew,27.4,130x60,ASTM-D2863-09,,,,,,,,,,,,,,,,,,,OwnTGp5-6onlypurecontrol/optimal;orthogonaltrialTGunreported,,,,,,,,,,Cotton261gm2;ISPA25wtpercent/phosphoricacid1wtpercent/cyanuricacid0wtpercentnativefinishingliquid,Raw source facts only,2026-10-02,Codex complete primary native/text pages; one primary reviewer,,Fibers and Polymers,"All9native/textpagesread;FibersandPolymers2015,16(2):388-396,paperprintedpage387+PDFpage. Purecotton261gm2JiulongClothIndustrySuzhou,weaveunreported. ISPAimidazolespirocyclicphosphoramidateC10H14O6N4P2source synthesis/elementalanalysis,notunreactedSPDPC. FactorTable1PDFp3ISPA10/15/20/25/30wtpercent,phosphoricacid0/.5/1/1.5/2wtpercent,cyanuricacid0/.5/1/1.5/2wtpercent,cure140/150/160/170/180C;ownTable2p4twentyfiveorthogonaltrialcodesallLOI,noneofthemownTG. OptimalA5B4C5D4NOToneof25trials=30percentISPA1.5percentphosphoricacid2percentcyanuricacid170C3mincure,LOI36.6ownTable3p5. ControlLOI18.7Table2p4/Table3p5. Boil10gfabric500mLwater30min,RTdrycompletely,stir300mLfinishingaqueous30minRT,padapprox100percentwetpickup80C5mindry,cure3min;nativewtpercentbasisunreportednotdryaddon/compositemass. Initialcontrolwhetherboilpretreatedscopeunresolved,retainownpurecontrol. NoquantdurabilitywashedLOI/TG. MainTGp3Pyris1PerkinElmerN250mL/min10C/min50-800C3-5mgpanunreported;introoxidativetermnotAIRrecord. Explicitp5selectiononlycontrolandoptimalforTG+cone,doNOTpairtrial21/24highLOIwithoptimalTG. LOIp3JF3ASTMD2863-09dims130x60mm,repsunreported;5warp/5weftspecimensbelongsverticalASTMD6413-08notLOI. OwnFig2p5printed392annotationscontrolR6000.1treatedR60030,notcurveestimates;prosecontrolscarcelycharNOTzero. NativeDTGexplicitcontrolTmax1=350/Tmax2=525,optimalTmax1=300,agreeprosep6printed393. Prosefirstdegradationbegincontrol300/optimal168genericnotT5/T10;nativeTGcontrol277C98percent/optimal168C98percentremainingmassare2percentlossannotationsNOTT5/T10,keptrawallnochosenonsetthreshold. Nativeotherannotationscontrol379C21percent/optimal316C53percentretainedraw;notresidueendpoint/temp orT50interpolation. Generic300-380rangepurecontrolnotthreshold. SourceDTGprinted/proseunitspercent/minvsnativeVmaxnotborrowedtoheat rate. TGplotdisplay700-750vs800methodnotR800estimate. Cone154/98kWphrased57percenthigherand4/2.5MJ60percenthighernotTG/LOI;donotfixarithmetichere. All25orthogonalLOIfactsheldplus2ownN2states=27facts25held. NoSIcited,original/image/fulltextpathsremainprivate.",cotton,"Pure cotton fabric,261g/m2,JiulongClothIndustrySuzhou; weave unreported","Pure cotton fabric,261g/m2,JiulongClothIndustrySuzhou; weave unreported",,Trial18;A4B3C1D4,held_source_facts,,held_orthogonal_LOI_without_own_trial_TG,journal_article,OwnDOI/title/materials/all primary native and text pages reviewed,,,,,,,held_outside_verified_target,,ISPAorthogonaltrial18,,,,25,,,,,,,,,,170,0,"NativeSpringer2015,16(2):388-396,9PDFpages",,,,OwnfactorTable1p3/Table2p4/TGselectionp5,,,,,18,1,,,Enhanced flame retardancy of cotton fabrics with a novel intumescent flame-retardant finishing system,https://doi.org/10.1007/s12221-015-0388-z,,NoSIcitedincompleteprimary,"10gfabric500mLboilingwater30min,RTdrycompletely;300mLaqueousISPA/phosphoricacid/cyanuricacid30minstirRT,padapprox100percentwetpickup80C5mindry,cure3min;nativewtpercentbasisunreported;170C3mincure",Initial own orthogonal formulation,Initial0durabilitycycles,2015
10.1007/s12221-015-0388-z,JF3Jiangning,OwnTable2PDFp4printed391;subsetduplicateTable3p5notnew,26.9,130x60,ASTM-D2863-09,,,,,,,,,,,,,,,,,,,OwnTGp5-6onlypurecontrol/optimal;orthogonaltrialTGunreported,,,,,,,,,,Cotton261gm2;ISPA25wtpercent/phosphoricacid1.5wtpercent/cyanuricacid0.5wtpercentnativefinishingliquid,Raw source facts only,2026-10-02,Codex complete primary native/text pages; one primary reviewer,,Fibers and Polymers,"All9native/textpagesread;FibersandPolymers2015,16(2):388-396,paperprintedpage387+PDFpage. Purecotton261gm2JiulongClothIndustrySuzhou,weaveunreported. ISPAimidazolespirocyclicphosphoramidateC10H14O6N4P2source synthesis/elementalanalysis,notunreactedSPDPC. FactorTable1PDFp3ISPA10/15/20/25/30wtpercent,phosphoricacid0/.5/1/1.5/2wtpercent,cyanuricacid0/.5/1/1.5/2wtpercent,cure140/150/160/170/180C;ownTable2p4twentyfiveorthogonaltrialcodesallLOI,noneofthemownTG. OptimalA5B4C5D4NOToneof25trials=30percentISPA1.5percentphosphoricacid2percentcyanuricacid170C3mincure,LOI36.6ownTable3p5. ControlLOI18.7Table2p4/Table3p5. Boil10gfabric500mLwater30min,RTdrycompletely,stir300mLfinishingaqueous30minRT,padapprox100percentwetpickup80C5mindry,cure3min;nativewtpercentbasisunreportednotdryaddon/compositemass. Initialcontrolwhetherboilpretreatedscopeunresolved,retainownpurecontrol. NoquantdurabilitywashedLOI/TG. MainTGp3Pyris1PerkinElmerN250mL/min10C/min50-800C3-5mgpanunreported;introoxidativetermnotAIRrecord. Explicitp5selectiononlycontrolandoptimalforTG+cone,doNOTpairtrial21/24highLOIwithoptimalTG. LOIp3JF3ASTMD2863-09dims130x60mm,repsunreported;5warp/5weftspecimensbelongsverticalASTMD6413-08notLOI. OwnFig2p5printed392annotationscontrolR6000.1treatedR60030,notcurveestimates;prosecontrolscarcelycharNOTzero. NativeDTGexplicitcontrolTmax1=350/Tmax2=525,optimalTmax1=300,agreeprosep6printed393. Prosefirstdegradationbegincontrol300/optimal168genericnotT5/T10;nativeTGcontrol277C98percent/optimal168C98percentremainingmassare2percentlossannotationsNOTT5/T10,keptrawallnochosenonsetthreshold. Nativeotherannotationscontrol379C21percent/optimal316C53percentretainedraw;notresidueendpoint/temp orT50interpolation. Generic300-380rangepurecontrolnotthreshold. SourceDTGprinted/proseunitspercent/minvsnativeVmaxnotborrowedtoheat rate. TGplotdisplay700-750vs800methodnotR800estimate. Cone154/98kWphrased57percenthigherand4/2.5MJ60percenthighernotTG/LOI;donotfixarithmetichere. All25orthogonalLOIfactsheldplus2ownN2states=27facts25held. NoSIcited,original/image/fulltextpathsremainprivate.",cotton,"Pure cotton fabric,261g/m2,JiulongClothIndustrySuzhou; weave unreported","Pure cotton fabric,261g/m2,JiulongClothIndustrySuzhou; weave unreported",,Trial19;A4B4C2D5,held_source_facts,,held_orthogonal_LOI_without_own_trial_TG,journal_article,OwnDOI/title/materials/all primary native and text pages reviewed,,,,,,,held_outside_verified_target,,ISPAorthogonaltrial19,,,,25,,,,,,,,,,180,0.5,"NativeSpringer2015,16(2):388-396,9PDFpages",,,,OwnfactorTable1p3/Table2p4/TGselectionp5,,,,,19,1.5,,,Enhanced flame retardancy of cotton fabrics with a novel intumescent flame-retardant finishing system,https://doi.org/10.1007/s12221-015-0388-z,,NoSIcitedincompleteprimary,"10gfabric500mLboilingwater30min,RTdrycompletely;300mLaqueousISPA/phosphoricacid/cyanuricacid30minstirRT,padapprox100percentwetpickup80C5mindry,cure3min;nativewtpercentbasisunreported;180C3mincure",Initial own orthogonal formulation,Initial0durabilitycycles,2015
10.1007/s12221-015-0388-z,JF3Jiangning,OwnTable2PDFp4printed391;subsetduplicateTable3p5notnew,27.7,130x60,ASTM-D2863-09,,,,,,,,,,,,,,,,,,,OwnTGp5-6onlypurecontrol/optimal;orthogonaltrialTGunreported,,,,,,,,,,Cotton261gm2;ISPA25wtpercent/phosphoricacid2wtpercent/cyanuricacid1wtpercentnativefinishingliquid,Raw source facts only,2026-10-02,Codex complete primary native/text pages; one primary reviewer,,Fibers and Polymers,"All9native/textpagesread;FibersandPolymers2015,16(2):388-396,paperprintedpage387+PDFpage. Purecotton261gm2JiulongClothIndustrySuzhou,weaveunreported. ISPAimidazolespirocyclicphosphoramidateC10H14O6N4P2source synthesis/elementalanalysis,notunreactedSPDPC. FactorTable1PDFp3ISPA10/15/20/25/30wtpercent,phosphoricacid0/.5/1/1.5/2wtpercent,cyanuricacid0/.5/1/1.5/2wtpercent,cure140/150/160/170/180C;ownTable2p4twentyfiveorthogonaltrialcodesallLOI,noneofthemownTG. OptimalA5B4C5D4NOToneof25trials=30percentISPA1.5percentphosphoricacid2percentcyanuricacid170C3mincure,LOI36.6ownTable3p5. ControlLOI18.7Table2p4/Table3p5. Boil10gfabric500mLwater30min,RTdrycompletely,stir300mLfinishingaqueous30minRT,padapprox100percentwetpickup80C5mindry,cure3min;nativewtpercentbasisunreportednotdryaddon/compositemass. Initialcontrolwhetherboilpretreatedscopeunresolved,retainownpurecontrol. NoquantdurabilitywashedLOI/TG. MainTGp3Pyris1PerkinElmerN250mL/min10C/min50-800C3-5mgpanunreported;introoxidativetermnotAIRrecord. Explicitp5selectiononlycontrolandoptimalforTG+cone,doNOTpairtrial21/24highLOIwithoptimalTG. LOIp3JF3ASTMD2863-09dims130x60mm,repsunreported;5warp/5weftspecimensbelongsverticalASTMD6413-08notLOI. OwnFig2p5printed392annotationscontrolR6000.1treatedR60030,notcurveestimates;prosecontrolscarcelycharNOTzero. NativeDTGexplicitcontrolTmax1=350/Tmax2=525,optimalTmax1=300,agreeprosep6printed393. Prosefirstdegradationbegincontrol300/optimal168genericnotT5/T10;nativeTGcontrol277C98percent/optimal168C98percentremainingmassare2percentlossannotationsNOTT5/T10,keptrawallnochosenonsetthreshold. Nativeotherannotationscontrol379C21percent/optimal316C53percentretainedraw;notresidueendpoint/temp orT50interpolation. Generic300-380rangepurecontrolnotthreshold. SourceDTGprinted/proseunitspercent/minvsnativeVmaxnotborrowedtoheat rate. TGplotdisplay700-750vs800methodnotR800estimate. Cone154/98kWphrased57percenthigherand4/2.5MJ60percenthighernotTG/LOI;donotfixarithmetichere. All25orthogonalLOIfactsheldplus2ownN2states=27facts25held. NoSIcited,original/image/fulltextpathsremainprivate.",cotton,"Pure cotton fabric,261g/m2,JiulongClothIndustrySuzhou; weave unreported","Pure cotton fabric,261g/m2,JiulongClothIndustrySuzhou; weave unreported",,Trial20;A4B5C3D1,held_source_facts,,held_orthogonal_LOI_without_own_trial_TG,journal_article,OwnDOI/title/materials/all primary native and text pages reviewed,,,,,,,held_outside_verified_target,,ISPAorthogonaltrial20,,,,25,,,,,,,,,,140,1,"NativeSpringer2015,16(2):388-396,9PDFpages",,,,OwnfactorTable1p3/Table2p4/TGselectionp5,,,,,20,2,,,Enhanced flame retardancy of cotton fabrics with a novel intumescent flame-retardant finishing system,https://doi.org/10.1007/s12221-015-0388-z,,NoSIcitedincompleteprimary,"10gfabric500mLboilingwater30min,RTdrycompletely;300mLaqueousISPA/phosphoricacid/cyanuricacid30minstirRT,padapprox100percentwetpickup80C5mindry,cure3min;nativewtpercentbasisunreported;140C3mincure",Initial own orthogonal formulation,Initial0durabilitycycles,2015
10.1007/s12221-015-0388-z,JF3Jiangning,OwnTable2PDFp4printed391;subsetduplicateTable3p5notnew,34.2,130x60,ASTM-D2863-09,,,,,,,,,,,,,,,,,,,OwnTGp5-6onlypurecontrol/optimal;orthogonaltrialTGunreported,,,,,,,,,,Cotton261gm2;ISPA30wtpercent/phosphoricacid0wtpercent/cyanuricacid2wtpercentnativefinishingliquid,Raw source facts only,2026-10-02,Codex complete primary native/text pages; one primary reviewer,,Fibers and Polymers,"All9native/textpagesread;FibersandPolymers2015,16(2):388-396,paperprintedpage387+PDFpage. Purecotton261gm2JiulongClothIndustrySuzhou,weaveunreported. ISPAimidazolespirocyclicphosphoramidateC10H14O6N4P2source synthesis/elementalanalysis,notunreactedSPDPC. FactorTable1PDFp3ISPA10/15/20/25/30wtpercent,phosphoricacid0/.5/1/1.5/2wtpercent,cyanuricacid0/.5/1/1.5/2wtpercent,cure140/150/160/170/180C;ownTable2p4twentyfiveorthogonaltrialcodesallLOI,noneofthemownTG. OptimalA5B4C5D4NOToneof25trials=30percentISPA1.5percentphosphoricacid2percentcyanuricacid170C3mincure,LOI36.6ownTable3p5. ControlLOI18.7Table2p4/Table3p5. Boil10gfabric500mLwater30min,RTdrycompletely,stir300mLfinishingaqueous30minRT,padapprox100percentwetpickup80C5mindry,cure3min;nativewtpercentbasisunreportednotdryaddon/compositemass. Initialcontrolwhetherboilpretreatedscopeunresolved,retainownpurecontrol. NoquantdurabilitywashedLOI/TG. MainTGp3Pyris1PerkinElmerN250mL/min10C/min50-800C3-5mgpanunreported;introoxidativetermnotAIRrecord. Explicitp5selectiononlycontrolandoptimalforTG+cone,doNOTpairtrial21/24highLOIwithoptimalTG. LOIp3JF3ASTMD2863-09dims130x60mm,repsunreported;5warp/5weftspecimensbelongsverticalASTMD6413-08notLOI. OwnFig2p5printed392annotationscontrolR6000.1treatedR60030,notcurveestimates;prosecontrolscarcelycharNOTzero. NativeDTGexplicitcontrolTmax1=350/Tmax2=525,optimalTmax1=300,agreeprosep6printed393. Prosefirstdegradationbegincontrol300/optimal168genericnotT5/T10;nativeTGcontrol277C98percent/optimal168C98percentremainingmassare2percentlossannotationsNOTT5/T10,keptrawallnochosenonsetthreshold. Nativeotherannotationscontrol379C21percent/optimal316C53percentretainedraw;notresidueendpoint/temp orT50interpolation. Generic300-380rangepurecontrolnotthreshold. SourceDTGprinted/proseunitspercent/minvsnativeVmaxnotborrowedtoheat rate. TGplotdisplay700-750vs800methodnotR800estimate. Cone154/98kWphrased57percenthigherand4/2.5MJ60percenthighernotTG/LOI;donotfixarithmetichere. All25orthogonalLOIfactsheldplus2ownN2states=27facts25held. NoSIcited,original/image/fulltextpathsremainprivate.",cotton,"Pure cotton fabric,261g/m2,JiulongClothIndustrySuzhou; weave unreported","Pure cotton fabric,261g/m2,JiulongClothIndustrySuzhou; weave unreported",,Trial21;A5B1C5D4,held_source_facts,,held_orthogonal_LOI_without_own_trial_TG,journal_article,OwnDOI/title/materials/all primary native and text pages reviewed,,,,,,,held_outside_verified_target,,ISPAorthogonaltrial21,,,,30,,,,,,,,,,170,2,"NativeSpringer2015,16(2):388-396,9PDFpages",,,,OwnfactorTable1p3/Table2p4/TGselectionp5,,,,,21,0,,,Enhanced flame retardancy of cotton fabrics with a novel intumescent flame-retardant finishing system,https://doi.org/10.1007/s12221-015-0388-z,,NoSIcitedincompleteprimary,"10gfabric500mLboilingwater30min,RTdrycompletely;300mLaqueousISPA/phosphoricacid/cyanuricacid30minstirRT,padapprox100percentwetpickup80C5mindry,cure3min;nativewtpercentbasisunreported;170C3mincure",Initial own orthogonal formulation,Initial0durabilitycycles,2015
10.1007/s12221-015-0388-z,JF3Jiangning,OwnTable2PDFp4printed391;subsetduplicateTable3p5notnew,27.3,130x60,ASTM-D2863-09,,,,,,,,,,,,,,,,,,,OwnTGp5-6onlypurecontrol/optimal;orthogonaltrialTGunreported,,,,,,,,,,Cotton261gm2;ISPA30wtpercent/phosphoricacid0.5wtpercent/cyanuricacid0wtpercentnativefinishingliquid,Raw source facts only,2026-10-02,Codex complete primary native/text pages; one primary reviewer,,Fibers and Polymers,"All9native/textpagesread;FibersandPolymers2015,16(2):388-396,paperprintedpage387+PDFpage. Purecotton261gm2JiulongClothIndustrySuzhou,weaveunreported. ISPAimidazolespirocyclicphosphoramidateC10H14O6N4P2source synthesis/elementalanalysis,notunreactedSPDPC. FactorTable1PDFp3ISPA10/15/20/25/30wtpercent,phosphoricacid0/.5/1/1.5/2wtpercent,cyanuricacid0/.5/1/1.5/2wtpercent,cure140/150/160/170/180C;ownTable2p4twentyfiveorthogonaltrialcodesallLOI,noneofthemownTG. OptimalA5B4C5D4NOToneof25trials=30percentISPA1.5percentphosphoricacid2percentcyanuricacid170C3mincure,LOI36.6ownTable3p5. ControlLOI18.7Table2p4/Table3p5. Boil10gfabric500mLwater30min,RTdrycompletely,stir300mLfinishingaqueous30minRT,padapprox100percentwetpickup80C5mindry,cure3min;nativewtpercentbasisunreportednotdryaddon/compositemass. Initialcontrolwhetherboilpretreatedscopeunresolved,retainownpurecontrol. NoquantdurabilitywashedLOI/TG. MainTGp3Pyris1PerkinElmerN250mL/min10C/min50-800C3-5mgpanunreported;introoxidativetermnotAIRrecord. Explicitp5selectiononlycontrolandoptimalforTG+cone,doNOTpairtrial21/24highLOIwithoptimalTG. LOIp3JF3ASTMD2863-09dims130x60mm,repsunreported;5warp/5weftspecimensbelongsverticalASTMD6413-08notLOI. OwnFig2p5printed392annotationscontrolR6000.1treatedR60030,notcurveestimates;prosecontrolscarcelycharNOTzero. NativeDTGexplicitcontrolTmax1=350/Tmax2=525,optimalTmax1=300,agreeprosep6printed393. Prosefirstdegradationbegincontrol300/optimal168genericnotT5/T10;nativeTGcontrol277C98percent/optimal168C98percentremainingmassare2percentlossannotationsNOTT5/T10,keptrawallnochosenonsetthreshold. Nativeotherannotationscontrol379C21percent/optimal316C53percentretainedraw;notresidueendpoint/temp orT50interpolation. Generic300-380rangepurecontrolnotthreshold. SourceDTGprinted/proseunitspercent/minvsnativeVmaxnotborrowedtoheat rate. TGplotdisplay700-750vs800methodnotR800estimate. Cone154/98kWphrased57percenthigherand4/2.5MJ60percenthighernotTG/LOI;donotfixarithmetichere. All25orthogonalLOIfactsheldplus2ownN2states=27facts25held. NoSIcited,original/image/fulltextpathsremainprivate.",cotton,"Pure cotton fabric,261g/m2,JiulongClothIndustrySuzhou; weave unreported","Pure cotton fabric,261g/m2,JiulongClothIndustrySuzhou; weave unreported",,Trial22;A5B2C1D5,held_source_facts,,held_orthogonal_LOI_without_own_trial_TG,journal_article,OwnDOI/title/materials/all primary native and text pages reviewed,,,,,,,held_outside_verified_target,,ISPAorthogonaltrial22,,,,30,,,,,,,,,,180,0,"NativeSpringer2015,16(2):388-396,9PDFpages",,,,OwnfactorTable1p3/Table2p4/TGselectionp5,,,,,22,0.5,,,Enhanced flame retardancy of cotton fabrics with a novel intumescent flame-retardant finishing system,https://doi.org/10.1007/s12221-015-0388-z,,NoSIcitedincompleteprimary,"10gfabric500mLboilingwater30min,RTdrycompletely;300mLaqueousISPA/phosphoricacid/cyanuricacid30minstirRT,padapprox100percentwetpickup80C5mindry,cure3min;nativewtpercentbasisunreported;180C3mincure",Initial own orthogonal formulation,Initial0durabilitycycles,2015
10.1007/s12221-015-0388-z,JF3Jiangning,OwnTable2PDFp4printed391;subsetduplicateTable3p5notnew,27.1,130x60,ASTM-D2863-09,,,,,,,,,,,,,,,,,,,OwnTGp5-6onlypurecontrol/optimal;orthogonaltrialTGunreported,,,,,,,,,,Cotton261gm2;ISPA30wtpercent/phosphoricacid1wtpercent/cyanuricacid0.5wtpercentnativefinishingliquid,Raw source facts only,2026-10-02,Codex complete primary native/text pages; one primary reviewer,,Fibers and Polymers,"All9native/textpagesread;FibersandPolymers2015,16(2):388-396,paperprintedpage387+PDFpage. Purecotton261gm2JiulongClothIndustrySuzhou,weaveunreported. ISPAimidazolespirocyclicphosphoramidateC10H14O6N4P2source synthesis/elementalanalysis,notunreactedSPDPC. FactorTable1PDFp3ISPA10/15/20/25/30wtpercent,phosphoricacid0/.5/1/1.5/2wtpercent,cyanuricacid0/.5/1/1.5/2wtpercent,cure140/150/160/170/180C;ownTable2p4twentyfiveorthogonaltrialcodesallLOI,noneofthemownTG. OptimalA5B4C5D4NOToneof25trials=30percentISPA1.5percentphosphoricacid2percentcyanuricacid170C3mincure,LOI36.6ownTable3p5. ControlLOI18.7Table2p4/Table3p5. Boil10gfabric500mLwater30min,RTdrycompletely,stir300mLfinishingaqueous30minRT,padapprox100percentwetpickup80C5mindry,cure3min;nativewtpercentbasisunreportednotdryaddon/compositemass. Initialcontrolwhetherboilpretreatedscopeunresolved,retainownpurecontrol. NoquantdurabilitywashedLOI/TG. MainTGp3Pyris1PerkinElmerN250mL/min10C/min50-800C3-5mgpanunreported;introoxidativetermnotAIRrecord. Explicitp5selectiononlycontrolandoptimalforTG+cone,doNOTpairtrial21/24highLOIwithoptimalTG. LOIp3JF3ASTMD2863-09dims130x60mm,repsunreported;5warp/5weftspecimensbelongsverticalASTMD6413-08notLOI. OwnFig2p5printed392annotationscontrolR6000.1treatedR60030,notcurveestimates;prosecontrolscarcelycharNOTzero. NativeDTGexplicitcontrolTmax1=350/Tmax2=525,optimalTmax1=300,agreeprosep6printed393. Prosefirstdegradationbegincontrol300/optimal168genericnotT5/T10;nativeTGcontrol277C98percent/optimal168C98percentremainingmassare2percentlossannotationsNOTT5/T10,keptrawallnochosenonsetthreshold. Nativeotherannotationscontrol379C21percent/optimal316C53percentretainedraw;notresidueendpoint/temp orT50interpolation. Generic300-380rangepurecontrolnotthreshold. SourceDTGprinted/proseunitspercent/minvsnativeVmaxnotborrowedtoheat rate. TGplotdisplay700-750vs800methodnotR800estimate. Cone154/98kWphrased57percenthigherand4/2.5MJ60percenthighernotTG/LOI;donotfixarithmetichere. All25orthogonalLOIfactsheldplus2ownN2states=27facts25held. NoSIcited,original/image/fulltextpathsremainprivate.",cotton,"Pure cotton fabric,261g/m2,JiulongClothIndustrySuzhou; weave unreported","Pure cotton fabric,261g/m2,JiulongClothIndustrySuzhou; weave unreported",,Trial23;A5B3C2D1,held_source_facts,,held_orthogonal_LOI_without_own_trial_TG,journal_article,OwnDOI/title/materials/all primary native and text pages reviewed,,,,,,,held_outside_verified_target,,ISPAorthogonaltrial23,,,,30,,,,,,,,,,140,0.5,"NativeSpringer2015,16(2):388-396,9PDFpages",,,,OwnfactorTable1p3/Table2p4/TGselectionp5,,,,,23,1,,,Enhanced flame retardancy of cotton fabrics with a novel intumescent flame-retardant finishing system,https://doi.org/10.1007/s12221-015-0388-z,,NoSIcitedincompleteprimary,"10gfabric500mLboilingwater30min,RTdrycompletely;300mLaqueousISPA/phosphoricacid/cyanuricacid30minstirRT,padapprox100percentwetpickup80C5mindry,cure3min;nativewtpercentbasisunreported;140C3mincure",Initial own orthogonal formulation,Initial0durabilitycycles,2015
10.1007/s12221-015-0388-z,JF3Jiangning,OwnTable2PDFp4printed391;subsetduplicateTable3p5notnew,34,130x60,ASTM-D2863-09,,,,,,,,,,,,,,,,,,,OwnTGp5-6onlypurecontrol/optimal;orthogonaltrialTGunreported,,,,,,,,,,Cotton261gm2;ISPA30wtpercent/phosphoricacid1.5wtpercent/cyanuricacid1wtpercentnativefinishingliquid,Raw source facts only,2026-10-02,Codex complete primary native/text pages; one primary reviewer,,Fibers and Polymers,"All9native/textpagesread;FibersandPolymers2015,16(2):388-396,paperprintedpage387+PDFpage. Purecotton261gm2JiulongClothIndustrySuzhou,weaveunreported. ISPAimidazolespirocyclicphosphoramidateC10H14O6N4P2source synthesis/elementalanalysis,notunreactedSPDPC. FactorTable1PDFp3ISPA10/15/20/25/30wtpercent,phosphoricacid0/.5/1/1.5/2wtpercent,cyanuricacid0/.5/1/1.5/2wtpercent,cure140/150/160/170/180C;ownTable2p4twentyfiveorthogonaltrialcodesallLOI,noneofthemownTG. OptimalA5B4C5D4NOToneof25trials=30percentISPA1.5percentphosphoricacid2percentcyanuricacid170C3mincure,LOI36.6ownTable3p5. ControlLOI18.7Table2p4/Table3p5. Boil10gfabric500mLwater30min,RTdrycompletely,stir300mLfinishingaqueous30minRT,padapprox100percentwetpickup80C5mindry,cure3min;nativewtpercentbasisunreportednotdryaddon/compositemass. Initialcontrolwhetherboilpretreatedscopeunresolved,retainownpurecontrol. NoquantdurabilitywashedLOI/TG. MainTGp3Pyris1PerkinElmerN250mL/min10C/min50-800C3-5mgpanunreported;introoxidativetermnotAIRrecord. Explicitp5selectiononlycontrolandoptimalforTG+cone,doNOTpairtrial21/24highLOIwithoptimalTG. LOIp3JF3ASTMD2863-09dims130x60mm,repsunreported;5warp/5weftspecimensbelongsverticalASTMD6413-08notLOI. OwnFig2p5printed392annotationscontrolR6000.1treatedR60030,notcurveestimates;prosecontrolscarcelycharNOTzero. NativeDTGexplicitcontrolTmax1=350/Tmax2=525,optimalTmax1=300,agreeprosep6printed393. Prosefirstdegradationbegincontrol300/optimal168genericnotT5/T10;nativeTGcontrol277C98percent/optimal168C98percentremainingmassare2percentlossannotationsNOTT5/T10,keptrawallnochosenonsetthreshold. Nativeotherannotationscontrol379C21percent/optimal316C53percentretainedraw;notresidueendpoint/temp orT50interpolation. Generic300-380rangepurecontrolnotthreshold. SourceDTGprinted/proseunitspercent/minvsnativeVmaxnotborrowedtoheat rate. TGplotdisplay700-750vs800methodnotR800estimate. Cone154/98kWphrased57percenthigherand4/2.5MJ60percenthighernotTG/LOI;donotfixarithmetichere. All25orthogonalLOIfactsheldplus2ownN2states=27facts25held. NoSIcited,original/image/fulltextpathsremainprivate.",cotton,"Pure cotton fabric,261g/m2,JiulongClothIndustrySuzhou; weave unreported","Pure cotton fabric,261g/m2,JiulongClothIndustrySuzhou; weave unreported",,Trial24;A5B4C3D2,held_source_facts,,held_orthogonal_LOI_without_own_trial_TG,journal_article,OwnDOI/title/materials/all primary native and text pages reviewed,,,,,,,held_outside_verified_target,,ISPAorthogonaltrial24,,,,30,,,,,,,,,,150,1,"NativeSpringer2015,16(2):388-396,9PDFpages",,,,OwnfactorTable1p3/Table2p4/TGselectionp5,,,,,24,1.5,,,Enhanced flame retardancy of cotton fabrics with a novel intumescent flame-retardant finishing system,https://doi.org/10.1007/s12221-015-0388-z,,NoSIcitedincompleteprimary,"10gfabric500mLboilingwater30min,RTdrycompletely;300mLaqueousISPA/phosphoricacid/cyanuricacid30minstirRT,padapprox100percentwetpickup80C5mindry,cure3min;nativewtpercentbasisunreported;150C3mincure",Initial own orthogonal formulation,Initial0durabilitycycles,2015
10.1007/s12221-015-0388-z,JF3Jiangning,OwnTable2PDFp4printed391;subsetduplicateTable3p5notnew,27.7,130x60,ASTM-D2863-09,,,,,,,,,,,,,,,,,,,OwnTGp5-6onlypurecontrol/optimal;orthogonaltrialTGunreported,,,,,,,,,,Cotton261gm2;ISPA30wtpercent/phosphoricacid2wtpercent/cyanuricacid1.5wtpercentnativefinishingliquid,Raw source facts only,2026-10-02,Codex complete primary native/text pages; one primary reviewer,,Fibers and Polymers,"All9native/textpagesread;FibersandPolymers2015,16(2):388-396,paperprintedpage387+PDFpage. Purecotton261gm2JiulongClothIndustrySuzhou,weaveunreported. ISPAimidazolespirocyclicphosphoramidateC10H14O6N4P2source synthesis/elementalanalysis,notunreactedSPDPC. FactorTable1PDFp3ISPA10/15/20/25/30wtpercent,phosphoricacid0/.5/1/1.5/2wtpercent,cyanuricacid0/.5/1/1.5/2wtpercent,cure140/150/160/170/180C;ownTable2p4twentyfiveorthogonaltrialcodesallLOI,noneofthemownTG. OptimalA5B4C5D4NOToneof25trials=30percentISPA1.5percentphosphoricacid2percentcyanuricacid170C3mincure,LOI36.6ownTable3p5. ControlLOI18.7Table2p4/Table3p5. Boil10gfabric500mLwater30min,RTdrycompletely,stir300mLfinishingaqueous30minRT,padapprox100percentwetpickup80C5mindry,cure3min;nativewtpercentbasisunreportednotdryaddon/compositemass. Initialcontrolwhetherboilpretreatedscopeunresolved,retainownpurecontrol. NoquantdurabilitywashedLOI/TG. MainTGp3Pyris1PerkinElmerN250mL/min10C/min50-800C3-5mgpanunreported;introoxidativetermnotAIRrecord. Explicitp5selectiononlycontrolandoptimalforTG+cone,doNOTpairtrial21/24highLOIwithoptimalTG. LOIp3JF3ASTMD2863-09dims130x60mm,repsunreported;5warp/5weftspecimensbelongsverticalASTMD6413-08notLOI. OwnFig2p5printed392annotationscontrolR6000.1treatedR60030,notcurveestimates;prosecontrolscarcelycharNOTzero. NativeDTGexplicitcontrolTmax1=350/Tmax2=525,optimalTmax1=300,agreeprosep6printed393. Prosefirstdegradationbegincontrol300/optimal168genericnotT5/T10;nativeTGcontrol277C98percent/optimal168C98percentremainingmassare2percentlossannotationsNOTT5/T10,keptrawallnochosenonsetthreshold. Nativeotherannotationscontrol379C21percent/optimal316C53percentretainedraw;notresidueendpoint/temp orT50interpolation. Generic300-380rangepurecontrolnotthreshold. SourceDTGprinted/proseunitspercent/minvsnativeVmaxnotborrowedtoheat rate. TGplotdisplay700-750vs800methodnotR800estimate. Cone154/98kWphrased57percenthigherand4/2.5MJ60percenthighernotTG/LOI;donotfixarithmetichere. All25orthogonalLOIfactsheldplus2ownN2states=27facts25held. NoSIcited,original/image/fulltextpathsremainprivate.",cotton,"Pure cotton fabric,261g/m2,JiulongClothIndustrySuzhou; weave unreported","Pure cotton fabric,261g/m2,JiulongClothIndustrySuzhou; weave unreported",,Trial25;A5B5C4D3,held_source_facts,,held_orthogonal_LOI_without_own_trial_TG,journal_article,OwnDOI/title/materials/all primary native and text pages reviewed,,,,,,,held_outside_verified_target,,ISPAorthogonaltrial25,,,,30,,,,,,,,,,160,1.5,"NativeSpringer2015,16(2):388-396,9PDFpages",,,,OwnfactorTable1p3/Table2p4/TGselectionp5,,,,,25,2,,,Enhanced flame retardancy of cotton fabrics with a novel intumescent flame-retardant finishing system,https://doi.org/10.1007/s12221-015-0388-z,,NoSIcitedincompleteprimary,"10gfabric500mLboilingwater30min,RTdrycompletely;300mLaqueousISPA/phosphoricacid/cyanuricacid30minstirRT,padapprox100percentwetpickup80C5mindry,cure3min;nativewtpercentbasisunreported;160C3mincure",Initial own orthogonal formulation,Initial0durabilitycycles,2015
10.1007/s10570-021-03767-0,ZR01QingdaoShanfang,OwncontrolprosePDFp6printed3892,17.2,,GB/T5454-1997,,,,,,,,6.32,339.75,,,,,,,,NetzschTG209F1,,OfficialSI2DOCXTableS1renderedPDFp3;ownFig3primaryp6printed3892;mainTGp2printed3888,,373.57,,,,,N2,6.32,800,Owncotton145gm2control,TG+LOI,2026-10-02,Codex complete primary native/text pages; one primary reviewer,10,Cellulose,"All13primarynative/textpagesread;Cellulose2021,28:3887-3899,printed3886+PDFpage. OfficialSI2DOCX486552bytesSHA572c568414920da6d8ef9871c5c1990badcce9db00f24c1a3fe72225dc1e2b22 downloadedfromofficiallandingoutside library;allDOCXparagraphs/mergedtablesand10renderedpagesread. OfficialSI1playerassettitlematches;49.876svideocompletetimeline50frames1Hzreviewed,qualitativeprep/drying/before-afterhandflameonly,numericTG/LOIneverfromvideo. MainpaperVideoS1conecontextvsactualhandflamedemo preservednotusedforconditions. Cotton145gm2Hangzhoulocalmarketweaveunreported. NaOH1molL90C30minpretreatment;pretreatedcottonPA/ureabathnative1:50stirRT30min130Cgraft30/60/90min,postwash/dryconditionsunreported;noinventedpretreatmentrinsing. COTcontrolnativeownrawcotton,alkalipretreatmentscopeunresolved. Table1p3nativeCOT:PA:ureamassratios1:1:2/1:2:4/1:3:6;PA70wtpercentstockwhethermassratioactiveacidbasisunreported,notdryequivalents/bathconcentrations. GR(M1-M0)/M0untreateddenom Table1codes1-30/60/90=5.5/7.7/8.1,2-30/60/90=8.6/10.1/10.5,3-30/60/90=9.8/11/12.3;notcompositionmassfractions. LOImainmethodp3ZR01QingdaoShanfangGBT5454-1997dims/repsunreported;5replicates25Cmechanical/fiveverticalnotLOI. OwncontrolLOI17.20prosep6printed3892,9treatedFig4ap7printed3893EXPLICITPRINTEDNUMBERSnotcurveestimates:29.47/29.77/32.6,37.03/39.03/40.77,38.73/39.97/42.53. SI4initial90minrounded32.6/40.8/42.5 consistentroundingnotextra states/conflict,keepmostprecisefigurevalues. MainTGp2TG209F1NetzschN2/AIR10C/min;mass/pan/flow/start/endunreported. SeparateTGIRp3N230mLmin20C/min30-800NOTmaingas/rate/range. SI2TableS1renderp3all10initialgroupsexplicitT10notT5/Tonset,TmaxN2single/AIRtwopeaks,R800. OwnnativeFig3p6bothgases10groups matchescodes,notTGcurveestimation. MainprosecontrolN2T10=339.75Tmax373.57R8006.32/AIRT10333.72Tmax354.52/484.91R8000.82 agreesSI;3-90N2T10227.32Tmax262.12R80039.33/AIRR8004.55agrees. VmaxSI negativepercent/C vsprimarypositivemagnitudesraw,notheatingrate/percentmin. NativewashAATCC61-2006modified2A49C45min150mL.15percentw/vdetergent6x12cm;onewash=5domesticLCsexplicit. SI4own90min10/20/30/40/50LCLOI1:28.4/24.5/23.3/23/22.4;2:32.6/30/28.3/27.3/25;3:33.6/30.5/29.5/29.3/28.3 all15held becauseNOwashedTG. SI5titleCOTP3-90butfirstheaderCOTP3-30 conflictrawverticalcharlength,notwashedTG. SI2TablesS2/S4citedotherpapersnotownLOITGduplicates. Mainconechar/EDXcarbon64.39/notTG39.33. Teninitialstates20gasconditions+15heldownwashedLOIfacts=35facts. Sourceconditionsknownexplicitgas/rate,unknownrestpreserved. OriginalPDF/SI/docx/video/images/text/cacheoutsidepublicrepo andreadonlymetadata.",cotton,"Cotton fabric,145g/m2,localHangzhoumarket; weave unreported","Cotton fabric,145g/m2,localHangzhoumarket; weave unreported","Cotton fabric,145g/m2,localHangzhoumarket; weave unreported",COT,explicit_text,"Owninitial145gm2cottoncodeCOT joins explicitowncontrolLOI17.20prosep6 orownFig4ap7printedLOInumber to officialSI2TableS1 SAMECODE/N2 T10/Tmax/R800. All10groupcodesownprimaryFig3p6bothgases;mainp2NetzschTG209F1N2/AIR10C/minnotseparateTGIR20. T10definition10percentmasslossnotT5;R800fixed800C. SI4roundedinitial90minLOIsduplicateprecisionnotnewstates;washedLOInotpairedwithinitialTG. Complete13primarynative/textpages andallnumericalSI2DOCX10renderedpages;SI1whole49.876stimeline1Hzreviewedqualitativeonly,noTG/LOIfromvideo;unknownconditions preserved.",verified_exact,journal_article,OwnDOI/title/materials/all primary native and text pages reviewed,,,,,6.32,800,source_review_approved,c3c9cdae7f375f64d733ba157f3ae6b27fb6b243f19a678ce749081f09ad1768,COT,,,,,,Unreported;mechanical/verticalfive replicatesnotLOI,,,,"Own10percentweightloss,notT5/genericTonset",,,percent/C;negativesourceDTGsignnotheatingrate,,,"NativeSpringer2021,28:3887-3899,13PDFpages;officialSI2DOCXandSI1video",,,,Ownmaterialsp2printed3888/Table1p3printed3889/Fig3p6/Fig4ap7/officialSI2TableS1,Unreported;separateTGIR20C/minN230mL/min30-800notborrowed,-35.38,,,,,,,"Eco-friendly, efficient and durable fireproof cotton fabric prepared by a feasible phytic acid grafting route",https://doi.org/10.1007/s10570-021-03767-0,,"SI2DOCXalltext/tables/10renderedpagesreviewed;SI1whole49.876stimeline1Hz50framesreviewed,noTG/LOIusedfromvideo",OwnnativeCOTcontrol;alkalipretreatmentscopeunresolved,Initial own native group,Initial0domesticequivalentdurabilityLCs;preparationwashseparate,2021
10.1007/s10570-021-03767-0,ZR01QingdaoShanfang,OwncontrolprosePDFp6printed3892,17.2,,GB/T5454-1997,,,,,,,,0.82,333.72,,,,,,,,NetzschTG209F1,,OfficialSI2DOCXTableS1renderedPDFp3;ownFig3primaryp6printed3892;mainTGp2printed3888,,354.52,484.91,,,,air,0.82,800,Owncotton145gm2control,TG+LOI,2026-10-02,Codex complete primary native/text pages; one primary reviewer,10,Cellulose,"All13primarynative/textpagesread;Cellulose2021,28:3887-3899,printed3886+PDFpage. OfficialSI2DOCX486552bytesSHA572c568414920da6d8ef9871c5c1990badcce9db00f24c1a3fe72225dc1e2b22 downloadedfromofficiallandingoutside library;allDOCXparagraphs/mergedtablesand10renderedpagesread. OfficialSI1playerassettitlematches;49.876svideocompletetimeline50frames1Hzreviewed,qualitativeprep/drying/before-afterhandflameonly,numericTG/LOIneverfromvideo. MainpaperVideoS1conecontextvsactualhandflamedemo preservednotusedforconditions. Cotton145gm2Hangzhoulocalmarketweaveunreported. NaOH1molL90C30minpretreatment;pretreatedcottonPA/ureabathnative1:50stirRT30min130Cgraft30/60/90min,postwash/dryconditionsunreported;noinventedpretreatmentrinsing. COTcontrolnativeownrawcotton,alkalipretreatmentscopeunresolved. Table1p3nativeCOT:PA:ureamassratios1:1:2/1:2:4/1:3:6;PA70wtpercentstockwhethermassratioactiveacidbasisunreported,notdryequivalents/bathconcentrations. GR(M1-M0)/M0untreateddenom Table1codes1-30/60/90=5.5/7.7/8.1,2-30/60/90=8.6/10.1/10.5,3-30/60/90=9.8/11/12.3;notcompositionmassfractions. LOImainmethodp3ZR01QingdaoShanfangGBT5454-1997dims/repsunreported;5replicates25Cmechanical/fiveverticalnotLOI. OwncontrolLOI17.20prosep6printed3892,9treatedFig4ap7printed3893EXPLICITPRINTEDNUMBERSnotcurveestimates:29.47/29.77/32.6,37.03/39.03/40.77,38.73/39.97/42.53. SI4initial90minrounded32.6/40.8/42.5 consistentroundingnotextra states/conflict,keepmostprecisefigurevalues. MainTGp2TG209F1NetzschN2/AIR10C/min;mass/pan/flow/start/endunreported. SeparateTGIRp3N230mLmin20C/min30-800NOTmaingas/rate/range. SI2TableS1renderp3all10initialgroupsexplicitT10notT5/Tonset,TmaxN2single/AIRtwopeaks,R800. OwnnativeFig3p6bothgases10groups matchescodes,notTGcurveestimation. MainprosecontrolN2T10=339.75Tmax373.57R8006.32/AIRT10333.72Tmax354.52/484.91R8000.82 agreesSI;3-90N2T10227.32Tmax262.12R80039.33/AIRR8004.55agrees. VmaxSI negativepercent/C vsprimarypositivemagnitudesraw,notheatingrate/percentmin. NativewashAATCC61-2006modified2A49C45min150mL.15percentw/vdetergent6x12cm;onewash=5domesticLCsexplicit. SI4own90min10/20/30/40/50LCLOI1:28.4/24.5/23.3/23/22.4;2:32.6/30/28.3/27.3/25;3:33.6/30.5/29.5/29.3/28.3 all15held becauseNOwashedTG. SI5titleCOTP3-90butfirstheaderCOTP3-30 conflictrawverticalcharlength,notwashedTG. SI2TablesS2/S4citedotherpapersnotownLOITGduplicates. Mainconechar/EDXcarbon64.39/notTG39.33. Teninitialstates20gasconditions+15heldownwashedLOIfacts=35facts. Sourceconditionsknownexplicitgas/rate,unknownrestpreserved. OriginalPDF/SI/docx/video/images/text/cacheoutsidepublicrepo andreadonlymetadata.",cotton,"Cotton fabric,145g/m2,localHangzhoumarket; weave unreported","Cotton fabric,145g/m2,localHangzhoumarket; weave unreported","Cotton fabric,145g/m2,localHangzhoumarket; weave unreported",COT,explicit_text,"Owninitial145gm2cottoncodeCOT joins explicitowncontrolLOI17.20prosep6 orownFig4ap7printedLOInumber to officialSI2TableS1 SAMECODE/air T10/Tmax/R800. All10groupcodesownprimaryFig3p6bothgases;mainp2NetzschTG209F1N2/AIR10C/minnotseparateTGIR20. T10definition10percentmasslossnotT5;R800fixed800C. SI4roundedinitial90minLOIsduplicateprecisionnotnewstates;washedLOInotpairedwithinitialTG. Complete13primarynative/textpages andallnumericalSI2DOCX10renderedpages;SI1whole49.876stimeline1Hzreviewedqualitativeonly,noTG/LOIfromvideo;unknownconditions preserved.",verified_exact,journal_article,OwnDOI/title/materials/all primary native and text pages reviewed,,,,,0.82,800,source_review_approved,4edc10afa9d7de4c33ed5aa92e469999a83153625ff1392fbfcd454e66c5bb09,COT,,,,,,Unreported;mechanical/verticalfive replicatesnotLOI,,,,"Own10percentweightloss,notT5/genericTonset",,,percent/C;negativesourceDTGsignnotheatingrate,,,"NativeSpringer2021,28:3887-3899,13PDFpages;officialSI2DOCXandSI1video",,,,Ownmaterialsp2printed3888/Table1p3printed3889/Fig3p6/Fig4ap7/officialSI2TableS1,Unreported;separateTGIR20C/minN230mL/min30-800notborrowed,-26.84,-3.59,,,,,,"Eco-friendly, efficient and durable fireproof cotton fabric prepared by a feasible phytic acid grafting route",https://doi.org/10.1007/s10570-021-03767-0,,"SI2DOCXalltext/tables/10renderedpagesreviewed;SI1whole49.876stimeline1Hz50framesreviewed,noTG/LOIusedfromvideo",OwnnativeCOTcontrol;alkalipretreatmentscopeunresolved,Initial own native group,Initial0domesticequivalentdurabilityLCs;preparationwashseparate,2021
10.1007/s10570-021-03767-0,ZR01QingdaoShanfang,OwnFig4aPDFp7printed3893explicitprintednumbersnotcurveestimates,29.47,,GB/T5454-1997,,,,,,,,19.95,248.76,,,,,,,,NetzschTG209F1,,OfficialSI2DOCXTableS1renderedPDFp3;ownFig3primaryp6printed3892;mainTGp2printed3888,,268.59,,,,,N2,19.95,800,Cotton145gm2;nativeCOT:PA:ureamassratio1:1:2;130C30mingraft,TG+LOI,2026-10-02,Codex complete primary native/text pages; one primary reviewer,10,Cellulose,"All13primarynative/textpagesread;Cellulose2021,28:3887-3899,printed3886+PDFpage. OfficialSI2DOCX486552bytesSHA572c568414920da6d8ef9871c5c1990badcce9db00f24c1a3fe72225dc1e2b22 downloadedfromofficiallandingoutside library;allDOCXparagraphs/mergedtablesand10renderedpagesread. OfficialSI1playerassettitlematches;49.876svideocompletetimeline50frames1Hzreviewed,qualitativeprep/drying/before-afterhandflameonly,numericTG/LOIneverfromvideo. MainpaperVideoS1conecontextvsactualhandflamedemo preservednotusedforconditions. Cotton145gm2Hangzhoulocalmarketweaveunreported. NaOH1molL90C30minpretreatment;pretreatedcottonPA/ureabathnative1:50stirRT30min130Cgraft30/60/90min,postwash/dryconditionsunreported;noinventedpretreatmentrinsing. COTcontrolnativeownrawcotton,alkalipretreatmentscopeunresolved. Table1p3nativeCOT:PA:ureamassratios1:1:2/1:2:4/1:3:6;PA70wtpercentstockwhethermassratioactiveacidbasisunreported,notdryequivalents/bathconcentrations. GR(M1-M0)/M0untreateddenom Table1codes1-30/60/90=5.5/7.7/8.1,2-30/60/90=8.6/10.1/10.5,3-30/60/90=9.8/11/12.3;notcompositionmassfractions. LOImainmethodp3ZR01QingdaoShanfangGBT5454-1997dims/repsunreported;5replicates25Cmechanical/fiveverticalnotLOI. OwncontrolLOI17.20prosep6printed3892,9treatedFig4ap7printed3893EXPLICITPRINTEDNUMBERSnotcurveestimates:29.47/29.77/32.6,37.03/39.03/40.77,38.73/39.97/42.53. SI4initial90minrounded32.6/40.8/42.5 consistentroundingnotextra states/conflict,keepmostprecisefigurevalues. MainTGp2TG209F1NetzschN2/AIR10C/min;mass/pan/flow/start/endunreported. SeparateTGIRp3N230mLmin20C/min30-800NOTmaingas/rate/range. SI2TableS1renderp3all10initialgroupsexplicitT10notT5/Tonset,TmaxN2single/AIRtwopeaks,R800. OwnnativeFig3p6bothgases10groups matchescodes,notTGcurveestimation. MainprosecontrolN2T10=339.75Tmax373.57R8006.32/AIRT10333.72Tmax354.52/484.91R8000.82 agreesSI;3-90N2T10227.32Tmax262.12R80039.33/AIRR8004.55agrees. VmaxSI negativepercent/C vsprimarypositivemagnitudesraw,notheatingrate/percentmin. NativewashAATCC61-2006modified2A49C45min150mL.15percentw/vdetergent6x12cm;onewash=5domesticLCsexplicit. SI4own90min10/20/30/40/50LCLOI1:28.4/24.5/23.3/23/22.4;2:32.6/30/28.3/27.3/25;3:33.6/30.5/29.5/29.3/28.3 all15held becauseNOwashedTG. SI5titleCOTP3-90butfirstheaderCOTP3-30 conflictrawverticalcharlength,notwashedTG. SI2TablesS2/S4citedotherpapersnotownLOITGduplicates. Mainconechar/EDXcarbon64.39/notTG39.33. Teninitialstates20gasconditions+15heldownwashedLOIfacts=35facts. Sourceconditionsknownexplicitgas/rate,unknownrestpreserved. OriginalPDF/SI/docx/video/images/text/cacheoutsidepublicrepo andreadonlymetadata.",cotton,"Cotton fabric,145g/m2,localHangzhoumarket; weave unreported","Cotton fabric,145g/m2,localHangzhoumarket; weave unreported","Cotton fabric,145g/m2,localHangzhoumarket; weave unreported",COTP1-30,explicit_text,"Owninitial145gm2cottoncodeCOTP1-30 joins explicitowncontrolLOI17.20prosep6 orownFig4ap7printedLOInumber to officialSI2TableS1 SAMECODE/N2 T10/Tmax/R800. All10groupcodesownprimaryFig3p6bothgases;mainp2NetzschTG209F1N2/AIR10C/minnotseparateTGIR20. T10definition10percentmasslossnotT5;R800fixed800C. SI4roundedinitial90minLOIsduplicateprecisionnotnewstates;washedLOInotpairedwithinitialTG. Complete13primarynative/textpages andallnumericalSI2DOCX10renderedpages;SI1whole49.876stimeline1Hzreviewedqualitativeonly,noTG/LOIfromvideo;unknownconditions preserved.",verified_exact,journal_article,OwnDOI/title/materials/all primary native and text pages reviewed,,,,,19.95,800,source_review_approved,878779288d6f0918190e56821b110fe34306d3191625843baf50f3596f38f025,COTP1-30,1:1:2,(M1-M0)/M0*100;beforemodificationdenominator;notcompositemassfraction,5.5,,,Unreported;mechanical/verticalfive replicatesnotLOI,,,,"Own10percentweightloss,notT5/genericTonset",,,percent/C;negativesourceDTGsignnotheatingrate,,,"NativeSpringer2021,28:3887-3899,13PDFpages;officialSI2DOCXandSI1video",,130,30,Ownmaterialsp2printed3888/Table1p3printed3889/Fig3p6/Fig4ap7/officialSI2TableS1,Unreported;separateTGIR20C/minN230mL/min30-800notborrowed,-15.25,,,,,,,"Eco-friendly, efficient and durable fireproof cotton fabric prepared by a feasible phytic acid grafting route",https://doi.org/10.1007/s10570-021-03767-0,,"SI2DOCXalltext/tables/10renderedpagesreviewed;SI1whole49.876stimeline1Hz50framesreviewed,noTG/LOIusedfromvideo","NaOH1mol/L90C30minpretreatment;PA/ureasolutionnative1:50liquorratio30minstirRT;130Cgraftnative30/60/90min,postwash/dryconditionsunreported;PA70wtpercentstockmassratioactiveacidbasisunreported",Initial own native group,Initial0domesticequivalentdurabilityLCs;preparationwashseparate,2021
10.1007/s10570-021-03767-0,ZR01QingdaoShanfang,OwnFig4aPDFp7printed3893explicitprintednumbersnotcurveestimates,29.47,,GB/T5454-1997,,,,,,,,1.5,248.33,,,,,,,,NetzschTG209F1,,OfficialSI2DOCXTableS1renderedPDFp3;ownFig3primaryp6printed3892;mainTGp2printed3888,,278.32,518.03,,,,air,1.5,800,Cotton145gm2;nativeCOT:PA:ureamassratio1:1:2;130C30mingraft,TG+LOI,2026-10-02,Codex complete primary native/text pages; one primary reviewer,10,Cellulose,"All13primarynative/textpagesread;Cellulose2021,28:3887-3899,printed3886+PDFpage. OfficialSI2DOCX486552bytesSHA572c568414920da6d8ef9871c5c1990badcce9db00f24c1a3fe72225dc1e2b22 downloadedfromofficiallandingoutside library;allDOCXparagraphs/mergedtablesand10renderedpagesread. OfficialSI1playerassettitlematches;49.876svideocompletetimeline50frames1Hzreviewed,qualitativeprep/drying/before-afterhandflameonly,numericTG/LOIneverfromvideo. MainpaperVideoS1conecontextvsactualhandflamedemo preservednotusedforconditions. Cotton145gm2Hangzhoulocalmarketweaveunreported. NaOH1molL90C30minpretreatment;pretreatedcottonPA/ureabathnative1:50stirRT30min130Cgraft30/60/90min,postwash/dryconditionsunreported;noinventedpretreatmentrinsing. COTcontrolnativeownrawcotton,alkalipretreatmentscopeunresolved. Table1p3nativeCOT:PA:ureamassratios1:1:2/1:2:4/1:3:6;PA70wtpercentstockwhethermassratioactiveacidbasisunreported,notdryequivalents/bathconcentrations. GR(M1-M0)/M0untreateddenom Table1codes1-30/60/90=5.5/7.7/8.1,2-30/60/90=8.6/10.1/10.5,3-30/60/90=9.8/11/12.3;notcompositionmassfractions. LOImainmethodp3ZR01QingdaoShanfangGBT5454-1997dims/repsunreported;5replicates25Cmechanical/fiveverticalnotLOI. OwncontrolLOI17.20prosep6printed3892,9treatedFig4ap7printed3893EXPLICITPRINTEDNUMBERSnotcurveestimates:29.47/29.77/32.6,37.03/39.03/40.77,38.73/39.97/42.53. SI4initial90minrounded32.6/40.8/42.5 consistentroundingnotextra states/conflict,keepmostprecisefigurevalues. MainTGp2TG209F1NetzschN2/AIR10C/min;mass/pan/flow/start/endunreported. SeparateTGIRp3N230mLmin20C/min30-800NOTmaingas/rate/range. SI2TableS1renderp3all10initialgroupsexplicitT10notT5/Tonset,TmaxN2single/AIRtwopeaks,R800. OwnnativeFig3p6bothgases10groups matchescodes,notTGcurveestimation. MainprosecontrolN2T10=339.75Tmax373.57R8006.32/AIRT10333.72Tmax354.52/484.91R8000.82 agreesSI;3-90N2T10227.32Tmax262.12R80039.33/AIRR8004.55agrees. VmaxSI negativepercent/C vsprimarypositivemagnitudesraw,notheatingrate/percentmin. NativewashAATCC61-2006modified2A49C45min150mL.15percentw/vdetergent6x12cm;onewash=5domesticLCsexplicit. SI4own90min10/20/30/40/50LCLOI1:28.4/24.5/23.3/23/22.4;2:32.6/30/28.3/27.3/25;3:33.6/30.5/29.5/29.3/28.3 all15held becauseNOwashedTG. SI5titleCOTP3-90butfirstheaderCOTP3-30 conflictrawverticalcharlength,notwashedTG. SI2TablesS2/S4citedotherpapersnotownLOITGduplicates. Mainconechar/EDXcarbon64.39/notTG39.33. Teninitialstates20gasconditions+15heldownwashedLOIfacts=35facts. Sourceconditionsknownexplicitgas/rate,unknownrestpreserved. OriginalPDF/SI/docx/video/images/text/cacheoutsidepublicrepo andreadonlymetadata.",cotton,"Cotton fabric,145g/m2,localHangzhoumarket; weave unreported","Cotton fabric,145g/m2,localHangzhoumarket; weave unreported","Cotton fabric,145g/m2,localHangzhoumarket; weave unreported",COTP1-30,explicit_text,"Owninitial145gm2cottoncodeCOTP1-30 joins explicitowncontrolLOI17.20prosep6 orownFig4ap7printedLOInumber to officialSI2TableS1 SAMECODE/air T10/Tmax/R800. All10groupcodesownprimaryFig3p6bothgases;mainp2NetzschTG209F1N2/AIR10C/minnotseparateTGIR20. T10definition10percentmasslossnotT5;R800fixed800C. SI4roundedinitial90minLOIsduplicateprecisionnotnewstates;washedLOInotpairedwithinitialTG. Complete13primarynative/textpages andallnumericalSI2DOCX10renderedpages;SI1whole49.876stimeline1Hzreviewedqualitativeonly,noTG/LOIfromvideo;unknownconditions preserved.",verified_exact,journal_article,OwnDOI/title/materials/all primary native and text pages reviewed,,,,,1.5,800,source_review_approved,ffa1fc1adaf6a3a2ad931a9f0b9e31a72530d8ceaa309775f7ee5510ef4e35d1,COTP1-30,1:1:2,(M1-M0)/M0*100;beforemodificationdenominator;notcompositemassfraction,5.5,,,Unreported;mechanical/verticalfive replicatesnotLOI,,,,"Own10percentweightloss,notT5/genericTonset",,,percent/C;negativesourceDTGsignnotheatingrate,,,"NativeSpringer2021,28:3887-3899,13PDFpages;officialSI2DOCXandSI1video",,130,30,Ownmaterialsp2printed3888/Table1p3printed3889/Fig3p6/Fig4ap7/officialSI2TableS1,Unreported;separateTGIR20C/minN230mL/min30-800notborrowed,-12.04,-2.1,,,,,,"Eco-friendly, efficient and durable fireproof cotton fabric prepared by a feasible phytic acid grafting route",https://doi.org/10.1007/s10570-021-03767-0,,"SI2DOCXalltext/tables/10renderedpagesreviewed;SI1whole49.876stimeline1Hz50framesreviewed,noTG/LOIusedfromvideo","NaOH1mol/L90C30minpretreatment;PA/ureasolutionnative1:50liquorratio30minstirRT;130Cgraftnative30/60/90min,postwash/dryconditionsunreported;PA70wtpercentstockmassratioactiveacidbasisunreported",Initial own native group,Initial0domesticequivalentdurabilityLCs;preparationwashseparate,2021
10.1007/s10570-021-03767-0,ZR01QingdaoShanfang,OwnFig4aPDFp7printed3893explicitprintednumbersnotcurveestimates,29.77,,GB/T5454-1997,,,,,,,,32.03,234.66,,,,,,,,NetzschTG209F1,,OfficialSI2DOCXTableS1renderedPDFp3;ownFig3primaryp6printed3892;mainTGp2printed3888,,266.26,,,,,N2,32.03,800,Cotton145gm2;nativeCOT:PA:ureamassratio1:1:2;130C60mingraft,TG+LOI,2026-10-02,Codex complete primary native/text pages; one primary reviewer,10,Cellulose,"All13primarynative/textpagesread;Cellulose2021,28:3887-3899,printed3886+PDFpage. OfficialSI2DOCX486552bytesSHA572c568414920da6d8ef9871c5c1990badcce9db00f24c1a3fe72225dc1e2b22 downloadedfromofficiallandingoutside library;allDOCXparagraphs/mergedtablesand10renderedpagesread. OfficialSI1playerassettitlematches;49.876svideocompletetimeline50frames1Hzreviewed,qualitativeprep/drying/before-afterhandflameonly,numericTG/LOIneverfromvideo. MainpaperVideoS1conecontextvsactualhandflamedemo preservednotusedforconditions. Cotton145gm2Hangzhoulocalmarketweaveunreported. NaOH1molL90C30minpretreatment;pretreatedcottonPA/ureabathnative1:50stirRT30min130Cgraft30/60/90min,postwash/dryconditionsunreported;noinventedpretreatmentrinsing. COTcontrolnativeownrawcotton,alkalipretreatmentscopeunresolved. Table1p3nativeCOT:PA:ureamassratios1:1:2/1:2:4/1:3:6;PA70wtpercentstockwhethermassratioactiveacidbasisunreported,notdryequivalents/bathconcentrations. GR(M1-M0)/M0untreateddenom Table1codes1-30/60/90=5.5/7.7/8.1,2-30/60/90=8.6/10.1/10.5,3-30/60/90=9.8/11/12.3;notcompositionmassfractions. LOImainmethodp3ZR01QingdaoShanfangGBT5454-1997dims/repsunreported;5replicates25Cmechanical/fiveverticalnotLOI. OwncontrolLOI17.20prosep6printed3892,9treatedFig4ap7printed3893EXPLICITPRINTEDNUMBERSnotcurveestimates:29.47/29.77/32.6,37.03/39.03/40.77,38.73/39.97/42.53. SI4initial90minrounded32.6/40.8/42.5 consistentroundingnotextra states/conflict,keepmostprecisefigurevalues. MainTGp2TG209F1NetzschN2/AIR10C/min;mass/pan/flow/start/endunreported. SeparateTGIRp3N230mLmin20C/min30-800NOTmaingas/rate/range. SI2TableS1renderp3all10initialgroupsexplicitT10notT5/Tonset,TmaxN2single/AIRtwopeaks,R800. OwnnativeFig3p6bothgases10groups matchescodes,notTGcurveestimation. MainprosecontrolN2T10=339.75Tmax373.57R8006.32/AIRT10333.72Tmax354.52/484.91R8000.82 agreesSI;3-90N2T10227.32Tmax262.12R80039.33/AIRR8004.55agrees. VmaxSI negativepercent/C vsprimarypositivemagnitudesraw,notheatingrate/percentmin. NativewashAATCC61-2006modified2A49C45min150mL.15percentw/vdetergent6x12cm;onewash=5domesticLCsexplicit. SI4own90min10/20/30/40/50LCLOI1:28.4/24.5/23.3/23/22.4;2:32.6/30/28.3/27.3/25;3:33.6/30.5/29.5/29.3/28.3 all15held becauseNOwashedTG. SI5titleCOTP3-90butfirstheaderCOTP3-30 conflictrawverticalcharlength,notwashedTG. SI2TablesS2/S4citedotherpapersnotownLOITGduplicates. Mainconechar/EDXcarbon64.39/notTG39.33. Teninitialstates20gasconditions+15heldownwashedLOIfacts=35facts. Sourceconditionsknownexplicitgas/rate,unknownrestpreserved. OriginalPDF/SI/docx/video/images/text/cacheoutsidepublicrepo andreadonlymetadata.",cotton,"Cotton fabric,145g/m2,localHangzhoumarket; weave unreported","Cotton fabric,145g/m2,localHangzhoumarket; weave unreported","Cotton fabric,145g/m2,localHangzhoumarket; weave unreported",COTP1-60,explicit_text,"Owninitial145gm2cottoncodeCOTP1-60 joins explicitowncontrolLOI17.20prosep6 orownFig4ap7printedLOInumber to officialSI2TableS1 SAMECODE/N2 T10/Tmax/R800. All10groupcodesownprimaryFig3p6bothgases;mainp2NetzschTG209F1N2/AIR10C/minnotseparateTGIR20. T10definition10percentmasslossnotT5;R800fixed800C. SI4roundedinitial90minLOIsduplicateprecisionnotnewstates;washedLOInotpairedwithinitialTG. Complete13primarynative/textpages andallnumericalSI2DOCX10renderedpages;SI1whole49.876stimeline1Hzreviewedqualitativeonly,noTG/LOIfromvideo;unknownconditions preserved.",verified_exact,journal_article,OwnDOI/title/materials/all primary native and text pages reviewed,,,,,32.03,800,source_review_approved,7edf1a4eb5996298501f878aa3d9d16ab1277731dd09490272ebb4efb8d06afd,COTP1-60,1:1:2,(M1-M0)/M0*100;beforemodificationdenominator;notcompositemassfraction,7.7,,,Unreported;mechanical/verticalfive replicatesnotLOI,,,,"Own10percentweightloss,notT5/genericTonset",,,percent/C;negativesourceDTGsignnotheatingrate,,,"NativeSpringer2021,28:3887-3899,13PDFpages;officialSI2DOCXandSI1video",,130,60,Ownmaterialsp2printed3888/Table1p3printed3889/Fig3p6/Fig4ap7/officialSI2TableS1,Unreported;separateTGIR20C/minN230mL/min30-800notborrowed,-16.26,,,,,,,"Eco-friendly, efficient and durable fireproof cotton fabric prepared by a feasible phytic acid grafting route",https://doi.org/10.1007/s10570-021-03767-0,,"SI2DOCXalltext/tables/10renderedpagesreviewed;SI1whole49.876stimeline1Hz50framesreviewed,noTG/LOIusedfromvideo","NaOH1mol/L90C30minpretreatment;PA/ureasolutionnative1:50liquorratio30minstirRT;130Cgraftnative30/60/90min,postwash/dryconditionsunreported;PA70wtpercentstockmassratioactiveacidbasisunreported",Initial own native group,Initial0domesticequivalentdurabilityLCs;preparationwashseparate,2021
10.1007/s10570-021-03767-0,ZR01QingdaoShanfang,OwnFig4aPDFp7printed3893explicitprintednumbersnotcurveestimates,29.77,,GB/T5454-1997,,,,,,,,2.23,243.86,,,,,,,,NetzschTG209F1,,OfficialSI2DOCXTableS1renderedPDFp3;ownFig3primaryp6printed3892;mainTGp2printed3888,,274.76,516.23,,,,air,2.23,800,Cotton145gm2;nativeCOT:PA:ureamassratio1:1:2;130C60mingraft,TG+LOI,2026-10-02,Codex complete primary native/text pages; one primary reviewer,10,Cellulose,"All13primarynative/textpagesread;Cellulose2021,28:3887-3899,printed3886+PDFpage. OfficialSI2DOCX486552bytesSHA572c568414920da6d8ef9871c5c1990badcce9db00f24c1a3fe72225dc1e2b22 downloadedfromofficiallandingoutside library;allDOCXparagraphs/mergedtablesand10renderedpagesread. OfficialSI1playerassettitlematches;49.876svideocompletetimeline50frames1Hzreviewed,qualitativeprep/drying/before-afterhandflameonly,numericTG/LOIneverfromvideo. MainpaperVideoS1conecontextvsactualhandflamedemo preservednotusedforconditions. Cotton145gm2Hangzhoulocalmarketweaveunreported. NaOH1molL90C30minpretreatment;pretreatedcottonPA/ureabathnative1:50stirRT30min130Cgraft30/60/90min,postwash/dryconditionsunreported;noinventedpretreatmentrinsing. COTcontrolnativeownrawcotton,alkalipretreatmentscopeunresolved. Table1p3nativeCOT:PA:ureamassratios1:1:2/1:2:4/1:3:6;PA70wtpercentstockwhethermassratioactiveacidbasisunreported,notdryequivalents/bathconcentrations. GR(M1-M0)/M0untreateddenom Table1codes1-30/60/90=5.5/7.7/8.1,2-30/60/90=8.6/10.1/10.5,3-30/60/90=9.8/11/12.3;notcompositionmassfractions. LOImainmethodp3ZR01QingdaoShanfangGBT5454-1997dims/repsunreported;5replicates25Cmechanical/fiveverticalnotLOI. OwncontrolLOI17.20prosep6printed3892,9treatedFig4ap7printed3893EXPLICITPRINTEDNUMBERSnotcurveestimates:29.47/29.77/32.6,37.03/39.03/40.77,38.73/39.97/42.53. SI4initial90minrounded32.6/40.8/42.5 consistentroundingnotextra states/conflict,keepmostprecisefigurevalues. MainTGp2TG209F1NetzschN2/AIR10C/min;mass/pan/flow/start/endunreported. SeparateTGIRp3N230mLmin20C/min30-800NOTmaingas/rate/range. SI2TableS1renderp3all10initialgroupsexplicitT10notT5/Tonset,TmaxN2single/AIRtwopeaks,R800. OwnnativeFig3p6bothgases10groups matchescodes,notTGcurveestimation. MainprosecontrolN2T10=339.75Tmax373.57R8006.32/AIRT10333.72Tmax354.52/484.91R8000.82 agreesSI;3-90N2T10227.32Tmax262.12R80039.33/AIRR8004.55agrees. VmaxSI negativepercent/C vsprimarypositivemagnitudesraw,notheatingrate/percentmin. NativewashAATCC61-2006modified2A49C45min150mL.15percentw/vdetergent6x12cm;onewash=5domesticLCsexplicit. SI4own90min10/20/30/40/50LCLOI1:28.4/24.5/23.3/23/22.4;2:32.6/30/28.3/27.3/25;3:33.6/30.5/29.5/29.3/28.3 all15held becauseNOwashedTG. SI5titleCOTP3-90butfirstheaderCOTP3-30 conflictrawverticalcharlength,notwashedTG. SI2TablesS2/S4citedotherpapersnotownLOITGduplicates. Mainconechar/EDXcarbon64.39/notTG39.33. Teninitialstates20gasconditions+15heldownwashedLOIfacts=35facts. Sourceconditionsknownexplicitgas/rate,unknownrestpreserved. OriginalPDF/SI/docx/video/images/text/cacheoutsidepublicrepo andreadonlymetadata.",cotton,"Cotton fabric,145g/m2,localHangzhoumarket; weave unreported","Cotton fabric,145g/m2,localHangzhoumarket; weave unreported","Cotton fabric,145g/m2,localHangzhoumarket; weave unreported",COTP1-60,explicit_text,"Owninitial145gm2cottoncodeCOTP1-60 joins explicitowncontrolLOI17.20prosep6 orownFig4ap7printedLOInumber to officialSI2TableS1 SAMECODE/air T10/Tmax/R800. All10groupcodesownprimaryFig3p6bothgases;mainp2NetzschTG209F1N2/AIR10C/minnotseparateTGIR20. T10definition10percentmasslossnotT5;R800fixed800C. SI4roundedinitial90minLOIsduplicateprecisionnotnewstates;washedLOInotpairedwithinitialTG. Complete13primarynative/textpages andallnumericalSI2DOCX10renderedpages;SI1whole49.876stimeline1Hzreviewedqualitativeonly,noTG/LOIfromvideo;unknownconditions preserved.",verified_exact,journal_article,OwnDOI/title/materials/all primary native and text pages reviewed,,,,,2.23,800,source_review_approved,c286a661906457fe2f6760ce51ea7ac7413dd45173772987406646d9454a2367,COTP1-60,1:1:2,(M1-M0)/M0*100;beforemodificationdenominator;notcompositemassfraction,7.7,,,Unreported;mechanical/verticalfive replicatesnotLOI,,,,"Own10percentweightloss,notT5/genericTonset",,,percent/C;negativesourceDTGsignnotheatingrate,,,"NativeSpringer2021,28:3887-3899,13PDFpages;officialSI2DOCXandSI1video",,130,60,Ownmaterialsp2printed3888/Table1p3printed3889/Fig3p6/Fig4ap7/officialSI2TableS1,Unreported;separateTGIR20C/minN230mL/min30-800notborrowed,-11.46,-2.15,,,,,,"Eco-friendly, efficient and durable fireproof cotton fabric prepared by a feasible phytic acid grafting route",https://doi.org/10.1007/s10570-021-03767-0,,"SI2DOCXalltext/tables/10renderedpagesreviewed;SI1whole49.876stimeline1Hz50framesreviewed,noTG/LOIusedfromvideo","NaOH1mol/L90C30minpretreatment;PA/ureasolutionnative1:50liquorratio30minstirRT;130Cgraftnative30/60/90min,postwash/dryconditionsunreported;PA70wtpercentstockmassratioactiveacidbasisunreported",Initial own native group,Initial0domesticequivalentdurabilityLCs;preparationwashseparate,2021
10.1007/s10570-021-03767-0,ZR01QingdaoShanfang,OwnFig4aPDFp7printed3893explicitprintednumbersnotcurveestimates,32.6,,GB/T5454-1997,,,,,,,,37.1,231.89,,,,,,,,NetzschTG209F1,,OfficialSI2DOCXTableS1renderedPDFp3;ownFig3primaryp6printed3892;mainTGp2printed3888,,266.69,,,,,N2,37.1,800,Cotton145gm2;nativeCOT:PA:ureamassratio1:1:2;130C90mingraft,TG+LOI,2026-10-02,Codex complete primary native/text pages; one primary reviewer,10,Cellulose,"All13primarynative/textpagesread;Cellulose2021,28:3887-3899,printed3886+PDFpage. OfficialSI2DOCX486552bytesSHA572c568414920da6d8ef9871c5c1990badcce9db00f24c1a3fe72225dc1e2b22 downloadedfromofficiallandingoutside library;allDOCXparagraphs/mergedtablesand10renderedpagesread. OfficialSI1playerassettitlematches;49.876svideocompletetimeline50frames1Hzreviewed,qualitativeprep/drying/before-afterhandflameonly,numericTG/LOIneverfromvideo. MainpaperVideoS1conecontextvsactualhandflamedemo preservednotusedforconditions. Cotton145gm2Hangzhoulocalmarketweaveunreported. NaOH1molL90C30minpretreatment;pretreatedcottonPA/ureabathnative1:50stirRT30min130Cgraft30/60/90min,postwash/dryconditionsunreported;noinventedpretreatmentrinsing. COTcontrolnativeownrawcotton,alkalipretreatmentscopeunresolved. Table1p3nativeCOT:PA:ureamassratios1:1:2/1:2:4/1:3:6;PA70wtpercentstockwhethermassratioactiveacidbasisunreported,notdryequivalents/bathconcentrations. GR(M1-M0)/M0untreateddenom Table1codes1-30/60/90=5.5/7.7/8.1,2-30/60/90=8.6/10.1/10.5,3-30/60/90=9.8/11/12.3;notcompositionmassfractions. LOImainmethodp3ZR01QingdaoShanfangGBT5454-1997dims/repsunreported;5replicates25Cmechanical/fiveverticalnotLOI. OwncontrolLOI17.20prosep6printed3892,9treatedFig4ap7printed3893EXPLICITPRINTEDNUMBERSnotcurveestimates:29.47/29.77/32.6,37.03/39.03/40.77,38.73/39.97/42.53. SI4initial90minrounded32.6/40.8/42.5 consistentroundingnotextra states/conflict,keepmostprecisefigurevalues. MainTGp2TG209F1NetzschN2/AIR10C/min;mass/pan/flow/start/endunreported. SeparateTGIRp3N230mLmin20C/min30-800NOTmaingas/rate/range. SI2TableS1renderp3all10initialgroupsexplicitT10notT5/Tonset,TmaxN2single/AIRtwopeaks,R800. OwnnativeFig3p6bothgases10groups matchescodes,notTGcurveestimation. MainprosecontrolN2T10=339.75Tmax373.57R8006.32/AIRT10333.72Tmax354.52/484.91R8000.82 agreesSI;3-90N2T10227.32Tmax262.12R80039.33/AIRR8004.55agrees. VmaxSI negativepercent/C vsprimarypositivemagnitudesraw,notheatingrate/percentmin. NativewashAATCC61-2006modified2A49C45min150mL.15percentw/vdetergent6x12cm;onewash=5domesticLCsexplicit. SI4own90min10/20/30/40/50LCLOI1:28.4/24.5/23.3/23/22.4;2:32.6/30/28.3/27.3/25;3:33.6/30.5/29.5/29.3/28.3 all15held becauseNOwashedTG. SI5titleCOTP3-90butfirstheaderCOTP3-30 conflictrawverticalcharlength,notwashedTG. SI2TablesS2/S4citedotherpapersnotownLOITGduplicates. Mainconechar/EDXcarbon64.39/notTG39.33. Teninitialstates20gasconditions+15heldownwashedLOIfacts=35facts. Sourceconditionsknownexplicitgas/rate,unknownrestpreserved. OriginalPDF/SI/docx/video/images/text/cacheoutsidepublicrepo andreadonlymetadata.",cotton,"Cotton fabric,145g/m2,localHangzhoumarket; weave unreported","Cotton fabric,145g/m2,localHangzhoumarket; weave unreported","Cotton fabric,145g/m2,localHangzhoumarket; weave unreported",COTP1-90,explicit_text,"Owninitial145gm2cottoncodeCOTP1-90 joins explicitowncontrolLOI17.20prosep6 orownFig4ap7printedLOInumber to officialSI2TableS1 SAMECODE/N2 T10/Tmax/R800. All10groupcodesownprimaryFig3p6bothgases;mainp2NetzschTG209F1N2/AIR10C/minnotseparateTGIR20. T10definition10percentmasslossnotT5;R800fixed800C. SI4roundedinitial90minLOIsduplicateprecisionnotnewstates;washedLOInotpairedwithinitialTG. Complete13primarynative/textpages andallnumericalSI2DOCX10renderedpages;SI1whole49.876stimeline1Hzreviewedqualitativeonly,noTG/LOIfromvideo;unknownconditions preserved.",verified_exact,journal_article,OwnDOI/title/materials/all primary native and text pages reviewed,,,,,37.1,800,source_review_approved,635149dda1d686d52ff62c440c136dc3757c25fac72fffd22e262d4509fbad3e,COTP1-90,1:1:2,(M1-M0)/M0*100;beforemodificationdenominator;notcompositemassfraction,8.1,,,Unreported;mechanical/verticalfive replicatesnotLOI,,32.6,,"Own10percentweightloss,notT5/genericTonset",,,percent/C;negativesourceDTGsignnotheatingrate,,,"NativeSpringer2021,28:3887-3899,13PDFpages;officialSI2DOCXandSI1video",,130,90,Ownmaterialsp2printed3888/Table1p3printed3889/Fig3p6/Fig4ap7/officialSI2TableS1,Unreported;separateTGIR20C/minN230mL/min30-800notborrowed,-17.16,,,,,,,"Eco-friendly, efficient and durable fireproof cotton fabric prepared by a feasible phytic acid grafting route",https://doi.org/10.1007/s10570-021-03767-0,,"SI2DOCXalltext/tables/10renderedpagesreviewed;SI1whole49.876stimeline1Hz50framesreviewed,noTG/LOIusedfromvideo","NaOH1mol/L90C30minpretreatment;PA/ureasolutionnative1:50liquorratio30minstirRT;130Cgraftnative30/60/90min,postwash/dryconditionsunreported;PA70wtpercentstockmassratioactiveacidbasisunreported",Initial own native group,Initial0domesticequivalentdurabilityLCs;preparationwashseparate,2021
10.1007/s10570-021-03767-0,ZR01QingdaoShanfang,OwnFig4aPDFp7printed3893explicitprintednumbersnotcurveestimates,32.6,,GB/T5454-1997,,,,,,,,2.51,238.12,,,,,,,,NetzschTG209F1,,OfficialSI2DOCXTableS1renderedPDFp3;ownFig3primaryp6printed3892;mainTGp2printed3888,,269.91,522.86,,,,air,2.51,800,Cotton145gm2;nativeCOT:PA:ureamassratio1:1:2;130C90mingraft,TG+LOI,2026-10-02,Codex complete primary native/text pages; one primary reviewer,10,Cellulose,"All13primarynative/textpagesread;Cellulose2021,28:3887-3899,printed3886+PDFpage. OfficialSI2DOCX486552bytesSHA572c568414920da6d8ef9871c5c1990badcce9db00f24c1a3fe72225dc1e2b22 downloadedfromofficiallandingoutside library;allDOCXparagraphs/mergedtablesand10renderedpagesread. OfficialSI1playerassettitlematches;49.876svideocompletetimeline50frames1Hzreviewed,qualitativeprep/drying/before-afterhandflameonly,numericTG/LOIneverfromvideo. MainpaperVideoS1conecontextvsactualhandflamedemo preservednotusedforconditions. Cotton145gm2Hangzhoulocalmarketweaveunreported. NaOH1molL90C30minpretreatment;pretreatedcottonPA/ureabathnative1:50stirRT30min130Cgraft30/60/90min,postwash/dryconditionsunreported;noinventedpretreatmentrinsing. COTcontrolnativeownrawcotton,alkalipretreatmentscopeunresolved. Table1p3nativeCOT:PA:ureamassratios1:1:2/1:2:4/1:3:6;PA70wtpercentstockwhethermassratioactiveacidbasisunreported,notdryequivalents/bathconcentrations. GR(M1-M0)/M0untreateddenom Table1codes1-30/60/90=5.5/7.7/8.1,2-30/60/90=8.6/10.1/10.5,3-30/60/90=9.8/11/12.3;notcompositionmassfractions. LOImainmethodp3ZR01QingdaoShanfangGBT5454-1997dims/repsunreported;5replicates25Cmechanical/fiveverticalnotLOI. OwncontrolLOI17.20prosep6printed3892,9treatedFig4ap7printed3893EXPLICITPRINTEDNUMBERSnotcurveestimates:29.47/29.77/32.6,37.03/39.03/40.77,38.73/39.97/42.53. SI4initial90minrounded32.6/40.8/42.5 consistentroundingnotextra states/conflict,keepmostprecisefigurevalues. MainTGp2TG209F1NetzschN2/AIR10C/min;mass/pan/flow/start/endunreported. SeparateTGIRp3N230mLmin20C/min30-800NOTmaingas/rate/range. SI2TableS1renderp3all10initialgroupsexplicitT10notT5/Tonset,TmaxN2single/AIRtwopeaks,R800. OwnnativeFig3p6bothgases10groups matchescodes,notTGcurveestimation. MainprosecontrolN2T10=339.75Tmax373.57R8006.32/AIRT10333.72Tmax354.52/484.91R8000.82 agreesSI;3-90N2T10227.32Tmax262.12R80039.33/AIRR8004.55agrees. VmaxSI negativepercent/C vsprimarypositivemagnitudesraw,notheatingrate/percentmin. NativewashAATCC61-2006modified2A49C45min150mL.15percentw/vdetergent6x12cm;onewash=5domesticLCsexplicit. SI4own90min10/20/30/40/50LCLOI1:28.4/24.5/23.3/23/22.4;2:32.6/30/28.3/27.3/25;3:33.6/30.5/29.5/29.3/28.3 all15held becauseNOwashedTG. SI5titleCOTP3-90butfirstheaderCOTP3-30 conflictrawverticalcharlength,notwashedTG. SI2TablesS2/S4citedotherpapersnotownLOITGduplicates. Mainconechar/EDXcarbon64.39/notTG39.33. Teninitialstates20gasconditions+15heldownwashedLOIfacts=35facts. Sourceconditionsknownexplicitgas/rate,unknownrestpreserved. OriginalPDF/SI/docx/video/images/text/cacheoutsidepublicrepo andreadonlymetadata.",cotton,"Cotton fabric,145g/m2,localHangzhoumarket; weave unreported","Cotton fabric,145g/m2,localHangzhoumarket; weave unreported","Cotton fabric,145g/m2,localHangzhoumarket; weave unreported",COTP1-90,explicit_text,"Owninitial145gm2cottoncodeCOTP1-90 joins explicitowncontrolLOI17.20prosep6 orownFig4ap7printedLOInumber to officialSI2TableS1 SAMECODE/air T10/Tmax/R800. All10groupcodesownprimaryFig3p6bothgases;mainp2NetzschTG209F1N2/AIR10C/minnotseparateTGIR20. T10definition10percentmasslossnotT5;R800fixed800C. SI4roundedinitial90minLOIsduplicateprecisionnotnewstates;washedLOInotpairedwithinitialTG. Complete13primarynative/textpages andallnumericalSI2DOCX10renderedpages;SI1whole49.876stimeline1Hzreviewedqualitativeonly,noTG/LOIfromvideo;unknownconditions preserved.",verified_exact,journal_article,OwnDOI/title/materials/all primary native and text pages reviewed,,,,,2.51,800,source_review_approved,3d28e7620db7202933eaab109f44bb1761fc8620e62cfa10029d0e0f2ba6b678,COTP1-90,1:1:2,(M1-M0)/M0*100;beforemodificationdenominator;notcompositemassfraction,8.1,,,Unreported;mechanical/verticalfive replicatesnotLOI,,32.6,,"Own10percentweightloss,notT5/genericTonset",,,percent/C;negativesourceDTGsignnotheatingrate,,,"NativeSpringer2021,28:3887-3899,13PDFpages;officialSI2DOCXandSI1video",,130,90,Ownmaterialsp2printed3888/Table1p3printed3889/Fig3p6/Fig4ap7/officialSI2TableS1,Unreported;separateTGIR20C/minN230mL/min30-800notborrowed,-11.02,-2.11,,,,,,"Eco-friendly, efficient and durable fireproof cotton fabric prepared by a feasible phytic acid grafting route",https://doi.org/10.1007/s10570-021-03767-0,,"SI2DOCXalltext/tables/10renderedpagesreviewed;SI1whole49.876stimeline1Hz50framesreviewed,noTG/LOIusedfromvideo","NaOH1mol/L90C30minpretreatment;PA/ureasolutionnative1:50liquorratio30minstirRT;130Cgraftnative30/60/90min,postwash/dryconditionsunreported;PA70wtpercentstockmassratioactiveacidbasisunreported",Initial own native group,Initial0domesticequivalentdurabilityLCs;preparationwashseparate,2021
10.1007/s10570-021-03767-0,ZR01QingdaoShanfang,OwnFig4aPDFp7printed3893explicitprintednumbersnotcurveestimates,37.03,,GB/T5454-1997,,,,,,,,37.71,230.64,,,,,,,,NetzschTG209F1,,OfficialSI2DOCXTableS1renderedPDFp3;ownFig3primaryp6printed3892;mainTGp2printed3888,,263.94,,,,,N2,37.71,800,Cotton145gm2;nativeCOT:PA:ureamassratio1:2:4;130C30mingraft,TG+LOI,2026-10-02,Codex complete primary native/text pages; one primary reviewer,10,Cellulose,"All13primarynative/textpagesread;Cellulose2021,28:3887-3899,printed3886+PDFpage. OfficialSI2DOCX486552bytesSHA572c568414920da6d8ef9871c5c1990badcce9db00f24c1a3fe72225dc1e2b22 downloadedfromofficiallandingoutside library;allDOCXparagraphs/mergedtablesand10renderedpagesread. OfficialSI1playerassettitlematches;49.876svideocompletetimeline50frames1Hzreviewed,qualitativeprep/drying/before-afterhandflameonly,numericTG/LOIneverfromvideo. MainpaperVideoS1conecontextvsactualhandflamedemo preservednotusedforconditions. Cotton145gm2Hangzhoulocalmarketweaveunreported. NaOH1molL90C30minpretreatment;pretreatedcottonPA/ureabathnative1:50stirRT30min130Cgraft30/60/90min,postwash/dryconditionsunreported;noinventedpretreatmentrinsing. COTcontrolnativeownrawcotton,alkalipretreatmentscopeunresolved. Table1p3nativeCOT:PA:ureamassratios1:1:2/1:2:4/1:3:6;PA70wtpercentstockwhethermassratioactiveacidbasisunreported,notdryequivalents/bathconcentrations. GR(M1-M0)/M0untreateddenom Table1codes1-30/60/90=5.5/7.7/8.1,2-30/60/90=8.6/10.1/10.5,3-30/60/90=9.8/11/12.3;notcompositionmassfractions. LOImainmethodp3ZR01QingdaoShanfangGBT5454-1997dims/repsunreported;5replicates25Cmechanical/fiveverticalnotLOI. OwncontrolLOI17.20prosep6printed3892,9treatedFig4ap7printed3893EXPLICITPRINTEDNUMBERSnotcurveestimates:29.47/29.77/32.6,37.03/39.03/40.77,38.73/39.97/42.53. SI4initial90minrounded32.6/40.8/42.5 consistentroundingnotextra states/conflict,keepmostprecisefigurevalues. MainTGp2TG209F1NetzschN2/AIR10C/min;mass/pan/flow/start/endunreported. SeparateTGIRp3N230mLmin20C/min30-800NOTmaingas/rate/range. SI2TableS1renderp3all10initialgroupsexplicitT10notT5/Tonset,TmaxN2single/AIRtwopeaks,R800. OwnnativeFig3p6bothgases10groups matchescodes,notTGcurveestimation. MainprosecontrolN2T10=339.75Tmax373.57R8006.32/AIRT10333.72Tmax354.52/484.91R8000.82 agreesSI;3-90N2T10227.32Tmax262.12R80039.33/AIRR8004.55agrees. VmaxSI negativepercent/C vsprimarypositivemagnitudesraw,notheatingrate/percentmin. NativewashAATCC61-2006modified2A49C45min150mL.15percentw/vdetergent6x12cm;onewash=5domesticLCsexplicit. SI4own90min10/20/30/40/50LCLOI1:28.4/24.5/23.3/23/22.4;2:32.6/30/28.3/27.3/25;3:33.6/30.5/29.5/29.3/28.3 all15held becauseNOwashedTG. SI5titleCOTP3-90butfirstheaderCOTP3-30 conflictrawverticalcharlength,notwashedTG. SI2TablesS2/S4citedotherpapersnotownLOITGduplicates. Mainconechar/EDXcarbon64.39/notTG39.33. Teninitialstates20gasconditions+15heldownwashedLOIfacts=35facts. Sourceconditionsknownexplicitgas/rate,unknownrestpreserved. OriginalPDF/SI/docx/video/images/text/cacheoutsidepublicrepo andreadonlymetadata.",cotton,"Cotton fabric,145g/m2,localHangzhoumarket; weave unreported","Cotton fabric,145g/m2,localHangzhoumarket; weave unreported","Cotton fabric,145g/m2,localHangzhoumarket; weave unreported",COTP2-30,explicit_text,"Owninitial145gm2cottoncodeCOTP2-30 joins explicitowncontrolLOI17.20prosep6 orownFig4ap7printedLOInumber to officialSI2TableS1 SAMECODE/N2 T10/Tmax/R800. All10groupcodesownprimaryFig3p6bothgases;mainp2NetzschTG209F1N2/AIR10C/minnotseparateTGIR20. T10definition10percentmasslossnotT5;R800fixed800C. SI4roundedinitial90minLOIsduplicateprecisionnotnewstates;washedLOInotpairedwithinitialTG. Complete13primarynative/textpages andallnumericalSI2DOCX10renderedpages;SI1whole49.876stimeline1Hzreviewedqualitativeonly,noTG/LOIfromvideo;unknownconditions preserved.",verified_exact,journal_article,OwnDOI/title/materials/all primary native and text pages reviewed,,,,,37.71,800,source_review_approved,150c4f86ca8665b422c0f402962f8577bfdbc986b20c376ed4e51c7374f34a11,COTP2-30,1:2:4,(M1-M0)/M0*100;beforemodificationdenominator;notcompositemassfraction,8.6,,,Unreported;mechanical/verticalfive replicatesnotLOI,,,,"Own10percentweightloss,notT5/genericTonset",,,percent/C;negativesourceDTGsignnotheatingrate,,,"NativeSpringer2021,28:3887-3899,13PDFpages;officialSI2DOCXandSI1video",,130,30,Ownmaterialsp2printed3888/Table1p3printed3889/Fig3p6/Fig4ap7/officialSI2TableS1,Unreported;separateTGIR20C/minN230mL/min30-800notborrowed,-15.67,,,,,,,"Eco-friendly, efficient and durable fireproof cotton fabric prepared by a feasible phytic acid grafting route",https://doi.org/10.1007/s10570-021-03767-0,,"SI2DOCXalltext/tables/10renderedpagesreviewed;SI1whole49.876stimeline1Hz50framesreviewed,noTG/LOIusedfromvideo","NaOH1mol/L90C30minpretreatment;PA/ureasolutionnative1:50liquorratio30minstirRT;130Cgraftnative30/60/90min,postwash/dryconditionsunreported;PA70wtpercentstockmassratioactiveacidbasisunreported",Initial own native group,Initial0domesticequivalentdurabilityLCs;preparationwashseparate,2021
10.1007/s10570-021-03767-0,ZR01QingdaoShanfang,OwnFig4aPDFp7printed3893explicitprintednumbersnotcurveestimates,37.03,,GB/T5454-1997,,,,,,,,2.69,230.22,,,,,,,,NetzschTG209F1,,OfficialSI2DOCXTableS1renderedPDFp3;ownFig3primaryp6printed3892;mainTGp2printed3888,,262.32,521.22,,,,air,2.69,800,Cotton145gm2;nativeCOT:PA:ureamassratio1:2:4;130C30mingraft,TG+LOI,2026-10-02,Codex complete primary native/text pages; one primary reviewer,10,Cellulose,"All13primarynative/textpagesread;Cellulose2021,28:3887-3899,printed3886+PDFpage. OfficialSI2DOCX486552bytesSHA572c568414920da6d8ef9871c5c1990badcce9db00f24c1a3fe72225dc1e2b22 downloadedfromofficiallandingoutside library;allDOCXparagraphs/mergedtablesand10renderedpagesread. OfficialSI1playerassettitlematches;49.876svideocompletetimeline50frames1Hzreviewed,qualitativeprep/drying/before-afterhandflameonly,numericTG/LOIneverfromvideo. MainpaperVideoS1conecontextvsactualhandflamedemo preservednotusedforconditions. Cotton145gm2Hangzhoulocalmarketweaveunreported. NaOH1molL90C30minpretreatment;pretreatedcottonPA/ureabathnative1:50stirRT30min130Cgraft30/60/90min,postwash/dryconditionsunreported;noinventedpretreatmentrinsing. COTcontrolnativeownrawcotton,alkalipretreatmentscopeunresolved. Table1p3nativeCOT:PA:ureamassratios1:1:2/1:2:4/1:3:6;PA70wtpercentstockwhethermassratioactiveacidbasisunreported,notdryequivalents/bathconcentrations. GR(M1-M0)/M0untreateddenom Table1codes1-30/60/90=5.5/7.7/8.1,2-30/60/90=8.6/10.1/10.5,3-30/60/90=9.8/11/12.3;notcompositionmassfractions. LOImainmethodp3ZR01QingdaoShanfangGBT5454-1997dims/repsunreported;5replicates25Cmechanical/fiveverticalnotLOI. OwncontrolLOI17.20prosep6printed3892,9treatedFig4ap7printed3893EXPLICITPRINTEDNUMBERSnotcurveestimates:29.47/29.77/32.6,37.03/39.03/40.77,38.73/39.97/42.53. SI4initial90minrounded32.6/40.8/42.5 consistentroundingnotextra states/conflict,keepmostprecisefigurevalues. MainTGp2TG209F1NetzschN2/AIR10C/min;mass/pan/flow/start/endunreported. SeparateTGIRp3N230mLmin20C/min30-800NOTmaingas/rate/range. SI2TableS1renderp3all10initialgroupsexplicitT10notT5/Tonset,TmaxN2single/AIRtwopeaks,R800. OwnnativeFig3p6bothgases10groups matchescodes,notTGcurveestimation. MainprosecontrolN2T10=339.75Tmax373.57R8006.32/AIRT10333.72Tmax354.52/484.91R8000.82 agreesSI;3-90N2T10227.32Tmax262.12R80039.33/AIRR8004.55agrees. VmaxSI negativepercent/C vsprimarypositivemagnitudesraw,notheatingrate/percentmin. NativewashAATCC61-2006modified2A49C45min150mL.15percentw/vdetergent6x12cm;onewash=5domesticLCsexplicit. SI4own90min10/20/30/40/50LCLOI1:28.4/24.5/23.3/23/22.4;2:32.6/30/28.3/27.3/25;3:33.6/30.5/29.5/29.3/28.3 all15held becauseNOwashedTG. SI5titleCOTP3-90butfirstheaderCOTP3-30 conflictrawverticalcharlength,notwashedTG. SI2TablesS2/S4citedotherpapersnotownLOITGduplicates. Mainconechar/EDXcarbon64.39/notTG39.33. Teninitialstates20gasconditions+15heldownwashedLOIfacts=35facts. Sourceconditionsknownexplicitgas/rate,unknownrestpreserved. OriginalPDF/SI/docx/video/images/text/cacheoutsidepublicrepo andreadonlymetadata.",cotton,"Cotton fabric,145g/m2,localHangzhoumarket; weave unreported","Cotton fabric,145g/m2,localHangzhoumarket; weave unreported","Cotton fabric,145g/m2,localHangzhoumarket; weave unreported",COTP2-30,explicit_text,"Owninitial145gm2cottoncodeCOTP2-30 joins explicitowncontrolLOI17.20prosep6 orownFig4ap7printedLOInumber to officialSI2TableS1 SAMECODE/air T10/Tmax/R800. All10groupcodesownprimaryFig3p6bothgases;mainp2NetzschTG209F1N2/AIR10C/minnotseparateTGIR20. T10definition10percentmasslossnotT5;R800fixed800C. SI4roundedinitial90minLOIsduplicateprecisionnotnewstates;washedLOInotpairedwithinitialTG. Complete13primarynative/textpages andallnumericalSI2DOCX10renderedpages;SI1whole49.876stimeline1Hzreviewedqualitativeonly,noTG/LOIfromvideo;unknownconditions preserved.",verified_exact,journal_article,OwnDOI/title/materials/all primary native and text pages reviewed,,,,,2.69,800,source_review_approved,81000051a83d336408cabf74c721132ed63b3577854b1203f32ecd6be3c0d25e,COTP2-30,1:2:4,(M1-M0)/M0*100;beforemodificationdenominator;notcompositemassfraction,8.6,,,Unreported;mechanical/verticalfive replicatesnotLOI,,,,"Own10percentweightloss,notT5/genericTonset",,,percent/C;negativesourceDTGsignnotheatingrate,,,"NativeSpringer2021,28:3887-3899,13PDFpages;officialSI2DOCXandSI1video",,130,30,Ownmaterialsp2printed3888/Table1p3printed3889/Fig3p6/Fig4ap7/officialSI2TableS1,Unreported;separateTGIR20C/minN230mL/min30-800notborrowed,-10.81,-2.01,,,,,,"Eco-friendly, efficient and durable fireproof cotton fabric prepared by a feasible phytic acid grafting route",https://doi.org/10.1007/s10570-021-03767-0,,"SI2DOCXalltext/tables/10renderedpagesreviewed;SI1whole49.876stimeline1Hz50framesreviewed,noTG/LOIusedfromvideo","NaOH1mol/L90C30minpretreatment;PA/ureasolutionnative1:50liquorratio30minstirRT;130Cgraftnative30/60/90min,postwash/dryconditionsunreported;PA70wtpercentstockmassratioactiveacidbasisunreported",Initial own native group,Initial0domesticequivalentdurabilityLCs;preparationwashseparate,2021
10.1007/s10570-021-03767-0,ZR01QingdaoShanfang,OwnFig4aPDFp7printed3893explicitprintednumbersnotcurveestimates,39.03,,GB/T5454-1997,,,,,,,,37.83,233.33,,,,,,,,NetzschTG209F1,,OfficialSI2DOCXTableS1renderedPDFp3;ownFig3primaryp6printed3892;mainTGp2printed3888,,268.43,,,,,N2,37.83,800,Cotton145gm2;nativeCOT:PA:ureamassratio1:2:4;130C60mingraft,TG+LOI,2026-10-02,Codex complete primary native/text pages; one primary reviewer,10,Cellulose,"All13primarynative/textpagesread;Cellulose2021,28:3887-3899,printed3886+PDFpage. OfficialSI2DOCX486552bytesSHA572c568414920da6d8ef9871c5c1990badcce9db00f24c1a3fe72225dc1e2b22 downloadedfromofficiallandingoutside library;allDOCXparagraphs/mergedtablesand10renderedpagesread. OfficialSI1playerassettitlematches;49.876svideocompletetimeline50frames1Hzreviewed,qualitativeprep/drying/before-afterhandflameonly,numericTG/LOIneverfromvideo. MainpaperVideoS1conecontextvsactualhandflamedemo preservednotusedforconditions. Cotton145gm2Hangzhoulocalmarketweaveunreported. NaOH1molL90C30minpretreatment;pretreatedcottonPA/ureabathnative1:50stirRT30min130Cgraft30/60/90min,postwash/dryconditionsunreported;noinventedpretreatmentrinsing. COTcontrolnativeownrawcotton,alkalipretreatmentscopeunresolved. Table1p3nativeCOT:PA:ureamassratios1:1:2/1:2:4/1:3:6;PA70wtpercentstockwhethermassratioactiveacidbasisunreported,notdryequivalents/bathconcentrations. GR(M1-M0)/M0untreateddenom Table1codes1-30/60/90=5.5/7.7/8.1,2-30/60/90=8.6/10.1/10.5,3-30/60/90=9.8/11/12.3;notcompositionmassfractions. LOImainmethodp3ZR01QingdaoShanfangGBT5454-1997dims/repsunreported;5replicates25Cmechanical/fiveverticalnotLOI. OwncontrolLOI17.20prosep6printed3892,9treatedFig4ap7printed3893EXPLICITPRINTEDNUMBERSnotcurveestimates:29.47/29.77/32.6,37.03/39.03/40.77,38.73/39.97/42.53. SI4initial90minrounded32.6/40.8/42.5 consistentroundingnotextra states/conflict,keepmostprecisefigurevalues. MainTGp2TG209F1NetzschN2/AIR10C/min;mass/pan/flow/start/endunreported. SeparateTGIRp3N230mLmin20C/min30-800NOTmaingas/rate/range. SI2TableS1renderp3all10initialgroupsexplicitT10notT5/Tonset,TmaxN2single/AIRtwopeaks,R800. OwnnativeFig3p6bothgases10groups matchescodes,notTGcurveestimation. MainprosecontrolN2T10=339.75Tmax373.57R8006.32/AIRT10333.72Tmax354.52/484.91R8000.82 agreesSI;3-90N2T10227.32Tmax262.12R80039.33/AIRR8004.55agrees. VmaxSI negativepercent/C vsprimarypositivemagnitudesraw,notheatingrate/percentmin. NativewashAATCC61-2006modified2A49C45min150mL.15percentw/vdetergent6x12cm;onewash=5domesticLCsexplicit. SI4own90min10/20/30/40/50LCLOI1:28.4/24.5/23.3/23/22.4;2:32.6/30/28.3/27.3/25;3:33.6/30.5/29.5/29.3/28.3 all15held becauseNOwashedTG. SI5titleCOTP3-90butfirstheaderCOTP3-30 conflictrawverticalcharlength,notwashedTG. SI2TablesS2/S4citedotherpapersnotownLOITGduplicates. Mainconechar/EDXcarbon64.39/notTG39.33. Teninitialstates20gasconditions+15heldownwashedLOIfacts=35facts. Sourceconditionsknownexplicitgas/rate,unknownrestpreserved. OriginalPDF/SI/docx/video/images/text/cacheoutsidepublicrepo andreadonlymetadata.",cotton,"Cotton fabric,145g/m2,localHangzhoumarket; weave unreported","Cotton fabric,145g/m2,localHangzhoumarket; weave unreported","Cotton fabric,145g/m2,localHangzhoumarket; weave unreported",COTP2-60,explicit_text,"Owninitial145gm2cottoncodeCOTP2-60 joins explicitowncontrolLOI17.20prosep6 orownFig4ap7printedLOInumber to officialSI2TableS1 SAMECODE/N2 T10/Tmax/R800. All10groupcodesownprimaryFig3p6bothgases;mainp2NetzschTG209F1N2/AIR10C/minnotseparateTGIR20. T10definition10percentmasslossnotT5;R800fixed800C. SI4roundedinitial90minLOIsduplicateprecisionnotnewstates;washedLOInotpairedwithinitialTG. Complete13primarynative/textpages andallnumericalSI2DOCX10renderedpages;SI1whole49.876stimeline1Hzreviewedqualitativeonly,noTG/LOIfromvideo;unknownconditions preserved.",verified_exact,journal_article,OwnDOI/title/materials/all primary native and text pages reviewed,,,,,37.83,800,source_review_approved,f718119e36c69c2c4f9d766a4265798509fb47ad398db62e7773888206815758,COTP2-60,1:2:4,(M1-M0)/M0*100;beforemodificationdenominator;notcompositemassfraction,10.1,,,Unreported;mechanical/verticalfive replicatesnotLOI,,,,"Own10percentweightloss,notT5/genericTonset",,,percent/C;negativesourceDTGsignnotheatingrate,,,"NativeSpringer2021,28:3887-3899,13PDFpages;officialSI2DOCXandSI1video",,130,60,Ownmaterialsp2printed3888/Table1p3printed3889/Fig3p6/Fig4ap7/officialSI2TableS1,Unreported;separateTGIR20C/minN230mL/min30-800notborrowed,-17.56,,,,,,,"Eco-friendly, efficient and durable fireproof cotton fabric prepared by a feasible phytic acid grafting route",https://doi.org/10.1007/s10570-021-03767-0,,"SI2DOCXalltext/tables/10renderedpagesreviewed;SI1whole49.876stimeline1Hz50framesreviewed,noTG/LOIusedfromvideo","NaOH1mol/L90C30minpretreatment;PA/ureasolutionnative1:50liquorratio30minstirRT;130Cgraftnative30/60/90min,postwash/dryconditionsunreported;PA70wtpercentstockmassratioactiveacidbasisunreported",Initial own native group,Initial0domesticequivalentdurabilityLCs;preparationwashseparate,2021
10.1007/s10570-021-03767-0,ZR01QingdaoShanfang,OwnFig4aPDFp7printed3893explicitprintednumbersnotcurveestimates,39.03,,GB/T5454-1997,,,,,,,,2.8,230.77,,,,,,,,NetzschTG209F1,,OfficialSI2DOCXTableS1renderedPDFp3;ownFig3primaryp6printed3892;mainTGp2printed3888,,261.73,523.57,,,,air,2.8,800,Cotton145gm2;nativeCOT:PA:ureamassratio1:2:4;130C60mingraft,TG+LOI,2026-10-02,Codex complete primary native/text pages; one primary reviewer,10,Cellulose,"All13primarynative/textpagesread;Cellulose2021,28:3887-3899,printed3886+PDFpage. OfficialSI2DOCX486552bytesSHA572c568414920da6d8ef9871c5c1990badcce9db00f24c1a3fe72225dc1e2b22 downloadedfromofficiallandingoutside library;allDOCXparagraphs/mergedtablesand10renderedpagesread. OfficialSI1playerassettitlematches;49.876svideocompletetimeline50frames1Hzreviewed,qualitativeprep/drying/before-afterhandflameonly,numericTG/LOIneverfromvideo. MainpaperVideoS1conecontextvsactualhandflamedemo preservednotusedforconditions. Cotton145gm2Hangzhoulocalmarketweaveunreported. NaOH1molL90C30minpretreatment;pretreatedcottonPA/ureabathnative1:50stirRT30min130Cgraft30/60/90min,postwash/dryconditionsunreported;noinventedpretreatmentrinsing. COTcontrolnativeownrawcotton,alkalipretreatmentscopeunresolved. Table1p3nativeCOT:PA:ureamassratios1:1:2/1:2:4/1:3:6;PA70wtpercentstockwhethermassratioactiveacidbasisunreported,notdryequivalents/bathconcentrations. GR(M1-M0)/M0untreateddenom Table1codes1-30/60/90=5.5/7.7/8.1,2-30/60/90=8.6/10.1/10.5,3-30/60/90=9.8/11/12.3;notcompositionmassfractions. LOImainmethodp3ZR01QingdaoShanfangGBT5454-1997dims/repsunreported;5replicates25Cmechanical/fiveverticalnotLOI. OwncontrolLOI17.20prosep6printed3892,9treatedFig4ap7printed3893EXPLICITPRINTEDNUMBERSnotcurveestimates:29.47/29.77/32.6,37.03/39.03/40.77,38.73/39.97/42.53. SI4initial90minrounded32.6/40.8/42.5 consistentroundingnotextra states/conflict,keepmostprecisefigurevalues. MainTGp2TG209F1NetzschN2/AIR10C/min;mass/pan/flow/start/endunreported. SeparateTGIRp3N230mLmin20C/min30-800NOTmaingas/rate/range. SI2TableS1renderp3all10initialgroupsexplicitT10notT5/Tonset,TmaxN2single/AIRtwopeaks,R800. OwnnativeFig3p6bothgases10groups matchescodes,notTGcurveestimation. MainprosecontrolN2T10=339.75Tmax373.57R8006.32/AIRT10333.72Tmax354.52/484.91R8000.82 agreesSI;3-90N2T10227.32Tmax262.12R80039.33/AIRR8004.55agrees. VmaxSI negativepercent/C vsprimarypositivemagnitudesraw,notheatingrate/percentmin. NativewashAATCC61-2006modified2A49C45min150mL.15percentw/vdetergent6x12cm;onewash=5domesticLCsexplicit. SI4own90min10/20/30/40/50LCLOI1:28.4/24.5/23.3/23/22.4;2:32.6/30/28.3/27.3/25;3:33.6/30.5/29.5/29.3/28.3 all15held becauseNOwashedTG. SI5titleCOTP3-90butfirstheaderCOTP3-30 conflictrawverticalcharlength,notwashedTG. SI2TablesS2/S4citedotherpapersnotownLOITGduplicates. Mainconechar/EDXcarbon64.39/notTG39.33. Teninitialstates20gasconditions+15heldownwashedLOIfacts=35facts. Sourceconditionsknownexplicitgas/rate,unknownrestpreserved. OriginalPDF/SI/docx/video/images/text/cacheoutsidepublicrepo andreadonlymetadata.",cotton,"Cotton fabric,145g/m2,localHangzhoumarket; weave unreported","Cotton fabric,145g/m2,localHangzhoumarket; weave unreported","Cotton fabric,145g/m2,localHangzhoumarket; weave unreported",COTP2-60,explicit_text,"Owninitial145gm2cottoncodeCOTP2-60 joins explicitowncontrolLOI17.20prosep6 orownFig4ap7printedLOInumber to officialSI2TableS1 SAMECODE/air T10/Tmax/R800. All10groupcodesownprimaryFig3p6bothgases;mainp2NetzschTG209F1N2/AIR10C/minnotseparateTGIR20. T10definition10percentmasslossnotT5;R800fixed800C. SI4roundedinitial90minLOIsduplicateprecisionnotnewstates;washedLOInotpairedwithinitialTG. Complete13primarynative/textpages andallnumericalSI2DOCX10renderedpages;SI1whole49.876stimeline1Hzreviewedqualitativeonly,noTG/LOIfromvideo;unknownconditions preserved.",verified_exact,journal_article,OwnDOI/title/materials/all primary native and text pages reviewed,,,,,2.8,800,source_review_approved,d297e1799c144e20bd969113e13453151e9eaff9821fd6dcee3b1ce52d7d976c,COTP2-60,1:2:4,(M1-M0)/M0*100;beforemodificationdenominator;notcompositemassfraction,10.1,,,Unreported;mechanical/verticalfive replicatesnotLOI,,,,"Own10percentweightloss,notT5/genericTonset",,,percent/C;negativesourceDTGsignnotheatingrate,,,"NativeSpringer2021,28:3887-3899,13PDFpages;officialSI2DOCXandSI1video",,130,60,Ownmaterialsp2printed3888/Table1p3printed3889/Fig3p6/Fig4ap7/officialSI2TableS1,Unreported;separateTGIR20C/minN230mL/min30-800notborrowed,-10.79,-1.94,,,,,,"Eco-friendly, efficient and durable fireproof cotton fabric prepared by a feasible phytic acid grafting route",https://doi.org/10.1007/s10570-021-03767-0,,"SI2DOCXalltext/tables/10renderedpagesreviewed;SI1whole49.876stimeline1Hz50framesreviewed,noTG/LOIusedfromvideo","NaOH1mol/L90C30minpretreatment;PA/ureasolutionnative1:50liquorratio30minstirRT;130Cgraftnative30/60/90min,postwash/dryconditionsunreported;PA70wtpercentstockmassratioactiveacidbasisunreported",Initial own native group,Initial0domesticequivalentdurabilityLCs;preparationwashseparate,2021
10.1007/s10570-021-03767-0,ZR01QingdaoShanfang,OwnFig4aPDFp7printed3893explicitprintednumbersnotcurveestimates,40.77,,GB/T5454-1997,,,,,,,,37.85,231.83,,,,,,,,NetzschTG209F1,,OfficialSI2DOCXTableS1renderedPDFp3;ownFig3primaryp6printed3892;mainTGp2printed3888,,266.93,,,,,N2,37.85,800,Cotton145gm2;nativeCOT:PA:ureamassratio1:2:4;130C90mingraft,TG+LOI,2026-10-02,Codex complete primary native/text pages; one primary reviewer,10,Cellulose,"All13primarynative/textpagesread;Cellulose2021,28:3887-3899,printed3886+PDFpage. OfficialSI2DOCX486552bytesSHA572c568414920da6d8ef9871c5c1990badcce9db00f24c1a3fe72225dc1e2b22 downloadedfromofficiallandingoutside library;allDOCXparagraphs/mergedtablesand10renderedpagesread. OfficialSI1playerassettitlematches;49.876svideocompletetimeline50frames1Hzreviewed,qualitativeprep/drying/before-afterhandflameonly,numericTG/LOIneverfromvideo. MainpaperVideoS1conecontextvsactualhandflamedemo preservednotusedforconditions. Cotton145gm2Hangzhoulocalmarketweaveunreported. NaOH1molL90C30minpretreatment;pretreatedcottonPA/ureabathnative1:50stirRT30min130Cgraft30/60/90min,postwash/dryconditionsunreported;noinventedpretreatmentrinsing. COTcontrolnativeownrawcotton,alkalipretreatmentscopeunresolved. Table1p3nativeCOT:PA:ureamassratios1:1:2/1:2:4/1:3:6;PA70wtpercentstockwhethermassratioactiveacidbasisunreported,notdryequivalents/bathconcentrations. GR(M1-M0)/M0untreateddenom Table1codes1-30/60/90=5.5/7.7/8.1,2-30/60/90=8.6/10.1/10.5,3-30/60/90=9.8/11/12.3;notcompositionmassfractions. LOImainmethodp3ZR01QingdaoShanfangGBT5454-1997dims/repsunreported;5replicates25Cmechanical/fiveverticalnotLOI. OwncontrolLOI17.20prosep6printed3892,9treatedFig4ap7printed3893EXPLICITPRINTEDNUMBERSnotcurveestimates:29.47/29.77/32.6,37.03/39.03/40.77,38.73/39.97/42.53. SI4initial90minrounded32.6/40.8/42.5 consistentroundingnotextra states/conflict,keepmostprecisefigurevalues. MainTGp2TG209F1NetzschN2/AIR10C/min;mass/pan/flow/start/endunreported. SeparateTGIRp3N230mLmin20C/min30-800NOTmaingas/rate/range. SI2TableS1renderp3all10initialgroupsexplicitT10notT5/Tonset,TmaxN2single/AIRtwopeaks,R800. OwnnativeFig3p6bothgases10groups matchescodes,notTGcurveestimation. MainprosecontrolN2T10=339.75Tmax373.57R8006.32/AIRT10333.72Tmax354.52/484.91R8000.82 agreesSI;3-90N2T10227.32Tmax262.12R80039.33/AIRR8004.55agrees. VmaxSI negativepercent/C vsprimarypositivemagnitudesraw,notheatingrate/percentmin. NativewashAATCC61-2006modified2A49C45min150mL.15percentw/vdetergent6x12cm;onewash=5domesticLCsexplicit. SI4own90min10/20/30/40/50LCLOI1:28.4/24.5/23.3/23/22.4;2:32.6/30/28.3/27.3/25;3:33.6/30.5/29.5/29.3/28.3 all15held becauseNOwashedTG. SI5titleCOTP3-90butfirstheaderCOTP3-30 conflictrawverticalcharlength,notwashedTG. SI2TablesS2/S4citedotherpapersnotownLOITGduplicates. Mainconechar/EDXcarbon64.39/notTG39.33. Teninitialstates20gasconditions+15heldownwashedLOIfacts=35facts. Sourceconditionsknownexplicitgas/rate,unknownrestpreserved. OriginalPDF/SI/docx/video/images/text/cacheoutsidepublicrepo andreadonlymetadata.",cotton,"Cotton fabric,145g/m2,localHangzhoumarket; weave unreported","Cotton fabric,145g/m2,localHangzhoumarket; weave unreported","Cotton fabric,145g/m2,localHangzhoumarket; weave unreported",COTP2-90,explicit_text,"Owninitial145gm2cottoncodeCOTP2-90 joins explicitowncontrolLOI17.20prosep6 orownFig4ap7printedLOInumber to officialSI2TableS1 SAMECODE/N2 T10/Tmax/R800. All10groupcodesownprimaryFig3p6bothgases;mainp2NetzschTG209F1N2/AIR10C/minnotseparateTGIR20. T10definition10percentmasslossnotT5;R800fixed800C. SI4roundedinitial90minLOIsduplicateprecisionnotnewstates;washedLOInotpairedwithinitialTG. Complete13primarynative/textpages andallnumericalSI2DOCX10renderedpages;SI1whole49.876stimeline1Hzreviewedqualitativeonly,noTG/LOIfromvideo;unknownconditions preserved.",verified_exact,journal_article,OwnDOI/title/materials/all primary native and text pages reviewed,,,,,37.85,800,source_review_approved,e67b8e46c34142bf4e5f3caadb97f8eb6a551c29db01b79003f232d8e8478bfb,COTP2-90,1:2:4,(M1-M0)/M0*100;beforemodificationdenominator;notcompositemassfraction,10.5,,,Unreported;mechanical/verticalfive replicatesnotLOI,,40.8,,"Own10percentweightloss,notT5/genericTonset",,,percent/C;negativesourceDTGsignnotheatingrate,,,"NativeSpringer2021,28:3887-3899,13PDFpages;officialSI2DOCXandSI1video",,130,90,Ownmaterialsp2printed3888/Table1p3printed3889/Fig3p6/Fig4ap7/officialSI2TableS1,Unreported;separateTGIR20C/minN230mL/min30-800notborrowed,-15.88,,,,,,,"Eco-friendly, efficient and durable fireproof cotton fabric prepared by a feasible phytic acid grafting route",https://doi.org/10.1007/s10570-021-03767-0,,"SI2DOCXalltext/tables/10renderedpagesreviewed;SI1whole49.876stimeline1Hz50framesreviewed,noTG/LOIusedfromvideo","NaOH1mol/L90C30minpretreatment;PA/ureasolutionnative1:50liquorratio30minstirRT;130Cgraftnative30/60/90min,postwash/dryconditionsunreported;PA70wtpercentstockmassratioactiveacidbasisunreported",Initial own native group,Initial0domesticequivalentdurabilityLCs;preparationwashseparate,2021
10.1007/s10570-021-03767-0,ZR01QingdaoShanfang,OwnFig4aPDFp7printed3893explicitprintednumbersnotcurveestimates,40.77,,GB/T5454-1997,,,,,,,,3.05,230.4,,,,,,,,NetzschTG209F1,,OfficialSI2DOCXTableS1renderedPDFp3;ownFig3primaryp6printed3892;mainTGp2printed3888,,261.6,524.1,,,,air,3.05,800,Cotton145gm2;nativeCOT:PA:ureamassratio1:2:4;130C90mingraft,TG+LOI,2026-10-02,Codex complete primary native/text pages; one primary reviewer,10,Cellulose,"All13primarynative/textpagesread;Cellulose2021,28:3887-3899,printed3886+PDFpage. OfficialSI2DOCX486552bytesSHA572c568414920da6d8ef9871c5c1990badcce9db00f24c1a3fe72225dc1e2b22 downloadedfromofficiallandingoutside library;allDOCXparagraphs/mergedtablesand10renderedpagesread. OfficialSI1playerassettitlematches;49.876svideocompletetimeline50frames1Hzreviewed,qualitativeprep/drying/before-afterhandflameonly,numericTG/LOIneverfromvideo. MainpaperVideoS1conecontextvsactualhandflamedemo preservednotusedforconditions. Cotton145gm2Hangzhoulocalmarketweaveunreported. NaOH1molL90C30minpretreatment;pretreatedcottonPA/ureabathnative1:50stirRT30min130Cgraft30/60/90min,postwash/dryconditionsunreported;noinventedpretreatmentrinsing. COTcontrolnativeownrawcotton,alkalipretreatmentscopeunresolved. Table1p3nativeCOT:PA:ureamassratios1:1:2/1:2:4/1:3:6;PA70wtpercentstockwhethermassratioactiveacidbasisunreported,notdryequivalents/bathconcentrations. GR(M1-M0)/M0untreateddenom Table1codes1-30/60/90=5.5/7.7/8.1,2-30/60/90=8.6/10.1/10.5,3-30/60/90=9.8/11/12.3;notcompositionmassfractions. LOImainmethodp3ZR01QingdaoShanfangGBT5454-1997dims/repsunreported;5replicates25Cmechanical/fiveverticalnotLOI. OwncontrolLOI17.20prosep6printed3892,9treatedFig4ap7printed3893EXPLICITPRINTEDNUMBERSnotcurveestimates:29.47/29.77/32.6,37.03/39.03/40.77,38.73/39.97/42.53. SI4initial90minrounded32.6/40.8/42.5 consistentroundingnotextra states/conflict,keepmostprecisefigurevalues. MainTGp2TG209F1NetzschN2/AIR10C/min;mass/pan/flow/start/endunreported. SeparateTGIRp3N230mLmin20C/min30-800NOTmaingas/rate/range. SI2TableS1renderp3all10initialgroupsexplicitT10notT5/Tonset,TmaxN2single/AIRtwopeaks,R800. OwnnativeFig3p6bothgases10groups matchescodes,notTGcurveestimation. MainprosecontrolN2T10=339.75Tmax373.57R8006.32/AIRT10333.72Tmax354.52/484.91R8000.82 agreesSI;3-90N2T10227.32Tmax262.12R80039.33/AIRR8004.55agrees. VmaxSI negativepercent/C vsprimarypositivemagnitudesraw,notheatingrate/percentmin. NativewashAATCC61-2006modified2A49C45min150mL.15percentw/vdetergent6x12cm;onewash=5domesticLCsexplicit. SI4own90min10/20/30/40/50LCLOI1:28.4/24.5/23.3/23/22.4;2:32.6/30/28.3/27.3/25;3:33.6/30.5/29.5/29.3/28.3 all15held becauseNOwashedTG. SI5titleCOTP3-90butfirstheaderCOTP3-30 conflictrawverticalcharlength,notwashedTG. SI2TablesS2/S4citedotherpapersnotownLOITGduplicates. Mainconechar/EDXcarbon64.39/notTG39.33. Teninitialstates20gasconditions+15heldownwashedLOIfacts=35facts. Sourceconditionsknownexplicitgas/rate,unknownrestpreserved. OriginalPDF/SI/docx/video/images/text/cacheoutsidepublicrepo andreadonlymetadata.",cotton,"Cotton fabric,145g/m2,localHangzhoumarket; weave unreported","Cotton fabric,145g/m2,localHangzhoumarket; weave unreported","Cotton fabric,145g/m2,localHangzhoumarket; weave unreported",COTP2-90,explicit_text,"Owninitial145gm2cottoncodeCOTP2-90 joins explicitowncontrolLOI17.20prosep6 orownFig4ap7printedLOInumber to officialSI2TableS1 SAMECODE/air T10/Tmax/R800. All10groupcodesownprimaryFig3p6bothgases;mainp2NetzschTG209F1N2/AIR10C/minnotseparateTGIR20. T10definition10percentmasslossnotT5;R800fixed800C. SI4roundedinitial90minLOIsduplicateprecisionnotnewstates;washedLOInotpairedwithinitialTG. Complete13primarynative/textpages andallnumericalSI2DOCX10renderedpages;SI1whole49.876stimeline1Hzreviewedqualitativeonly,noTG/LOIfromvideo;unknownconditions preserved.",verified_exact,journal_article,OwnDOI/title/materials/all primary native and text pages reviewed,,,,,3.05,800,source_review_approved,0f16839e4ba335e9357cfbc663058d4364284a952840a8e2d2c7f0af27fab835,COTP2-90,1:2:4,(M1-M0)/M0*100;beforemodificationdenominator;notcompositemassfraction,10.5,,,Unreported;mechanical/verticalfive replicatesnotLOI,,40.8,,"Own10percentweightloss,notT5/genericTonset",,,percent/C;negativesourceDTGsignnotheatingrate,,,"NativeSpringer2021,28:3887-3899,13PDFpages;officialSI2DOCXandSI1video",,130,90,Ownmaterialsp2printed3888/Table1p3printed3889/Fig3p6/Fig4ap7/officialSI2TableS1,Unreported;separateTGIR20C/minN230mL/min30-800notborrowed,-10.84,-1.99,,,,,,"Eco-friendly, efficient and durable fireproof cotton fabric prepared by a feasible phytic acid grafting route",https://doi.org/10.1007/s10570-021-03767-0,,"SI2DOCXalltext/tables/10renderedpagesreviewed;SI1whole49.876stimeline1Hz50framesreviewed,noTG/LOIusedfromvideo","NaOH1mol/L90C30minpretreatment;PA/ureasolutionnative1:50liquorratio30minstirRT;130Cgraftnative30/60/90min,postwash/dryconditionsunreported;PA70wtpercentstockmassratioactiveacidbasisunreported",Initial own native group,Initial0domesticequivalentdurabilityLCs;preparationwashseparate,2021
10.1007/s10570-021-03767-0,ZR01QingdaoShanfang,OwnFig4aPDFp7printed3893explicitprintednumbersnotcurveestimates,38.73,,GB/T5454-1997,,,,,,,,38.31,228.48,,,,,,,,NetzschTG209F1,,OfficialSI2DOCXTableS1renderedPDFp3;ownFig3primaryp6printed3892;mainTGp2printed3888,,262.88,,,,,N2,38.31,800,Cotton145gm2;nativeCOT:PA:ureamassratio1:3:6;130C30mingraft,TG+LOI,2026-10-02,Codex complete primary native/text pages; one primary reviewer,10,Cellulose,"All13primarynative/textpagesread;Cellulose2021,28:3887-3899,printed3886+PDFpage. OfficialSI2DOCX486552bytesSHA572c568414920da6d8ef9871c5c1990badcce9db00f24c1a3fe72225dc1e2b22 downloadedfromofficiallandingoutside library;allDOCXparagraphs/mergedtablesand10renderedpagesread. OfficialSI1playerassettitlematches;49.876svideocompletetimeline50frames1Hzreviewed,qualitativeprep/drying/before-afterhandflameonly,numericTG/LOIneverfromvideo. MainpaperVideoS1conecontextvsactualhandflamedemo preservednotusedforconditions. Cotton145gm2Hangzhoulocalmarketweaveunreported. NaOH1molL90C30minpretreatment;pretreatedcottonPA/ureabathnative1:50stirRT30min130Cgraft30/60/90min,postwash/dryconditionsunreported;noinventedpretreatmentrinsing. COTcontrolnativeownrawcotton,alkalipretreatmentscopeunresolved. Table1p3nativeCOT:PA:ureamassratios1:1:2/1:2:4/1:3:6;PA70wtpercentstockwhethermassratioactiveacidbasisunreported,notdryequivalents/bathconcentrations. GR(M1-M0)/M0untreateddenom Table1codes1-30/60/90=5.5/7.7/8.1,2-30/60/90=8.6/10.1/10.5,3-30/60/90=9.8/11/12.3;notcompositionmassfractions. LOImainmethodp3ZR01QingdaoShanfangGBT5454-1997dims/repsunreported;5replicates25Cmechanical/fiveverticalnotLOI. OwncontrolLOI17.20prosep6printed3892,9treatedFig4ap7printed3893EXPLICITPRINTEDNUMBERSnotcurveestimates:29.47/29.77/32.6,37.03/39.03/40.77,38.73/39.97/42.53. SI4initial90minrounded32.6/40.8/42.5 consistentroundingnotextra states/conflict,keepmostprecisefigurevalues. MainTGp2TG209F1NetzschN2/AIR10C/min;mass/pan/flow/start/endunreported. SeparateTGIRp3N230mLmin20C/min30-800NOTmaingas/rate/range. SI2TableS1renderp3all10initialgroupsexplicitT10notT5/Tonset,TmaxN2single/AIRtwopeaks,R800. OwnnativeFig3p6bothgases10groups matchescodes,notTGcurveestimation. MainprosecontrolN2T10=339.75Tmax373.57R8006.32/AIRT10333.72Tmax354.52/484.91R8000.82 agreesSI;3-90N2T10227.32Tmax262.12R80039.33/AIRR8004.55agrees. VmaxSI negativepercent/C vsprimarypositivemagnitudesraw,notheatingrate/percentmin. NativewashAATCC61-2006modified2A49C45min150mL.15percentw/vdetergent6x12cm;onewash=5domesticLCsexplicit. SI4own90min10/20/30/40/50LCLOI1:28.4/24.5/23.3/23/22.4;2:32.6/30/28.3/27.3/25;3:33.6/30.5/29.5/29.3/28.3 all15held becauseNOwashedTG. SI5titleCOTP3-90butfirstheaderCOTP3-30 conflictrawverticalcharlength,notwashedTG. SI2TablesS2/S4citedotherpapersnotownLOITGduplicates. Mainconechar/EDXcarbon64.39/notTG39.33. Teninitialstates20gasconditions+15heldownwashedLOIfacts=35facts. Sourceconditionsknownexplicitgas/rate,unknownrestpreserved. OriginalPDF/SI/docx/video/images/text/cacheoutsidepublicrepo andreadonlymetadata.",cotton,"Cotton fabric,145g/m2,localHangzhoumarket; weave unreported","Cotton fabric,145g/m2,localHangzhoumarket; weave unreported","Cotton fabric,145g/m2,localHangzhoumarket; weave unreported",COTP3-30,explicit_text,"Owninitial145gm2cottoncodeCOTP3-30 joins explicitowncontrolLOI17.20prosep6 orownFig4ap7printedLOInumber to officialSI2TableS1 SAMECODE/N2 T10/Tmax/R800. All10groupcodesownprimaryFig3p6bothgases;mainp2NetzschTG209F1N2/AIR10C/minnotseparateTGIR20. T10definition10percentmasslossnotT5;R800fixed800C. SI4roundedinitial90minLOIsduplicateprecisionnotnewstates;washedLOInotpairedwithinitialTG. Complete13primarynative/textpages andallnumericalSI2DOCX10renderedpages;SI1whole49.876stimeline1Hzreviewedqualitativeonly,noTG/LOIfromvideo;unknownconditions preserved.",verified_exact,journal_article,OwnDOI/title/materials/all primary native and text pages reviewed,,,,,38.31,800,source_review_approved,d14500bb3aff3d12be73b82c10dc35aa2924ede5627409c3cfb57d9f8078d8cd,COTP3-30,1:3:6,(M1-M0)/M0*100;beforemodificationdenominator;notcompositemassfraction,9.8,,,Unreported;mechanical/verticalfive replicatesnotLOI,,,,"Own10percentweightloss,notT5/genericTonset",,,percent/C;negativesourceDTGsignnotheatingrate,,,"NativeSpringer2021,28:3887-3899,13PDFpages;officialSI2DOCXandSI1video",,130,30,Ownmaterialsp2printed3888/Table1p3printed3889/Fig3p6/Fig4ap7/officialSI2TableS1,Unreported;separateTGIR20C/minN230mL/min30-800notborrowed,-16.38,,,,,,,"Eco-friendly, efficient and durable fireproof cotton fabric prepared by a feasible phytic acid grafting route",https://doi.org/10.1007/s10570-021-03767-0,,"SI2DOCXalltext/tables/10renderedpagesreviewed;SI1whole49.876stimeline1Hz50framesreviewed,noTG/LOIusedfromvideo","NaOH1mol/L90C30minpretreatment;PA/ureasolutionnative1:50liquorratio30minstirRT;130Cgraftnative30/60/90min,postwash/dryconditionsunreported;PA70wtpercentstockmassratioactiveacidbasisunreported",Initial own native group,Initial0domesticequivalentdurabilityLCs;preparationwashseparate,2021
10.1007/s10570-021-03767-0,ZR01QingdaoShanfang,OwnFig4aPDFp7printed3893explicitprintednumbersnotcurveestimates,38.73,,GB/T5454-1997,,,,,,,,2.72,231.28,,,,,,,,NetzschTG209F1,,OfficialSI2DOCXTableS1renderedPDFp3;ownFig3primaryp6printed3892;mainTGp2printed3888,,261.28,524.68,,,,air,2.72,800,Cotton145gm2;nativeCOT:PA:ureamassratio1:3:6;130C30mingraft,TG+LOI,2026-10-02,Codex complete primary native/text pages; one primary reviewer,10,Cellulose,"All13primarynative/textpagesread;Cellulose2021,28:3887-3899,printed3886+PDFpage. OfficialSI2DOCX486552bytesSHA572c568414920da6d8ef9871c5c1990badcce9db00f24c1a3fe72225dc1e2b22 downloadedfromofficiallandingoutside library;allDOCXparagraphs/mergedtablesand10renderedpagesread. OfficialSI1playerassettitlematches;49.876svideocompletetimeline50frames1Hzreviewed,qualitativeprep/drying/before-afterhandflameonly,numericTG/LOIneverfromvideo. MainpaperVideoS1conecontextvsactualhandflamedemo preservednotusedforconditions. Cotton145gm2Hangzhoulocalmarketweaveunreported. NaOH1molL90C30minpretreatment;pretreatedcottonPA/ureabathnative1:50stirRT30min130Cgraft30/60/90min,postwash/dryconditionsunreported;noinventedpretreatmentrinsing. COTcontrolnativeownrawcotton,alkalipretreatmentscopeunresolved. Table1p3nativeCOT:PA:ureamassratios1:1:2/1:2:4/1:3:6;PA70wtpercentstockwhethermassratioactiveacidbasisunreported,notdryequivalents/bathconcentrations. GR(M1-M0)/M0untreateddenom Table1codes1-30/60/90=5.5/7.7/8.1,2-30/60/90=8.6/10.1/10.5,3-30/60/90=9.8/11/12.3;notcompositionmassfractions. LOImainmethodp3ZR01QingdaoShanfangGBT5454-1997dims/repsunreported;5replicates25Cmechanical/fiveverticalnotLOI. OwncontrolLOI17.20prosep6printed3892,9treatedFig4ap7printed3893EXPLICITPRINTEDNUMBERSnotcurveestimates:29.47/29.77/32.6,37.03/39.03/40.77,38.73/39.97/42.53. SI4initial90minrounded32.6/40.8/42.5 consistentroundingnotextra states/conflict,keepmostprecisefigurevalues. MainTGp2TG209F1NetzschN2/AIR10C/min;mass/pan/flow/start/endunreported. SeparateTGIRp3N230mLmin20C/min30-800NOTmaingas/rate/range. SI2TableS1renderp3all10initialgroupsexplicitT10notT5/Tonset,TmaxN2single/AIRtwopeaks,R800. OwnnativeFig3p6bothgases10groups matchescodes,notTGcurveestimation. MainprosecontrolN2T10=339.75Tmax373.57R8006.32/AIRT10333.72Tmax354.52/484.91R8000.82 agreesSI;3-90N2T10227.32Tmax262.12R80039.33/AIRR8004.55agrees. VmaxSI negativepercent/C vsprimarypositivemagnitudesraw,notheatingrate/percentmin. NativewashAATCC61-2006modified2A49C45min150mL.15percentw/vdetergent6x12cm;onewash=5domesticLCsexplicit. SI4own90min10/20/30/40/50LCLOI1:28.4/24.5/23.3/23/22.4;2:32.6/30/28.3/27.3/25;3:33.6/30.5/29.5/29.3/28.3 all15held becauseNOwashedTG. SI5titleCOTP3-90butfirstheaderCOTP3-30 conflictrawverticalcharlength,notwashedTG. SI2TablesS2/S4citedotherpapersnotownLOITGduplicates. Mainconechar/EDXcarbon64.39/notTG39.33. Teninitialstates20gasconditions+15heldownwashedLOIfacts=35facts. Sourceconditionsknownexplicitgas/rate,unknownrestpreserved. OriginalPDF/SI/docx/video/images/text/cacheoutsidepublicrepo andreadonlymetadata.",cotton,"Cotton fabric,145g/m2,localHangzhoumarket; weave unreported","Cotton fabric,145g/m2,localHangzhoumarket; weave unreported","Cotton fabric,145g/m2,localHangzhoumarket; weave unreported",COTP3-30,explicit_text,"Owninitial145gm2cottoncodeCOTP3-30 joins explicitowncontrolLOI17.20prosep6 orownFig4ap7printedLOInumber to officialSI2TableS1 SAMECODE/air T10/Tmax/R800. All10groupcodesownprimaryFig3p6bothgases;mainp2NetzschTG209F1N2/AIR10C/minnotseparateTGIR20. T10definition10percentmasslossnotT5;R800fixed800C. SI4roundedinitial90minLOIsduplicateprecisionnotnewstates;washedLOInotpairedwithinitialTG. Complete13primarynative/textpages andallnumericalSI2DOCX10renderedpages;SI1whole49.876stimeline1Hzreviewedqualitativeonly,noTG/LOIfromvideo;unknownconditions preserved.",verified_exact,journal_article,OwnDOI/title/materials/all primary native and text pages reviewed,,,,,2.72,800,source_review_approved,0d6716a4a692b46e0abae58a9d550e0ba672b568e36ef076061e594882b4f75a,COTP3-30,1:3:6,(M1-M0)/M0*100;beforemodificationdenominator;notcompositemassfraction,9.8,,,Unreported;mechanical/verticalfive replicatesnotLOI,,,,"Own10percentweightloss,notT5/genericTonset",,,percent/C;negativesourceDTGsignnotheatingrate,,,"NativeSpringer2021,28:3887-3899,13PDFpages;officialSI2DOCXandSI1video",,130,30,Ownmaterialsp2printed3888/Table1p3printed3889/Fig3p6/Fig4ap7/officialSI2TableS1,Unreported;separateTGIR20C/minN230mL/min30-800notborrowed,-10.74,-1.99,,,,,,"Eco-friendly, efficient and durable fireproof cotton fabric prepared by a feasible phytic acid grafting route",https://doi.org/10.1007/s10570-021-03767-0,,"SI2DOCXalltext/tables/10renderedpagesreviewed;SI1whole49.876stimeline1Hz50framesreviewed,noTG/LOIusedfromvideo","NaOH1mol/L90C30minpretreatment;PA/ureasolutionnative1:50liquorratio30minstirRT;130Cgraftnative30/60/90min,postwash/dryconditionsunreported;PA70wtpercentstockmassratioactiveacidbasisunreported",Initial own native group,Initial0domesticequivalentdurabilityLCs;preparationwashseparate,2021
10.1007/s10570-021-03767-0,ZR01QingdaoShanfang,OwnFig4aPDFp7printed3893explicitprintednumbersnotcurveestimates,39.97,,GB/T5454-1997,,,,,,,,38.64,228.13,,,,,,,,NetzschTG209F1,,OfficialSI2DOCXTableS1renderedPDFp3;ownFig3primaryp6printed3892;mainTGp2printed3888,,262.53,,,,,N2,38.64,800,Cotton145gm2;nativeCOT:PA:ureamassratio1:3:6;130C60mingraft,TG+LOI,2026-10-02,Codex complete primary native/text pages; one primary reviewer,10,Cellulose,"All13primarynative/textpagesread;Cellulose2021,28:3887-3899,printed3886+PDFpage. OfficialSI2DOCX486552bytesSHA572c568414920da6d8ef9871c5c1990badcce9db00f24c1a3fe72225dc1e2b22 downloadedfromofficiallandingoutside library;allDOCXparagraphs/mergedtablesand10renderedpagesread. OfficialSI1playerassettitlematches;49.876svideocompletetimeline50frames1Hzreviewed,qualitativeprep/drying/before-afterhandflameonly,numericTG/LOIneverfromvideo. MainpaperVideoS1conecontextvsactualhandflamedemo preservednotusedforconditions. Cotton145gm2Hangzhoulocalmarketweaveunreported. NaOH1molL90C30minpretreatment;pretreatedcottonPA/ureabathnative1:50stirRT30min130Cgraft30/60/90min,postwash/dryconditionsunreported;noinventedpretreatmentrinsing. COTcontrolnativeownrawcotton,alkalipretreatmentscopeunresolved. Table1p3nativeCOT:PA:ureamassratios1:1:2/1:2:4/1:3:6;PA70wtpercentstockwhethermassratioactiveacidbasisunreported,notdryequivalents/bathconcentrations. GR(M1-M0)/M0untreateddenom Table1codes1-30/60/90=5.5/7.7/8.1,2-30/60/90=8.6/10.1/10.5,3-30/60/90=9.8/11/12.3;notcompositionmassfractions. LOImainmethodp3ZR01QingdaoShanfangGBT5454-1997dims/repsunreported;5replicates25Cmechanical/fiveverticalnotLOI. OwncontrolLOI17.20prosep6printed3892,9treatedFig4ap7printed3893EXPLICITPRINTEDNUMBERSnotcurveestimates:29.47/29.77/32.6,37.03/39.03/40.77,38.73/39.97/42.53. SI4initial90minrounded32.6/40.8/42.5 consistentroundingnotextra states/conflict,keepmostprecisefigurevalues. MainTGp2TG209F1NetzschN2/AIR10C/min;mass/pan/flow/start/endunreported. SeparateTGIRp3N230mLmin20C/min30-800NOTmaingas/rate/range. SI2TableS1renderp3all10initialgroupsexplicitT10notT5/Tonset,TmaxN2single/AIRtwopeaks,R800. OwnnativeFig3p6bothgases10groups matchescodes,notTGcurveestimation. MainprosecontrolN2T10=339.75Tmax373.57R8006.32/AIRT10333.72Tmax354.52/484.91R8000.82 agreesSI;3-90N2T10227.32Tmax262.12R80039.33/AIRR8004.55agrees. VmaxSI negativepercent/C vsprimarypositivemagnitudesraw,notheatingrate/percentmin. NativewashAATCC61-2006modified2A49C45min150mL.15percentw/vdetergent6x12cm;onewash=5domesticLCsexplicit. SI4own90min10/20/30/40/50LCLOI1:28.4/24.5/23.3/23/22.4;2:32.6/30/28.3/27.3/25;3:33.6/30.5/29.5/29.3/28.3 all15held becauseNOwashedTG. SI5titleCOTP3-90butfirstheaderCOTP3-30 conflictrawverticalcharlength,notwashedTG. SI2TablesS2/S4citedotherpapersnotownLOITGduplicates. Mainconechar/EDXcarbon64.39/notTG39.33. Teninitialstates20gasconditions+15heldownwashedLOIfacts=35facts. Sourceconditionsknownexplicitgas/rate,unknownrestpreserved. OriginalPDF/SI/docx/video/images/text/cacheoutsidepublicrepo andreadonlymetadata.",cotton,"Cotton fabric,145g/m2,localHangzhoumarket; weave unreported","Cotton fabric,145g/m2,localHangzhoumarket; weave unreported","Cotton fabric,145g/m2,localHangzhoumarket; weave unreported",COTP3-60,explicit_text,"Owninitial145gm2cottoncodeCOTP3-60 joins explicitowncontrolLOI17.20prosep6 orownFig4ap7printedLOInumber to officialSI2TableS1 SAMECODE/N2 T10/Tmax/R800. All10groupcodesownprimaryFig3p6bothgases;mainp2NetzschTG209F1N2/AIR10C/minnotseparateTGIR20. T10definition10percentmasslossnotT5;R800fixed800C. SI4roundedinitial90minLOIsduplicateprecisionnotnewstates;washedLOInotpairedwithinitialTG. Complete13primarynative/textpages andallnumericalSI2DOCX10renderedpages;SI1whole49.876stimeline1Hzreviewedqualitativeonly,noTG/LOIfromvideo;unknownconditions preserved.",verified_exact,journal_article,OwnDOI/title/materials/all primary native and text pages reviewed,,,,,38.64,800,source_review_approved,dccd25a2e9f2c8965a08efbeeb51ac9e867e14030dff66310809f08d4dea10e6,COTP3-60,1:3:6,(M1-M0)/M0*100;beforemodificationdenominator;notcompositemassfraction,11,,,Unreported;mechanical/verticalfive replicatesnotLOI,,,,"Own10percentweightloss,notT5/genericTonset",,,percent/C;negativesourceDTGsignnotheatingrate,,,"NativeSpringer2021,28:3887-3899,13PDFpages;officialSI2DOCXandSI1video",,130,60,Ownmaterialsp2printed3888/Table1p3printed3889/Fig3p6/Fig4ap7/officialSI2TableS1,Unreported;separateTGIR20C/minN230mL/min30-800notborrowed,-15.82,,,,,,,"Eco-friendly, efficient and durable fireproof cotton fabric prepared by a feasible phytic acid grafting route",https://doi.org/10.1007/s10570-021-03767-0,,"SI2DOCXalltext/tables/10renderedpagesreviewed;SI1whole49.876stimeline1Hz50framesreviewed,noTG/LOIusedfromvideo","NaOH1mol/L90C30minpretreatment;PA/ureasolutionnative1:50liquorratio30minstirRT;130Cgraftnative30/60/90min,postwash/dryconditionsunreported;PA70wtpercentstockmassratioactiveacidbasisunreported",Initial own native group,Initial0domesticequivalentdurabilityLCs;preparationwashseparate,2021
10.1007/s10570-021-03767-0,ZR01QingdaoShanfang,OwnFig4aPDFp7printed3893explicitprintednumbersnotcurveestimates,39.97,,GB/T5454-1997,,,,,,,,2.96,228.65,,,,,,,,NetzschTG209F1,,OfficialSI2DOCXTableS1renderedPDFp3;ownFig3primaryp6printed3892;mainTGp2printed3888,,258.95,523.25,,,,air,2.96,800,Cotton145gm2;nativeCOT:PA:ureamassratio1:3:6;130C60mingraft,TG+LOI,2026-10-02,Codex complete primary native/text pages; one primary reviewer,10,Cellulose,"All13primarynative/textpagesread;Cellulose2021,28:3887-3899,printed3886+PDFpage. OfficialSI2DOCX486552bytesSHA572c568414920da6d8ef9871c5c1990badcce9db00f24c1a3fe72225dc1e2b22 downloadedfromofficiallandingoutside library;allDOCXparagraphs/mergedtablesand10renderedpagesread. OfficialSI1playerassettitlematches;49.876svideocompletetimeline50frames1Hzreviewed,qualitativeprep/drying/before-afterhandflameonly,numericTG/LOIneverfromvideo. MainpaperVideoS1conecontextvsactualhandflamedemo preservednotusedforconditions. Cotton145gm2Hangzhoulocalmarketweaveunreported. NaOH1molL90C30minpretreatment;pretreatedcottonPA/ureabathnative1:50stirRT30min130Cgraft30/60/90min,postwash/dryconditionsunreported;noinventedpretreatmentrinsing. COTcontrolnativeownrawcotton,alkalipretreatmentscopeunresolved. Table1p3nativeCOT:PA:ureamassratios1:1:2/1:2:4/1:3:6;PA70wtpercentstockwhethermassratioactiveacidbasisunreported,notdryequivalents/bathconcentrations. GR(M1-M0)/M0untreateddenom Table1codes1-30/60/90=5.5/7.7/8.1,2-30/60/90=8.6/10.1/10.5,3-30/60/90=9.8/11/12.3;notcompositionmassfractions. LOImainmethodp3ZR01QingdaoShanfangGBT5454-1997dims/repsunreported;5replicates25Cmechanical/fiveverticalnotLOI. OwncontrolLOI17.20prosep6printed3892,9treatedFig4ap7printed3893EXPLICITPRINTEDNUMBERSnotcurveestimates:29.47/29.77/32.6,37.03/39.03/40.77,38.73/39.97/42.53. SI4initial90minrounded32.6/40.8/42.5 consistentroundingnotextra states/conflict,keepmostprecisefigurevalues. MainTGp2TG209F1NetzschN2/AIR10C/min;mass/pan/flow/start/endunreported. SeparateTGIRp3N230mLmin20C/min30-800NOTmaingas/rate/range. SI2TableS1renderp3all10initialgroupsexplicitT10notT5/Tonset,TmaxN2single/AIRtwopeaks,R800. OwnnativeFig3p6bothgases10groups matchescodes,notTGcurveestimation. MainprosecontrolN2T10=339.75Tmax373.57R8006.32/AIRT10333.72Tmax354.52/484.91R8000.82 agreesSI;3-90N2T10227.32Tmax262.12R80039.33/AIRR8004.55agrees. VmaxSI negativepercent/C vsprimarypositivemagnitudesraw,notheatingrate/percentmin. NativewashAATCC61-2006modified2A49C45min150mL.15percentw/vdetergent6x12cm;onewash=5domesticLCsexplicit. SI4own90min10/20/30/40/50LCLOI1:28.4/24.5/23.3/23/22.4;2:32.6/30/28.3/27.3/25;3:33.6/30.5/29.5/29.3/28.3 all15held becauseNOwashedTG. SI5titleCOTP3-90butfirstheaderCOTP3-30 conflictrawverticalcharlength,notwashedTG. SI2TablesS2/S4citedotherpapersnotownLOITGduplicates. Mainconechar/EDXcarbon64.39/notTG39.33. Teninitialstates20gasconditions+15heldownwashedLOIfacts=35facts. Sourceconditionsknownexplicitgas/rate,unknownrestpreserved. OriginalPDF/SI/docx/video/images/text/cacheoutsidepublicrepo andreadonlymetadata.",cotton,"Cotton fabric,145g/m2,localHangzhoumarket; weave unreported","Cotton fabric,145g/m2,localHangzhoumarket; weave unreported","Cotton fabric,145g/m2,localHangzhoumarket; weave unreported",COTP3-60,explicit_text,"Owninitial145gm2cottoncodeCOTP3-60 joins explicitowncontrolLOI17.20prosep6 orownFig4ap7printedLOInumber to officialSI2TableS1 SAMECODE/air T10/Tmax/R800. All10groupcodesownprimaryFig3p6bothgases;mainp2NetzschTG209F1N2/AIR10C/minnotseparateTGIR20. T10definition10percentmasslossnotT5;R800fixed800C. SI4roundedinitial90minLOIsduplicateprecisionnotnewstates;washedLOInotpairedwithinitialTG. Complete13primarynative/textpages andallnumericalSI2DOCX10renderedpages;SI1whole49.876stimeline1Hzreviewedqualitativeonly,noTG/LOIfromvideo;unknownconditions preserved.",verified_exact,journal_article,OwnDOI/title/materials/all primary native and text pages reviewed,,,,,2.96,800,source_review_approved,614c9f3762f5c8dee8a05548c83f0ffcb1338fc8014d4425f8bc231f1bfd998c,COTP3-60,1:3:6,(M1-M0)/M0*100;beforemodificationdenominator;notcompositemassfraction,11,,,Unreported;mechanical/verticalfive replicatesnotLOI,,,,"Own10percentweightloss,notT5/genericTonset",,,percent/C;negativesourceDTGsignnotheatingrate,,,"NativeSpringer2021,28:3887-3899,13PDFpages;officialSI2DOCXandSI1video",,130,60,Ownmaterialsp2printed3888/Table1p3printed3889/Fig3p6/Fig4ap7/officialSI2TableS1,Unreported;separateTGIR20C/minN230mL/min30-800notborrowed,-10.62,-1.96,,,,,,"Eco-friendly, efficient and durable fireproof cotton fabric prepared by a feasible phytic acid grafting route",https://doi.org/10.1007/s10570-021-03767-0,,"SI2DOCXalltext/tables/10renderedpagesreviewed;SI1whole49.876stimeline1Hz50framesreviewed,noTG/LOIusedfromvideo","NaOH1mol/L90C30minpretreatment;PA/ureasolutionnative1:50liquorratio30minstirRT;130Cgraftnative30/60/90min,postwash/dryconditionsunreported;PA70wtpercentstockmassratioactiveacidbasisunreported",Initial own native group,Initial0domesticequivalentdurabilityLCs;preparationwashseparate,2021
10.1007/s10570-021-03767-0,ZR01QingdaoShanfang,OwnFig4aPDFp7printed3893explicitprintednumbersnotcurveestimates,42.53,,GB/T5454-1997,,,,,,,,39.33,227.32,,,,,,,,NetzschTG209F1,,OfficialSI2DOCXTableS1renderedPDFp3;ownFig3primaryp6printed3892;mainTGp2printed3888,,262.12,,,,,N2,39.33,800,Cotton145gm2;nativeCOT:PA:ureamassratio1:3:6;130C90mingraft,TG+LOI,2026-10-02,Codex complete primary native/text pages; one primary reviewer,10,Cellulose,"All13primarynative/textpagesread;Cellulose2021,28:3887-3899,printed3886+PDFpage. OfficialSI2DOCX486552bytesSHA572c568414920da6d8ef9871c5c1990badcce9db00f24c1a3fe72225dc1e2b22 downloadedfromofficiallandingoutside library;allDOCXparagraphs/mergedtablesand10renderedpagesread. OfficialSI1playerassettitlematches;49.876svideocompletetimeline50frames1Hzreviewed,qualitativeprep/drying/before-afterhandflameonly,numericTG/LOIneverfromvideo. MainpaperVideoS1conecontextvsactualhandflamedemo preservednotusedforconditions. Cotton145gm2Hangzhoulocalmarketweaveunreported. NaOH1molL90C30minpretreatment;pretreatedcottonPA/ureabathnative1:50stirRT30min130Cgraft30/60/90min,postwash/dryconditionsunreported;noinventedpretreatmentrinsing. COTcontrolnativeownrawcotton,alkalipretreatmentscopeunresolved. Table1p3nativeCOT:PA:ureamassratios1:1:2/1:2:4/1:3:6;PA70wtpercentstockwhethermassratioactiveacidbasisunreported,notdryequivalents/bathconcentrations. GR(M1-M0)/M0untreateddenom Table1codes1-30/60/90=5.5/7.7/8.1,2-30/60/90=8.6/10.1/10.5,3-30/60/90=9.8/11/12.3;notcompositionmassfractions. LOImainmethodp3ZR01QingdaoShanfangGBT5454-1997dims/repsunreported;5replicates25Cmechanical/fiveverticalnotLOI. OwncontrolLOI17.20prosep6printed3892,9treatedFig4ap7printed3893EXPLICITPRINTEDNUMBERSnotcurveestimates:29.47/29.77/32.6,37.03/39.03/40.77,38.73/39.97/42.53. SI4initial90minrounded32.6/40.8/42.5 consistentroundingnotextra states/conflict,keepmostprecisefigurevalues. MainTGp2TG209F1NetzschN2/AIR10C/min;mass/pan/flow/start/endunreported. SeparateTGIRp3N230mLmin20C/min30-800NOTmaingas/rate/range. SI2TableS1renderp3all10initialgroupsexplicitT10notT5/Tonset,TmaxN2single/AIRtwopeaks,R800. OwnnativeFig3p6bothgases10groups matchescodes,notTGcurveestimation. MainprosecontrolN2T10=339.75Tmax373.57R8006.32/AIRT10333.72Tmax354.52/484.91R8000.82 agreesSI;3-90N2T10227.32Tmax262.12R80039.33/AIRR8004.55agrees. VmaxSI negativepercent/C vsprimarypositivemagnitudesraw,notheatingrate/percentmin. NativewashAATCC61-2006modified2A49C45min150mL.15percentw/vdetergent6x12cm;onewash=5domesticLCsexplicit. SI4own90min10/20/30/40/50LCLOI1:28.4/24.5/23.3/23/22.4;2:32.6/30/28.3/27.3/25;3:33.6/30.5/29.5/29.3/28.3 all15held becauseNOwashedTG. SI5titleCOTP3-90butfirstheaderCOTP3-30 conflictrawverticalcharlength,notwashedTG. SI2TablesS2/S4citedotherpapersnotownLOITGduplicates. Mainconechar/EDXcarbon64.39/notTG39.33. Teninitialstates20gasconditions+15heldownwashedLOIfacts=35facts. Sourceconditionsknownexplicitgas/rate,unknownrestpreserved. OriginalPDF/SI/docx/video/images/text/cacheoutsidepublicrepo andreadonlymetadata.",cotton,"Cotton fabric,145g/m2,localHangzhoumarket; weave unreported","Cotton fabric,145g/m2,localHangzhoumarket; weave unreported","Cotton fabric,145g/m2,localHangzhoumarket; weave unreported",COTP3-90,explicit_text,"Owninitial145gm2cottoncodeCOTP3-90 joins explicitowncontrolLOI17.20prosep6 orownFig4ap7printedLOInumber to officialSI2TableS1 SAMECODE/N2 T10/Tmax/R800. All10groupcodesownprimaryFig3p6bothgases;mainp2NetzschTG209F1N2/AIR10C/minnotseparateTGIR20. T10definition10percentmasslossnotT5;R800fixed800C. SI4roundedinitial90minLOIsduplicateprecisionnotnewstates;washedLOInotpairedwithinitialTG. Complete13primarynative/textpages andallnumericalSI2DOCX10renderedpages;SI1whole49.876stimeline1Hzreviewedqualitativeonly,noTG/LOIfromvideo;unknownconditions preserved.",verified_exact,journal_article,OwnDOI/title/materials/all primary native and text pages reviewed,,,,,39.33,800,source_review_approved,b13fb23d2b6b8865c87062bed001ae3e1b3c140b1ed5f4c09aa9b7531de9fbd6,COTP3-90,1:3:6,(M1-M0)/M0*100;beforemodificationdenominator;notcompositemassfraction,12.3,,,Unreported;mechanical/verticalfive replicatesnotLOI,,42.5,,"Own10percentweightloss,notT5/genericTonset",,,percent/C;negativesourceDTGsignnotheatingrate,,,"NativeSpringer2021,28:3887-3899,13PDFpages;officialSI2DOCXandSI1video",,130,90,Ownmaterialsp2printed3888/Table1p3printed3889/Fig3p6/Fig4ap7/officialSI2TableS1,Unreported;separateTGIR20C/minN230mL/min30-800notborrowed,-15.44,,,,,,,"Eco-friendly, efficient and durable fireproof cotton fabric prepared by a feasible phytic acid grafting route",https://doi.org/10.1007/s10570-021-03767-0,,"SI2DOCXalltext/tables/10renderedpagesreviewed;SI1whole49.876stimeline1Hz50framesreviewed,noTG/LOIusedfromvideo","NaOH1mol/L90C30minpretreatment;PA/ureasolutionnative1:50liquorratio30minstirRT;130Cgraftnative30/60/90min,postwash/dryconditionsunreported;PA70wtpercentstockmassratioactiveacidbasisunreported",Initial own native group,Initial0domesticequivalentdurabilityLCs;preparationwashseparate,2021
10.1007/s10570-021-03767-0,ZR01QingdaoShanfang,OwnFig4aPDFp7printed3893explicitprintednumbersnotcurveestimates,42.53,,GB/T5454-1997,,,,,,,,4.55,236.73,,,,,,,,NetzschTG209F1,,OfficialSI2DOCXTableS1renderedPDFp3;ownFig3primaryp6printed3892;mainTGp2printed3888,,257.06,522.56,,,,air,4.55,800,Cotton145gm2;nativeCOT:PA:ureamassratio1:3:6;130C90mingraft,TG+LOI,2026-10-02,Codex complete primary native/text pages; one primary reviewer,10,Cellulose,"All13primarynative/textpagesread;Cellulose2021,28:3887-3899,printed3886+PDFpage. OfficialSI2DOCX486552bytesSHA572c568414920da6d8ef9871c5c1990badcce9db00f24c1a3fe72225dc1e2b22 downloadedfromofficiallandingoutside library;allDOCXparagraphs/mergedtablesand10renderedpagesread. OfficialSI1playerassettitlematches;49.876svideocompletetimeline50frames1Hzreviewed,qualitativeprep/drying/before-afterhandflameonly,numericTG/LOIneverfromvideo. MainpaperVideoS1conecontextvsactualhandflamedemo preservednotusedforconditions. Cotton145gm2Hangzhoulocalmarketweaveunreported. NaOH1molL90C30minpretreatment;pretreatedcottonPA/ureabathnative1:50stirRT30min130Cgraft30/60/90min,postwash/dryconditionsunreported;noinventedpretreatmentrinsing. COTcontrolnativeownrawcotton,alkalipretreatmentscopeunresolved. Table1p3nativeCOT:PA:ureamassratios1:1:2/1:2:4/1:3:6;PA70wtpercentstockwhethermassratioactiveacidbasisunreported,notdryequivalents/bathconcentrations. GR(M1-M0)/M0untreateddenom Table1codes1-30/60/90=5.5/7.7/8.1,2-30/60/90=8.6/10.1/10.5,3-30/60/90=9.8/11/12.3;notcompositionmassfractions. LOImainmethodp3ZR01QingdaoShanfangGBT5454-1997dims/repsunreported;5replicates25Cmechanical/fiveverticalnotLOI. OwncontrolLOI17.20prosep6printed3892,9treatedFig4ap7printed3893EXPLICITPRINTEDNUMBERSnotcurveestimates:29.47/29.77/32.6,37.03/39.03/40.77,38.73/39.97/42.53. SI4initial90minrounded32.6/40.8/42.5 consistentroundingnotextra states/conflict,keepmostprecisefigurevalues. MainTGp2TG209F1NetzschN2/AIR10C/min;mass/pan/flow/start/endunreported. SeparateTGIRp3N230mLmin20C/min30-800NOTmaingas/rate/range. SI2TableS1renderp3all10initialgroupsexplicitT10notT5/Tonset,TmaxN2single/AIRtwopeaks,R800. OwnnativeFig3p6bothgases10groups matchescodes,notTGcurveestimation. MainprosecontrolN2T10=339.75Tmax373.57R8006.32/AIRT10333.72Tmax354.52/484.91R8000.82 agreesSI;3-90N2T10227.32Tmax262.12R80039.33/AIRR8004.55agrees. VmaxSI negativepercent/C vsprimarypositivemagnitudesraw,notheatingrate/percentmin. NativewashAATCC61-2006modified2A49C45min150mL.15percentw/vdetergent6x12cm;onewash=5domesticLCsexplicit. SI4own90min10/20/30/40/50LCLOI1:28.4/24.5/23.3/23/22.4;2:32.6/30/28.3/27.3/25;3:33.6/30.5/29.5/29.3/28.3 all15held becauseNOwashedTG. SI5titleCOTP3-90butfirstheaderCOTP3-30 conflictrawverticalcharlength,notwashedTG. SI2TablesS2/S4citedotherpapersnotownLOITGduplicates. Mainconechar/EDXcarbon64.39/notTG39.33. Teninitialstates20gasconditions+15heldownwashedLOIfacts=35facts. Sourceconditionsknownexplicitgas/rate,unknownrestpreserved. OriginalPDF/SI/docx/video/images/text/cacheoutsidepublicrepo andreadonlymetadata.",cotton,"Cotton fabric,145g/m2,localHangzhoumarket; weave unreported","Cotton fabric,145g/m2,localHangzhoumarket; weave unreported","Cotton fabric,145g/m2,localHangzhoumarket; weave unreported",COTP3-90,explicit_text,"Owninitial145gm2cottoncodeCOTP3-90 joins explicitowncontrolLOI17.20prosep6 orownFig4ap7printedLOInumber to officialSI2TableS1 SAMECODE/air T10/Tmax/R800. All10groupcodesownprimaryFig3p6bothgases;mainp2NetzschTG209F1N2/AIR10C/minnotseparateTGIR20. T10definition10percentmasslossnotT5;R800fixed800C. SI4roundedinitial90minLOIsduplicateprecisionnotnewstates;washedLOInotpairedwithinitialTG. Complete13primarynative/textpages andallnumericalSI2DOCX10renderedpages;SI1whole49.876stimeline1Hzreviewedqualitativeonly,noTG/LOIfromvideo;unknownconditions preserved.",verified_exact,journal_article,OwnDOI/title/materials/all primary native and text pages reviewed,,,,,4.55,800,source_review_approved,6aba650b9619f6161256c804c01c36d49bdfbd7de61c76a00c8f0baea5270edb,COTP3-90,1:3:6,(M1-M0)/M0*100;beforemodificationdenominator;notcompositemassfraction,12.3,,,Unreported;mechanical/verticalfive replicatesnotLOI,,42.5,,"Own10percentweightloss,notT5/genericTonset",,,percent/C;negativesourceDTGsignnotheatingrate,,,"NativeSpringer2021,28:3887-3899,13PDFpages;officialSI2DOCXandSI1video",,130,90,Ownmaterialsp2printed3888/Table1p3printed3889/Fig3p6/Fig4ap7/officialSI2TableS1,Unreported;separateTGIR20C/minN230mL/min30-800notborrowed,-10.52,-1.88,,,,,,"Eco-friendly, efficient and durable fireproof cotton fabric prepared by a feasible phytic acid grafting route",https://doi.org/10.1007/s10570-021-03767-0,,"SI2DOCXalltext/tables/10renderedpagesreviewed;SI1whole49.876stimeline1Hz50framesreviewed,noTG/LOIusedfromvideo","NaOH1mol/L90C30minpretreatment;PA/ureasolutionnative1:50liquorratio30minstirRT;130Cgraftnative30/60/90min,postwash/dryconditionsunreported;PA70wtpercentstockmassratioactiveacidbasisunreported",Initial own native group,Initial0domesticequivalentdurabilityLCs;preparationwashseparate,2021
10.1007/s10570-021-03767-0,ZR01QingdaoShanfang,OwnSI2DOCXTableS4renderedPDFp5;primarywashp8-9printed3894-3895,28.4,,GB/T5454-1997,,,,,,,,,,,,,,,,,,,OnlyinitialTGinSI2TableS1/primaryFig3;nowashedTG,,,,,,,,,,Own145gm2cottonPA/ureaCOTP1-90,Raw source facts only,2026-10-02,Codex complete primary native/text pages; one primary reviewer,,Cellulose,"All13primarynative/textpagesread;Cellulose2021,28:3887-3899,printed3886+PDFpage. OfficialSI2DOCX486552bytesSHA572c568414920da6d8ef9871c5c1990badcce9db00f24c1a3fe72225dc1e2b22 downloadedfromofficiallandingoutside library;allDOCXparagraphs/mergedtablesand10renderedpagesread. OfficialSI1playerassettitlematches;49.876svideocompletetimeline50frames1Hzreviewed,qualitativeprep/drying/before-afterhandflameonly,numericTG/LOIneverfromvideo. MainpaperVideoS1conecontextvsactualhandflamedemo preservednotusedforconditions. Cotton145gm2Hangzhoulocalmarketweaveunreported. NaOH1molL90C30minpretreatment;pretreatedcottonPA/ureabathnative1:50stirRT30min130Cgraft30/60/90min,postwash/dryconditionsunreported;noinventedpretreatmentrinsing. COTcontrolnativeownrawcotton,alkalipretreatmentscopeunresolved. Table1p3nativeCOT:PA:ureamassratios1:1:2/1:2:4/1:3:6;PA70wtpercentstockwhethermassratioactiveacidbasisunreported,notdryequivalents/bathconcentrations. GR(M1-M0)/M0untreateddenom Table1codes1-30/60/90=5.5/7.7/8.1,2-30/60/90=8.6/10.1/10.5,3-30/60/90=9.8/11/12.3;notcompositionmassfractions. LOImainmethodp3ZR01QingdaoShanfangGBT5454-1997dims/repsunreported;5replicates25Cmechanical/fiveverticalnotLOI. OwncontrolLOI17.20prosep6printed3892,9treatedFig4ap7printed3893EXPLICITPRINTEDNUMBERSnotcurveestimates:29.47/29.77/32.6,37.03/39.03/40.77,38.73/39.97/42.53. SI4initial90minrounded32.6/40.8/42.5 consistentroundingnotextra states/conflict,keepmostprecisefigurevalues. MainTGp2TG209F1NetzschN2/AIR10C/min;mass/pan/flow/start/endunreported. SeparateTGIRp3N230mLmin20C/min30-800NOTmaingas/rate/range. SI2TableS1renderp3all10initialgroupsexplicitT10notT5/Tonset,TmaxN2single/AIRtwopeaks,R800. OwnnativeFig3p6bothgases10groups matchescodes,notTGcurveestimation. MainprosecontrolN2T10=339.75Tmax373.57R8006.32/AIRT10333.72Tmax354.52/484.91R8000.82 agreesSI;3-90N2T10227.32Tmax262.12R80039.33/AIRR8004.55agrees. VmaxSI negativepercent/C vsprimarypositivemagnitudesraw,notheatingrate/percentmin. NativewashAATCC61-2006modified2A49C45min150mL.15percentw/vdetergent6x12cm;onewash=5domesticLCsexplicit. SI4own90min10/20/30/40/50LCLOI1:28.4/24.5/23.3/23/22.4;2:32.6/30/28.3/27.3/25;3:33.6/30.5/29.5/29.3/28.3 all15held becauseNOwashedTG. SI5titleCOTP3-90butfirstheaderCOTP3-30 conflictrawverticalcharlength,notwashedTG. SI2TablesS2/S4citedotherpapersnotownLOITGduplicates. Mainconechar/EDXcarbon64.39/notTG39.33. Teninitialstates20gasconditions+15heldownwashedLOIfacts=35facts. Sourceconditionsknownexplicitgas/rate,unknownrestpreserved. OriginalPDF/SI/docx/video/images/text/cacheoutsidepublicrepo andreadonlymetadata.",cotton,"Cotton fabric,145g/m2,localHangzhoumarket; weave unreported","Cotton fabric,145g/m2,localHangzhoumarket; weave unreported",,COTP1-90after10LCs,held_source_facts,,held_washed_LOI_without_corresponding_washed_TG,journal_article,OwnDOI/title/materials/all primary native and text pages reviewed,,,,,,,held_outside_verified_target,,COTP1-90,,,,,,,,,CaptionCOTP3-90butfirstcolumnCOTP3-30;verticalburningcharlengthnotTG,,,,,,,"NativeSpringer2021,28:3887-3899,13PDFpages;officialSI2DOCXandSI1video",,,,Ownwashmethodprimaryp3/TableS4/S5/FigS2officialSI2,,,,10,,,,,"Eco-friendly, efficient and durable fireproof cotton fabric prepared by a feasible phytic acid grafting route",https://doi.org/10.1007/s10570-021-03767-0,AATCC61-2006modified2A49C45min150mL0.15percentw/vdetergent6x12cm;onewash=5domesticLCsexplicit,"SI2DOCXalltext/tables/10renderedpagesreviewed;SI1whole49.876stimeline1Hz50framesreviewed,noTG/LOIusedfromvideo","NaOH1mol/L90C30minpretreatment;PA/ureasolutionnative1:50liquorratio30minstirRT;130Cgraftnative30/60/90min,postwash/dryconditionsunreported;PA70wtpercentstockmassratioactiveacidbasisunreported",After10nativeDOMESTICequivalentLCs,10domesticequivalentLCs;native1acceleratedwash=5LCsexplicit,2021
10.1007/s10570-021-03767-0,ZR01QingdaoShanfang,OwnSI2DOCXTableS4renderedPDFp5;primarywashp8-9printed3894-3895,24.5,,GB/T5454-1997,,,,,,,,,,,,,,,,,,,OnlyinitialTGinSI2TableS1/primaryFig3;nowashedTG,,,,,,,,,,Own145gm2cottonPA/ureaCOTP1-90,Raw source facts only,2026-10-02,Codex complete primary native/text pages; one primary reviewer,,Cellulose,"All13primarynative/textpagesread;Cellulose2021,28:3887-3899,printed3886+PDFpage. OfficialSI2DOCX486552bytesSHA572c568414920da6d8ef9871c5c1990badcce9db00f24c1a3fe72225dc1e2b22 downloadedfromofficiallandingoutside library;allDOCXparagraphs/mergedtablesand10renderedpagesread. OfficialSI1playerassettitlematches;49.876svideocompletetimeline50frames1Hzreviewed,qualitativeprep/drying/before-afterhandflameonly,numericTG/LOIneverfromvideo. MainpaperVideoS1conecontextvsactualhandflamedemo preservednotusedforconditions. Cotton145gm2Hangzhoulocalmarketweaveunreported. NaOH1molL90C30minpretreatment;pretreatedcottonPA/ureabathnative1:50stirRT30min130Cgraft30/60/90min,postwash/dryconditionsunreported;noinventedpretreatmentrinsing. COTcontrolnativeownrawcotton,alkalipretreatmentscopeunresolved. Table1p3nativeCOT:PA:ureamassratios1:1:2/1:2:4/1:3:6;PA70wtpercentstockwhethermassratioactiveacidbasisunreported,notdryequivalents/bathconcentrations. GR(M1-M0)/M0untreateddenom Table1codes1-30/60/90=5.5/7.7/8.1,2-30/60/90=8.6/10.1/10.5,3-30/60/90=9.8/11/12.3;notcompositionmassfractions. LOImainmethodp3ZR01QingdaoShanfangGBT5454-1997dims/repsunreported;5replicates25Cmechanical/fiveverticalnotLOI. OwncontrolLOI17.20prosep6printed3892,9treatedFig4ap7printed3893EXPLICITPRINTEDNUMBERSnotcurveestimates:29.47/29.77/32.6,37.03/39.03/40.77,38.73/39.97/42.53. SI4initial90minrounded32.6/40.8/42.5 consistentroundingnotextra states/conflict,keepmostprecisefigurevalues. MainTGp2TG209F1NetzschN2/AIR10C/min;mass/pan/flow/start/endunreported. SeparateTGIRp3N230mLmin20C/min30-800NOTmaingas/rate/range. SI2TableS1renderp3all10initialgroupsexplicitT10notT5/Tonset,TmaxN2single/AIRtwopeaks,R800. OwnnativeFig3p6bothgases10groups matchescodes,notTGcurveestimation. MainprosecontrolN2T10=339.75Tmax373.57R8006.32/AIRT10333.72Tmax354.52/484.91R8000.82 agreesSI;3-90N2T10227.32Tmax262.12R80039.33/AIRR8004.55agrees. VmaxSI negativepercent/C vsprimarypositivemagnitudesraw,notheatingrate/percentmin. NativewashAATCC61-2006modified2A49C45min150mL.15percentw/vdetergent6x12cm;onewash=5domesticLCsexplicit. SI4own90min10/20/30/40/50LCLOI1:28.4/24.5/23.3/23/22.4;2:32.6/30/28.3/27.3/25;3:33.6/30.5/29.5/29.3/28.3 all15held becauseNOwashedTG. SI5titleCOTP3-90butfirstheaderCOTP3-30 conflictrawverticalcharlength,notwashedTG. SI2TablesS2/S4citedotherpapersnotownLOITGduplicates. Mainconechar/EDXcarbon64.39/notTG39.33. Teninitialstates20gasconditions+15heldownwashedLOIfacts=35facts. Sourceconditionsknownexplicitgas/rate,unknownrestpreserved. OriginalPDF/SI/docx/video/images/text/cacheoutsidepublicrepo andreadonlymetadata.",cotton,"Cotton fabric,145g/m2,localHangzhoumarket; weave unreported","Cotton fabric,145g/m2,localHangzhoumarket; weave unreported",,COTP1-90after20LCs,held_source_facts,,held_washed_LOI_without_corresponding_washed_TG,journal_article,OwnDOI/title/materials/all primary native and text pages reviewed,,,,,,,held_outside_verified_target,,COTP1-90,,,,,,,,,CaptionCOTP3-90butfirstcolumnCOTP3-30;verticalburningcharlengthnotTG,,,,,,,"NativeSpringer2021,28:3887-3899,13PDFpages;officialSI2DOCXandSI1video",,,,Ownwashmethodprimaryp3/TableS4/S5/FigS2officialSI2,,,,20,,,,,"Eco-friendly, efficient and durable fireproof cotton fabric prepared by a feasible phytic acid grafting route",https://doi.org/10.1007/s10570-021-03767-0,AATCC61-2006modified2A49C45min150mL0.15percentw/vdetergent6x12cm;onewash=5domesticLCsexplicit,"SI2DOCXalltext/tables/10renderedpagesreviewed;SI1whole49.876stimeline1Hz50framesreviewed,noTG/LOIusedfromvideo","NaOH1mol/L90C30minpretreatment;PA/ureasolutionnative1:50liquorratio30minstirRT;130Cgraftnative30/60/90min,postwash/dryconditionsunreported;PA70wtpercentstockmassratioactiveacidbasisunreported",After20nativeDOMESTICequivalentLCs,20domesticequivalentLCs;native1acceleratedwash=5LCsexplicit,2021
10.1007/s10570-021-03767-0,ZR01QingdaoShanfang,OwnSI2DOCXTableS4renderedPDFp5;primarywashp8-9printed3894-3895,23.3,,GB/T5454-1997,,,,,,,,,,,,,,,,,,,OnlyinitialTGinSI2TableS1/primaryFig3;nowashedTG,,,,,,,,,,Own145gm2cottonPA/ureaCOTP1-90,Raw source facts only,2026-10-02,Codex complete primary native/text pages; one primary reviewer,,Cellulose,"All13primarynative/textpagesread;Cellulose2021,28:3887-3899,printed3886+PDFpage. OfficialSI2DOCX486552bytesSHA572c568414920da6d8ef9871c5c1990badcce9db00f24c1a3fe72225dc1e2b22 downloadedfromofficiallandingoutside library;allDOCXparagraphs/mergedtablesand10renderedpagesread. OfficialSI1playerassettitlematches;49.876svideocompletetimeline50frames1Hzreviewed,qualitativeprep/drying/before-afterhandflameonly,numericTG/LOIneverfromvideo. MainpaperVideoS1conecontextvsactualhandflamedemo preservednotusedforconditions. Cotton145gm2Hangzhoulocalmarketweaveunreported. NaOH1molL90C30minpretreatment;pretreatedcottonPA/ureabathnative1:50stirRT30min130Cgraft30/60/90min,postwash/dryconditionsunreported;noinventedpretreatmentrinsing. COTcontrolnativeownrawcotton,alkalipretreatmentscopeunresolved. Table1p3nativeCOT:PA:ureamassratios1:1:2/1:2:4/1:3:6;PA70wtpercentstockwhethermassratioactiveacidbasisunreported,notdryequivalents/bathconcentrations. GR(M1-M0)/M0untreateddenom Table1codes1-30/60/90=5.5/7.7/8.1,2-30/60/90=8.6/10.1/10.5,3-30/60/90=9.8/11/12.3;notcompositionmassfractions. LOImainmethodp3ZR01QingdaoShanfangGBT5454-1997dims/repsunreported;5replicates25Cmechanical/fiveverticalnotLOI. OwncontrolLOI17.20prosep6printed3892,9treatedFig4ap7printed3893EXPLICITPRINTEDNUMBERSnotcurveestimates:29.47/29.77/32.6,37.03/39.03/40.77,38.73/39.97/42.53. SI4initial90minrounded32.6/40.8/42.5 consistentroundingnotextra states/conflict,keepmostprecisefigurevalues. MainTGp2TG209F1NetzschN2/AIR10C/min;mass/pan/flow/start/endunreported. SeparateTGIRp3N230mLmin20C/min30-800NOTmaingas/rate/range. SI2TableS1renderp3all10initialgroupsexplicitT10notT5/Tonset,TmaxN2single/AIRtwopeaks,R800. OwnnativeFig3p6bothgases10groups matchescodes,notTGcurveestimation. MainprosecontrolN2T10=339.75Tmax373.57R8006.32/AIRT10333.72Tmax354.52/484.91R8000.82 agreesSI;3-90N2T10227.32Tmax262.12R80039.33/AIRR8004.55agrees. VmaxSI negativepercent/C vsprimarypositivemagnitudesraw,notheatingrate/percentmin. NativewashAATCC61-2006modified2A49C45min150mL.15percentw/vdetergent6x12cm;onewash=5domesticLCsexplicit. SI4own90min10/20/30/40/50LCLOI1:28.4/24.5/23.3/23/22.4;2:32.6/30/28.3/27.3/25;3:33.6/30.5/29.5/29.3/28.3 all15held becauseNOwashedTG. SI5titleCOTP3-90butfirstheaderCOTP3-30 conflictrawverticalcharlength,notwashedTG. SI2TablesS2/S4citedotherpapersnotownLOITGduplicates. Mainconechar/EDXcarbon64.39/notTG39.33. Teninitialstates20gasconditions+15heldownwashedLOIfacts=35facts. Sourceconditionsknownexplicitgas/rate,unknownrestpreserved. OriginalPDF/SI/docx/video/images/text/cacheoutsidepublicrepo andreadonlymetadata.",cotton,"Cotton fabric,145g/m2,localHangzhoumarket; weave unreported","Cotton fabric,145g/m2,localHangzhoumarket; weave unreported",,COTP1-90after30LCs,held_source_facts,,held_washed_LOI_without_corresponding_washed_TG,journal_article,OwnDOI/title/materials/all primary native and text pages reviewed,,,,,,,held_outside_verified_target,,COTP1-90,,,,,,,,,CaptionCOTP3-90butfirstcolumnCOTP3-30;verticalburningcharlengthnotTG,,,,,,,"NativeSpringer2021,28:3887-3899,13PDFpages;officialSI2DOCXandSI1video",,,,Ownwashmethodprimaryp3/TableS4/S5/FigS2officialSI2,,,,30,,,,,"Eco-friendly, efficient and durable fireproof cotton fabric prepared by a feasible phytic acid grafting route",https://doi.org/10.1007/s10570-021-03767-0,AATCC61-2006modified2A49C45min150mL0.15percentw/vdetergent6x12cm;onewash=5domesticLCsexplicit,"SI2DOCXalltext/tables/10renderedpagesreviewed;SI1whole49.876stimeline1Hz50framesreviewed,noTG/LOIusedfromvideo","NaOH1mol/L90C30minpretreatment;PA/ureasolutionnative1:50liquorratio30minstirRT;130Cgraftnative30/60/90min,postwash/dryconditionsunreported;PA70wtpercentstockmassratioactiveacidbasisunreported",After30nativeDOMESTICequivalentLCs,30domesticequivalentLCs;native1acceleratedwash=5LCsexplicit,2021
10.1007/s10570-021-03767-0,ZR01QingdaoShanfang,OwnSI2DOCXTableS4renderedPDFp5;primarywashp8-9printed3894-3895,23,,GB/T5454-1997,,,,,,,,,,,,,,,,,,,OnlyinitialTGinSI2TableS1/primaryFig3;nowashedTG,,,,,,,,,,Own145gm2cottonPA/ureaCOTP1-90,Raw source facts only,2026-10-02,Codex complete primary native/text pages; one primary reviewer,,Cellulose,"All13primarynative/textpagesread;Cellulose2021,28:3887-3899,printed3886+PDFpage. OfficialSI2DOCX486552bytesSHA572c568414920da6d8ef9871c5c1990badcce9db00f24c1a3fe72225dc1e2b22 downloadedfromofficiallandingoutside library;allDOCXparagraphs/mergedtablesand10renderedpagesread. OfficialSI1playerassettitlematches;49.876svideocompletetimeline50frames1Hzreviewed,qualitativeprep/drying/before-afterhandflameonly,numericTG/LOIneverfromvideo. MainpaperVideoS1conecontextvsactualhandflamedemo preservednotusedforconditions. Cotton145gm2Hangzhoulocalmarketweaveunreported. NaOH1molL90C30minpretreatment;pretreatedcottonPA/ureabathnative1:50stirRT30min130Cgraft30/60/90min,postwash/dryconditionsunreported;noinventedpretreatmentrinsing. COTcontrolnativeownrawcotton,alkalipretreatmentscopeunresolved. Table1p3nativeCOT:PA:ureamassratios1:1:2/1:2:4/1:3:6;PA70wtpercentstockwhethermassratioactiveacidbasisunreported,notdryequivalents/bathconcentrations. GR(M1-M0)/M0untreateddenom Table1codes1-30/60/90=5.5/7.7/8.1,2-30/60/90=8.6/10.1/10.5,3-30/60/90=9.8/11/12.3;notcompositionmassfractions. LOImainmethodp3ZR01QingdaoShanfangGBT5454-1997dims/repsunreported;5replicates25Cmechanical/fiveverticalnotLOI. OwncontrolLOI17.20prosep6printed3892,9treatedFig4ap7printed3893EXPLICITPRINTEDNUMBERSnotcurveestimates:29.47/29.77/32.6,37.03/39.03/40.77,38.73/39.97/42.53. SI4initial90minrounded32.6/40.8/42.5 consistentroundingnotextra states/conflict,keepmostprecisefigurevalues. MainTGp2TG209F1NetzschN2/AIR10C/min;mass/pan/flow/start/endunreported. SeparateTGIRp3N230mLmin20C/min30-800NOTmaingas/rate/range. SI2TableS1renderp3all10initialgroupsexplicitT10notT5/Tonset,TmaxN2single/AIRtwopeaks,R800. OwnnativeFig3p6bothgases10groups matchescodes,notTGcurveestimation. MainprosecontrolN2T10=339.75Tmax373.57R8006.32/AIRT10333.72Tmax354.52/484.91R8000.82 agreesSI;3-90N2T10227.32Tmax262.12R80039.33/AIRR8004.55agrees. VmaxSI negativepercent/C vsprimarypositivemagnitudesraw,notheatingrate/percentmin. NativewashAATCC61-2006modified2A49C45min150mL.15percentw/vdetergent6x12cm;onewash=5domesticLCsexplicit. SI4own90min10/20/30/40/50LCLOI1:28.4/24.5/23.3/23/22.4;2:32.6/30/28.3/27.3/25;3:33.6/30.5/29.5/29.3/28.3 all15held becauseNOwashedTG. SI5titleCOTP3-90butfirstheaderCOTP3-30 conflictrawverticalcharlength,notwashedTG. SI2TablesS2/S4citedotherpapersnotownLOITGduplicates. Mainconechar/EDXcarbon64.39/notTG39.33. Teninitialstates20gasconditions+15heldownwashedLOIfacts=35facts. Sourceconditionsknownexplicitgas/rate,unknownrestpreserved. OriginalPDF/SI/docx/video/images/text/cacheoutsidepublicrepo andreadonlymetadata.",cotton,"Cotton fabric,145g/m2,localHangzhoumarket; weave unreported","Cotton fabric,145g/m2,localHangzhoumarket; weave unreported",,COTP1-90after40LCs,held_source_facts,,held_washed_LOI_without_corresponding_washed_TG,journal_article,OwnDOI/title/materials/all primary native and text pages reviewed,,,,,,,held_outside_verified_target,,COTP1-90,,,,,,,,,CaptionCOTP3-90butfirstcolumnCOTP3-30;verticalburningcharlengthnotTG,,,,,,,"NativeSpringer2021,28:3887-3899,13PDFpages;officialSI2DOCXandSI1video",,,,Ownwashmethodprimaryp3/TableS4/S5/FigS2officialSI2,,,,40,,,,,"Eco-friendly, efficient and durable fireproof cotton fabric prepared by a feasible phytic acid grafting route",https://doi.org/10.1007/s10570-021-03767-0,AATCC61-2006modified2A49C45min150mL0.15percentw/vdetergent6x12cm;onewash=5domesticLCsexplicit,"SI2DOCXalltext/tables/10renderedpagesreviewed;SI1whole49.876stimeline1Hz50framesreviewed,noTG/LOIusedfromvideo","NaOH1mol/L90C30minpretreatment;PA/ureasolutionnative1:50liquorratio30minstirRT;130Cgraftnative30/60/90min,postwash/dryconditionsunreported;PA70wtpercentstockmassratioactiveacidbasisunreported",After40nativeDOMESTICequivalentLCs,40domesticequivalentLCs;native1acceleratedwash=5LCsexplicit,2021
10.1007/s10570-021-03767-0,ZR01QingdaoShanfang,OwnSI2DOCXTableS4renderedPDFp5;primarywashp8-9printed3894-3895,22.4,,GB/T5454-1997,,,,,,,,,,,,,,,,,,,OnlyinitialTGinSI2TableS1/primaryFig3;nowashedTG,,,,,,,,,,Own145gm2cottonPA/ureaCOTP1-90,Raw source facts only,2026-10-02,Codex complete primary native/text pages; one primary reviewer,,Cellulose,"All13primarynative/textpagesread;Cellulose2021,28:3887-3899,printed3886+PDFpage. OfficialSI2DOCX486552bytesSHA572c568414920da6d8ef9871c5c1990badcce9db00f24c1a3fe72225dc1e2b22 downloadedfromofficiallandingoutside library;allDOCXparagraphs/mergedtablesand10renderedpagesread. OfficialSI1playerassettitlematches;49.876svideocompletetimeline50frames1Hzreviewed,qualitativeprep/drying/before-afterhandflameonly,numericTG/LOIneverfromvideo. MainpaperVideoS1conecontextvsactualhandflamedemo preservednotusedforconditions. Cotton145gm2Hangzhoulocalmarketweaveunreported. NaOH1molL90C30minpretreatment;pretreatedcottonPA/ureabathnative1:50stirRT30min130Cgraft30/60/90min,postwash/dryconditionsunreported;noinventedpretreatmentrinsing. COTcontrolnativeownrawcotton,alkalipretreatmentscopeunresolved. Table1p3nativeCOT:PA:ureamassratios1:1:2/1:2:4/1:3:6;PA70wtpercentstockwhethermassratioactiveacidbasisunreported,notdryequivalents/bathconcentrations. GR(M1-M0)/M0untreateddenom Table1codes1-30/60/90=5.5/7.7/8.1,2-30/60/90=8.6/10.1/10.5,3-30/60/90=9.8/11/12.3;notcompositionmassfractions. LOImainmethodp3ZR01QingdaoShanfangGBT5454-1997dims/repsunreported;5replicates25Cmechanical/fiveverticalnotLOI. OwncontrolLOI17.20prosep6printed3892,9treatedFig4ap7printed3893EXPLICITPRINTEDNUMBERSnotcurveestimates:29.47/29.77/32.6,37.03/39.03/40.77,38.73/39.97/42.53. SI4initial90minrounded32.6/40.8/42.5 consistentroundingnotextra states/conflict,keepmostprecisefigurevalues. MainTGp2TG209F1NetzschN2/AIR10C/min;mass/pan/flow/start/endunreported. SeparateTGIRp3N230mLmin20C/min30-800NOTmaingas/rate/range. SI2TableS1renderp3all10initialgroupsexplicitT10notT5/Tonset,TmaxN2single/AIRtwopeaks,R800. OwnnativeFig3p6bothgases10groups matchescodes,notTGcurveestimation. MainprosecontrolN2T10=339.75Tmax373.57R8006.32/AIRT10333.72Tmax354.52/484.91R8000.82 agreesSI;3-90N2T10227.32Tmax262.12R80039.33/AIRR8004.55agrees. VmaxSI negativepercent/C vsprimarypositivemagnitudesraw,notheatingrate/percentmin. NativewashAATCC61-2006modified2A49C45min150mL.15percentw/vdetergent6x12cm;onewash=5domesticLCsexplicit. SI4own90min10/20/30/40/50LCLOI1:28.4/24.5/23.3/23/22.4;2:32.6/30/28.3/27.3/25;3:33.6/30.5/29.5/29.3/28.3 all15held becauseNOwashedTG. SI5titleCOTP3-90butfirstheaderCOTP3-30 conflictrawverticalcharlength,notwashedTG. SI2TablesS2/S4citedotherpapersnotownLOITGduplicates. Mainconechar/EDXcarbon64.39/notTG39.33. Teninitialstates20gasconditions+15heldownwashedLOIfacts=35facts. Sourceconditionsknownexplicitgas/rate,unknownrestpreserved. OriginalPDF/SI/docx/video/images/text/cacheoutsidepublicrepo andreadonlymetadata.",cotton,"Cotton fabric,145g/m2,localHangzhoumarket; weave unreported","Cotton fabric,145g/m2,localHangzhoumarket; weave unreported",,COTP1-90after50LCs,held_source_facts,,held_washed_LOI_without_corresponding_washed_TG,journal_article,OwnDOI/title/materials/all primary native and text pages reviewed,,,,,,,held_outside_verified_target,,COTP1-90,,,,,,,,,CaptionCOTP3-90butfirstcolumnCOTP3-30;verticalburningcharlengthnotTG,,,,,,,"NativeSpringer2021,28:3887-3899,13PDFpages;officialSI2DOCXandSI1video",,,,Ownwashmethodprimaryp3/TableS4/S5/FigS2officialSI2,,,,50,,,,,"Eco-friendly, efficient and durable fireproof cotton fabric prepared by a feasible phytic acid grafting route",https://doi.org/10.1007/s10570-021-03767-0,AATCC61-2006modified2A49C45min150mL0.15percentw/vdetergent6x12cm;onewash=5domesticLCsexplicit,"SI2DOCXalltext/tables/10renderedpagesreviewed;SI1whole49.876stimeline1Hz50framesreviewed,noTG/LOIusedfromvideo","NaOH1mol/L90C30minpretreatment;PA/ureasolutionnative1:50liquorratio30minstirRT;130Cgraftnative30/60/90min,postwash/dryconditionsunreported;PA70wtpercentstockmassratioactiveacidbasisunreported",After50nativeDOMESTICequivalentLCs,50domesticequivalentLCs;native1acceleratedwash=5LCsexplicit,2021
10.1007/s10570-021-03767-0,ZR01QingdaoShanfang,OwnSI2DOCXTableS4renderedPDFp5;primarywashp8-9printed3894-3895,32.6,,GB/T5454-1997,,,,,,,,,,,,,,,,,,,OnlyinitialTGinSI2TableS1/primaryFig3;nowashedTG,,,,,,,,,,Own145gm2cottonPA/ureaCOTP2-90,Raw source facts only,2026-10-02,Codex complete primary native/text pages; one primary reviewer,,Cellulose,"All13primarynative/textpagesread;Cellulose2021,28:3887-3899,printed3886+PDFpage. OfficialSI2DOCX486552bytesSHA572c568414920da6d8ef9871c5c1990badcce9db00f24c1a3fe72225dc1e2b22 downloadedfromofficiallandingoutside library;allDOCXparagraphs/mergedtablesand10renderedpagesread. OfficialSI1playerassettitlematches;49.876svideocompletetimeline50frames1Hzreviewed,qualitativeprep/drying/before-afterhandflameonly,numericTG/LOIneverfromvideo. MainpaperVideoS1conecontextvsactualhandflamedemo preservednotusedforconditions. Cotton145gm2Hangzhoulocalmarketweaveunreported. NaOH1molL90C30minpretreatment;pretreatedcottonPA/ureabathnative1:50stirRT30min130Cgraft30/60/90min,postwash/dryconditionsunreported;noinventedpretreatmentrinsing. COTcontrolnativeownrawcotton,alkalipretreatmentscopeunresolved. Table1p3nativeCOT:PA:ureamassratios1:1:2/1:2:4/1:3:6;PA70wtpercentstockwhethermassratioactiveacidbasisunreported,notdryequivalents/bathconcentrations. GR(M1-M0)/M0untreateddenom Table1codes1-30/60/90=5.5/7.7/8.1,2-30/60/90=8.6/10.1/10.5,3-30/60/90=9.8/11/12.3;notcompositionmassfractions. LOImainmethodp3ZR01QingdaoShanfangGBT5454-1997dims/repsunreported;5replicates25Cmechanical/fiveverticalnotLOI. OwncontrolLOI17.20prosep6printed3892,9treatedFig4ap7printed3893EXPLICITPRINTEDNUMBERSnotcurveestimates:29.47/29.77/32.6,37.03/39.03/40.77,38.73/39.97/42.53. SI4initial90minrounded32.6/40.8/42.5 consistentroundingnotextra states/conflict,keepmostprecisefigurevalues. MainTGp2TG209F1NetzschN2/AIR10C/min;mass/pan/flow/start/endunreported. SeparateTGIRp3N230mLmin20C/min30-800NOTmaingas/rate/range. SI2TableS1renderp3all10initialgroupsexplicitT10notT5/Tonset,TmaxN2single/AIRtwopeaks,R800. OwnnativeFig3p6bothgases10groups matchescodes,notTGcurveestimation. MainprosecontrolN2T10=339.75Tmax373.57R8006.32/AIRT10333.72Tmax354.52/484.91R8000.82 agreesSI;3-90N2T10227.32Tmax262.12R80039.33/AIRR8004.55agrees. VmaxSI negativepercent/C vsprimarypositivemagnitudesraw,notheatingrate/percentmin. NativewashAATCC61-2006modified2A49C45min150mL.15percentw/vdetergent6x12cm;onewash=5domesticLCsexplicit. SI4own90min10/20/30/40/50LCLOI1:28.4/24.5/23.3/23/22.4;2:32.6/30/28.3/27.3/25;3:33.6/30.5/29.5/29.3/28.3 all15held becauseNOwashedTG. SI5titleCOTP3-90butfirstheaderCOTP3-30 conflictrawverticalcharlength,notwashedTG. SI2TablesS2/S4citedotherpapersnotownLOITGduplicates. Mainconechar/EDXcarbon64.39/notTG39.33. Teninitialstates20gasconditions+15heldownwashedLOIfacts=35facts. Sourceconditionsknownexplicitgas/rate,unknownrestpreserved. OriginalPDF/SI/docx/video/images/text/cacheoutsidepublicrepo andreadonlymetadata.",cotton,"Cotton fabric,145g/m2,localHangzhoumarket; weave unreported","Cotton fabric,145g/m2,localHangzhoumarket; weave unreported",,COTP2-90after10LCs,held_source_facts,,held_washed_LOI_without_corresponding_washed_TG,journal_article,OwnDOI/title/materials/all primary native and text pages reviewed,,,,,,,held_outside_verified_target,,COTP2-90,,,,,,,,,CaptionCOTP3-90butfirstcolumnCOTP3-30;verticalburningcharlengthnotTG,,,,,,,"NativeSpringer2021,28:3887-3899,13PDFpages;officialSI2DOCXandSI1video",,,,Ownwashmethodprimaryp3/TableS4/S5/FigS2officialSI2,,,,10,,,,,"Eco-friendly, efficient and durable fireproof cotton fabric prepared by a feasible phytic acid grafting route",https://doi.org/10.1007/s10570-021-03767-0,AATCC61-2006modified2A49C45min150mL0.15percentw/vdetergent6x12cm;onewash=5domesticLCsexplicit,"SI2DOCXalltext/tables/10renderedpagesreviewed;SI1whole49.876stimeline1Hz50framesreviewed,noTG/LOIusedfromvideo","NaOH1mol/L90C30minpretreatment;PA/ureasolutionnative1:50liquorratio30minstirRT;130Cgraftnative30/60/90min,postwash/dryconditionsunreported;PA70wtpercentstockmassratioactiveacidbasisunreported",After10nativeDOMESTICequivalentLCs,10domesticequivalentLCs;native1acceleratedwash=5LCsexplicit,2021
10.1007/s10570-021-03767-0,ZR01QingdaoShanfang,OwnSI2DOCXTableS4renderedPDFp5;primarywashp8-9printed3894-3895,30,,GB/T5454-1997,,,,,,,,,,,,,,,,,,,OnlyinitialTGinSI2TableS1/primaryFig3;nowashedTG,,,,,,,,,,Own145gm2cottonPA/ureaCOTP2-90,Raw source facts only,2026-10-02,Codex complete primary native/text pages; one primary reviewer,,Cellulose,"All13primarynative/textpagesread;Cellulose2021,28:3887-3899,printed3886+PDFpage. OfficialSI2DOCX486552bytesSHA572c568414920da6d8ef9871c5c1990badcce9db00f24c1a3fe72225dc1e2b22 downloadedfromofficiallandingoutside library;allDOCXparagraphs/mergedtablesand10renderedpagesread. OfficialSI1playerassettitlematches;49.876svideocompletetimeline50frames1Hzreviewed,qualitativeprep/drying/before-afterhandflameonly,numericTG/LOIneverfromvideo. MainpaperVideoS1conecontextvsactualhandflamedemo preservednotusedforconditions. Cotton145gm2Hangzhoulocalmarketweaveunreported. NaOH1molL90C30minpretreatment;pretreatedcottonPA/ureabathnative1:50stirRT30min130Cgraft30/60/90min,postwash/dryconditionsunreported;noinventedpretreatmentrinsing. COTcontrolnativeownrawcotton,alkalipretreatmentscopeunresolved. Table1p3nativeCOT:PA:ureamassratios1:1:2/1:2:4/1:3:6;PA70wtpercentstockwhethermassratioactiveacidbasisunreported,notdryequivalents/bathconcentrations. GR(M1-M0)/M0untreateddenom Table1codes1-30/60/90=5.5/7.7/8.1,2-30/60/90=8.6/10.1/10.5,3-30/60/90=9.8/11/12.3;notcompositionmassfractions. LOImainmethodp3ZR01QingdaoShanfangGBT5454-1997dims/repsunreported;5replicates25Cmechanical/fiveverticalnotLOI. OwncontrolLOI17.20prosep6printed3892,9treatedFig4ap7printed3893EXPLICITPRINTEDNUMBERSnotcurveestimates:29.47/29.77/32.6,37.03/39.03/40.77,38.73/39.97/42.53. SI4initial90minrounded32.6/40.8/42.5 consistentroundingnotextra states/conflict,keepmostprecisefigurevalues. MainTGp2TG209F1NetzschN2/AIR10C/min;mass/pan/flow/start/endunreported. SeparateTGIRp3N230mLmin20C/min30-800NOTmaingas/rate/range. SI2TableS1renderp3all10initialgroupsexplicitT10notT5/Tonset,TmaxN2single/AIRtwopeaks,R800. OwnnativeFig3p6bothgases10groups matchescodes,notTGcurveestimation. MainprosecontrolN2T10=339.75Tmax373.57R8006.32/AIRT10333.72Tmax354.52/484.91R8000.82 agreesSI;3-90N2T10227.32Tmax262.12R80039.33/AIRR8004.55agrees. VmaxSI negativepercent/C vsprimarypositivemagnitudesraw,notheatingrate/percentmin. NativewashAATCC61-2006modified2A49C45min150mL.15percentw/vdetergent6x12cm;onewash=5domesticLCsexplicit. SI4own90min10/20/30/40/50LCLOI1:28.4/24.5/23.3/23/22.4;2:32.6/30/28.3/27.3/25;3:33.6/30.5/29.5/29.3/28.3 all15held becauseNOwashedTG. SI5titleCOTP3-90butfirstheaderCOTP3-30 conflictrawverticalcharlength,notwashedTG. SI2TablesS2/S4citedotherpapersnotownLOITGduplicates. Mainconechar/EDXcarbon64.39/notTG39.33. Teninitialstates20gasconditions+15heldownwashedLOIfacts=35facts. Sourceconditionsknownexplicitgas/rate,unknownrestpreserved. OriginalPDF/SI/docx/video/images/text/cacheoutsidepublicrepo andreadonlymetadata.",cotton,"Cotton fabric,145g/m2,localHangzhoumarket; weave unreported","Cotton fabric,145g/m2,localHangzhoumarket; weave unreported",,COTP2-90after20LCs,held_source_facts,,held_washed_LOI_without_corresponding_washed_TG,journal_article,OwnDOI/title/materials/all primary native and text pages reviewed,,,,,,,held_outside_verified_target,,COTP2-90,,,,,,,,,CaptionCOTP3-90butfirstcolumnCOTP3-30;verticalburningcharlengthnotTG,,,,,,,"NativeSpringer2021,28:3887-3899,13PDFpages;officialSI2DOCXandSI1video",,,,Ownwashmethodprimaryp3/TableS4/S5/FigS2officialSI2,,,,20,,,,,"Eco-friendly, efficient and durable fireproof cotton fabric prepared by a feasible phytic acid grafting route",https://doi.org/10.1007/s10570-021-03767-0,AATCC61-2006modified2A49C45min150mL0.15percentw/vdetergent6x12cm;onewash=5domesticLCsexplicit,"SI2DOCXalltext/tables/10renderedpagesreviewed;SI1whole49.876stimeline1Hz50framesreviewed,noTG/LOIusedfromvideo","NaOH1mol/L90C30minpretreatment;PA/ureasolutionnative1:50liquorratio30minstirRT;130Cgraftnative30/60/90min,postwash/dryconditionsunreported;PA70wtpercentstockmassratioactiveacidbasisunreported",After20nativeDOMESTICequivalentLCs,20domesticequivalentLCs;native1acceleratedwash=5LCsexplicit,2021
10.1007/s10570-021-03767-0,ZR01QingdaoShanfang,OwnSI2DOCXTableS4renderedPDFp5;primarywashp8-9printed3894-3895,28.3,,GB/T5454-1997,,,,,,,,,,,,,,,,,,,OnlyinitialTGinSI2TableS1/primaryFig3;nowashedTG,,,,,,,,,,Own145gm2cottonPA/ureaCOTP2-90,Raw source facts only,2026-10-02,Codex complete primary native/text pages; one primary reviewer,,Cellulose,"All13primarynative/textpagesread;Cellulose2021,28:3887-3899,printed3886+PDFpage. OfficialSI2DOCX486552bytesSHA572c568414920da6d8ef9871c5c1990badcce9db00f24c1a3fe72225dc1e2b22 downloadedfromofficiallandingoutside library;allDOCXparagraphs/mergedtablesand10renderedpagesread. OfficialSI1playerassettitlematches;49.876svideocompletetimeline50frames1Hzreviewed,qualitativeprep/drying/before-afterhandflameonly,numericTG/LOIneverfromvideo. MainpaperVideoS1conecontextvsactualhandflamedemo preservednotusedforconditions. Cotton145gm2Hangzhoulocalmarketweaveunreported. NaOH1molL90C30minpretreatment;pretreatedcottonPA/ureabathnative1:50stirRT30min130Cgraft30/60/90min,postwash/dryconditionsunreported;noinventedpretreatmentrinsing. COTcontrolnativeownrawcotton,alkalipretreatmentscopeunresolved. Table1p3nativeCOT:PA:ureamassratios1:1:2/1:2:4/1:3:6;PA70wtpercentstockwhethermassratioactiveacidbasisunreported,notdryequivalents/bathconcentrations. GR(M1-M0)/M0untreateddenom Table1codes1-30/60/90=5.5/7.7/8.1,2-30/60/90=8.6/10.1/10.5,3-30/60/90=9.8/11/12.3;notcompositionmassfractions. LOImainmethodp3ZR01QingdaoShanfangGBT5454-1997dims/repsunreported;5replicates25Cmechanical/fiveverticalnotLOI. OwncontrolLOI17.20prosep6printed3892,9treatedFig4ap7printed3893EXPLICITPRINTEDNUMBERSnotcurveestimates:29.47/29.77/32.6,37.03/39.03/40.77,38.73/39.97/42.53. SI4initial90minrounded32.6/40.8/42.5 consistentroundingnotextra states/conflict,keepmostprecisefigurevalues. MainTGp2TG209F1NetzschN2/AIR10C/min;mass/pan/flow/start/endunreported. SeparateTGIRp3N230mLmin20C/min30-800NOTmaingas/rate/range. SI2TableS1renderp3all10initialgroupsexplicitT10notT5/Tonset,TmaxN2single/AIRtwopeaks,R800. OwnnativeFig3p6bothgases10groups matchescodes,notTGcurveestimation. MainprosecontrolN2T10=339.75Tmax373.57R8006.32/AIRT10333.72Tmax354.52/484.91R8000.82 agreesSI;3-90N2T10227.32Tmax262.12R80039.33/AIRR8004.55agrees. VmaxSI negativepercent/C vsprimarypositivemagnitudesraw,notheatingrate/percentmin. NativewashAATCC61-2006modified2A49C45min150mL.15percentw/vdetergent6x12cm;onewash=5domesticLCsexplicit. SI4own90min10/20/30/40/50LCLOI1:28.4/24.5/23.3/23/22.4;2:32.6/30/28.3/27.3/25;3:33.6/30.5/29.5/29.3/28.3 all15held becauseNOwashedTG. SI5titleCOTP3-90butfirstheaderCOTP3-30 conflictrawverticalcharlength,notwashedTG. SI2TablesS2/S4citedotherpapersnotownLOITGduplicates. Mainconechar/EDXcarbon64.39/notTG39.33. Teninitialstates20gasconditions+15heldownwashedLOIfacts=35facts. Sourceconditionsknownexplicitgas/rate,unknownrestpreserved. OriginalPDF/SI/docx/video/images/text/cacheoutsidepublicrepo andreadonlymetadata.",cotton,"Cotton fabric,145g/m2,localHangzhoumarket; weave unreported","Cotton fabric,145g/m2,localHangzhoumarket; weave unreported",,COTP2-90after30LCs,held_source_facts,,held_washed_LOI_without_corresponding_washed_TG,journal_article,OwnDOI/title/materials/all primary native and text pages reviewed,,,,,,,held_outside_verified_target,,COTP2-90,,,,,,,,,CaptionCOTP3-90butfirstcolumnCOTP3-30;verticalburningcharlengthnotTG,,,,,,,"NativeSpringer2021,28:3887-3899,13PDFpages;officialSI2DOCXandSI1video",,,,Ownwashmethodprimaryp3/TableS4/S5/FigS2officialSI2,,,,30,,,,,"Eco-friendly, efficient and durable fireproof cotton fabric prepared by a feasible phytic acid grafting route",https://doi.org/10.1007/s10570-021-03767-0,AATCC61-2006modified2A49C45min150mL0.15percentw/vdetergent6x12cm;onewash=5domesticLCsexplicit,"SI2DOCXalltext/tables/10renderedpagesreviewed;SI1whole49.876stimeline1Hz50framesreviewed,noTG/LOIusedfromvideo","NaOH1mol/L90C30minpretreatment;PA/ureasolutionnative1:50liquorratio30minstirRT;130Cgraftnative30/60/90min,postwash/dryconditionsunreported;PA70wtpercentstockmassratioactiveacidbasisunreported",After30nativeDOMESTICequivalentLCs,30domesticequivalentLCs;native1acceleratedwash=5LCsexplicit,2021
10.1007/s10570-021-03767-0,ZR01QingdaoShanfang,OwnSI2DOCXTableS4renderedPDFp5;primarywashp8-9printed3894-3895,27.3,,GB/T5454-1997,,,,,,,,,,,,,,,,,,,OnlyinitialTGinSI2TableS1/primaryFig3;nowashedTG,,,,,,,,,,Own145gm2cottonPA/ureaCOTP2-90,Raw source facts only,2026-10-02,Codex complete primary native/text pages; one primary reviewer,,Cellulose,"All13primarynative/textpagesread;Cellulose2021,28:3887-3899,printed3886+PDFpage. OfficialSI2DOCX486552bytesSHA572c568414920da6d8ef9871c5c1990badcce9db00f24c1a3fe72225dc1e2b22 downloadedfromofficiallandingoutside library;allDOCXparagraphs/mergedtablesand10renderedpagesread. OfficialSI1playerassettitlematches;49.876svideocompletetimeline50frames1Hzreviewed,qualitativeprep/drying/before-afterhandflameonly,numericTG/LOIneverfromvideo. MainpaperVideoS1conecontextvsactualhandflamedemo preservednotusedforconditions. Cotton145gm2Hangzhoulocalmarketweaveunreported. NaOH1molL90C30minpretreatment;pretreatedcottonPA/ureabathnative1:50stirRT30min130Cgraft30/60/90min,postwash/dryconditionsunreported;noinventedpretreatmentrinsing. COTcontrolnativeownrawcotton,alkalipretreatmentscopeunresolved. Table1p3nativeCOT:PA:ureamassratios1:1:2/1:2:4/1:3:6;PA70wtpercentstockwhethermassratioactiveacidbasisunreported,notdryequivalents/bathconcentrations. GR(M1-M0)/M0untreateddenom Table1codes1-30/60/90=5.5/7.7/8.1,2-30/60/90=8.6/10.1/10.5,3-30/60/90=9.8/11/12.3;notcompositionmassfractions. LOImainmethodp3ZR01QingdaoShanfangGBT5454-1997dims/repsunreported;5replicates25Cmechanical/fiveverticalnotLOI. OwncontrolLOI17.20prosep6printed3892,9treatedFig4ap7printed3893EXPLICITPRINTEDNUMBERSnotcurveestimates:29.47/29.77/32.6,37.03/39.03/40.77,38.73/39.97/42.53. SI4initial90minrounded32.6/40.8/42.5 consistentroundingnotextra states/conflict,keepmostprecisefigurevalues. MainTGp2TG209F1NetzschN2/AIR10C/min;mass/pan/flow/start/endunreported. SeparateTGIRp3N230mLmin20C/min30-800NOTmaingas/rate/range. SI2TableS1renderp3all10initialgroupsexplicitT10notT5/Tonset,TmaxN2single/AIRtwopeaks,R800. OwnnativeFig3p6bothgases10groups matchescodes,notTGcurveestimation. MainprosecontrolN2T10=339.75Tmax373.57R8006.32/AIRT10333.72Tmax354.52/484.91R8000.82 agreesSI;3-90N2T10227.32Tmax262.12R80039.33/AIRR8004.55agrees. VmaxSI negativepercent/C vsprimarypositivemagnitudesraw,notheatingrate/percentmin. NativewashAATCC61-2006modified2A49C45min150mL.15percentw/vdetergent6x12cm;onewash=5domesticLCsexplicit. SI4own90min10/20/30/40/50LCLOI1:28.4/24.5/23.3/23/22.4;2:32.6/30/28.3/27.3/25;3:33.6/30.5/29.5/29.3/28.3 all15held becauseNOwashedTG. SI5titleCOTP3-90butfirstheaderCOTP3-30 conflictrawverticalcharlength,notwashedTG. SI2TablesS2/S4citedotherpapersnotownLOITGduplicates. Mainconechar/EDXcarbon64.39/notTG39.33. Teninitialstates20gasconditions+15heldownwashedLOIfacts=35facts. Sourceconditionsknownexplicitgas/rate,unknownrestpreserved. OriginalPDF/SI/docx/video/images/text/cacheoutsidepublicrepo andreadonlymetadata.",cotton,"Cotton fabric,145g/m2,localHangzhoumarket; weave unreported","Cotton fabric,145g/m2,localHangzhoumarket; weave unreported",,COTP2-90after40LCs,held_source_facts,,held_washed_LOI_without_corresponding_washed_TG,journal_article,OwnDOI/title/materials/all primary native and text pages reviewed,,,,,,,held_outside_verified_target,,COTP2-90,,,,,,,,,CaptionCOTP3-90butfirstcolumnCOTP3-30;verticalburningcharlengthnotTG,,,,,,,"NativeSpringer2021,28:3887-3899,13PDFpages;officialSI2DOCXandSI1video",,,,Ownwashmethodprimaryp3/TableS4/S5/FigS2officialSI2,,,,40,,,,,"Eco-friendly, efficient and durable fireproof cotton fabric prepared by a feasible phytic acid grafting route",https://doi.org/10.1007/s10570-021-03767-0,AATCC61-2006modified2A49C45min150mL0.15percentw/vdetergent6x12cm;onewash=5domesticLCsexplicit,"SI2DOCXalltext/tables/10renderedpagesreviewed;SI1whole49.876stimeline1Hz50framesreviewed,noTG/LOIusedfromvideo","NaOH1mol/L90C30minpretreatment;PA/ureasolutionnative1:50liquorratio30minstirRT;130Cgraftnative30/60/90min,postwash/dryconditionsunreported;PA70wtpercentstockmassratioactiveacidbasisunreported",After40nativeDOMESTICequivalentLCs,40domesticequivalentLCs;native1acceleratedwash=5LCsexplicit,2021
10.1007/s10570-021-03767-0,ZR01QingdaoShanfang,OwnSI2DOCXTableS4renderedPDFp5;primarywashp8-9printed3894-3895,25,,GB/T5454-1997,,,,,,,,,,,,,,,,,,,OnlyinitialTGinSI2TableS1/primaryFig3;nowashedTG,,,,,,,,,,Own145gm2cottonPA/ureaCOTP2-90,Raw source facts only,2026-10-02,Codex complete primary native/text pages; one primary reviewer,,Cellulose,"All13primarynative/textpagesread;Cellulose2021,28:3887-3899,printed3886+PDFpage. OfficialSI2DOCX486552bytesSHA572c568414920da6d8ef9871c5c1990badcce9db00f24c1a3fe72225dc1e2b22 downloadedfromofficiallandingoutside library;allDOCXparagraphs/mergedtablesand10renderedpagesread. OfficialSI1playerassettitlematches;49.876svideocompletetimeline50frames1Hzreviewed,qualitativeprep/drying/before-afterhandflameonly,numericTG/LOIneverfromvideo. MainpaperVideoS1conecontextvsactualhandflamedemo preservednotusedforconditions. Cotton145gm2Hangzhoulocalmarketweaveunreported. NaOH1molL90C30minpretreatment;pretreatedcottonPA/ureabathnative1:50stirRT30min130Cgraft30/60/90min,postwash/dryconditionsunreported;noinventedpretreatmentrinsing. COTcontrolnativeownrawcotton,alkalipretreatmentscopeunresolved. Table1p3nativeCOT:PA:ureamassratios1:1:2/1:2:4/1:3:6;PA70wtpercentstockwhethermassratioactiveacidbasisunreported,notdryequivalents/bathconcentrations. GR(M1-M0)/M0untreateddenom Table1codes1-30/60/90=5.5/7.7/8.1,2-30/60/90=8.6/10.1/10.5,3-30/60/90=9.8/11/12.3;notcompositionmassfractions. LOImainmethodp3ZR01QingdaoShanfangGBT5454-1997dims/repsunreported;5replicates25Cmechanical/fiveverticalnotLOI. OwncontrolLOI17.20prosep6printed3892,9treatedFig4ap7printed3893EXPLICITPRINTEDNUMBERSnotcurveestimates:29.47/29.77/32.6,37.03/39.03/40.77,38.73/39.97/42.53. SI4initial90minrounded32.6/40.8/42.5 consistentroundingnotextra states/conflict,keepmostprecisefigurevalues. MainTGp2TG209F1NetzschN2/AIR10C/min;mass/pan/flow/start/endunreported. SeparateTGIRp3N230mLmin20C/min30-800NOTmaingas/rate/range. SI2TableS1renderp3all10initialgroupsexplicitT10notT5/Tonset,TmaxN2single/AIRtwopeaks,R800. OwnnativeFig3p6bothgases10groups matchescodes,notTGcurveestimation. MainprosecontrolN2T10=339.75Tmax373.57R8006.32/AIRT10333.72Tmax354.52/484.91R8000.82 agreesSI;3-90N2T10227.32Tmax262.12R80039.33/AIRR8004.55agrees. VmaxSI negativepercent/C vsprimarypositivemagnitudesraw,notheatingrate/percentmin. NativewashAATCC61-2006modified2A49C45min150mL.15percentw/vdetergent6x12cm;onewash=5domesticLCsexplicit. SI4own90min10/20/30/40/50LCLOI1:28.4/24.5/23.3/23/22.4;2:32.6/30/28.3/27.3/25;3:33.6/30.5/29.5/29.3/28.3 all15held becauseNOwashedTG. SI5titleCOTP3-90butfirstheaderCOTP3-30 conflictrawverticalcharlength,notwashedTG. SI2TablesS2/S4citedotherpapersnotownLOITGduplicates. Mainconechar/EDXcarbon64.39/notTG39.33. Teninitialstates20gasconditions+15heldownwashedLOIfacts=35facts. Sourceconditionsknownexplicitgas/rate,unknownrestpreserved. OriginalPDF/SI/docx/video/images/text/cacheoutsidepublicrepo andreadonlymetadata.",cotton,"Cotton fabric,145g/m2,localHangzhoumarket; weave unreported","Cotton fabric,145g/m2,localHangzhoumarket; weave unreported",,COTP2-90after50LCs,held_source_facts,,held_washed_LOI_without_corresponding_washed_TG,journal_article,OwnDOI/title/materials/all primary native and text pages reviewed,,,,,,,held_outside_verified_target,,COTP2-90,,,,,,,,,CaptionCOTP3-90butfirstcolumnCOTP3-30;verticalburningcharlengthnotTG,,,,,,,"NativeSpringer2021,28:3887-3899,13PDFpages;officialSI2DOCXandSI1video",,,,Ownwashmethodprimaryp3/TableS4/S5/FigS2officialSI2,,,,50,,,,,"Eco-friendly, efficient and durable fireproof cotton fabric prepared by a feasible phytic acid grafting route",https://doi.org/10.1007/s10570-021-03767-0,AATCC61-2006modified2A49C45min150mL0.15percentw/vdetergent6x12cm;onewash=5domesticLCsexplicit,"SI2DOCXalltext/tables/10renderedpagesreviewed;SI1whole49.876stimeline1Hz50framesreviewed,noTG/LOIusedfromvideo","NaOH1mol/L90C30minpretreatment;PA/ureasolutionnative1:50liquorratio30minstirRT;130Cgraftnative30/60/90min,postwash/dryconditionsunreported;PA70wtpercentstockmassratioactiveacidbasisunreported",After50nativeDOMESTICequivalentLCs,50domesticequivalentLCs;native1acceleratedwash=5LCsexplicit,2021
10.1007/s10570-021-03767-0,ZR01QingdaoShanfang,OwnSI2DOCXTableS4renderedPDFp5;primarywashp8-9printed3894-3895,33.6,,GB/T5454-1997,,,,,,,,,,,,,,,,,,,OnlyinitialTGinSI2TableS1/primaryFig3;nowashedTG,,,,,,,,,,Own145gm2cottonPA/ureaCOTP3-90,Raw source facts only,2026-10-02,Codex complete primary native/text pages; one primary reviewer,,Cellulose,"All13primarynative/textpagesread;Cellulose2021,28:3887-3899,printed3886+PDFpage. OfficialSI2DOCX486552bytesSHA572c568414920da6d8ef9871c5c1990badcce9db00f24c1a3fe72225dc1e2b22 downloadedfromofficiallandingoutside library;allDOCXparagraphs/mergedtablesand10renderedpagesread. OfficialSI1playerassettitlematches;49.876svideocompletetimeline50frames1Hzreviewed,qualitativeprep/drying/before-afterhandflameonly,numericTG/LOIneverfromvideo. MainpaperVideoS1conecontextvsactualhandflamedemo preservednotusedforconditions. Cotton145gm2Hangzhoulocalmarketweaveunreported. NaOH1molL90C30minpretreatment;pretreatedcottonPA/ureabathnative1:50stirRT30min130Cgraft30/60/90min,postwash/dryconditionsunreported;noinventedpretreatmentrinsing. COTcontrolnativeownrawcotton,alkalipretreatmentscopeunresolved. Table1p3nativeCOT:PA:ureamassratios1:1:2/1:2:4/1:3:6;PA70wtpercentstockwhethermassratioactiveacidbasisunreported,notdryequivalents/bathconcentrations. GR(M1-M0)/M0untreateddenom Table1codes1-30/60/90=5.5/7.7/8.1,2-30/60/90=8.6/10.1/10.5,3-30/60/90=9.8/11/12.3;notcompositionmassfractions. LOImainmethodp3ZR01QingdaoShanfangGBT5454-1997dims/repsunreported;5replicates25Cmechanical/fiveverticalnotLOI. OwncontrolLOI17.20prosep6printed3892,9treatedFig4ap7printed3893EXPLICITPRINTEDNUMBERSnotcurveestimates:29.47/29.77/32.6,37.03/39.03/40.77,38.73/39.97/42.53. SI4initial90minrounded32.6/40.8/42.5 consistentroundingnotextra states/conflict,keepmostprecisefigurevalues. MainTGp2TG209F1NetzschN2/AIR10C/min;mass/pan/flow/start/endunreported. SeparateTGIRp3N230mLmin20C/min30-800NOTmaingas/rate/range. SI2TableS1renderp3all10initialgroupsexplicitT10notT5/Tonset,TmaxN2single/AIRtwopeaks,R800. OwnnativeFig3p6bothgases10groups matchescodes,notTGcurveestimation. MainprosecontrolN2T10=339.75Tmax373.57R8006.32/AIRT10333.72Tmax354.52/484.91R8000.82 agreesSI;3-90N2T10227.32Tmax262.12R80039.33/AIRR8004.55agrees. VmaxSI negativepercent/C vsprimarypositivemagnitudesraw,notheatingrate/percentmin. NativewashAATCC61-2006modified2A49C45min150mL.15percentw/vdetergent6x12cm;onewash=5domesticLCsexplicit. SI4own90min10/20/30/40/50LCLOI1:28.4/24.5/23.3/23/22.4;2:32.6/30/28.3/27.3/25;3:33.6/30.5/29.5/29.3/28.3 all15held becauseNOwashedTG. SI5titleCOTP3-90butfirstheaderCOTP3-30 conflictrawverticalcharlength,notwashedTG. SI2TablesS2/S4citedotherpapersnotownLOITGduplicates. Mainconechar/EDXcarbon64.39/notTG39.33. Teninitialstates20gasconditions+15heldownwashedLOIfacts=35facts. Sourceconditionsknownexplicitgas/rate,unknownrestpreserved. OriginalPDF/SI/docx/video/images/text/cacheoutsidepublicrepo andreadonlymetadata.",cotton,"Cotton fabric,145g/m2,localHangzhoumarket; weave unreported","Cotton fabric,145g/m2,localHangzhoumarket; weave unreported",,COTP3-90after10LCs,held_source_facts,,held_washed_LOI_without_corresponding_washed_TG,journal_article,OwnDOI/title/materials/all primary native and text pages reviewed,,,,,,,held_outside_verified_target,,COTP3-90,,,,,,,,,CaptionCOTP3-90butfirstcolumnCOTP3-30;verticalburningcharlengthnotTG,,,,,,,"NativeSpringer2021,28:3887-3899,13PDFpages;officialSI2DOCXandSI1video",,,,Ownwashmethodprimaryp3/TableS4/S5/FigS2officialSI2,,,,10,,,,,"Eco-friendly, efficient and durable fireproof cotton fabric prepared by a feasible phytic acid grafting route",https://doi.org/10.1007/s10570-021-03767-0,AATCC61-2006modified2A49C45min150mL0.15percentw/vdetergent6x12cm;onewash=5domesticLCsexplicit,"SI2DOCXalltext/tables/10renderedpagesreviewed;SI1whole49.876stimeline1Hz50framesreviewed,noTG/LOIusedfromvideo","NaOH1mol/L90C30minpretreatment;PA/ureasolutionnative1:50liquorratio30minstirRT;130Cgraftnative30/60/90min,postwash/dryconditionsunreported;PA70wtpercentstockmassratioactiveacidbasisunreported",After10nativeDOMESTICequivalentLCs,10domesticequivalentLCs;native1acceleratedwash=5LCsexplicit,2021
10.1007/s10570-021-03767-0,ZR01QingdaoShanfang,OwnSI2DOCXTableS4renderedPDFp5;primarywashp8-9printed3894-3895,30.5,,GB/T5454-1997,,,,,,,,,,,,,,,,,,,OnlyinitialTGinSI2TableS1/primaryFig3;nowashedTG,,,,,,,,,,Own145gm2cottonPA/ureaCOTP3-90,Raw source facts only,2026-10-02,Codex complete primary native/text pages; one primary reviewer,,Cellulose,"All13primarynative/textpagesread;Cellulose2021,28:3887-3899,printed3886+PDFpage. OfficialSI2DOCX486552bytesSHA572c568414920da6d8ef9871c5c1990badcce9db00f24c1a3fe72225dc1e2b22 downloadedfromofficiallandingoutside library;allDOCXparagraphs/mergedtablesand10renderedpagesread. OfficialSI1playerassettitlematches;49.876svideocompletetimeline50frames1Hzreviewed,qualitativeprep/drying/before-afterhandflameonly,numericTG/LOIneverfromvideo. MainpaperVideoS1conecontextvsactualhandflamedemo preservednotusedforconditions. Cotton145gm2Hangzhoulocalmarketweaveunreported. NaOH1molL90C30minpretreatment;pretreatedcottonPA/ureabathnative1:50stirRT30min130Cgraft30/60/90min,postwash/dryconditionsunreported;noinventedpretreatmentrinsing. COTcontrolnativeownrawcotton,alkalipretreatmentscopeunresolved. Table1p3nativeCOT:PA:ureamassratios1:1:2/1:2:4/1:3:6;PA70wtpercentstockwhethermassratioactiveacidbasisunreported,notdryequivalents/bathconcentrations. GR(M1-M0)/M0untreateddenom Table1codes1-30/60/90=5.5/7.7/8.1,2-30/60/90=8.6/10.1/10.5,3-30/60/90=9.8/11/12.3;notcompositionmassfractions. LOImainmethodp3ZR01QingdaoShanfangGBT5454-1997dims/repsunreported;5replicates25Cmechanical/fiveverticalnotLOI. OwncontrolLOI17.20prosep6printed3892,9treatedFig4ap7printed3893EXPLICITPRINTEDNUMBERSnotcurveestimates:29.47/29.77/32.6,37.03/39.03/40.77,38.73/39.97/42.53. SI4initial90minrounded32.6/40.8/42.5 consistentroundingnotextra states/conflict,keepmostprecisefigurevalues. MainTGp2TG209F1NetzschN2/AIR10C/min;mass/pan/flow/start/endunreported. SeparateTGIRp3N230mLmin20C/min30-800NOTmaingas/rate/range. SI2TableS1renderp3all10initialgroupsexplicitT10notT5/Tonset,TmaxN2single/AIRtwopeaks,R800. OwnnativeFig3p6bothgases10groups matchescodes,notTGcurveestimation. MainprosecontrolN2T10=339.75Tmax373.57R8006.32/AIRT10333.72Tmax354.52/484.91R8000.82 agreesSI;3-90N2T10227.32Tmax262.12R80039.33/AIRR8004.55agrees. VmaxSI negativepercent/C vsprimarypositivemagnitudesraw,notheatingrate/percentmin. NativewashAATCC61-2006modified2A49C45min150mL.15percentw/vdetergent6x12cm;onewash=5domesticLCsexplicit. SI4own90min10/20/30/40/50LCLOI1:28.4/24.5/23.3/23/22.4;2:32.6/30/28.3/27.3/25;3:33.6/30.5/29.5/29.3/28.3 all15held becauseNOwashedTG. SI5titleCOTP3-90butfirstheaderCOTP3-30 conflictrawverticalcharlength,notwashedTG. SI2TablesS2/S4citedotherpapersnotownLOITGduplicates. Mainconechar/EDXcarbon64.39/notTG39.33. Teninitialstates20gasconditions+15heldownwashedLOIfacts=35facts. Sourceconditionsknownexplicitgas/rate,unknownrestpreserved. OriginalPDF/SI/docx/video/images/text/cacheoutsidepublicrepo andreadonlymetadata.",cotton,"Cotton fabric,145g/m2,localHangzhoumarket; weave unreported","Cotton fabric,145g/m2,localHangzhoumarket; weave unreported",,COTP3-90after20LCs,held_source_facts,,held_washed_LOI_without_corresponding_washed_TG,journal_article,OwnDOI/title/materials/all primary native and text pages reviewed,,,,,,,held_outside_verified_target,,COTP3-90,,,,,,,,,CaptionCOTP3-90butfirstcolumnCOTP3-30;verticalburningcharlengthnotTG,,,,,,,"NativeSpringer2021,28:3887-3899,13PDFpages;officialSI2DOCXandSI1video",,,,Ownwashmethodprimaryp3/TableS4/S5/FigS2officialSI2,,,,20,,,,,"Eco-friendly, efficient and durable fireproof cotton fabric prepared by a feasible phytic acid grafting route",https://doi.org/10.1007/s10570-021-03767-0,AATCC61-2006modified2A49C45min150mL0.15percentw/vdetergent6x12cm;onewash=5domesticLCsexplicit,"SI2DOCXalltext/tables/10renderedpagesreviewed;SI1whole49.876stimeline1Hz50framesreviewed,noTG/LOIusedfromvideo","NaOH1mol/L90C30minpretreatment;PA/ureasolutionnative1:50liquorratio30minstirRT;130Cgraftnative30/60/90min,postwash/dryconditionsunreported;PA70wtpercentstockmassratioactiveacidbasisunreported",After20nativeDOMESTICequivalentLCs,20domesticequivalentLCs;native1acceleratedwash=5LCsexplicit,2021
10.1007/s10570-021-03767-0,ZR01QingdaoShanfang,OwnSI2DOCXTableS4renderedPDFp5;primarywashp8-9printed3894-3895,29.5,,GB/T5454-1997,,,,,,,,,,,,,,,,,,,OnlyinitialTGinSI2TableS1/primaryFig3;nowashedTG,,,,,,,,,,Own145gm2cottonPA/ureaCOTP3-90,Raw source facts only,2026-10-02,Codex complete primary native/text pages; one primary reviewer,,Cellulose,"All13primarynative/textpagesread;Cellulose2021,28:3887-3899,printed3886+PDFpage. OfficialSI2DOCX486552bytesSHA572c568414920da6d8ef9871c5c1990badcce9db00f24c1a3fe72225dc1e2b22 downloadedfromofficiallandingoutside library;allDOCXparagraphs/mergedtablesand10renderedpagesread. OfficialSI1playerassettitlematches;49.876svideocompletetimeline50frames1Hzreviewed,qualitativeprep/drying/before-afterhandflameonly,numericTG/LOIneverfromvideo. MainpaperVideoS1conecontextvsactualhandflamedemo preservednotusedforconditions. Cotton145gm2Hangzhoulocalmarketweaveunreported. NaOH1molL90C30minpretreatment;pretreatedcottonPA/ureabathnative1:50stirRT30min130Cgraft30/60/90min,postwash/dryconditionsunreported;noinventedpretreatmentrinsing. COTcontrolnativeownrawcotton,alkalipretreatmentscopeunresolved. Table1p3nativeCOT:PA:ureamassratios1:1:2/1:2:4/1:3:6;PA70wtpercentstockwhethermassratioactiveacidbasisunreported,notdryequivalents/bathconcentrations. GR(M1-M0)/M0untreateddenom Table1codes1-30/60/90=5.5/7.7/8.1,2-30/60/90=8.6/10.1/10.5,3-30/60/90=9.8/11/12.3;notcompositionmassfractions. LOImainmethodp3ZR01QingdaoShanfangGBT5454-1997dims/repsunreported;5replicates25Cmechanical/fiveverticalnotLOI. OwncontrolLOI17.20prosep6printed3892,9treatedFig4ap7printed3893EXPLICITPRINTEDNUMBERSnotcurveestimates:29.47/29.77/32.6,37.03/39.03/40.77,38.73/39.97/42.53. SI4initial90minrounded32.6/40.8/42.5 consistentroundingnotextra states/conflict,keepmostprecisefigurevalues. MainTGp2TG209F1NetzschN2/AIR10C/min;mass/pan/flow/start/endunreported. SeparateTGIRp3N230mLmin20C/min30-800NOTmaingas/rate/range. SI2TableS1renderp3all10initialgroupsexplicitT10notT5/Tonset,TmaxN2single/AIRtwopeaks,R800. OwnnativeFig3p6bothgases10groups matchescodes,notTGcurveestimation. MainprosecontrolN2T10=339.75Tmax373.57R8006.32/AIRT10333.72Tmax354.52/484.91R8000.82 agreesSI;3-90N2T10227.32Tmax262.12R80039.33/AIRR8004.55agrees. VmaxSI negativepercent/C vsprimarypositivemagnitudesraw,notheatingrate/percentmin. NativewashAATCC61-2006modified2A49C45min150mL.15percentw/vdetergent6x12cm;onewash=5domesticLCsexplicit. SI4own90min10/20/30/40/50LCLOI1:28.4/24.5/23.3/23/22.4;2:32.6/30/28.3/27.3/25;3:33.6/30.5/29.5/29.3/28.3 all15held becauseNOwashedTG. SI5titleCOTP3-90butfirstheaderCOTP3-30 conflictrawverticalcharlength,notwashedTG. SI2TablesS2/S4citedotherpapersnotownLOITGduplicates. Mainconechar/EDXcarbon64.39/notTG39.33. Teninitialstates20gasconditions+15heldownwashedLOIfacts=35facts. Sourceconditionsknownexplicitgas/rate,unknownrestpreserved. OriginalPDF/SI/docx/video/images/text/cacheoutsidepublicrepo andreadonlymetadata.",cotton,"Cotton fabric,145g/m2,localHangzhoumarket; weave unreported","Cotton fabric,145g/m2,localHangzhoumarket; weave unreported",,COTP3-90after30LCs,held_source_facts,,held_washed_LOI_without_corresponding_washed_TG,journal_article,OwnDOI/title/materials/all primary native and text pages reviewed,,,,,,,held_outside_verified_target,,COTP3-90,,,,,,,,,CaptionCOTP3-90butfirstcolumnCOTP3-30;verticalburningcharlengthnotTG,,,,,,,"NativeSpringer2021,28:3887-3899,13PDFpages;officialSI2DOCXandSI1video",,,,Ownwashmethodprimaryp3/TableS4/S5/FigS2officialSI2,,,,30,,,,,"Eco-friendly, efficient and durable fireproof cotton fabric prepared by a feasible phytic acid grafting route",https://doi.org/10.1007/s10570-021-03767-0,AATCC61-2006modified2A49C45min150mL0.15percentw/vdetergent6x12cm;onewash=5domesticLCsexplicit,"SI2DOCXalltext/tables/10renderedpagesreviewed;SI1whole49.876stimeline1Hz50framesreviewed,noTG/LOIusedfromvideo","NaOH1mol/L90C30minpretreatment;PA/ureasolutionnative1:50liquorratio30minstirRT;130Cgraftnative30/60/90min,postwash/dryconditionsunreported;PA70wtpercentstockmassratioactiveacidbasisunreported",After30nativeDOMESTICequivalentLCs,30domesticequivalentLCs;native1acceleratedwash=5LCsexplicit,2021
10.1007/s10570-021-03767-0,ZR01QingdaoShanfang,OwnSI2DOCXTableS4renderedPDFp5;primarywashp8-9printed3894-3895,29.3,,GB/T5454-1997,,,,,,,,,,,,,,,,,,,OnlyinitialTGinSI2TableS1/primaryFig3;nowashedTG,,,,,,,,,,Own145gm2cottonPA/ureaCOTP3-90,Raw source facts only,2026-10-02,Codex complete primary native/text pages; one primary reviewer,,Cellulose,"All13primarynative/textpagesread;Cellulose2021,28:3887-3899,printed3886+PDFpage. OfficialSI2DOCX486552bytesSHA572c568414920da6d8ef9871c5c1990badcce9db00f24c1a3fe72225dc1e2b22 downloadedfromofficiallandingoutside library;allDOCXparagraphs/mergedtablesand10renderedpagesread. OfficialSI1playerassettitlematches;49.876svideocompletetimeline50frames1Hzreviewed,qualitativeprep/drying/before-afterhandflameonly,numericTG/LOIneverfromvideo. MainpaperVideoS1conecontextvsactualhandflamedemo preservednotusedforconditions. Cotton145gm2Hangzhoulocalmarketweaveunreported. NaOH1molL90C30minpretreatment;pretreatedcottonPA/ureabathnative1:50stirRT30min130Cgraft30/60/90min,postwash/dryconditionsunreported;noinventedpretreatmentrinsing. COTcontrolnativeownrawcotton,alkalipretreatmentscopeunresolved. Table1p3nativeCOT:PA:ureamassratios1:1:2/1:2:4/1:3:6;PA70wtpercentstockwhethermassratioactiveacidbasisunreported,notdryequivalents/bathconcentrations. GR(M1-M0)/M0untreateddenom Table1codes1-30/60/90=5.5/7.7/8.1,2-30/60/90=8.6/10.1/10.5,3-30/60/90=9.8/11/12.3;notcompositionmassfractions. LOImainmethodp3ZR01QingdaoShanfangGBT5454-1997dims/repsunreported;5replicates25Cmechanical/fiveverticalnotLOI. OwncontrolLOI17.20prosep6printed3892,9treatedFig4ap7printed3893EXPLICITPRINTEDNUMBERSnotcurveestimates:29.47/29.77/32.6,37.03/39.03/40.77,38.73/39.97/42.53. SI4initial90minrounded32.6/40.8/42.5 consistentroundingnotextra states/conflict,keepmostprecisefigurevalues. MainTGp2TG209F1NetzschN2/AIR10C/min;mass/pan/flow/start/endunreported. SeparateTGIRp3N230mLmin20C/min30-800NOTmaingas/rate/range. SI2TableS1renderp3all10initialgroupsexplicitT10notT5/Tonset,TmaxN2single/AIRtwopeaks,R800. OwnnativeFig3p6bothgases10groups matchescodes,notTGcurveestimation. MainprosecontrolN2T10=339.75Tmax373.57R8006.32/AIRT10333.72Tmax354.52/484.91R8000.82 agreesSI;3-90N2T10227.32Tmax262.12R80039.33/AIRR8004.55agrees. VmaxSI negativepercent/C vsprimarypositivemagnitudesraw,notheatingrate/percentmin. NativewashAATCC61-2006modified2A49C45min150mL.15percentw/vdetergent6x12cm;onewash=5domesticLCsexplicit. SI4own90min10/20/30/40/50LCLOI1:28.4/24.5/23.3/23/22.4;2:32.6/30/28.3/27.3/25;3:33.6/30.5/29.5/29.3/28.3 all15held becauseNOwashedTG. SI5titleCOTP3-90butfirstheaderCOTP3-30 conflictrawverticalcharlength,notwashedTG. SI2TablesS2/S4citedotherpapersnotownLOITGduplicates. Mainconechar/EDXcarbon64.39/notTG39.33. Teninitialstates20gasconditions+15heldownwashedLOIfacts=35facts. Sourceconditionsknownexplicitgas/rate,unknownrestpreserved. OriginalPDF/SI/docx/video/images/text/cacheoutsidepublicrepo andreadonlymetadata.",cotton,"Cotton fabric,145g/m2,localHangzhoumarket; weave unreported","Cotton fabric,145g/m2,localHangzhoumarket; weave unreported",,COTP3-90after40LCs,held_source_facts,,held_washed_LOI_without_corresponding_washed_TG,journal_article,OwnDOI/title/materials/all primary native and text pages reviewed,,,,,,,held_outside_verified_target,,COTP3-90,,,,,,,,,CaptionCOTP3-90butfirstcolumnCOTP3-30;verticalburningcharlengthnotTG,,,,,,,"NativeSpringer2021,28:3887-3899,13PDFpages;officialSI2DOCXandSI1video",,,,Ownwashmethodprimaryp3/TableS4/S5/FigS2officialSI2,,,,40,,,,,"Eco-friendly, efficient and durable fireproof cotton fabric prepared by a feasible phytic acid grafting route",https://doi.org/10.1007/s10570-021-03767-0,AATCC61-2006modified2A49C45min150mL0.15percentw/vdetergent6x12cm;onewash=5domesticLCsexplicit,"SI2DOCXalltext/tables/10renderedpagesreviewed;SI1whole49.876stimeline1Hz50framesreviewed,noTG/LOIusedfromvideo","NaOH1mol/L90C30minpretreatment;PA/ureasolutionnative1:50liquorratio30minstirRT;130Cgraftnative30/60/90min,postwash/dryconditionsunreported;PA70wtpercentstockmassratioactiveacidbasisunreported",After40nativeDOMESTICequivalentLCs,40domesticequivalentLCs;native1acceleratedwash=5LCsexplicit,2021
10.1007/s10570-021-03767-0,ZR01QingdaoShanfang,OwnSI2DOCXTableS4renderedPDFp5;primarywashp8-9printed3894-3895,28.3,,GB/T5454-1997,,,,,,,,,,,,,,,,,,,OnlyinitialTGinSI2TableS1/primaryFig3;nowashedTG,,,,,,,,,,Own145gm2cottonPA/ureaCOTP3-90,Raw source facts only,2026-10-02,Codex complete primary native/text pages; one primary reviewer,,Cellulose,"All13primarynative/textpagesread;Cellulose2021,28:3887-3899,printed3886+PDFpage. OfficialSI2DOCX486552bytesSHA572c568414920da6d8ef9871c5c1990badcce9db00f24c1a3fe72225dc1e2b22 downloadedfromofficiallandingoutside library;allDOCXparagraphs/mergedtablesand10renderedpagesread. OfficialSI1playerassettitlematches;49.876svideocompletetimeline50frames1Hzreviewed,qualitativeprep/drying/before-afterhandflameonly,numericTG/LOIneverfromvideo. MainpaperVideoS1conecontextvsactualhandflamedemo preservednotusedforconditions. Cotton145gm2Hangzhoulocalmarketweaveunreported. NaOH1molL90C30minpretreatment;pretreatedcottonPA/ureabathnative1:50stirRT30min130Cgraft30/60/90min,postwash/dryconditionsunreported;noinventedpretreatmentrinsing. COTcontrolnativeownrawcotton,alkalipretreatmentscopeunresolved. Table1p3nativeCOT:PA:ureamassratios1:1:2/1:2:4/1:3:6;PA70wtpercentstockwhethermassratioactiveacidbasisunreported,notdryequivalents/bathconcentrations. GR(M1-M0)/M0untreateddenom Table1codes1-30/60/90=5.5/7.7/8.1,2-30/60/90=8.6/10.1/10.5,3-30/60/90=9.8/11/12.3;notcompositionmassfractions. LOImainmethodp3ZR01QingdaoShanfangGBT5454-1997dims/repsunreported;5replicates25Cmechanical/fiveverticalnotLOI. OwncontrolLOI17.20prosep6printed3892,9treatedFig4ap7printed3893EXPLICITPRINTEDNUMBERSnotcurveestimates:29.47/29.77/32.6,37.03/39.03/40.77,38.73/39.97/42.53. SI4initial90minrounded32.6/40.8/42.5 consistentroundingnotextra states/conflict,keepmostprecisefigurevalues. MainTGp2TG209F1NetzschN2/AIR10C/min;mass/pan/flow/start/endunreported. SeparateTGIRp3N230mLmin20C/min30-800NOTmaingas/rate/range. SI2TableS1renderp3all10initialgroupsexplicitT10notT5/Tonset,TmaxN2single/AIRtwopeaks,R800. OwnnativeFig3p6bothgases10groups matchescodes,notTGcurveestimation. MainprosecontrolN2T10=339.75Tmax373.57R8006.32/AIRT10333.72Tmax354.52/484.91R8000.82 agreesSI;3-90N2T10227.32Tmax262.12R80039.33/AIRR8004.55agrees. VmaxSI negativepercent/C vsprimarypositivemagnitudesraw,notheatingrate/percentmin. NativewashAATCC61-2006modified2A49C45min150mL.15percentw/vdetergent6x12cm;onewash=5domesticLCsexplicit. SI4own90min10/20/30/40/50LCLOI1:28.4/24.5/23.3/23/22.4;2:32.6/30/28.3/27.3/25;3:33.6/30.5/29.5/29.3/28.3 all15held becauseNOwashedTG. SI5titleCOTP3-90butfirstheaderCOTP3-30 conflictrawverticalcharlength,notwashedTG. SI2TablesS2/S4citedotherpapersnotownLOITGduplicates. Mainconechar/EDXcarbon64.39/notTG39.33. Teninitialstates20gasconditions+15heldownwashedLOIfacts=35facts. Sourceconditionsknownexplicitgas/rate,unknownrestpreserved. OriginalPDF/SI/docx/video/images/text/cacheoutsidepublicrepo andreadonlymetadata.",cotton,"Cotton fabric,145g/m2,localHangzhoumarket; weave unreported","Cotton fabric,145g/m2,localHangzhoumarket; weave unreported",,COTP3-90after50LCs,held_source_facts,,held_washed_LOI_without_corresponding_washed_TG,journal_article,OwnDOI/title/materials/all primary native and text pages reviewed,,,,,,,held_outside_verified_target,,COTP3-90,,,,,,,,,CaptionCOTP3-90butfirstcolumnCOTP3-30;verticalburningcharlengthnotTG,,,,,,,"NativeSpringer2021,28:3887-3899,13PDFpages;officialSI2DOCXandSI1video",,,,Ownwashmethodprimaryp3/TableS4/S5/FigS2officialSI2,,,,50,,,,,"Eco-friendly, efficient and durable fireproof cotton fabric prepared by a feasible phytic acid grafting route",https://doi.org/10.1007/s10570-021-03767-0,AATCC61-2006modified2A49C45min150mL0.15percentw/vdetergent6x12cm;onewash=5domesticLCsexplicit,"SI2DOCXalltext/tables/10renderedpagesreviewed;SI1whole49.876stimeline1Hz50framesreviewed,noTG/LOIusedfromvideo","NaOH1mol/L90C30minpretreatment;PA/ureasolutionnative1:50liquorratio30minstirRT;130Cgraftnative30/60/90min,postwash/dryconditionsunreported;PA70wtpercentstockmassratioactiveacidbasisunreported",After50nativeDOMESTICequivalentLCs,50domesticequivalentLCs;native1acceleratedwash=5LCsexplicit,2021
