DOI,LOI_instrument,LOI_locator,LOI_pct,LOI_sample_dimensions_mm,LOI_standard,R400_pct,R500_pct,R550_pct,R600_pct,R650_pct,R700_pct,R750_pct,R800_pct,T10_C,T1_C,T20_C,T40_C,T50_C,T5_C,T80_C,TGA_instrument,TG_end_C,TG_locator,TG_start_C,Tmax1_C,Tmax2_C,Tmax3_C,Tmax4_C,Tonset_C,atmosphere,char_pct,char_temp_C,composition,conditions_locator,direct_numeric_use,evidence_reviewed_at,evidence_reviewed_by,heating_rate_C_min,journal,limitations,material_category,material_form,material_form_LOI,material_form_TGA,native_sample_label,numeric_evidence_type,pairing_evidence,pairing_status,publication_type,publication_type_evidence,residue_at_Tmax1_pct,residue_at_Tmax2_pct,residue_at_Tmax3_pct,residue_at_Tmax_pct,residue_pct,residue_temp_C,review_disposition,reviewed_measurement_fingerprint,sample_state,source_DTSP_bath_wt_pct,source_FR_bath_g_L,source_FR_bath_pct,source_LOI_Table3_pct,source_LOI_abstract_pct,source_NaH2PO2_bath_g_L,source_R700_pct,source_R700_reported_pct,source_R800_pct,source_T10_reported_C,source_T5_guard,source_T5_reported_C,source_TG_atmosphere,source_TG_heating_rate_C_min,source_TG_instrument,source_TG_rate_native,source_TG_start,source_Tmax1_reported_C,source_Tmax2_reported_C,source_Tmax2_role,source_Tmax3_reported_C,source_Tmax_reported_C,source_WG_before_wash_pct,source_WG_pct,source_control_residue_prose,source_document_version,source_location,source_native_LC,source_preparation,source_residue_at_Tmax_C,source_residue_at_Tmax_pct,source_residue_guard,source_title,source_url,source_washing,supplement_review_status,treatment_method,treatment_state,washing_state,year
10.1007/s12221-016-5316-3,HC2,Table1PDFp4(printed572),18.4,58x150,GB/T5454-1997,,,,,,,,,,,,,,309.8,,TG209F3,700,Table2PDFp5(printed573);Fig4p5,,,361.8,,,,N2,,,Untreatedcotton;nocatalyst,OwnTG/LOIPDFp2;fabricpreparationPDFpp2-3,TG+LOI,2026-10-02,Codex7nativepublisher/textpages;oneprimaryreviewer,10,Fibers and Polymers,"All7native/textpagesreviewed. Table1PDFp4(printed572)CO18.4,CO-FR0catalyst50gL22.5,FR50/100/150/200/250/300LOI27.5/29.9/30.8/31/32.7/33.9. The200gLrowduplicatesnativeCO-FR100label;preservedexplicitconcentrationdistinctionwithoutguessingcorrectedname. Table2PDFp5 untreatedcottonT5=309.8Tmax2=361.8R70015.9;soleuntreatedDTGeventappearsnativeTmax2column,noshifttoTmax1invented. Prosecharacterizescontrolcharasnegligibleversusprinted15.9;raw15.9retainedcanonicalresidueblankduetodescriptionconflict,whileownT5/DTGvalid. GenericFRtreatedTG:T5=248.5,DTG212.9/327.4/427.8,R70037.9butdoseunidentifiedall7pages. ConclusionjuxtaposesVBT150gLwithgenericTG,notexplicitsame-dosecrosswalk;notassigned150gL. PureFRsolidT5132.7/peaks139.2,353.1,439.5/R70041.9hasnoownLOIandisnotcotton. TG209F3N2RT-700C10C/min;mass/flow/repeatsunknown;three-measurementstatementpertainsverticalflamequantitiesnotTG/LOI. TableT5notgenericTonsetdespiteproseonsetword;noT10invented. LOIHC2GBT5454-1997dims58x150mm;VBT30x7.6cmnotLOIdims. Noownwash/agingTGLOIandnoSIcitedall7pages. Oneapprovedcontrolstate/condition;9heldsourcefacts;nogenericdose/powdertransfer,nocurveestimation.",cotton,"Desized,scoured,bleached and mercerized 100 percent plain cotton fabric,152 g/m2;TaiyuanChunguangTextileChina","Desized,scoured,bleached and mercerized 100 percent plain cotton fabric,152 g/m2;TaiyuanChunguangTextileChina","Desized,scoured,bleached and mercerized 100 percent plain cotton fabric,152 g/m2;TaiyuanChunguangTextileChina",CO,explicit_text,"Ownuntreatedplain100percentcotton152gm2CO Table1LOI18.4/untreatedTable2TG T5 309.8andsoleDTGevent361.8nativeTmax2column;N2RT-700C10C/minmethods. COisnocatalystcontrolnotCO-FR0NaH2PO250gL. RawR70015.9retainedbutcanonicalresidueblankbecauseprosedescriptionnegligible;bothprintedT5/peakvalid. GenericFRtreatedTGdoseunknownnotassigned150gL;nopureFRTG/fabricLOImixing. Complete7native/textpages,noSIcited,novaluedigitization.",verified_exact,journal_article,DOI/title/authorsPDFp1,,,,,,,source_review_approved,694ef30dd07a0381c4bda68bc8fcd115fbc27ce0441d1cb8e79925b7ac8d92ab,CO,,,,,,0,,15.9,,,NativeTable2T5masslossthreshold;proseonsetnotgenericTonset,,,,TG209F3,,roomtemperature,,,SolecontrolDTGdecompositionevent;nativeTable2Tmax2columnretained,,,,,negligible;prosePDFp5,NativepublisheroriginalresearchPDF,MaterialsPDFp1;TG/LOImethodPDFp2;preparationPDFp3;Table1PDFp4;Table2PDFp5,,"70percentaqueousacetone;FR0/50/100/150/200/250/300g/L+NaH2PO2catalyst50g/L;soak40C1hpad70-80percentpickup,dry80C5min,cure160C3min;coolRT;condition20plusminus2C65plusminus2RH24hbeforetesting;noafterwashstepreported",,,RawTable15.9versusqualitativeprosedescription;canonicalresidueblank;ownT5/DTGvalid,Highly flame retardancy of cotton fabrics with a novel phosphorus/nitrogen/silicon flame-retardant treating system,https://doi.org/10.1007/s12221-016-5316-3,,NoSIcitedall7pages,Untreatedcontrolasreported,Initialaspreparedfabric,Initialasprepared;noafterwashstepreported,2016
10.1007/s12221-016-5316-3,HC2,Table1PDFp4(printed572),22.5,58x150,GB/T5454-1997,,,,,,,,,,,,,,,,,,Noowndose-specificTG,,,,,,,,,,Cotton;FR0g/L;NaH2PO250g/L,OwnTG/LOIPDFp2;fabricpreparationPDFpp2-3,RawownLOIfactsnotapprovedpair,2026-10-02,Codex7nativepublisher/textpages;oneprimaryreviewer,,Fibers and Polymers,"All7native/textpagesreviewed. Table1PDFp4(printed572)CO18.4,CO-FR0catalyst50gL22.5,FR50/100/150/200/250/300LOI27.5/29.9/30.8/31/32.7/33.9. The200gLrowduplicatesnativeCO-FR100label;preservedexplicitconcentrationdistinctionwithoutguessingcorrectedname. Table2PDFp5 untreatedcottonT5=309.8Tmax2=361.8R70015.9;soleuntreatedDTGeventappearsnativeTmax2column,noshifttoTmax1invented. Prosecharacterizescontrolcharasnegligibleversusprinted15.9;raw15.9retainedcanonicalresidueblankduetodescriptionconflict,whileownT5/DTGvalid. GenericFRtreatedTG:T5=248.5,DTG212.9/327.4/427.8,R70037.9butdoseunidentifiedall7pages. ConclusionjuxtaposesVBT150gLwithgenericTG,notexplicitsame-dosecrosswalk;notassigned150gL. PureFRsolidT5132.7/peaks139.2,353.1,439.5/R70041.9hasnoownLOIandisnotcotton. TG209F3N2RT-700C10C/min;mass/flow/repeatsunknown;three-measurementstatementpertainsverticalflamequantitiesnotTG/LOI. TableT5notgenericTonsetdespiteproseonsetword;noT10invented. LOIHC2GBT5454-1997dims58x150mm;VBT30x7.6cmnotLOIdims. Noownwash/agingTGLOIandnoSIcitedall7pages. Oneapprovedcontrolstate/condition;9heldsourcefacts;nogenericdose/powdertransfer,nocurveestimation.",cotton,"Desized,scoured,bleached and mercerized 100 percent plain cotton fabric,152 g/m2;TaiyuanChunguangTextileChina","Desized,scoured,bleached and mercerized 100 percent plain cotton fabric,152 g/m2;TaiyuanChunguangTextileChina",,CO-FR(0),held_source_facts,,held_dose_specific_LOI_no_own_TG,journal_article,DOI/title/authorsPDFp1,,,,,,,held_outside_verified_target,,CO-FR(0),,0,,,,50,,,,,,,,,TG209F3,,,,,,,,,,,NativepublisheroriginalresearchPDF,MaterialsPDFp1;TG/LOImethodPDFp2;preparationPDFp3;Table1PDFp4;Table2PDFp5,,"70percentaqueousacetone;FR0/50/100/150/200/250/300g/L+NaH2PO2catalyst50g/L;soak40C1hpad70-80percentpickup,dry80C5min,cure160C3min;coolRT;condition20plusminus2C65plusminus2RH24hbeforetesting;noafterwashstepreported",,,,Highly flame retardancy of cotton fabrics with a novel phosphorus/nitrogen/silicon flame-retardant treating system,https://doi.org/10.1007/s12221-016-5316-3,,NoSIcitedall7pages,"70percentaqueousacetone;FR0/50/100/150/200/250/300g/L+NaH2PO2catalyst50g/L;soak40C1hpad70-80percentpickup,dry80C5min,cure160C3min;coolRT;condition20plusminus2C65plusminus2RH24hbeforetesting;noafterwashstepreported",Initialaspreparedfabric,Initialasprepared;noafterwashstepreported,2016
10.1007/s12221-016-5316-3,HC2,Table1PDFp4(printed572),27.5,58x150,GB/T5454-1997,,,,,,,,,,,,,,,,,,Noowndose-specificTG,,,,,,,,,,Cotton;FR50g/L;NaH2PO250g/L,OwnTG/LOIPDFp2;fabricpreparationPDFpp2-3,RawownLOIfactsnotapprovedpair,2026-10-02,Codex7nativepublisher/textpages;oneprimaryreviewer,,Fibers and Polymers,"All7native/textpagesreviewed. Table1PDFp4(printed572)CO18.4,CO-FR0catalyst50gL22.5,FR50/100/150/200/250/300LOI27.5/29.9/30.8/31/32.7/33.9. The200gLrowduplicatesnativeCO-FR100label;preservedexplicitconcentrationdistinctionwithoutguessingcorrectedname. Table2PDFp5 untreatedcottonT5=309.8Tmax2=361.8R70015.9;soleuntreatedDTGeventappearsnativeTmax2column,noshifttoTmax1invented. Prosecharacterizescontrolcharasnegligibleversusprinted15.9;raw15.9retainedcanonicalresidueblankduetodescriptionconflict,whileownT5/DTGvalid. GenericFRtreatedTG:T5=248.5,DTG212.9/327.4/427.8,R70037.9butdoseunidentifiedall7pages. ConclusionjuxtaposesVBT150gLwithgenericTG,notexplicitsame-dosecrosswalk;notassigned150gL. PureFRsolidT5132.7/peaks139.2,353.1,439.5/R70041.9hasnoownLOIandisnotcotton. TG209F3N2RT-700C10C/min;mass/flow/repeatsunknown;three-measurementstatementpertainsverticalflamequantitiesnotTG/LOI. TableT5notgenericTonsetdespiteproseonsetword;noT10invented. LOIHC2GBT5454-1997dims58x150mm;VBT30x7.6cmnotLOIdims. Noownwash/agingTGLOIandnoSIcitedall7pages. Oneapprovedcontrolstate/condition;9heldsourcefacts;nogenericdose/powdertransfer,nocurveestimation.",cotton,"Desized,scoured,bleached and mercerized 100 percent plain cotton fabric,152 g/m2;TaiyuanChunguangTextileChina","Desized,scoured,bleached and mercerized 100 percent plain cotton fabric,152 g/m2;TaiyuanChunguangTextileChina",,CO-FR(50),held_source_facts,,held_dose_specific_LOI_no_own_TG,journal_article,DOI/title/authorsPDFp1,,,,,,,held_outside_verified_target,,CO-FR(50),,50,,,,50,,,,,,,,,TG209F3,,,,,,,,,,,NativepublisheroriginalresearchPDF,MaterialsPDFp1;TG/LOImethodPDFp2;preparationPDFp3;Table1PDFp4;Table2PDFp5,,"70percentaqueousacetone;FR0/50/100/150/200/250/300g/L+NaH2PO2catalyst50g/L;soak40C1hpad70-80percentpickup,dry80C5min,cure160C3min;coolRT;condition20plusminus2C65plusminus2RH24hbeforetesting;noafterwashstepreported",,,,Highly flame retardancy of cotton fabrics with a novel phosphorus/nitrogen/silicon flame-retardant treating system,https://doi.org/10.1007/s12221-016-5316-3,,NoSIcitedall7pages,"70percentaqueousacetone;FR0/50/100/150/200/250/300g/L+NaH2PO2catalyst50g/L;soak40C1hpad70-80percentpickup,dry80C5min,cure160C3min;coolRT;condition20plusminus2C65plusminus2RH24hbeforetesting;noafterwashstepreported",Initialaspreparedfabric,Initialasprepared;noafterwashstepreported,2016
10.1007/s12221-016-5316-3,HC2,Table1PDFp4(printed572),29.9,58x150,GB/T5454-1997,,,,,,,,,,,,,,,,,,Noowndose-specificTG,,,,,,,,,,Cotton;FR100g/L;NaH2PO250g/L,OwnTG/LOIPDFp2;fabricpreparationPDFpp2-3,RawownLOIfactsnotapprovedpair,2026-10-02,Codex7nativepublisher/textpages;oneprimaryreviewer,,Fibers and Polymers,"All7native/textpagesreviewed. Table1PDFp4(printed572)CO18.4,CO-FR0catalyst50gL22.5,FR50/100/150/200/250/300LOI27.5/29.9/30.8/31/32.7/33.9. The200gLrowduplicatesnativeCO-FR100label;preservedexplicitconcentrationdistinctionwithoutguessingcorrectedname. Table2PDFp5 untreatedcottonT5=309.8Tmax2=361.8R70015.9;soleuntreatedDTGeventappearsnativeTmax2column,noshifttoTmax1invented. Prosecharacterizescontrolcharasnegligibleversusprinted15.9;raw15.9retainedcanonicalresidueblankduetodescriptionconflict,whileownT5/DTGvalid. GenericFRtreatedTG:T5=248.5,DTG212.9/327.4/427.8,R70037.9butdoseunidentifiedall7pages. ConclusionjuxtaposesVBT150gLwithgenericTG,notexplicitsame-dosecrosswalk;notassigned150gL. PureFRsolidT5132.7/peaks139.2,353.1,439.5/R70041.9hasnoownLOIandisnotcotton. TG209F3N2RT-700C10C/min;mass/flow/repeatsunknown;three-measurementstatementpertainsverticalflamequantitiesnotTG/LOI. TableT5notgenericTonsetdespiteproseonsetword;noT10invented. LOIHC2GBT5454-1997dims58x150mm;VBT30x7.6cmnotLOIdims. Noownwash/agingTGLOIandnoSIcitedall7pages. Oneapprovedcontrolstate/condition;9heldsourcefacts;nogenericdose/powdertransfer,nocurveestimation.",cotton,"Desized,scoured,bleached and mercerized 100 percent plain cotton fabric,152 g/m2;TaiyuanChunguangTextileChina","Desized,scoured,bleached and mercerized 100 percent plain cotton fabric,152 g/m2;TaiyuanChunguangTextileChina",,CO-FR(100),held_source_facts,,held_dose_specific_LOI_no_own_TG,journal_article,DOI/title/authorsPDFp1,,,,,,,held_outside_verified_target,,CO-FR(100),,100,,,,50,,,,,,,,,TG209F3,,,,,,,,,,,NativepublisheroriginalresearchPDF,MaterialsPDFp1;TG/LOImethodPDFp2;preparationPDFp3;Table1PDFp4;Table2PDFp5,,"70percentaqueousacetone;FR0/50/100/150/200/250/300g/L+NaH2PO2catalyst50g/L;soak40C1hpad70-80percentpickup,dry80C5min,cure160C3min;coolRT;condition20plusminus2C65plusminus2RH24hbeforetesting;noafterwashstepreported",,,,Highly flame retardancy of cotton fabrics with a novel phosphorus/nitrogen/silicon flame-retardant treating system,https://doi.org/10.1007/s12221-016-5316-3,,NoSIcitedall7pages,"70percentaqueousacetone;FR0/50/100/150/200/250/300g/L+NaH2PO2catalyst50g/L;soak40C1hpad70-80percentpickup,dry80C5min,cure160C3min;coolRT;condition20plusminus2C65plusminus2RH24hbeforetesting;noafterwashstepreported",Initialaspreparedfabric,Initialasprepared;noafterwashstepreported,2016
10.1007/s12221-016-5316-3,HC2,Table1PDFp4(printed572),30.8,58x150,GB/T5454-1997,,,,,,,,,,,,,,,,,,Noowndose-specificTG,,,,,,,,,,Cotton;FR150g/L;NaH2PO250g/L,OwnTG/LOIPDFp2;fabricpreparationPDFpp2-3,RawownLOIfactsnotapprovedpair,2026-10-02,Codex7nativepublisher/textpages;oneprimaryreviewer,,Fibers and Polymers,"All7native/textpagesreviewed. Table1PDFp4(printed572)CO18.4,CO-FR0catalyst50gL22.5,FR50/100/150/200/250/300LOI27.5/29.9/30.8/31/32.7/33.9. The200gLrowduplicatesnativeCO-FR100label;preservedexplicitconcentrationdistinctionwithoutguessingcorrectedname. Table2PDFp5 untreatedcottonT5=309.8Tmax2=361.8R70015.9;soleuntreatedDTGeventappearsnativeTmax2column,noshifttoTmax1invented. Prosecharacterizescontrolcharasnegligibleversusprinted15.9;raw15.9retainedcanonicalresidueblankduetodescriptionconflict,whileownT5/DTGvalid. GenericFRtreatedTG:T5=248.5,DTG212.9/327.4/427.8,R70037.9butdoseunidentifiedall7pages. ConclusionjuxtaposesVBT150gLwithgenericTG,notexplicitsame-dosecrosswalk;notassigned150gL. PureFRsolidT5132.7/peaks139.2,353.1,439.5/R70041.9hasnoownLOIandisnotcotton. TG209F3N2RT-700C10C/min;mass/flow/repeatsunknown;three-measurementstatementpertainsverticalflamequantitiesnotTG/LOI. TableT5notgenericTonsetdespiteproseonsetword;noT10invented. LOIHC2GBT5454-1997dims58x150mm;VBT30x7.6cmnotLOIdims. Noownwash/agingTGLOIandnoSIcitedall7pages. Oneapprovedcontrolstate/condition;9heldsourcefacts;nogenericdose/powdertransfer,nocurveestimation.",cotton,"Desized,scoured,bleached and mercerized 100 percent plain cotton fabric,152 g/m2;TaiyuanChunguangTextileChina","Desized,scoured,bleached and mercerized 100 percent plain cotton fabric,152 g/m2;TaiyuanChunguangTextileChina",,CO-FR(150),held_source_facts,,held_dose_specific_LOI_no_own_TG,journal_article,DOI/title/authorsPDFp1,,,,,,,held_outside_verified_target,,CO-FR(150),,150,,,,50,,,,,,,,,TG209F3,,,,,,,,,,,NativepublisheroriginalresearchPDF,MaterialsPDFp1;TG/LOImethodPDFp2;preparationPDFp3;Table1PDFp4;Table2PDFp5,,"70percentaqueousacetone;FR0/50/100/150/200/250/300g/L+NaH2PO2catalyst50g/L;soak40C1hpad70-80percentpickup,dry80C5min,cure160C3min;coolRT;condition20plusminus2C65plusminus2RH24hbeforetesting;noafterwashstepreported",,,,Highly flame retardancy of cotton fabrics with a novel phosphorus/nitrogen/silicon flame-retardant treating system,https://doi.org/10.1007/s12221-016-5316-3,,NoSIcitedall7pages,"70percentaqueousacetone;FR0/50/100/150/200/250/300g/L+NaH2PO2catalyst50g/L;soak40C1hpad70-80percentpickup,dry80C5min,cure160C3min;coolRT;condition20plusminus2C65plusminus2RH24hbeforetesting;noafterwashstepreported",Initialaspreparedfabric,Initialasprepared;noafterwashstepreported,2016
10.1007/s12221-016-5316-3,HC2,Table1PDFp4(printed572),31,58x150,GB/T5454-1997,,,,,,,,,,,,,,,,,,Noowndose-specificTG,,,,,,,,,,Cotton;FR200g/L;NaH2PO250g/L,OwnTG/LOIPDFp2;fabricpreparationPDFpp2-3,RawownLOIfactsnotapprovedpair,2026-10-02,Codex7nativepublisher/textpages;oneprimaryreviewer,,Fibers and Polymers,"All7native/textpagesreviewed. Table1PDFp4(printed572)CO18.4,CO-FR0catalyst50gL22.5,FR50/100/150/200/250/300LOI27.5/29.9/30.8/31/32.7/33.9. The200gLrowduplicatesnativeCO-FR100label;preservedexplicitconcentrationdistinctionwithoutguessingcorrectedname. Table2PDFp5 untreatedcottonT5=309.8Tmax2=361.8R70015.9;soleuntreatedDTGeventappearsnativeTmax2column,noshifttoTmax1invented. Prosecharacterizescontrolcharasnegligibleversusprinted15.9;raw15.9retainedcanonicalresidueblankduetodescriptionconflict,whileownT5/DTGvalid. GenericFRtreatedTG:T5=248.5,DTG212.9/327.4/427.8,R70037.9butdoseunidentifiedall7pages. ConclusionjuxtaposesVBT150gLwithgenericTG,notexplicitsame-dosecrosswalk;notassigned150gL. PureFRsolidT5132.7/peaks139.2,353.1,439.5/R70041.9hasnoownLOIandisnotcotton. TG209F3N2RT-700C10C/min;mass/flow/repeatsunknown;three-measurementstatementpertainsverticalflamequantitiesnotTG/LOI. TableT5notgenericTonsetdespiteproseonsetword;noT10invented. LOIHC2GBT5454-1997dims58x150mm;VBT30x7.6cmnotLOIdims. Noownwash/agingTGLOIandnoSIcitedall7pages. Oneapprovedcontrolstate/condition;9heldsourcefacts;nogenericdose/powdertransfer,nocurveestimation.",cotton,"Desized,scoured,bleached and mercerized 100 percent plain cotton fabric,152 g/m2;TaiyuanChunguangTextileChina","Desized,scoured,bleached and mercerized 100 percent plain cotton fabric,152 g/m2;TaiyuanChunguangTextileChina",,CO-FR(100),held_source_facts,,held_dose_specific_LOI_no_own_TG,journal_article,DOI/title/authorsPDFp1,,,,,,,held_outside_verified_target,,CO-FR(native100)_200gL,,200,,,,50,,,,,,,,,TG209F3,,,,,,,,,,,NativepublisheroriginalresearchPDF,MaterialsPDFp1;TG/LOImethodPDFp2;preparationPDFp3;Table1PDFp4;Table2PDFp5,,"70percentaqueousacetone;FR0/50/100/150/200/250/300g/L+NaH2PO2catalyst50g/L;soak40C1hpad70-80percentpickup,dry80C5min,cure160C3min;coolRT;condition20plusminus2C65plusminus2RH24hbeforetesting;noafterwashstepreported",,,,Highly flame retardancy of cotton fabrics with a novel phosphorus/nitrogen/silicon flame-retardant treating system,https://doi.org/10.1007/s12221-016-5316-3,,NoSIcitedall7pages,"70percentaqueousacetone;FR0/50/100/150/200/250/300g/L+NaH2PO2catalyst50g/L;soak40C1hpad70-80percentpickup,dry80C5min,cure160C3min;coolRT;condition20plusminus2C65plusminus2RH24hbeforetesting;noafterwashstepreported",Initialaspreparedfabric,Initialasprepared;noafterwashstepreported,2016
10.1007/s12221-016-5316-3,HC2,Table1PDFp4(printed572),32.7,58x150,GB/T5454-1997,,,,,,,,,,,,,,,,,,Noowndose-specificTG,,,,,,,,,,Cotton;FR250g/L;NaH2PO250g/L,OwnTG/LOIPDFp2;fabricpreparationPDFpp2-3,RawownLOIfactsnotapprovedpair,2026-10-02,Codex7nativepublisher/textpages;oneprimaryreviewer,,Fibers and Polymers,"All7native/textpagesreviewed. Table1PDFp4(printed572)CO18.4,CO-FR0catalyst50gL22.5,FR50/100/150/200/250/300LOI27.5/29.9/30.8/31/32.7/33.9. The200gLrowduplicatesnativeCO-FR100label;preservedexplicitconcentrationdistinctionwithoutguessingcorrectedname. Table2PDFp5 untreatedcottonT5=309.8Tmax2=361.8R70015.9;soleuntreatedDTGeventappearsnativeTmax2column,noshifttoTmax1invented. Prosecharacterizescontrolcharasnegligibleversusprinted15.9;raw15.9retainedcanonicalresidueblankduetodescriptionconflict,whileownT5/DTGvalid. GenericFRtreatedTG:T5=248.5,DTG212.9/327.4/427.8,R70037.9butdoseunidentifiedall7pages. ConclusionjuxtaposesVBT150gLwithgenericTG,notexplicitsame-dosecrosswalk;notassigned150gL. PureFRsolidT5132.7/peaks139.2,353.1,439.5/R70041.9hasnoownLOIandisnotcotton. TG209F3N2RT-700C10C/min;mass/flow/repeatsunknown;three-measurementstatementpertainsverticalflamequantitiesnotTG/LOI. TableT5notgenericTonsetdespiteproseonsetword;noT10invented. LOIHC2GBT5454-1997dims58x150mm;VBT30x7.6cmnotLOIdims. Noownwash/agingTGLOIandnoSIcitedall7pages. Oneapprovedcontrolstate/condition;9heldsourcefacts;nogenericdose/powdertransfer,nocurveestimation.",cotton,"Desized,scoured,bleached and mercerized 100 percent plain cotton fabric,152 g/m2;TaiyuanChunguangTextileChina","Desized,scoured,bleached and mercerized 100 percent plain cotton fabric,152 g/m2;TaiyuanChunguangTextileChina",,CO-FR(250),held_source_facts,,held_dose_specific_LOI_no_own_TG,journal_article,DOI/title/authorsPDFp1,,,,,,,held_outside_verified_target,,CO-FR(250),,250,,,,50,,,,,,,,,TG209F3,,,,,,,,,,,NativepublisheroriginalresearchPDF,MaterialsPDFp1;TG/LOImethodPDFp2;preparationPDFp3;Table1PDFp4;Table2PDFp5,,"70percentaqueousacetone;FR0/50/100/150/200/250/300g/L+NaH2PO2catalyst50g/L;soak40C1hpad70-80percentpickup,dry80C5min,cure160C3min;coolRT;condition20plusminus2C65plusminus2RH24hbeforetesting;noafterwashstepreported",,,,Highly flame retardancy of cotton fabrics with a novel phosphorus/nitrogen/silicon flame-retardant treating system,https://doi.org/10.1007/s12221-016-5316-3,,NoSIcitedall7pages,"70percentaqueousacetone;FR0/50/100/150/200/250/300g/L+NaH2PO2catalyst50g/L;soak40C1hpad70-80percentpickup,dry80C5min,cure160C3min;coolRT;condition20plusminus2C65plusminus2RH24hbeforetesting;noafterwashstepreported",Initialaspreparedfabric,Initialasprepared;noafterwashstepreported,2016
10.1007/s12221-016-5316-3,HC2,Table1PDFp4(printed572),33.9,58x150,GB/T5454-1997,,,,,,,,,,,,,,,,,,Noowndose-specificTG,,,,,,,,,,Cotton;FR300g/L;NaH2PO250g/L,OwnTG/LOIPDFp2;fabricpreparationPDFpp2-3,RawownLOIfactsnotapprovedpair,2026-10-02,Codex7nativepublisher/textpages;oneprimaryreviewer,,Fibers and Polymers,"All7native/textpagesreviewed. Table1PDFp4(printed572)CO18.4,CO-FR0catalyst50gL22.5,FR50/100/150/200/250/300LOI27.5/29.9/30.8/31/32.7/33.9. The200gLrowduplicatesnativeCO-FR100label;preservedexplicitconcentrationdistinctionwithoutguessingcorrectedname. Table2PDFp5 untreatedcottonT5=309.8Tmax2=361.8R70015.9;soleuntreatedDTGeventappearsnativeTmax2column,noshifttoTmax1invented. Prosecharacterizescontrolcharasnegligibleversusprinted15.9;raw15.9retainedcanonicalresidueblankduetodescriptionconflict,whileownT5/DTGvalid. GenericFRtreatedTG:T5=248.5,DTG212.9/327.4/427.8,R70037.9butdoseunidentifiedall7pages. ConclusionjuxtaposesVBT150gLwithgenericTG,notexplicitsame-dosecrosswalk;notassigned150gL. PureFRsolidT5132.7/peaks139.2,353.1,439.5/R70041.9hasnoownLOIandisnotcotton. TG209F3N2RT-700C10C/min;mass/flow/repeatsunknown;three-measurementstatementpertainsverticalflamequantitiesnotTG/LOI. TableT5notgenericTonsetdespiteproseonsetword;noT10invented. LOIHC2GBT5454-1997dims58x150mm;VBT30x7.6cmnotLOIdims. Noownwash/agingTGLOIandnoSIcitedall7pages. Oneapprovedcontrolstate/condition;9heldsourcefacts;nogenericdose/powdertransfer,nocurveestimation.",cotton,"Desized,scoured,bleached and mercerized 100 percent plain cotton fabric,152 g/m2;TaiyuanChunguangTextileChina","Desized,scoured,bleached and mercerized 100 percent plain cotton fabric,152 g/m2;TaiyuanChunguangTextileChina",,CO-FR(300),held_source_facts,,held_dose_specific_LOI_no_own_TG,journal_article,DOI/title/authorsPDFp1,,,,,,,held_outside_verified_target,,CO-FR(300),,300,,,,50,,,,,,,,,TG209F3,,,,,,,,,,,NativepublisheroriginalresearchPDF,MaterialsPDFp1;TG/LOImethodPDFp2;preparationPDFp3;Table1PDFp4;Table2PDFp5,,"70percentaqueousacetone;FR0/50/100/150/200/250/300g/L+NaH2PO2catalyst50g/L;soak40C1hpad70-80percentpickup,dry80C5min,cure160C3min;coolRT;condition20plusminus2C65plusminus2RH24hbeforetesting;noafterwashstepreported",,,,Highly flame retardancy of cotton fabrics with a novel phosphorus/nitrogen/silicon flame-retardant treating system,https://doi.org/10.1007/s12221-016-5316-3,,NoSIcitedall7pages,"70percentaqueousacetone;FR0/50/100/150/200/250/300g/L+NaH2PO2catalyst50g/L;soak40C1hpad70-80percentpickup,dry80C5min,cure160C3min;coolRT;condition20plusminus2C65plusminus2RH24hbeforetesting;noafterwashstepreported",Initialaspreparedfabric,Initialasprepared;noafterwashstepreported,2016
10.1007/s12221-016-5316-3,HC2,Noexactsame-stateLOI,,58x150,GB/T5454-1997,,,,,,,,,,,,,,,,,,Table2PDFp5(printed573),,,,,,,,,,FR-treated-unspecified-dose,OwnTG/LOIPDFp2;fabricpreparationPDFpp2-3,Rawownthermalfactsnotapprovedpair,2026-10-02,Codex7nativepublisher/textpages;oneprimaryreviewer,,Fibers and Polymers,"All7native/textpagesreviewed. Table1PDFp4(printed572)CO18.4,CO-FR0catalyst50gL22.5,FR50/100/150/200/250/300LOI27.5/29.9/30.8/31/32.7/33.9. The200gLrowduplicatesnativeCO-FR100label;preservedexplicitconcentrationdistinctionwithoutguessingcorrectedname. Table2PDFp5 untreatedcottonT5=309.8Tmax2=361.8R70015.9;soleuntreatedDTGeventappearsnativeTmax2column,noshifttoTmax1invented. Prosecharacterizescontrolcharasnegligibleversusprinted15.9;raw15.9retainedcanonicalresidueblankduetodescriptionconflict,whileownT5/DTGvalid. GenericFRtreatedTG:T5=248.5,DTG212.9/327.4/427.8,R70037.9butdoseunidentifiedall7pages. ConclusionjuxtaposesVBT150gLwithgenericTG,notexplicitsame-dosecrosswalk;notassigned150gL. PureFRsolidT5132.7/peaks139.2,353.1,439.5/R70041.9hasnoownLOIandisnotcotton. TG209F3N2RT-700C10C/min;mass/flow/repeatsunknown;three-measurementstatementpertainsverticalflamequantitiesnotTG/LOI. TableT5notgenericTonsetdespiteproseonsetword;noT10invented. LOIHC2GBT5454-1997dims58x150mm;VBT30x7.6cmnotLOIdims. Noownwash/agingTGLOIandnoSIcitedall7pages. Oneapprovedcontrolstate/condition;9heldsourcefacts;nogenericdose/powdertransfer,nocurveestimation.",cotton,"Desized,scoured,bleached and mercerized 100 percent plain cotton fabric,152 g/m2;TaiyuanChunguangTextileChina",,,FR treated fabric samples,held_source_facts,,held_TG_treatment_dose_unresolved,journal_article,DOI/title/authorsPDFp1,,,,,,,held_outside_verified_target,,FR-treated-unspecified-dose,,,,,,,,37.9,,,,248.5,N2,10,TG209F3,,,212.9,327.4,,427.8,,,,,NativepublisheroriginalresearchPDF,MaterialsPDFp1;TG/LOImethodPDFp2;preparationPDFp3;Table1PDFp4;Table2PDFp5,,"70percentaqueousacetone;FR0/50/100/150/200/250/300g/L+NaH2PO2catalyst50g/L;soak40C1hpad70-80percentpickup,dry80C5min,cure160C3min;coolRT;condition20plusminus2C65plusminus2RH24hbeforetesting;noafterwashstepreported",,,,Highly flame retardancy of cotton fabrics with a novel phosphorus/nitrogen/silicon flame-retardant treating system,https://doi.org/10.1007/s12221-016-5316-3,,NoSIcitedall7pages,,Initialaspreparedfabric,Initialasprepared;noafterwashstepreported,2016
10.1007/s12221-016-5316-3,HC2,Noexactsame-stateLOI,,58x150,GB/T5454-1997,,,,,,,,,,,,,,,,,,Table2PDFp5(printed573),,,,,,,,,,FR-isolated-solid,OwnTG/LOIPDFp2;fabricpreparationPDFpp2-3,Rawownthermalfactsnotapprovedpair,2026-10-02,Codex7nativepublisher/textpages;oneprimaryreviewer,,Fibers and Polymers,"All7native/textpagesreviewed. Table1PDFp4(printed572)CO18.4,CO-FR0catalyst50gL22.5,FR50/100/150/200/250/300LOI27.5/29.9/30.8/31/32.7/33.9. The200gLrowduplicatesnativeCO-FR100label;preservedexplicitconcentrationdistinctionwithoutguessingcorrectedname. Table2PDFp5 untreatedcottonT5=309.8Tmax2=361.8R70015.9;soleuntreatedDTGeventappearsnativeTmax2column,noshifttoTmax1invented. Prosecharacterizescontrolcharasnegligibleversusprinted15.9;raw15.9retainedcanonicalresidueblankduetodescriptionconflict,whileownT5/DTGvalid. GenericFRtreatedTG:T5=248.5,DTG212.9/327.4/427.8,R70037.9butdoseunidentifiedall7pages. ConclusionjuxtaposesVBT150gLwithgenericTG,notexplicitsame-dosecrosswalk;notassigned150gL. PureFRsolidT5132.7/peaks139.2,353.1,439.5/R70041.9hasnoownLOIandisnotcotton. TG209F3N2RT-700C10C/min;mass/flow/repeatsunknown;three-measurementstatementpertainsverticalflamequantitiesnotTG/LOI. TableT5notgenericTonsetdespiteproseonsetword;noT10invented. LOIHC2GBT5454-1997dims58x150mm;VBT30x7.6cmnotLOIdims. Noownwash/agingTGLOIandnoSIcitedall7pages. Oneapprovedcontrolstate/condition;9heldsourcefacts;nogenericdose/powdertransfer,nocurveestimation.",cotton,Isolated white FR solid;not textile fabric,,,FR,held_source_facts,,held_neat_FR_solid_not_fabric_no_own_LOI,journal_article,DOI/title/authorsPDFp1,,,,,,,held_outside_verified_target,,FR-isolated-solid,,,,,,,,41.9,,,,132.7,N2,10,TG209F3,,,139.2,353.1,,439.5,,,,,NativepublisheroriginalresearchPDF,MaterialsPDFp1;TG/LOImethodPDFp2;preparationPDFp3;Table1PDFp4;Table2PDFp5,,"70percentaqueousacetone;FR0/50/100/150/200/250/300g/L+NaH2PO2catalyst50g/L;soak40C1hpad70-80percentpickup,dry80C5min,cure160C3min;coolRT;condition20plusminus2C65plusminus2RH24hbeforetesting;noafterwashstepreported",,,,Highly flame retardancy of cotton fabrics with a novel phosphorus/nitrogen/silicon flame-retardant treating system,https://doi.org/10.1007/s12221-016-5316-3,,NoSIcitedall7pages,,Initialaspreparedfabric,Initialasprepared;noafterwashstepreported,2016
10.1007/s10570-019-02608-5,M606B,OwnTable3upperblockPDFp12;LOItextp11,18.2,,ASTMD2863-2000,,,,,,,,,,,,,,,,,700,Fig6aPDFp8;ownR700textp9,40,,,,,,N2,8.5,700,Untreatedpurecotton;noFR/nodicyandiamide,OwnTG/LOImethodsPDFp5;cottonpreparationPDFpp3-5,TG+LOI,2026-10-02,Codex15nativepublisher/textpages;oneprimaryreviewer,20,Cellulose,"All15native/textpagesreviewed;noSIcited. OwnTable1partA(PDFp9)aircontrolT5=283.5T10=318.1Tmax=298.2R700=0;30percentFR189.9/243.7/289.4/34.1. NativecontrolTmax298.2retainedasauthorreported,no398.2correction/curveestimation. N2PDFp9proseandFig6p8exactR700control8.5/treated40.8;noexplicitN2peaktemperatures. MethodsPDFp5TG40-700C20K/minN2air. OwnTable3upperblockp12controlLOI18.2;20/30/40initial45.2/52.0/54.5. Abstractp1says30percentinitial52.9and50LC27.2versustextp11/Table3p12initial52.0/50LC27.9:both30percentTGconditionsheldcanonicalLOI/TGblank;raworiginalfactsretainednobest-valuechoice. FifteenwashedLOIstates10/20/30/40/50nativeLC,noownwashedTG;30percent50LCrawLOIconflictcanonicalblank. Other20/40initialLOIhave noowndoseTG. Table1partB(Liu2018b)andTable3lowerblock(Wang2016)arecitedliteraturecomparatorsnotownnewstates. PartB5/10/15BLnotCYDPstates. Nativephosphorousacidmaterialsp3versusphosphoricacidsynthesisp3-4/Scheme2preservedasprecursorconflictnotresolved. 20K/minsameC/mindifference;noconerefinedresidue51.32masslossorEDSsurfaceN/P/SiasbulkFRdose. Twoowncontrolgasconditions/oneindependentstateapproved;19heldfacts.",cotton,"Pure cotton fabric,ChaotianmenMarketChongqingChina;weave and areal density not reported","Pure cotton fabric,ChaotianmenMarketChongqingChina;weave and areal density not reported","Pure cotton fabric,ChaotianmenMarketChongqingChina;weave and areal density not reported",Control cotton,explicit_text,Sameowninitialpurecottoncontrol.Table3upperblockPDFp12LOI18.2;ownTGcontrolgas-specificR700Fig6p8/owntextTable1partAp9;40-700C20K/minN2/airPDFp5. No30percentLOIconflicttransfer;noliteraturecomparisonrows;noN2temperaturesborrowedfromair;noaircurveestimatedcorrectionof298.2authorTmax;complete15pagesnoSIcited.,verified_exact,journal_article,DOI/title/authorsOriginalResearchPDFp1,,,,,8.5,700,source_review_approved,e9c85474e5a3fcfc25f7f5419b3fa3e9f18d47c7243ac85a41e99c281f71a36e,Control-cotton,,,,,,,8.5,,,,,,,,,20K/min,,,,,,,,,,NativepublisheroriginalresearchPDF,MaterialsPDFp3;preparationp4-5;TG/LOImethodsp5;washp6;Fig6p8;Table1ownpartAp9;Table3ownupperblockp12,,"Cotton8x30cmultrasonicclean30min,distilledwaterrinse,dryconditionsunreported;FRaqueous20/30/40percentpercentagebasisunreported+dicyandiamide5percentbasisunreported;70C1hwaterbath100percentpickup,cure180C6min;noafterpreparationrinse/dryreported",,,,Synthesis of P–N–Si synergistic flame retardant based on a cyclodiphosphazane derivative for use on cotton fabric,https://doi.org/10.1007/s10570-019-02608-5,,NoSIcitedall15pages,CottoncleanedasreportedPDFp3,Initialaspreparedfabric,Initialasprepared;noafterpreparationrinse/dryreported,2019
10.1007/s10570-019-02608-5,M606B,OwnTable3upperblockPDFp12;LOItextp11,18.2,,ASTMD2863-2000,,,,,,,,,318.1,,,,,283.5,,,700,OwnTable1partAPDFp9;Fig6bPDFp8,40,298.2,,,,,air,0,700,Untreatedpurecotton;noFR/nodicyandiamide,OwnTG/LOImethodsPDFp5;cottonpreparationPDFpp3-5,TG+LOI,2026-10-02,Codex15nativepublisher/textpages;oneprimaryreviewer,20,Cellulose,"All15native/textpagesreviewed;noSIcited. OwnTable1partA(PDFp9)aircontrolT5=283.5T10=318.1Tmax=298.2R700=0;30percentFR189.9/243.7/289.4/34.1. NativecontrolTmax298.2retainedasauthorreported,no398.2correction/curveestimation. N2PDFp9proseandFig6p8exactR700control8.5/treated40.8;noexplicitN2peaktemperatures. MethodsPDFp5TG40-700C20K/minN2air. OwnTable3upperblockp12controlLOI18.2;20/30/40initial45.2/52.0/54.5. Abstractp1says30percentinitial52.9and50LC27.2versustextp11/Table3p12initial52.0/50LC27.9:both30percentTGconditionsheldcanonicalLOI/TGblank;raworiginalfactsretainednobest-valuechoice. FifteenwashedLOIstates10/20/30/40/50nativeLC,noownwashedTG;30percent50LCrawLOIconflictcanonicalblank. Other20/40initialLOIhave noowndoseTG. Table1partB(Liu2018b)andTable3lowerblock(Wang2016)arecitedliteraturecomparatorsnotownnewstates. PartB5/10/15BLnotCYDPstates. Nativephosphorousacidmaterialsp3versusphosphoricacidsynthesisp3-4/Scheme2preservedasprecursorconflictnotresolved. 20K/minsameC/mindifference;noconerefinedresidue51.32masslossorEDSsurfaceN/P/SiasbulkFRdose. Twoowncontrolgasconditions/oneindependentstateapproved;19heldfacts.",cotton,"Pure cotton fabric,ChaotianmenMarketChongqingChina;weave and areal density not reported","Pure cotton fabric,ChaotianmenMarketChongqingChina;weave and areal density not reported","Pure cotton fabric,ChaotianmenMarketChongqingChina;weave and areal density not reported",Control cotton,explicit_text,Sameowninitialpurecottoncontrol.Table3upperblockPDFp12LOI18.2;ownTGcontrolgas-specificR700Fig6p8/owntextTable1partAp9;40-700C20K/minN2/airPDFp5. No30percentLOIconflicttransfer;noliteraturecomparisonrows;noN2temperaturesborrowedfromair;noaircurveestimatedcorrectionof298.2authorTmax;complete15pagesnoSIcited.,verified_exact,journal_article,DOI/title/authorsOriginalResearchPDFp1,,,,,0,700,source_review_approved,c8ee1fda7a7c86a650cdc95874c1abdaac31021727d5b7ca08fe298bfb1aaf7f,Control-cotton,,,,,,,0,,,,,,,,,20K/min,,,,,,,,,,NativepublisheroriginalresearchPDF,MaterialsPDFp3;preparationp4-5;TG/LOImethodsp5;washp6;Fig6p8;Table1ownpartAp9;Table3ownupperblockp12,,"Cotton8x30cmultrasonicclean30min,distilledwaterrinse,dryconditionsunreported;FRaqueous20/30/40percentpercentagebasisunreported+dicyandiamide5percentbasisunreported;70C1hwaterbath100percentpickup,cure180C6min;noafterpreparationrinse/dryreported",,,,Synthesis of P–N–Si synergistic flame retardant based on a cyclodiphosphazane derivative for use on cotton fabric,https://doi.org/10.1007/s10570-019-02608-5,,NoSIcitedall15pages,CottoncleanedasreportedPDFp3,Initialaspreparedfabric,Initialasprepared;noafterpreparationrinse/dryreported,2019
10.1007/s10570-019-02608-5,M606B,Table3upperblockp12+prosep11versusabstractp1,,,ASTMD2863-2000,,,,,,,,,,,,,,,,,,Fig6PDFp8;Table1ownpartA/textPDFp9,,,,,,,,,,Cotton;P-N-SicyclodiphosphazanederivativeFR30percentaqueous+dicyandiamide5percent;percentagebasisunreported,OwnTG/LOImethodsPDFp5;cottonpreparationPDFpp3-5,RawownTG/LOIconflictingfactsnotapprovedpair,2026-10-02,Codex15nativepublisher/textpages;oneprimaryreviewer,,Cellulose,"All15native/textpagesreviewed;noSIcited. OwnTable1partA(PDFp9)aircontrolT5=283.5T10=318.1Tmax=298.2R700=0;30percentFR189.9/243.7/289.4/34.1. NativecontrolTmax298.2retainedasauthorreported,no398.2correction/curveestimation. N2PDFp9proseandFig6p8exactR700control8.5/treated40.8;noexplicitN2peaktemperatures. MethodsPDFp5TG40-700C20K/minN2air. OwnTable3upperblockp12controlLOI18.2;20/30/40initial45.2/52.0/54.5. Abstractp1says30percentinitial52.9and50LC27.2versustextp11/Table3p12initial52.0/50LC27.9:both30percentTGconditionsheldcanonicalLOI/TGblank;raworiginalfactsretainednobest-valuechoice. FifteenwashedLOIstates10/20/30/40/50nativeLC,noownwashedTG;30percent50LCrawLOIconflictcanonicalblank. Other20/40initialLOIhave noowndoseTG. Table1partB(Liu2018b)andTable3lowerblock(Wang2016)arecitedliteraturecomparatorsnotownnewstates. PartB5/10/15BLnotCYDPstates. Nativephosphorousacidmaterialsp3versusphosphoricacidsynthesisp3-4/Scheme2preservedasprecursorconflictnotresolved. 20K/minsameC/mindifference;noconerefinedresidue51.32masslossorEDSsurfaceN/P/SiasbulkFRdose. Twoowncontrolgasconditions/oneindependentstateapproved;19heldfacts.",cotton,"Pure cotton fabric,ChaotianmenMarketChongqingChina;weave and areal density not reported","Pure cotton fabric,ChaotianmenMarketChongqingChina;weave and areal density not reported",,Treated cotton;30percentFR,held_source_facts,,held_same_state_LOI_abstract_table_conflict,journal_article,DOI/title/authorsOriginalResearchPDFp1,,,,,,,held_outside_verified_target,,Cotton-FR30percent,,,30,52.0,52.9,,,40.8,,,,,N2,20,,,,,,,,,,30.71,,NativepublisheroriginalresearchPDF,MaterialsPDFp3;preparationp4-5;TG/LOImethodsp5;washp6;Fig6p8;Table1ownpartAp9;Table3ownupperblockp12,,"Cotton8x30cmultrasonicclean30min,distilledwaterrinse,dryconditionsunreported;FRaqueous20/30/40percentpercentagebasisunreported+dicyandiamide5percentbasisunreported;70C1hwaterbath100percentpickup,cure180C6min;noafterpreparationrinse/dryreported",,,,Synthesis of P–N–Si synergistic flame retardant based on a cyclodiphosphazane derivative for use on cotton fabric,https://doi.org/10.1007/s10570-019-02608-5,,NoSIcitedall15pages,"Cotton8x30cmultrasonicclean30min,distilledwaterrinse,dryconditionsunreported;FRaqueous20/30/40percentpercentagebasisunreported+dicyandiamide5percentbasisunreported;70C1hwaterbath100percentpickup,cure180C6min;noafterpreparationrinse/dryreported",Initialaspreparedfabric,Initialasprepared;noafterpreparationrinse/dryreported,2019
10.1007/s10570-019-02608-5,M606B,Table3upperblockp12+prosep11versusabstractp1,,,ASTMD2863-2000,,,,,,,,,,,,,,,,,,Fig6PDFp8;Table1ownpartA/textPDFp9,,,,,,,,,,Cotton;P-N-SicyclodiphosphazanederivativeFR30percentaqueous+dicyandiamide5percent;percentagebasisunreported,OwnTG/LOImethodsPDFp5;cottonpreparationPDFpp3-5,RawownTG/LOIconflictingfactsnotapprovedpair,2026-10-02,Codex15nativepublisher/textpages;oneprimaryreviewer,,Cellulose,"All15native/textpagesreviewed;noSIcited. OwnTable1partA(PDFp9)aircontrolT5=283.5T10=318.1Tmax=298.2R700=0;30percentFR189.9/243.7/289.4/34.1. NativecontrolTmax298.2retainedasauthorreported,no398.2correction/curveestimation. N2PDFp9proseandFig6p8exactR700control8.5/treated40.8;noexplicitN2peaktemperatures. MethodsPDFp5TG40-700C20K/minN2air. OwnTable3upperblockp12controlLOI18.2;20/30/40initial45.2/52.0/54.5. Abstractp1says30percentinitial52.9and50LC27.2versustextp11/Table3p12initial52.0/50LC27.9:both30percentTGconditionsheldcanonicalLOI/TGblank;raworiginalfactsretainednobest-valuechoice. FifteenwashedLOIstates10/20/30/40/50nativeLC,noownwashedTG;30percent50LCrawLOIconflictcanonicalblank. Other20/40initialLOIhave noowndoseTG. Table1partB(Liu2018b)andTable3lowerblock(Wang2016)arecitedliteraturecomparatorsnotownnewstates. PartB5/10/15BLnotCYDPstates. Nativephosphorousacidmaterialsp3versusphosphoricacidsynthesisp3-4/Scheme2preservedasprecursorconflictnotresolved. 20K/minsameC/mindifference;noconerefinedresidue51.32masslossorEDSsurfaceN/P/SiasbulkFRdose. Twoowncontrolgasconditions/oneindependentstateapproved;19heldfacts.",cotton,"Pure cotton fabric,ChaotianmenMarketChongqingChina;weave and areal density not reported","Pure cotton fabric,ChaotianmenMarketChongqingChina;weave and areal density not reported",,Treated cotton;30percentFR,held_source_facts,,held_same_state_LOI_abstract_table_conflict,journal_article,DOI/title/authorsOriginalResearchPDFp1,,,,,,,held_outside_verified_target,,Cotton-FR30percent,,,30,52.0,52.9,,,34.1,,243.7,,189.9,air,20,,,,,,,,289.4,,30.71,,NativepublisheroriginalresearchPDF,MaterialsPDFp3;preparationp4-5;TG/LOImethodsp5;washp6;Fig6p8;Table1ownpartAp9;Table3ownupperblockp12,,"Cotton8x30cmultrasonicclean30min,distilledwaterrinse,dryconditionsunreported;FRaqueous20/30/40percentpercentagebasisunreported+dicyandiamide5percentbasisunreported;70C1hwaterbath100percentpickup,cure180C6min;noafterpreparationrinse/dryreported",,,,Synthesis of P–N–Si synergistic flame retardant based on a cyclodiphosphazane derivative for use on cotton fabric,https://doi.org/10.1007/s10570-019-02608-5,,NoSIcitedall15pages,"Cotton8x30cmultrasonicclean30min,distilledwaterrinse,dryconditionsunreported;FRaqueous20/30/40percentpercentagebasisunreported+dicyandiamide5percentbasisunreported;70C1hwaterbath100percentpickup,cure180C6min;noafterpreparationrinse/dryreported",Initialaspreparedfabric,Initialasprepared;noafterpreparationrinse/dryreported,2019
10.1007/s10570-019-02608-5,M606B,OwnTable3upperblockPDFp12;LOItextp11,45.2,,ASTMD2863-2000,,,,,,,,,,,,,,,,,,Noowndose-specificTG;Fig6only30percentFR,,,,,,,,,,Cotton;P-N-SicyclodiphosphazanederivativeFR20percentaqueous+dicyandiamide5percent;percentagebasisunreported,OwnTG/LOImethodsPDFp5;cottonpreparationPDFpp3-5,RawownLOIfactnotapprovedpair,2026-10-02,Codex15nativepublisher/textpages;oneprimaryreviewer,,Cellulose,"All15native/textpagesreviewed;noSIcited. OwnTable1partA(PDFp9)aircontrolT5=283.5T10=318.1Tmax=298.2R700=0;30percentFR189.9/243.7/289.4/34.1. NativecontrolTmax298.2retainedasauthorreported,no398.2correction/curveestimation. N2PDFp9proseandFig6p8exactR700control8.5/treated40.8;noexplicitN2peaktemperatures. MethodsPDFp5TG40-700C20K/minN2air. OwnTable3upperblockp12controlLOI18.2;20/30/40initial45.2/52.0/54.5. Abstractp1says30percentinitial52.9and50LC27.2versustextp11/Table3p12initial52.0/50LC27.9:both30percentTGconditionsheldcanonicalLOI/TGblank;raworiginalfactsretainednobest-valuechoice. FifteenwashedLOIstates10/20/30/40/50nativeLC,noownwashedTG;30percent50LCrawLOIconflictcanonicalblank. Other20/40initialLOIhave noowndoseTG. Table1partB(Liu2018b)andTable3lowerblock(Wang2016)arecitedliteraturecomparatorsnotownnewstates. PartB5/10/15BLnotCYDPstates. Nativephosphorousacidmaterialsp3versusphosphoricacidsynthesisp3-4/Scheme2preservedasprecursorconflictnotresolved. 20K/minsameC/mindifference;noconerefinedresidue51.32masslossorEDSsurfaceN/P/SiasbulkFRdose. Twoowncontrolgasconditions/oneindependentstateapproved;19heldfacts.",cotton,"Pure cotton fabric,ChaotianmenMarketChongqingChina;weave and areal density not reported","Pure cotton fabric,ChaotianmenMarketChongqingChina;weave and areal density not reported",,20percentFR,held_source_facts,,held_dose_specific_LOI_no_own_TG,journal_article,DOI/title/authorsOriginalResearchPDFp1,,,,,,,held_outside_verified_target,,Cotton-FR20percent,,,20,,,,,,,,,,,,,,,,,,,,,28.86,,NativepublisheroriginalresearchPDF,MaterialsPDFp3;preparationp4-5;TG/LOImethodsp5;washp6;Fig6p8;Table1ownpartAp9;Table3ownupperblockp12,,"Cotton8x30cmultrasonicclean30min,distilledwaterrinse,dryconditionsunreported;FRaqueous20/30/40percentpercentagebasisunreported+dicyandiamide5percentbasisunreported;70C1hwaterbath100percentpickup,cure180C6min;noafterpreparationrinse/dryreported",,,,Synthesis of P–N–Si synergistic flame retardant based on a cyclodiphosphazane derivative for use on cotton fabric,https://doi.org/10.1007/s10570-019-02608-5,,NoSIcitedall15pages,"Cotton8x30cmultrasonicclean30min,distilledwaterrinse,dryconditionsunreported;FRaqueous20/30/40percentpercentagebasisunreported+dicyandiamide5percentbasisunreported;70C1hwaterbath100percentpickup,cure180C6min;noafterpreparationrinse/dryreported",Initialaspreparedfabric,Initialasprepared;noafterpreparationrinse/dryreported,2019
10.1007/s10570-019-02608-5,M606B,OwnTable3upperblockPDFp12;LOItextp11,54.5,,ASTMD2863-2000,,,,,,,,,,,,,,,,,,Noowndose-specificTG;Fig6only30percentFR,,,,,,,,,,Cotton;P-N-SicyclodiphosphazanederivativeFR40percentaqueous+dicyandiamide5percent;percentagebasisunreported,OwnTG/LOImethodsPDFp5;cottonpreparationPDFpp3-5,RawownLOIfactnotapprovedpair,2026-10-02,Codex15nativepublisher/textpages;oneprimaryreviewer,,Cellulose,"All15native/textpagesreviewed;noSIcited. OwnTable1partA(PDFp9)aircontrolT5=283.5T10=318.1Tmax=298.2R700=0;30percentFR189.9/243.7/289.4/34.1. NativecontrolTmax298.2retainedasauthorreported,no398.2correction/curveestimation. N2PDFp9proseandFig6p8exactR700control8.5/treated40.8;noexplicitN2peaktemperatures. MethodsPDFp5TG40-700C20K/minN2air. OwnTable3upperblockp12controlLOI18.2;20/30/40initial45.2/52.0/54.5. Abstractp1says30percentinitial52.9and50LC27.2versustextp11/Table3p12initial52.0/50LC27.9:both30percentTGconditionsheldcanonicalLOI/TGblank;raworiginalfactsretainednobest-valuechoice. FifteenwashedLOIstates10/20/30/40/50nativeLC,noownwashedTG;30percent50LCrawLOIconflictcanonicalblank. Other20/40initialLOIhave noowndoseTG. Table1partB(Liu2018b)andTable3lowerblock(Wang2016)arecitedliteraturecomparatorsnotownnewstates. PartB5/10/15BLnotCYDPstates. Nativephosphorousacidmaterialsp3versusphosphoricacidsynthesisp3-4/Scheme2preservedasprecursorconflictnotresolved. 20K/minsameC/mindifference;noconerefinedresidue51.32masslossorEDSsurfaceN/P/SiasbulkFRdose. Twoowncontrolgasconditions/oneindependentstateapproved;19heldfacts.",cotton,"Pure cotton fabric,ChaotianmenMarketChongqingChina;weave and areal density not reported","Pure cotton fabric,ChaotianmenMarketChongqingChina;weave and areal density not reported",,40percentFR,held_source_facts,,held_dose_specific_LOI_no_own_TG,journal_article,DOI/title/authorsOriginalResearchPDFp1,,,,,,,held_outside_verified_target,,Cotton-FR40percent,,,40,,,,,,,,,,,,,,,,,,,,,33.56,,NativepublisheroriginalresearchPDF,MaterialsPDFp3;preparationp4-5;TG/LOImethodsp5;washp6;Fig6p8;Table1ownpartAp9;Table3ownupperblockp12,,"Cotton8x30cmultrasonicclean30min,distilledwaterrinse,dryconditionsunreported;FRaqueous20/30/40percentpercentagebasisunreported+dicyandiamide5percentbasisunreported;70C1hwaterbath100percentpickup,cure180C6min;noafterpreparationrinse/dryreported",,,,Synthesis of P–N–Si synergistic flame retardant based on a cyclodiphosphazane derivative for use on cotton fabric,https://doi.org/10.1007/s10570-019-02608-5,,NoSIcitedall15pages,"Cotton8x30cmultrasonicclean30min,distilledwaterrinse,dryconditionsunreported;FRaqueous20/30/40percentpercentagebasisunreported+dicyandiamide5percentbasisunreported;70C1hwaterbath100percentpickup,cure180C6min;noafterpreparationrinse/dryreported",Initialaspreparedfabric,Initialasprepared;noafterpreparationrinse/dryreported,2019
10.1007/s10570-019-02608-5,M606B,OwnTable3upperblockPDFp12;LOItextp11,39.5,,ASTMD2863-2000,,,,,,,,,,,,,,,,,,Noownsamewashed-stateTG,,,,,,,,,,Cotton;P-N-SicyclodiphosphazanederivativeFR20percentaqueous+dicyandiamide5percent;percentagebasisunreported,OwnTG/LOImethodsPDFp5;cottonpreparationPDFpp3-5,RawownwashedLOIfactnotapprovedpair,2026-10-02,Codex15nativepublisher/textpages;oneprimaryreviewer,,Cellulose,"All15native/textpagesreviewed;noSIcited. OwnTable1partA(PDFp9)aircontrolT5=283.5T10=318.1Tmax=298.2R700=0;30percentFR189.9/243.7/289.4/34.1. NativecontrolTmax298.2retainedasauthorreported,no398.2correction/curveestimation. N2PDFp9proseandFig6p8exactR700control8.5/treated40.8;noexplicitN2peaktemperatures. MethodsPDFp5TG40-700C20K/minN2air. OwnTable3upperblockp12controlLOI18.2;20/30/40initial45.2/52.0/54.5. Abstractp1says30percentinitial52.9and50LC27.2versustextp11/Table3p12initial52.0/50LC27.9:both30percentTGconditionsheldcanonicalLOI/TGblank;raworiginalfactsretainednobest-valuechoice. FifteenwashedLOIstates10/20/30/40/50nativeLC,noownwashedTG;30percent50LCrawLOIconflictcanonicalblank. Other20/40initialLOIhave noowndoseTG. Table1partB(Liu2018b)andTable3lowerblock(Wang2016)arecitedliteraturecomparatorsnotownnewstates. PartB5/10/15BLnotCYDPstates. Nativephosphorousacidmaterialsp3versusphosphoricacidsynthesisp3-4/Scheme2preservedasprecursorconflictnotresolved. 20K/minsameC/mindifference;noconerefinedresidue51.32masslossorEDSsurfaceN/P/SiasbulkFRdose. Twoowncontrolgasconditions/oneindependentstateapproved;19heldfacts.",cotton,"Pure cotton fabric,ChaotianmenMarketChongqingChina;weave and areal density not reported","Pure cotton fabric,ChaotianmenMarketChongqingChina;weave and areal density not reported",,"20percentFR,LC10",held_source_facts,,held_washed_LOI_no_own_TG,journal_article,DOI/title/authorsOriginalResearchPDFp1,,,,,,,held_outside_verified_target,,Cotton-FR20percent-LC10,,,20,39.5,,,,,,,,,,,,,,,,,,,28.86,,,NativepublisheroriginalresearchPDF,MaterialsPDFp3;preparationp4-5;TG/LOImethodsp5;washp6;Fig6p8;Table1ownpartAp9;Table3ownupperblockp12,10,"Cotton8x30cmultrasonicclean30min,distilledwaterrinse,dryconditionsunreported;FRaqueous20/30/40percentpercentagebasisunreported+dicyandiamide5percentbasisunreported;70C1hwaterbath100percentpickup,cure180C6min;noafterpreparationrinse/dryreported",,,,Synthesis of P–N–Si synergistic flame retardant based on a cyclodiphosphazane derivative for use on cotton fabric,https://doi.org/10.1007/s10570-019-02608-5,NativeATCCTestMethod61-2006Roaches;.15percentSDBS49C45minperlabcycle;sourceequatesonecyclefivehomewashes;TablenativeLCcountsretainedwithoutconversion,NoSIcitedall15pages,"Cotton8x30cmultrasonicclean30min,distilledwaterrinse,dryconditionsunreported;FRaqueous20/30/40percentpercentagebasisunreported+dicyandiamide5percentbasisunreported;70C1hwaterbath100percentpickup,cure180C6min;noafterpreparationrinse/dryreported",After10nativeLC,10nativeLCasTable3;conversionnotspecified,2019
10.1007/s10570-019-02608-5,M606B,OwnTable3upperblockPDFp12;LOItextp11,32.7,,ASTMD2863-2000,,,,,,,,,,,,,,,,,,Noownsamewashed-stateTG,,,,,,,,,,Cotton;P-N-SicyclodiphosphazanederivativeFR20percentaqueous+dicyandiamide5percent;percentagebasisunreported,OwnTG/LOImethodsPDFp5;cottonpreparationPDFpp3-5,RawownwashedLOIfactnotapprovedpair,2026-10-02,Codex15nativepublisher/textpages;oneprimaryreviewer,,Cellulose,"All15native/textpagesreviewed;noSIcited. OwnTable1partA(PDFp9)aircontrolT5=283.5T10=318.1Tmax=298.2R700=0;30percentFR189.9/243.7/289.4/34.1. NativecontrolTmax298.2retainedasauthorreported,no398.2correction/curveestimation. N2PDFp9proseandFig6p8exactR700control8.5/treated40.8;noexplicitN2peaktemperatures. MethodsPDFp5TG40-700C20K/minN2air. OwnTable3upperblockp12controlLOI18.2;20/30/40initial45.2/52.0/54.5. Abstractp1says30percentinitial52.9and50LC27.2versustextp11/Table3p12initial52.0/50LC27.9:both30percentTGconditionsheldcanonicalLOI/TGblank;raworiginalfactsretainednobest-valuechoice. FifteenwashedLOIstates10/20/30/40/50nativeLC,noownwashedTG;30percent50LCrawLOIconflictcanonicalblank. Other20/40initialLOIhave noowndoseTG. Table1partB(Liu2018b)andTable3lowerblock(Wang2016)arecitedliteraturecomparatorsnotownnewstates. PartB5/10/15BLnotCYDPstates. Nativephosphorousacidmaterialsp3versusphosphoricacidsynthesisp3-4/Scheme2preservedasprecursorconflictnotresolved. 20K/minsameC/mindifference;noconerefinedresidue51.32masslossorEDSsurfaceN/P/SiasbulkFRdose. Twoowncontrolgasconditions/oneindependentstateapproved;19heldfacts.",cotton,"Pure cotton fabric,ChaotianmenMarketChongqingChina;weave and areal density not reported","Pure cotton fabric,ChaotianmenMarketChongqingChina;weave and areal density not reported",,"20percentFR,LC20",held_source_facts,,held_washed_LOI_no_own_TG,journal_article,DOI/title/authorsOriginalResearchPDFp1,,,,,,,held_outside_verified_target,,Cotton-FR20percent-LC20,,,20,32.7,,,,,,,,,,,,,,,,,,,28.86,,,NativepublisheroriginalresearchPDF,MaterialsPDFp3;preparationp4-5;TG/LOImethodsp5;washp6;Fig6p8;Table1ownpartAp9;Table3ownupperblockp12,20,"Cotton8x30cmultrasonicclean30min,distilledwaterrinse,dryconditionsunreported;FRaqueous20/30/40percentpercentagebasisunreported+dicyandiamide5percentbasisunreported;70C1hwaterbath100percentpickup,cure180C6min;noafterpreparationrinse/dryreported",,,,Synthesis of P–N–Si synergistic flame retardant based on a cyclodiphosphazane derivative for use on cotton fabric,https://doi.org/10.1007/s10570-019-02608-5,NativeATCCTestMethod61-2006Roaches;.15percentSDBS49C45minperlabcycle;sourceequatesonecyclefivehomewashes;TablenativeLCcountsretainedwithoutconversion,NoSIcitedall15pages,"Cotton8x30cmultrasonicclean30min,distilledwaterrinse,dryconditionsunreported;FRaqueous20/30/40percentpercentagebasisunreported+dicyandiamide5percentbasisunreported;70C1hwaterbath100percentpickup,cure180C6min;noafterpreparationrinse/dryreported",After20nativeLC,20nativeLCasTable3;conversionnotspecified,2019
10.1007/s10570-019-02608-5,M606B,OwnTable3upperblockPDFp12;LOItextp11,27.3,,ASTMD2863-2000,,,,,,,,,,,,,,,,,,Noownsamewashed-stateTG,,,,,,,,,,Cotton;P-N-SicyclodiphosphazanederivativeFR20percentaqueous+dicyandiamide5percent;percentagebasisunreported,OwnTG/LOImethodsPDFp5;cottonpreparationPDFpp3-5,RawownwashedLOIfactnotapprovedpair,2026-10-02,Codex15nativepublisher/textpages;oneprimaryreviewer,,Cellulose,"All15native/textpagesreviewed;noSIcited. OwnTable1partA(PDFp9)aircontrolT5=283.5T10=318.1Tmax=298.2R700=0;30percentFR189.9/243.7/289.4/34.1. NativecontrolTmax298.2retainedasauthorreported,no398.2correction/curveestimation. N2PDFp9proseandFig6p8exactR700control8.5/treated40.8;noexplicitN2peaktemperatures. MethodsPDFp5TG40-700C20K/minN2air. OwnTable3upperblockp12controlLOI18.2;20/30/40initial45.2/52.0/54.5. Abstractp1says30percentinitial52.9and50LC27.2versustextp11/Table3p12initial52.0/50LC27.9:both30percentTGconditionsheldcanonicalLOI/TGblank;raworiginalfactsretainednobest-valuechoice. FifteenwashedLOIstates10/20/30/40/50nativeLC,noownwashedTG;30percent50LCrawLOIconflictcanonicalblank. Other20/40initialLOIhave noowndoseTG. Table1partB(Liu2018b)andTable3lowerblock(Wang2016)arecitedliteraturecomparatorsnotownnewstates. PartB5/10/15BLnotCYDPstates. Nativephosphorousacidmaterialsp3versusphosphoricacidsynthesisp3-4/Scheme2preservedasprecursorconflictnotresolved. 20K/minsameC/mindifference;noconerefinedresidue51.32masslossorEDSsurfaceN/P/SiasbulkFRdose. Twoowncontrolgasconditions/oneindependentstateapproved;19heldfacts.",cotton,"Pure cotton fabric,ChaotianmenMarketChongqingChina;weave and areal density not reported","Pure cotton fabric,ChaotianmenMarketChongqingChina;weave and areal density not reported",,"20percentFR,LC30",held_source_facts,,held_washed_LOI_no_own_TG,journal_article,DOI/title/authorsOriginalResearchPDFp1,,,,,,,held_outside_verified_target,,Cotton-FR20percent-LC30,,,20,27.3,,,,,,,,,,,,,,,,,,,28.86,,,NativepublisheroriginalresearchPDF,MaterialsPDFp3;preparationp4-5;TG/LOImethodsp5;washp6;Fig6p8;Table1ownpartAp9;Table3ownupperblockp12,30,"Cotton8x30cmultrasonicclean30min,distilledwaterrinse,dryconditionsunreported;FRaqueous20/30/40percentpercentagebasisunreported+dicyandiamide5percentbasisunreported;70C1hwaterbath100percentpickup,cure180C6min;noafterpreparationrinse/dryreported",,,,Synthesis of P–N–Si synergistic flame retardant based on a cyclodiphosphazane derivative for use on cotton fabric,https://doi.org/10.1007/s10570-019-02608-5,NativeATCCTestMethod61-2006Roaches;.15percentSDBS49C45minperlabcycle;sourceequatesonecyclefivehomewashes;TablenativeLCcountsretainedwithoutconversion,NoSIcitedall15pages,"Cotton8x30cmultrasonicclean30min,distilledwaterrinse,dryconditionsunreported;FRaqueous20/30/40percentpercentagebasisunreported+dicyandiamide5percentbasisunreported;70C1hwaterbath100percentpickup,cure180C6min;noafterpreparationrinse/dryreported",After30nativeLC,30nativeLCasTable3;conversionnotspecified,2019
10.1007/s10570-019-02608-5,M606B,OwnTable3upperblockPDFp12;LOItextp11,25.4,,ASTMD2863-2000,,,,,,,,,,,,,,,,,,Noownsamewashed-stateTG,,,,,,,,,,Cotton;P-N-SicyclodiphosphazanederivativeFR20percentaqueous+dicyandiamide5percent;percentagebasisunreported,OwnTG/LOImethodsPDFp5;cottonpreparationPDFpp3-5,RawownwashedLOIfactnotapprovedpair,2026-10-02,Codex15nativepublisher/textpages;oneprimaryreviewer,,Cellulose,"All15native/textpagesreviewed;noSIcited. OwnTable1partA(PDFp9)aircontrolT5=283.5T10=318.1Tmax=298.2R700=0;30percentFR189.9/243.7/289.4/34.1. NativecontrolTmax298.2retainedasauthorreported,no398.2correction/curveestimation. N2PDFp9proseandFig6p8exactR700control8.5/treated40.8;noexplicitN2peaktemperatures. MethodsPDFp5TG40-700C20K/minN2air. OwnTable3upperblockp12controlLOI18.2;20/30/40initial45.2/52.0/54.5. Abstractp1says30percentinitial52.9and50LC27.2versustextp11/Table3p12initial52.0/50LC27.9:both30percentTGconditionsheldcanonicalLOI/TGblank;raworiginalfactsretainednobest-valuechoice. FifteenwashedLOIstates10/20/30/40/50nativeLC,noownwashedTG;30percent50LCrawLOIconflictcanonicalblank. Other20/40initialLOIhave noowndoseTG. Table1partB(Liu2018b)andTable3lowerblock(Wang2016)arecitedliteraturecomparatorsnotownnewstates. PartB5/10/15BLnotCYDPstates. Nativephosphorousacidmaterialsp3versusphosphoricacidsynthesisp3-4/Scheme2preservedasprecursorconflictnotresolved. 20K/minsameC/mindifference;noconerefinedresidue51.32masslossorEDSsurfaceN/P/SiasbulkFRdose. Twoowncontrolgasconditions/oneindependentstateapproved;19heldfacts.",cotton,"Pure cotton fabric,ChaotianmenMarketChongqingChina;weave and areal density not reported","Pure cotton fabric,ChaotianmenMarketChongqingChina;weave and areal density not reported",,"20percentFR,LC40",held_source_facts,,held_washed_LOI_no_own_TG,journal_article,DOI/title/authorsOriginalResearchPDFp1,,,,,,,held_outside_verified_target,,Cotton-FR20percent-LC40,,,20,25.4,,,,,,,,,,,,,,,,,,,28.86,,,NativepublisheroriginalresearchPDF,MaterialsPDFp3;preparationp4-5;TG/LOImethodsp5;washp6;Fig6p8;Table1ownpartAp9;Table3ownupperblockp12,40,"Cotton8x30cmultrasonicclean30min,distilledwaterrinse,dryconditionsunreported;FRaqueous20/30/40percentpercentagebasisunreported+dicyandiamide5percentbasisunreported;70C1hwaterbath100percentpickup,cure180C6min;noafterpreparationrinse/dryreported",,,,Synthesis of P–N–Si synergistic flame retardant based on a cyclodiphosphazane derivative for use on cotton fabric,https://doi.org/10.1007/s10570-019-02608-5,NativeATCCTestMethod61-2006Roaches;.15percentSDBS49C45minperlabcycle;sourceequatesonecyclefivehomewashes;TablenativeLCcountsretainedwithoutconversion,NoSIcitedall15pages,"Cotton8x30cmultrasonicclean30min,distilledwaterrinse,dryconditionsunreported;FRaqueous20/30/40percentpercentagebasisunreported+dicyandiamide5percentbasisunreported;70C1hwaterbath100percentpickup,cure180C6min;noafterpreparationrinse/dryreported",After40nativeLC,40nativeLCasTable3;conversionnotspecified,2019
10.1007/s10570-019-02608-5,M606B,OwnTable3upperblockPDFp12;LOItextp11,23.9,,ASTMD2863-2000,,,,,,,,,,,,,,,,,,Noownsamewashed-stateTG,,,,,,,,,,Cotton;P-N-SicyclodiphosphazanederivativeFR20percentaqueous+dicyandiamide5percent;percentagebasisunreported,OwnTG/LOImethodsPDFp5;cottonpreparationPDFpp3-5,RawownwashedLOIfactnotapprovedpair,2026-10-02,Codex15nativepublisher/textpages;oneprimaryreviewer,,Cellulose,"All15native/textpagesreviewed;noSIcited. OwnTable1partA(PDFp9)aircontrolT5=283.5T10=318.1Tmax=298.2R700=0;30percentFR189.9/243.7/289.4/34.1. NativecontrolTmax298.2retainedasauthorreported,no398.2correction/curveestimation. N2PDFp9proseandFig6p8exactR700control8.5/treated40.8;noexplicitN2peaktemperatures. MethodsPDFp5TG40-700C20K/minN2air. OwnTable3upperblockp12controlLOI18.2;20/30/40initial45.2/52.0/54.5. Abstractp1says30percentinitial52.9and50LC27.2versustextp11/Table3p12initial52.0/50LC27.9:both30percentTGconditionsheldcanonicalLOI/TGblank;raworiginalfactsretainednobest-valuechoice. FifteenwashedLOIstates10/20/30/40/50nativeLC,noownwashedTG;30percent50LCrawLOIconflictcanonicalblank. Other20/40initialLOIhave noowndoseTG. Table1partB(Liu2018b)andTable3lowerblock(Wang2016)arecitedliteraturecomparatorsnotownnewstates. PartB5/10/15BLnotCYDPstates. Nativephosphorousacidmaterialsp3versusphosphoricacidsynthesisp3-4/Scheme2preservedasprecursorconflictnotresolved. 20K/minsameC/mindifference;noconerefinedresidue51.32masslossorEDSsurfaceN/P/SiasbulkFRdose. Twoowncontrolgasconditions/oneindependentstateapproved;19heldfacts.",cotton,"Pure cotton fabric,ChaotianmenMarketChongqingChina;weave and areal density not reported","Pure cotton fabric,ChaotianmenMarketChongqingChina;weave and areal density not reported",,"20percentFR,LC50",held_source_facts,,held_washed_LOI_no_own_TG,journal_article,DOI/title/authorsOriginalResearchPDFp1,,,,,,,held_outside_verified_target,,Cotton-FR20percent-LC50,,,20,23.9,,,,,,,,,,,,,,,,,,,28.86,,,NativepublisheroriginalresearchPDF,MaterialsPDFp3;preparationp4-5;TG/LOImethodsp5;washp6;Fig6p8;Table1ownpartAp9;Table3ownupperblockp12,50,"Cotton8x30cmultrasonicclean30min,distilledwaterrinse,dryconditionsunreported;FRaqueous20/30/40percentpercentagebasisunreported+dicyandiamide5percentbasisunreported;70C1hwaterbath100percentpickup,cure180C6min;noafterpreparationrinse/dryreported",,,,Synthesis of P–N–Si synergistic flame retardant based on a cyclodiphosphazane derivative for use on cotton fabric,https://doi.org/10.1007/s10570-019-02608-5,NativeATCCTestMethod61-2006Roaches;.15percentSDBS49C45minperlabcycle;sourceequatesonecyclefivehomewashes;TablenativeLCcountsretainedwithoutconversion,NoSIcitedall15pages,"Cotton8x30cmultrasonicclean30min,distilledwaterrinse,dryconditionsunreported;FRaqueous20/30/40percentpercentagebasisunreported+dicyandiamide5percentbasisunreported;70C1hwaterbath100percentpickup,cure180C6min;noafterpreparationrinse/dryreported",After50nativeLC,50nativeLCasTable3;conversionnotspecified,2019
10.1007/s10570-019-02608-5,M606B,OwnTable3upperblockPDFp12;LOItextp11,47.1,,ASTMD2863-2000,,,,,,,,,,,,,,,,,,Noownsamewashed-stateTG,,,,,,,,,,Cotton;P-N-SicyclodiphosphazanederivativeFR30percentaqueous+dicyandiamide5percent;percentagebasisunreported,OwnTG/LOImethodsPDFp5;cottonpreparationPDFpp3-5,RawownwashedLOIfactnotapprovedpair,2026-10-02,Codex15nativepublisher/textpages;oneprimaryreviewer,,Cellulose,"All15native/textpagesreviewed;noSIcited. OwnTable1partA(PDFp9)aircontrolT5=283.5T10=318.1Tmax=298.2R700=0;30percentFR189.9/243.7/289.4/34.1. NativecontrolTmax298.2retainedasauthorreported,no398.2correction/curveestimation. N2PDFp9proseandFig6p8exactR700control8.5/treated40.8;noexplicitN2peaktemperatures. MethodsPDFp5TG40-700C20K/minN2air. OwnTable3upperblockp12controlLOI18.2;20/30/40initial45.2/52.0/54.5. Abstractp1says30percentinitial52.9and50LC27.2versustextp11/Table3p12initial52.0/50LC27.9:both30percentTGconditionsheldcanonicalLOI/TGblank;raworiginalfactsretainednobest-valuechoice. FifteenwashedLOIstates10/20/30/40/50nativeLC,noownwashedTG;30percent50LCrawLOIconflictcanonicalblank. Other20/40initialLOIhave noowndoseTG. Table1partB(Liu2018b)andTable3lowerblock(Wang2016)arecitedliteraturecomparatorsnotownnewstates. PartB5/10/15BLnotCYDPstates. Nativephosphorousacidmaterialsp3versusphosphoricacidsynthesisp3-4/Scheme2preservedasprecursorconflictnotresolved. 20K/minsameC/mindifference;noconerefinedresidue51.32masslossorEDSsurfaceN/P/SiasbulkFRdose. Twoowncontrolgasconditions/oneindependentstateapproved;19heldfacts.",cotton,"Pure cotton fabric,ChaotianmenMarketChongqingChina;weave and areal density not reported","Pure cotton fabric,ChaotianmenMarketChongqingChina;weave and areal density not reported",,"30percentFR,LC10",held_source_facts,,held_washed_LOI_no_own_TG,journal_article,DOI/title/authorsOriginalResearchPDFp1,,,,,,,held_outside_verified_target,,Cotton-FR30percent-LC10,,,30,47.1,,,,,,,,,,,,,,,,,,,30.71,,,NativepublisheroriginalresearchPDF,MaterialsPDFp3;preparationp4-5;TG/LOImethodsp5;washp6;Fig6p8;Table1ownpartAp9;Table3ownupperblockp12,10,"Cotton8x30cmultrasonicclean30min,distilledwaterrinse,dryconditionsunreported;FRaqueous20/30/40percentpercentagebasisunreported+dicyandiamide5percentbasisunreported;70C1hwaterbath100percentpickup,cure180C6min;noafterpreparationrinse/dryreported",,,,Synthesis of P–N–Si synergistic flame retardant based on a cyclodiphosphazane derivative for use on cotton fabric,https://doi.org/10.1007/s10570-019-02608-5,NativeATCCTestMethod61-2006Roaches;.15percentSDBS49C45minperlabcycle;sourceequatesonecyclefivehomewashes;TablenativeLCcountsretainedwithoutconversion,NoSIcitedall15pages,"Cotton8x30cmultrasonicclean30min,distilledwaterrinse,dryconditionsunreported;FRaqueous20/30/40percentpercentagebasisunreported+dicyandiamide5percentbasisunreported;70C1hwaterbath100percentpickup,cure180C6min;noafterpreparationrinse/dryreported",After10nativeLC,10nativeLCasTable3;conversionnotspecified,2019
10.1007/s10570-019-02608-5,M606B,OwnTable3upperblockPDFp12;LOItextp11,40.7,,ASTMD2863-2000,,,,,,,,,,,,,,,,,,Noownsamewashed-stateTG,,,,,,,,,,Cotton;P-N-SicyclodiphosphazanederivativeFR30percentaqueous+dicyandiamide5percent;percentagebasisunreported,OwnTG/LOImethodsPDFp5;cottonpreparationPDFpp3-5,RawownwashedLOIfactnotapprovedpair,2026-10-02,Codex15nativepublisher/textpages;oneprimaryreviewer,,Cellulose,"All15native/textpagesreviewed;noSIcited. OwnTable1partA(PDFp9)aircontrolT5=283.5T10=318.1Tmax=298.2R700=0;30percentFR189.9/243.7/289.4/34.1. NativecontrolTmax298.2retainedasauthorreported,no398.2correction/curveestimation. N2PDFp9proseandFig6p8exactR700control8.5/treated40.8;noexplicitN2peaktemperatures. MethodsPDFp5TG40-700C20K/minN2air. OwnTable3upperblockp12controlLOI18.2;20/30/40initial45.2/52.0/54.5. Abstractp1says30percentinitial52.9and50LC27.2versustextp11/Table3p12initial52.0/50LC27.9:both30percentTGconditionsheldcanonicalLOI/TGblank;raworiginalfactsretainednobest-valuechoice. FifteenwashedLOIstates10/20/30/40/50nativeLC,noownwashedTG;30percent50LCrawLOIconflictcanonicalblank. Other20/40initialLOIhave noowndoseTG. Table1partB(Liu2018b)andTable3lowerblock(Wang2016)arecitedliteraturecomparatorsnotownnewstates. PartB5/10/15BLnotCYDPstates. Nativephosphorousacidmaterialsp3versusphosphoricacidsynthesisp3-4/Scheme2preservedasprecursorconflictnotresolved. 20K/minsameC/mindifference;noconerefinedresidue51.32masslossorEDSsurfaceN/P/SiasbulkFRdose. Twoowncontrolgasconditions/oneindependentstateapproved;19heldfacts.",cotton,"Pure cotton fabric,ChaotianmenMarketChongqingChina;weave and areal density not reported","Pure cotton fabric,ChaotianmenMarketChongqingChina;weave and areal density not reported",,"30percentFR,LC20",held_source_facts,,held_washed_LOI_no_own_TG,journal_article,DOI/title/authorsOriginalResearchPDFp1,,,,,,,held_outside_verified_target,,Cotton-FR30percent-LC20,,,30,40.7,,,,,,,,,,,,,,,,,,,30.71,,,NativepublisheroriginalresearchPDF,MaterialsPDFp3;preparationp4-5;TG/LOImethodsp5;washp6;Fig6p8;Table1ownpartAp9;Table3ownupperblockp12,20,"Cotton8x30cmultrasonicclean30min,distilledwaterrinse,dryconditionsunreported;FRaqueous20/30/40percentpercentagebasisunreported+dicyandiamide5percentbasisunreported;70C1hwaterbath100percentpickup,cure180C6min;noafterpreparationrinse/dryreported",,,,Synthesis of P–N–Si synergistic flame retardant based on a cyclodiphosphazane derivative for use on cotton fabric,https://doi.org/10.1007/s10570-019-02608-5,NativeATCCTestMethod61-2006Roaches;.15percentSDBS49C45minperlabcycle;sourceequatesonecyclefivehomewashes;TablenativeLCcountsretainedwithoutconversion,NoSIcitedall15pages,"Cotton8x30cmultrasonicclean30min,distilledwaterrinse,dryconditionsunreported;FRaqueous20/30/40percentpercentagebasisunreported+dicyandiamide5percentbasisunreported;70C1hwaterbath100percentpickup,cure180C6min;noafterpreparationrinse/dryreported",After20nativeLC,20nativeLCasTable3;conversionnotspecified,2019
10.1007/s10570-019-02608-5,M606B,OwnTable3upperblockPDFp12;LOItextp11,35.4,,ASTMD2863-2000,,,,,,,,,,,,,,,,,,Noownsamewashed-stateTG,,,,,,,,,,Cotton;P-N-SicyclodiphosphazanederivativeFR30percentaqueous+dicyandiamide5percent;percentagebasisunreported,OwnTG/LOImethodsPDFp5;cottonpreparationPDFpp3-5,RawownwashedLOIfactnotapprovedpair,2026-10-02,Codex15nativepublisher/textpages;oneprimaryreviewer,,Cellulose,"All15native/textpagesreviewed;noSIcited. OwnTable1partA(PDFp9)aircontrolT5=283.5T10=318.1Tmax=298.2R700=0;30percentFR189.9/243.7/289.4/34.1. NativecontrolTmax298.2retainedasauthorreported,no398.2correction/curveestimation. N2PDFp9proseandFig6p8exactR700control8.5/treated40.8;noexplicitN2peaktemperatures. MethodsPDFp5TG40-700C20K/minN2air. OwnTable3upperblockp12controlLOI18.2;20/30/40initial45.2/52.0/54.5. Abstractp1says30percentinitial52.9and50LC27.2versustextp11/Table3p12initial52.0/50LC27.9:both30percentTGconditionsheldcanonicalLOI/TGblank;raworiginalfactsretainednobest-valuechoice. FifteenwashedLOIstates10/20/30/40/50nativeLC,noownwashedTG;30percent50LCrawLOIconflictcanonicalblank. Other20/40initialLOIhave noowndoseTG. Table1partB(Liu2018b)andTable3lowerblock(Wang2016)arecitedliteraturecomparatorsnotownnewstates. PartB5/10/15BLnotCYDPstates. Nativephosphorousacidmaterialsp3versusphosphoricacidsynthesisp3-4/Scheme2preservedasprecursorconflictnotresolved. 20K/minsameC/mindifference;noconerefinedresidue51.32masslossorEDSsurfaceN/P/SiasbulkFRdose. Twoowncontrolgasconditions/oneindependentstateapproved;19heldfacts.",cotton,"Pure cotton fabric,ChaotianmenMarketChongqingChina;weave and areal density not reported","Pure cotton fabric,ChaotianmenMarketChongqingChina;weave and areal density not reported",,"30percentFR,LC30",held_source_facts,,held_washed_LOI_no_own_TG,journal_article,DOI/title/authorsOriginalResearchPDFp1,,,,,,,held_outside_verified_target,,Cotton-FR30percent-LC30,,,30,35.4,,,,,,,,,,,,,,,,,,,30.71,,,NativepublisheroriginalresearchPDF,MaterialsPDFp3;preparationp4-5;TG/LOImethodsp5;washp6;Fig6p8;Table1ownpartAp9;Table3ownupperblockp12,30,"Cotton8x30cmultrasonicclean30min,distilledwaterrinse,dryconditionsunreported;FRaqueous20/30/40percentpercentagebasisunreported+dicyandiamide5percentbasisunreported;70C1hwaterbath100percentpickup,cure180C6min;noafterpreparationrinse/dryreported",,,,Synthesis of P–N–Si synergistic flame retardant based on a cyclodiphosphazane derivative for use on cotton fabric,https://doi.org/10.1007/s10570-019-02608-5,NativeATCCTestMethod61-2006Roaches;.15percentSDBS49C45minperlabcycle;sourceequatesonecyclefivehomewashes;TablenativeLCcountsretainedwithoutconversion,NoSIcitedall15pages,"Cotton8x30cmultrasonicclean30min,distilledwaterrinse,dryconditionsunreported;FRaqueous20/30/40percentpercentagebasisunreported+dicyandiamide5percentbasisunreported;70C1hwaterbath100percentpickup,cure180C6min;noafterpreparationrinse/dryreported",After30nativeLC,30nativeLCasTable3;conversionnotspecified,2019
10.1007/s10570-019-02608-5,M606B,OwnTable3upperblockPDFp12;LOItextp11,32.5,,ASTMD2863-2000,,,,,,,,,,,,,,,,,,Noownsamewashed-stateTG,,,,,,,,,,Cotton;P-N-SicyclodiphosphazanederivativeFR30percentaqueous+dicyandiamide5percent;percentagebasisunreported,OwnTG/LOImethodsPDFp5;cottonpreparationPDFpp3-5,RawownwashedLOIfactnotapprovedpair,2026-10-02,Codex15nativepublisher/textpages;oneprimaryreviewer,,Cellulose,"All15native/textpagesreviewed;noSIcited. OwnTable1partA(PDFp9)aircontrolT5=283.5T10=318.1Tmax=298.2R700=0;30percentFR189.9/243.7/289.4/34.1. NativecontrolTmax298.2retainedasauthorreported,no398.2correction/curveestimation. N2PDFp9proseandFig6p8exactR700control8.5/treated40.8;noexplicitN2peaktemperatures. MethodsPDFp5TG40-700C20K/minN2air. OwnTable3upperblockp12controlLOI18.2;20/30/40initial45.2/52.0/54.5. Abstractp1says30percentinitial52.9and50LC27.2versustextp11/Table3p12initial52.0/50LC27.9:both30percentTGconditionsheldcanonicalLOI/TGblank;raworiginalfactsretainednobest-valuechoice. FifteenwashedLOIstates10/20/30/40/50nativeLC,noownwashedTG;30percent50LCrawLOIconflictcanonicalblank. Other20/40initialLOIhave noowndoseTG. Table1partB(Liu2018b)andTable3lowerblock(Wang2016)arecitedliteraturecomparatorsnotownnewstates. PartB5/10/15BLnotCYDPstates. Nativephosphorousacidmaterialsp3versusphosphoricacidsynthesisp3-4/Scheme2preservedasprecursorconflictnotresolved. 20K/minsameC/mindifference;noconerefinedresidue51.32masslossorEDSsurfaceN/P/SiasbulkFRdose. Twoowncontrolgasconditions/oneindependentstateapproved;19heldfacts.",cotton,"Pure cotton fabric,ChaotianmenMarketChongqingChina;weave and areal density not reported","Pure cotton fabric,ChaotianmenMarketChongqingChina;weave and areal density not reported",,"30percentFR,LC40",held_source_facts,,held_washed_LOI_no_own_TG,journal_article,DOI/title/authorsOriginalResearchPDFp1,,,,,,,held_outside_verified_target,,Cotton-FR30percent-LC40,,,30,32.5,,,,,,,,,,,,,,,,,,,30.71,,,NativepublisheroriginalresearchPDF,MaterialsPDFp3;preparationp4-5;TG/LOImethodsp5;washp6;Fig6p8;Table1ownpartAp9;Table3ownupperblockp12,40,"Cotton8x30cmultrasonicclean30min,distilledwaterrinse,dryconditionsunreported;FRaqueous20/30/40percentpercentagebasisunreported+dicyandiamide5percentbasisunreported;70C1hwaterbath100percentpickup,cure180C6min;noafterpreparationrinse/dryreported",,,,Synthesis of P–N–Si synergistic flame retardant based on a cyclodiphosphazane derivative for use on cotton fabric,https://doi.org/10.1007/s10570-019-02608-5,NativeATCCTestMethod61-2006Roaches;.15percentSDBS49C45minperlabcycle;sourceequatesonecyclefivehomewashes;TablenativeLCcountsretainedwithoutconversion,NoSIcitedall15pages,"Cotton8x30cmultrasonicclean30min,distilledwaterrinse,dryconditionsunreported;FRaqueous20/30/40percentpercentagebasisunreported+dicyandiamide5percentbasisunreported;70C1hwaterbath100percentpickup,cure180C6min;noafterpreparationrinse/dryreported",After40nativeLC,40nativeLCasTable3;conversionnotspecified,2019
10.1007/s10570-019-02608-5,M606B,OwnTable3upperblockPDFp12;LOItextp11,,,ASTMD2863-2000,,,,,,,,,,,,,,,,,,Noownsamewashed-stateTG,,,,,,,,,,Cotton;P-N-SicyclodiphosphazanederivativeFR30percentaqueous+dicyandiamide5percent;percentagebasisunreported,OwnTG/LOImethodsPDFp5;cottonpreparationPDFpp3-5,RawownwashedLOIfactnotapprovedpair,2026-10-02,Codex15nativepublisher/textpages;oneprimaryreviewer,,Cellulose,"All15native/textpagesreviewed;noSIcited. OwnTable1partA(PDFp9)aircontrolT5=283.5T10=318.1Tmax=298.2R700=0;30percentFR189.9/243.7/289.4/34.1. NativecontrolTmax298.2retainedasauthorreported,no398.2correction/curveestimation. N2PDFp9proseandFig6p8exactR700control8.5/treated40.8;noexplicitN2peaktemperatures. MethodsPDFp5TG40-700C20K/minN2air. OwnTable3upperblockp12controlLOI18.2;20/30/40initial45.2/52.0/54.5. Abstractp1says30percentinitial52.9and50LC27.2versustextp11/Table3p12initial52.0/50LC27.9:both30percentTGconditionsheldcanonicalLOI/TGblank;raworiginalfactsretainednobest-valuechoice. FifteenwashedLOIstates10/20/30/40/50nativeLC,noownwashedTG;30percent50LCrawLOIconflictcanonicalblank. Other20/40initialLOIhave noowndoseTG. Table1partB(Liu2018b)andTable3lowerblock(Wang2016)arecitedliteraturecomparatorsnotownnewstates. PartB5/10/15BLnotCYDPstates. Nativephosphorousacidmaterialsp3versusphosphoricacidsynthesisp3-4/Scheme2preservedasprecursorconflictnotresolved. 20K/minsameC/mindifference;noconerefinedresidue51.32masslossorEDSsurfaceN/P/SiasbulkFRdose. Twoowncontrolgasconditions/oneindependentstateapproved;19heldfacts.",cotton,"Pure cotton fabric,ChaotianmenMarketChongqingChina;weave and areal density not reported","Pure cotton fabric,ChaotianmenMarketChongqingChina;weave and areal density not reported",,"30percentFR,LC50",held_source_facts,,held_washed_LOI_conflict_no_own_TG,journal_article,DOI/title/authorsOriginalResearchPDFp1,,,,,,,held_outside_verified_target,,Cotton-FR30percent-LC50,,,30,27.9,27.2,,,,,,,,,,,,,,,,,,30.71,,,NativepublisheroriginalresearchPDF,MaterialsPDFp3;preparationp4-5;TG/LOImethodsp5;washp6;Fig6p8;Table1ownpartAp9;Table3ownupperblockp12,50,"Cotton8x30cmultrasonicclean30min,distilledwaterrinse,dryconditionsunreported;FRaqueous20/30/40percentpercentagebasisunreported+dicyandiamide5percentbasisunreported;70C1hwaterbath100percentpickup,cure180C6min;noafterpreparationrinse/dryreported",,,,Synthesis of P–N–Si synergistic flame retardant based on a cyclodiphosphazane derivative for use on cotton fabric,https://doi.org/10.1007/s10570-019-02608-5,NativeATCCTestMethod61-2006Roaches;.15percentSDBS49C45minperlabcycle;sourceequatesonecyclefivehomewashes;TablenativeLCcountsretainedwithoutconversion,NoSIcitedall15pages,"Cotton8x30cmultrasonicclean30min,distilledwaterrinse,dryconditionsunreported;FRaqueous20/30/40percentpercentagebasisunreported+dicyandiamide5percentbasisunreported;70C1hwaterbath100percentpickup,cure180C6min;noafterpreparationrinse/dryreported",After50nativeLC,50nativeLCasTable3;conversionnotspecified,2019
10.1007/s10570-019-02608-5,M606B,OwnTable3upperblockPDFp12;LOItextp11,49.9,,ASTMD2863-2000,,,,,,,,,,,,,,,,,,Noownsamewashed-stateTG,,,,,,,,,,Cotton;P-N-SicyclodiphosphazanederivativeFR40percentaqueous+dicyandiamide5percent;percentagebasisunreported,OwnTG/LOImethodsPDFp5;cottonpreparationPDFpp3-5,RawownwashedLOIfactnotapprovedpair,2026-10-02,Codex15nativepublisher/textpages;oneprimaryreviewer,,Cellulose,"All15native/textpagesreviewed;noSIcited. OwnTable1partA(PDFp9)aircontrolT5=283.5T10=318.1Tmax=298.2R700=0;30percentFR189.9/243.7/289.4/34.1. NativecontrolTmax298.2retainedasauthorreported,no398.2correction/curveestimation. N2PDFp9proseandFig6p8exactR700control8.5/treated40.8;noexplicitN2peaktemperatures. MethodsPDFp5TG40-700C20K/minN2air. OwnTable3upperblockp12controlLOI18.2;20/30/40initial45.2/52.0/54.5. Abstractp1says30percentinitial52.9and50LC27.2versustextp11/Table3p12initial52.0/50LC27.9:both30percentTGconditionsheldcanonicalLOI/TGblank;raworiginalfactsretainednobest-valuechoice. FifteenwashedLOIstates10/20/30/40/50nativeLC,noownwashedTG;30percent50LCrawLOIconflictcanonicalblank. Other20/40initialLOIhave noowndoseTG. Table1partB(Liu2018b)andTable3lowerblock(Wang2016)arecitedliteraturecomparatorsnotownnewstates. PartB5/10/15BLnotCYDPstates. Nativephosphorousacidmaterialsp3versusphosphoricacidsynthesisp3-4/Scheme2preservedasprecursorconflictnotresolved. 20K/minsameC/mindifference;noconerefinedresidue51.32masslossorEDSsurfaceN/P/SiasbulkFRdose. Twoowncontrolgasconditions/oneindependentstateapproved;19heldfacts.",cotton,"Pure cotton fabric,ChaotianmenMarketChongqingChina;weave and areal density not reported","Pure cotton fabric,ChaotianmenMarketChongqingChina;weave and areal density not reported",,"40percentFR,LC10",held_source_facts,,held_washed_LOI_no_own_TG,journal_article,DOI/title/authorsOriginalResearchPDFp1,,,,,,,held_outside_verified_target,,Cotton-FR40percent-LC10,,,40,49.9,,,,,,,,,,,,,,,,,,,33.56,,,NativepublisheroriginalresearchPDF,MaterialsPDFp3;preparationp4-5;TG/LOImethodsp5;washp6;Fig6p8;Table1ownpartAp9;Table3ownupperblockp12,10,"Cotton8x30cmultrasonicclean30min,distilledwaterrinse,dryconditionsunreported;FRaqueous20/30/40percentpercentagebasisunreported+dicyandiamide5percentbasisunreported;70C1hwaterbath100percentpickup,cure180C6min;noafterpreparationrinse/dryreported",,,,Synthesis of P–N–Si synergistic flame retardant based on a cyclodiphosphazane derivative for use on cotton fabric,https://doi.org/10.1007/s10570-019-02608-5,NativeATCCTestMethod61-2006Roaches;.15percentSDBS49C45minperlabcycle;sourceequatesonecyclefivehomewashes;TablenativeLCcountsretainedwithoutconversion,NoSIcitedall15pages,"Cotton8x30cmultrasonicclean30min,distilledwaterrinse,dryconditionsunreported;FRaqueous20/30/40percentpercentagebasisunreported+dicyandiamide5percentbasisunreported;70C1hwaterbath100percentpickup,cure180C6min;noafterpreparationrinse/dryreported",After10nativeLC,10nativeLCasTable3;conversionnotspecified,2019
10.1007/s10570-019-02608-5,M606B,OwnTable3upperblockPDFp12;LOItextp11,42.5,,ASTMD2863-2000,,,,,,,,,,,,,,,,,,Noownsamewashed-stateTG,,,,,,,,,,Cotton;P-N-SicyclodiphosphazanederivativeFR40percentaqueous+dicyandiamide5percent;percentagebasisunreported,OwnTG/LOImethodsPDFp5;cottonpreparationPDFpp3-5,RawownwashedLOIfactnotapprovedpair,2026-10-02,Codex15nativepublisher/textpages;oneprimaryreviewer,,Cellulose,"All15native/textpagesreviewed;noSIcited. OwnTable1partA(PDFp9)aircontrolT5=283.5T10=318.1Tmax=298.2R700=0;30percentFR189.9/243.7/289.4/34.1. NativecontrolTmax298.2retainedasauthorreported,no398.2correction/curveestimation. N2PDFp9proseandFig6p8exactR700control8.5/treated40.8;noexplicitN2peaktemperatures. MethodsPDFp5TG40-700C20K/minN2air. OwnTable3upperblockp12controlLOI18.2;20/30/40initial45.2/52.0/54.5. Abstractp1says30percentinitial52.9and50LC27.2versustextp11/Table3p12initial52.0/50LC27.9:both30percentTGconditionsheldcanonicalLOI/TGblank;raworiginalfactsretainednobest-valuechoice. FifteenwashedLOIstates10/20/30/40/50nativeLC,noownwashedTG;30percent50LCrawLOIconflictcanonicalblank. Other20/40initialLOIhave noowndoseTG. Table1partB(Liu2018b)andTable3lowerblock(Wang2016)arecitedliteraturecomparatorsnotownnewstates. PartB5/10/15BLnotCYDPstates. Nativephosphorousacidmaterialsp3versusphosphoricacidsynthesisp3-4/Scheme2preservedasprecursorconflictnotresolved. 20K/minsameC/mindifference;noconerefinedresidue51.32masslossorEDSsurfaceN/P/SiasbulkFRdose. Twoowncontrolgasconditions/oneindependentstateapproved;19heldfacts.",cotton,"Pure cotton fabric,ChaotianmenMarketChongqingChina;weave and areal density not reported","Pure cotton fabric,ChaotianmenMarketChongqingChina;weave and areal density not reported",,"40percentFR,LC20",held_source_facts,,held_washed_LOI_no_own_TG,journal_article,DOI/title/authorsOriginalResearchPDFp1,,,,,,,held_outside_verified_target,,Cotton-FR40percent-LC20,,,40,42.5,,,,,,,,,,,,,,,,,,,33.56,,,NativepublisheroriginalresearchPDF,MaterialsPDFp3;preparationp4-5;TG/LOImethodsp5;washp6;Fig6p8;Table1ownpartAp9;Table3ownupperblockp12,20,"Cotton8x30cmultrasonicclean30min,distilledwaterrinse,dryconditionsunreported;FRaqueous20/30/40percentpercentagebasisunreported+dicyandiamide5percentbasisunreported;70C1hwaterbath100percentpickup,cure180C6min;noafterpreparationrinse/dryreported",,,,Synthesis of P–N–Si synergistic flame retardant based on a cyclodiphosphazane derivative for use on cotton fabric,https://doi.org/10.1007/s10570-019-02608-5,NativeATCCTestMethod61-2006Roaches;.15percentSDBS49C45minperlabcycle;sourceequatesonecyclefivehomewashes;TablenativeLCcountsretainedwithoutconversion,NoSIcitedall15pages,"Cotton8x30cmultrasonicclean30min,distilledwaterrinse,dryconditionsunreported;FRaqueous20/30/40percentpercentagebasisunreported+dicyandiamide5percentbasisunreported;70C1hwaterbath100percentpickup,cure180C6min;noafterpreparationrinse/dryreported",After20nativeLC,20nativeLCasTable3;conversionnotspecified,2019
10.1007/s10570-019-02608-5,M606B,OwnTable3upperblockPDFp12;LOItextp11,38.1,,ASTMD2863-2000,,,,,,,,,,,,,,,,,,Noownsamewashed-stateTG,,,,,,,,,,Cotton;P-N-SicyclodiphosphazanederivativeFR40percentaqueous+dicyandiamide5percent;percentagebasisunreported,OwnTG/LOImethodsPDFp5;cottonpreparationPDFpp3-5,RawownwashedLOIfactnotapprovedpair,2026-10-02,Codex15nativepublisher/textpages;oneprimaryreviewer,,Cellulose,"All15native/textpagesreviewed;noSIcited. OwnTable1partA(PDFp9)aircontrolT5=283.5T10=318.1Tmax=298.2R700=0;30percentFR189.9/243.7/289.4/34.1. NativecontrolTmax298.2retainedasauthorreported,no398.2correction/curveestimation. N2PDFp9proseandFig6p8exactR700control8.5/treated40.8;noexplicitN2peaktemperatures. MethodsPDFp5TG40-700C20K/minN2air. OwnTable3upperblockp12controlLOI18.2;20/30/40initial45.2/52.0/54.5. Abstractp1says30percentinitial52.9and50LC27.2versustextp11/Table3p12initial52.0/50LC27.9:both30percentTGconditionsheldcanonicalLOI/TGblank;raworiginalfactsretainednobest-valuechoice. FifteenwashedLOIstates10/20/30/40/50nativeLC,noownwashedTG;30percent50LCrawLOIconflictcanonicalblank. Other20/40initialLOIhave noowndoseTG. Table1partB(Liu2018b)andTable3lowerblock(Wang2016)arecitedliteraturecomparatorsnotownnewstates. PartB5/10/15BLnotCYDPstates. Nativephosphorousacidmaterialsp3versusphosphoricacidsynthesisp3-4/Scheme2preservedasprecursorconflictnotresolved. 20K/minsameC/mindifference;noconerefinedresidue51.32masslossorEDSsurfaceN/P/SiasbulkFRdose. Twoowncontrolgasconditions/oneindependentstateapproved;19heldfacts.",cotton,"Pure cotton fabric,ChaotianmenMarketChongqingChina;weave and areal density not reported","Pure cotton fabric,ChaotianmenMarketChongqingChina;weave and areal density not reported",,"40percentFR,LC30",held_source_facts,,held_washed_LOI_no_own_TG,journal_article,DOI/title/authorsOriginalResearchPDFp1,,,,,,,held_outside_verified_target,,Cotton-FR40percent-LC30,,,40,38.1,,,,,,,,,,,,,,,,,,,33.56,,,NativepublisheroriginalresearchPDF,MaterialsPDFp3;preparationp4-5;TG/LOImethodsp5;washp6;Fig6p8;Table1ownpartAp9;Table3ownupperblockp12,30,"Cotton8x30cmultrasonicclean30min,distilledwaterrinse,dryconditionsunreported;FRaqueous20/30/40percentpercentagebasisunreported+dicyandiamide5percentbasisunreported;70C1hwaterbath100percentpickup,cure180C6min;noafterpreparationrinse/dryreported",,,,Synthesis of P–N–Si synergistic flame retardant based on a cyclodiphosphazane derivative for use on cotton fabric,https://doi.org/10.1007/s10570-019-02608-5,NativeATCCTestMethod61-2006Roaches;.15percentSDBS49C45minperlabcycle;sourceequatesonecyclefivehomewashes;TablenativeLCcountsretainedwithoutconversion,NoSIcitedall15pages,"Cotton8x30cmultrasonicclean30min,distilledwaterrinse,dryconditionsunreported;FRaqueous20/30/40percentpercentagebasisunreported+dicyandiamide5percentbasisunreported;70C1hwaterbath100percentpickup,cure180C6min;noafterpreparationrinse/dryreported",After30nativeLC,30nativeLCasTable3;conversionnotspecified,2019
10.1007/s10570-019-02608-5,M606B,OwnTable3upperblockPDFp12;LOItextp11,35.6,,ASTMD2863-2000,,,,,,,,,,,,,,,,,,Noownsamewashed-stateTG,,,,,,,,,,Cotton;P-N-SicyclodiphosphazanederivativeFR40percentaqueous+dicyandiamide5percent;percentagebasisunreported,OwnTG/LOImethodsPDFp5;cottonpreparationPDFpp3-5,RawownwashedLOIfactnotapprovedpair,2026-10-02,Codex15nativepublisher/textpages;oneprimaryreviewer,,Cellulose,"All15native/textpagesreviewed;noSIcited. OwnTable1partA(PDFp9)aircontrolT5=283.5T10=318.1Tmax=298.2R700=0;30percentFR189.9/243.7/289.4/34.1. NativecontrolTmax298.2retainedasauthorreported,no398.2correction/curveestimation. N2PDFp9proseandFig6p8exactR700control8.5/treated40.8;noexplicitN2peaktemperatures. MethodsPDFp5TG40-700C20K/minN2air. OwnTable3upperblockp12controlLOI18.2;20/30/40initial45.2/52.0/54.5. Abstractp1says30percentinitial52.9and50LC27.2versustextp11/Table3p12initial52.0/50LC27.9:both30percentTGconditionsheldcanonicalLOI/TGblank;raworiginalfactsretainednobest-valuechoice. FifteenwashedLOIstates10/20/30/40/50nativeLC,noownwashedTG;30percent50LCrawLOIconflictcanonicalblank. Other20/40initialLOIhave noowndoseTG. Table1partB(Liu2018b)andTable3lowerblock(Wang2016)arecitedliteraturecomparatorsnotownnewstates. PartB5/10/15BLnotCYDPstates. Nativephosphorousacidmaterialsp3versusphosphoricacidsynthesisp3-4/Scheme2preservedasprecursorconflictnotresolved. 20K/minsameC/mindifference;noconerefinedresidue51.32masslossorEDSsurfaceN/P/SiasbulkFRdose. Twoowncontrolgasconditions/oneindependentstateapproved;19heldfacts.",cotton,"Pure cotton fabric,ChaotianmenMarketChongqingChina;weave and areal density not reported","Pure cotton fabric,ChaotianmenMarketChongqingChina;weave and areal density not reported",,"40percentFR,LC40",held_source_facts,,held_washed_LOI_no_own_TG,journal_article,DOI/title/authorsOriginalResearchPDFp1,,,,,,,held_outside_verified_target,,Cotton-FR40percent-LC40,,,40,35.6,,,,,,,,,,,,,,,,,,,33.56,,,NativepublisheroriginalresearchPDF,MaterialsPDFp3;preparationp4-5;TG/LOImethodsp5;washp6;Fig6p8;Table1ownpartAp9;Table3ownupperblockp12,40,"Cotton8x30cmultrasonicclean30min,distilledwaterrinse,dryconditionsunreported;FRaqueous20/30/40percentpercentagebasisunreported+dicyandiamide5percentbasisunreported;70C1hwaterbath100percentpickup,cure180C6min;noafterpreparationrinse/dryreported",,,,Synthesis of P–N–Si synergistic flame retardant based on a cyclodiphosphazane derivative for use on cotton fabric,https://doi.org/10.1007/s10570-019-02608-5,NativeATCCTestMethod61-2006Roaches;.15percentSDBS49C45minperlabcycle;sourceequatesonecyclefivehomewashes;TablenativeLCcountsretainedwithoutconversion,NoSIcitedall15pages,"Cotton8x30cmultrasonicclean30min,distilledwaterrinse,dryconditionsunreported;FRaqueous20/30/40percentpercentagebasisunreported+dicyandiamide5percentbasisunreported;70C1hwaterbath100percentpickup,cure180C6min;noafterpreparationrinse/dryreported",After40nativeLC,40nativeLCasTable3;conversionnotspecified,2019
10.1007/s10570-019-02608-5,M606B,OwnTable3upperblockPDFp12;LOItextp11,30.3,,ASTMD2863-2000,,,,,,,,,,,,,,,,,,Noownsamewashed-stateTG,,,,,,,,,,Cotton;P-N-SicyclodiphosphazanederivativeFR40percentaqueous+dicyandiamide5percent;percentagebasisunreported,OwnTG/LOImethodsPDFp5;cottonpreparationPDFpp3-5,RawownwashedLOIfactnotapprovedpair,2026-10-02,Codex15nativepublisher/textpages;oneprimaryreviewer,,Cellulose,"All15native/textpagesreviewed;noSIcited. OwnTable1partA(PDFp9)aircontrolT5=283.5T10=318.1Tmax=298.2R700=0;30percentFR189.9/243.7/289.4/34.1. NativecontrolTmax298.2retainedasauthorreported,no398.2correction/curveestimation. N2PDFp9proseandFig6p8exactR700control8.5/treated40.8;noexplicitN2peaktemperatures. MethodsPDFp5TG40-700C20K/minN2air. OwnTable3upperblockp12controlLOI18.2;20/30/40initial45.2/52.0/54.5. Abstractp1says30percentinitial52.9and50LC27.2versustextp11/Table3p12initial52.0/50LC27.9:both30percentTGconditionsheldcanonicalLOI/TGblank;raworiginalfactsretainednobest-valuechoice. FifteenwashedLOIstates10/20/30/40/50nativeLC,noownwashedTG;30percent50LCrawLOIconflictcanonicalblank. Other20/40initialLOIhave noowndoseTG. Table1partB(Liu2018b)andTable3lowerblock(Wang2016)arecitedliteraturecomparatorsnotownnewstates. PartB5/10/15BLnotCYDPstates. Nativephosphorousacidmaterialsp3versusphosphoricacidsynthesisp3-4/Scheme2preservedasprecursorconflictnotresolved. 20K/minsameC/mindifference;noconerefinedresidue51.32masslossorEDSsurfaceN/P/SiasbulkFRdose. Twoowncontrolgasconditions/oneindependentstateapproved;19heldfacts.",cotton,"Pure cotton fabric,ChaotianmenMarketChongqingChina;weave and areal density not reported","Pure cotton fabric,ChaotianmenMarketChongqingChina;weave and areal density not reported",,"40percentFR,LC50",held_source_facts,,held_washed_LOI_no_own_TG,journal_article,DOI/title/authorsOriginalResearchPDFp1,,,,,,,held_outside_verified_target,,Cotton-FR40percent-LC50,,,40,30.3,,,,,,,,,,,,,,,,,,,33.56,,,NativepublisheroriginalresearchPDF,MaterialsPDFp3;preparationp4-5;TG/LOImethodsp5;washp6;Fig6p8;Table1ownpartAp9;Table3ownupperblockp12,50,"Cotton8x30cmultrasonicclean30min,distilledwaterrinse,dryconditionsunreported;FRaqueous20/30/40percentpercentagebasisunreported+dicyandiamide5percentbasisunreported;70C1hwaterbath100percentpickup,cure180C6min;noafterpreparationrinse/dryreported",,,,Synthesis of P–N–Si synergistic flame retardant based on a cyclodiphosphazane derivative for use on cotton fabric,https://doi.org/10.1007/s10570-019-02608-5,NativeATCCTestMethod61-2006Roaches;.15percentSDBS49C45minperlabcycle;sourceequatesonecyclefivehomewashes;TablenativeLCcountsretainedwithoutconversion,NoSIcitedall15pages,"Cotton8x30cmultrasonicclean30min,distilledwaterrinse,dryconditionsunreported;FRaqueous20/30/40percentpercentagebasisunreported+dicyandiamide5percentbasisunreported;70C1hwaterbath100percentpickup,cure180C6min;noafterpreparationrinse/dryreported",After50nativeLC,50nativeLCasTable3;conversionnotspecified,2019
10.1007/s10570-019-02465-2,LFY606B,Table1PDFp6,18.2,150x58,GB/T5454-1997,,,,,,,,,,,,,,280,,STA6000,800,"OwnthermaltextPDFp8-9;Fig8a,cPDFp10",40,368,,,,,N2,11.2,800,Untreatedcotton;noDTSP,TG/LOImethodsPDFp4;fabricpreparationPDFp3,TG+LOI,2026-10-02,Codex14nativepublisher/textpages;oneprimaryreviewer,10,Cellulose,"All14native/textpagesreviewed,noSIcited. Table1PDFp6controlLOI18.2;DTSP10/20/30wtpercentbathLOI24.4/28.2/30.3withWG5/9/16. Thermaltextp8-9andFig8p10explicitcontrolandCotton-DTSP30only. N2owncontrolT5=280Tmax368R80011.2;DTSP30T5269Tmax315R80040.0. AirownexacttextR800control3.4/DTSP3017.5;noairnumericT5/Tmaxreported,nocurvedigitization. MethodsSTA6000N2air10C/min40-800Cp4. NativeT5masslossnotgenericTonset;nitrogencharatTmax42.0/75.2rawvariableresiduedistinctfromR80011.2/40.0. Coneresidue17.97notTGairR80017.5. Coatingbath30wtpercentnotfabricloading16WG;10/20doseTGabsent. Table4PDFp13DTSP30washed5/10/15/20LCLOI28.6/27.7/27.2/27.0withnoownwashedTG;preparationrinseinitialnotwash5LC. LOILFY606BGBT5454-1997dims150x58mm;five-replicatessentencepertainstensiletestnotLOI/TG. Fourapprovedgasconditions/twoindependentstates;6helddose/washfacts.",cotton,"Desized,scoured and bleached cotton fabric,QingdaoFenghuangDyeingPrintingChina;weave/areal density not reported","Desized,scoured and bleached cotton fabric,QingdaoFenghuangDyeingPrintingChina;weave/areal density not reported","Desized,scoured and bleached cotton fabric,QingdaoFenghuangDyeingPrintingChina;weave/areal density not reported",Control cotton,explicit_text,"OwnTable1PDFp6LOIandexactthermaltextPDFpp8-9/Fig8p10areexplicitcontrolandCotton-DTSP30;bothnativegasconditionsSTA600040-800C10C/minp4;whole14pagesnoSIcited. 30wtpercentbathWG16initialpreparationrinse;notdurabilitywashedstate. NativeN2T5/Tmaxonly;airR800onlynoairpeakestimate,noparallelgastransfer;variablecharatDTGpeakdistinctfromfixedR800;coneresidue17.97notTG17.5.",verified_exact,journal_article,DOI/title/authorsOriginalResearchPDFp1,,,,,11.2,800,source_review_approved,c38b63901db076a8c9e80311582ecd9f314fc4f2f60229bd2b77cf3c999c3e7d,Control-cotton,0,,,,,,,,11.2,,,,,,,,,,,,,,,0,,NativepublisheroriginalresearchPDF,Materialsp2;preparationp3;TG/LOImethodsp4;Table1p6;thermaltextp8-9;Fig8p10;washedTable4p13,,"Cotton10percentNaOH1h,tapwaterrinse,dry70C1h;DTSP10/20/30wtpercentinethanol/water1:3,immerse30min2dip2nip90percentpickup0.1MPa;dry100C5min,cure160C10min;tapwaterrinsetoremoveunboundcompounds,dry70C1h;preparationrinseisinitialnotdurabilitywash",368,42.0,,Facile synthesis of novel reactive phosphoramidate siloxane and application to flame retardant cellulose fabrics,https://doi.org/10.1007/s10570-019-02465-2,,NoSIcitedall14pages,Untreatedcontrolasreported,Initialaspreparedfabric,Initialasprepared;postcuringpreparationrinseincluded;0durabilitycycles,2019
10.1007/s10570-019-02465-2,LFY606B,Table1PDFp6,18.2,150x58,GB/T5454-1997,,,,,,,,,,,,,,,,STA6000,800,"OwnthermaltextPDFp9;Fig8b,dPDFp10",40,,,,,,air,3.4,800,Untreatedcotton;noDTSP,TG/LOImethodsPDFp4;fabricpreparationPDFp3,TG+LOI,2026-10-02,Codex14nativepublisher/textpages;oneprimaryreviewer,10,Cellulose,"All14native/textpagesreviewed,noSIcited. Table1PDFp6controlLOI18.2;DTSP10/20/30wtpercentbathLOI24.4/28.2/30.3withWG5/9/16. Thermaltextp8-9andFig8p10explicitcontrolandCotton-DTSP30only. N2owncontrolT5=280Tmax368R80011.2;DTSP30T5269Tmax315R80040.0. AirownexacttextR800control3.4/DTSP3017.5;noairnumericT5/Tmaxreported,nocurvedigitization. MethodsSTA6000N2air10C/min40-800Cp4. NativeT5masslossnotgenericTonset;nitrogencharatTmax42.0/75.2rawvariableresiduedistinctfromR80011.2/40.0. Coneresidue17.97notTGairR80017.5. Coatingbath30wtpercentnotfabricloading16WG;10/20doseTGabsent. Table4PDFp13DTSP30washed5/10/15/20LCLOI28.6/27.7/27.2/27.0withnoownwashedTG;preparationrinseinitialnotwash5LC. LOILFY606BGBT5454-1997dims150x58mm;five-replicatessentencepertainstensiletestnotLOI/TG. Fourapprovedgasconditions/twoindependentstates;6helddose/washfacts.",cotton,"Desized,scoured and bleached cotton fabric,QingdaoFenghuangDyeingPrintingChina;weave/areal density not reported","Desized,scoured and bleached cotton fabric,QingdaoFenghuangDyeingPrintingChina;weave/areal density not reported","Desized,scoured and bleached cotton fabric,QingdaoFenghuangDyeingPrintingChina;weave/areal density not reported",Control cotton,explicit_text,"OwnTable1PDFp6LOIandexactthermaltextPDFpp8-9/Fig8p10areexplicitcontrolandCotton-DTSP30;bothnativegasconditionsSTA600040-800C10C/minp4;whole14pagesnoSIcited. 30wtpercentbathWG16initialpreparationrinse;notdurabilitywashedstate. NativeN2T5/Tmaxonly;airR800onlynoairpeakestimate,noparallelgastransfer;variablecharatDTGpeakdistinctfromfixedR800;coneresidue17.97notTG17.5.",verified_exact,journal_article,DOI/title/authorsOriginalResearchPDFp1,,,,,3.4,800,source_review_approved,3720560c080dd55f35305c04d332ea0ef3ff72e6c2485c6b492e8e7aa932a8c7,Control-cotton,0,,,,,,,,3.4,,,,,,,,,,,,,,,0,,NativepublisheroriginalresearchPDF,Materialsp2;preparationp3;TG/LOImethodsp4;Table1p6;thermaltextp8-9;Fig8p10;washedTable4p13,,"Cotton10percentNaOH1h,tapwaterrinse,dry70C1h;DTSP10/20/30wtpercentinethanol/water1:3,immerse30min2dip2nip90percentpickup0.1MPa;dry100C5min,cure160C10min;tapwaterrinsetoremoveunboundcompounds,dry70C1h;preparationrinseisinitialnotdurabilitywash",,,,Facile synthesis of novel reactive phosphoramidate siloxane and application to flame retardant cellulose fabrics,https://doi.org/10.1007/s10570-019-02465-2,,NoSIcitedall14pages,Untreatedcontrolasreported,Initialaspreparedfabric,Initialasprepared;postcuringpreparationrinseincluded;0durabilitycycles,2019
10.1007/s10570-019-02465-2,LFY606B,Table1PDFp6,30.3,150x58,GB/T5454-1997,,,,,,,,,,,,,,269,,STA6000,800,"OwnthermaltextPDFp8-9;Fig8a,cPDFp10",40,315,,,,,N2,40,800,Cotton;DTSP30wtpercentbath;WG16percent,TG/LOImethodsPDFp4;fabricpreparationPDFp3,TG+LOI,2026-10-02,Codex14nativepublisher/textpages;oneprimaryreviewer,10,Cellulose,"All14native/textpagesreviewed,noSIcited. Table1PDFp6controlLOI18.2;DTSP10/20/30wtpercentbathLOI24.4/28.2/30.3withWG5/9/16. Thermaltextp8-9andFig8p10explicitcontrolandCotton-DTSP30only. N2owncontrolT5=280Tmax368R80011.2;DTSP30T5269Tmax315R80040.0. AirownexacttextR800control3.4/DTSP3017.5;noairnumericT5/Tmaxreported,nocurvedigitization. MethodsSTA6000N2air10C/min40-800Cp4. NativeT5masslossnotgenericTonset;nitrogencharatTmax42.0/75.2rawvariableresiduedistinctfromR80011.2/40.0. Coneresidue17.97notTGairR80017.5. Coatingbath30wtpercentnotfabricloading16WG;10/20doseTGabsent. Table4PDFp13DTSP30washed5/10/15/20LCLOI28.6/27.7/27.2/27.0withnoownwashedTG;preparationrinseinitialnotwash5LC. LOILFY606BGBT5454-1997dims150x58mm;five-replicatessentencepertainstensiletestnotLOI/TG. Fourapprovedgasconditions/twoindependentstates;6helddose/washfacts.",cotton,"Desized,scoured and bleached cotton fabric,QingdaoFenghuangDyeingPrintingChina;weave/areal density not reported","Desized,scoured and bleached cotton fabric,QingdaoFenghuangDyeingPrintingChina;weave/areal density not reported","Desized,scoured and bleached cotton fabric,QingdaoFenghuangDyeingPrintingChina;weave/areal density not reported",Cotton-DTSP-30,explicit_text,"OwnTable1PDFp6LOIandexactthermaltextPDFpp8-9/Fig8p10areexplicitcontrolandCotton-DTSP30;bothnativegasconditionsSTA600040-800C10C/minp4;whole14pagesnoSIcited. 30wtpercentbathWG16initialpreparationrinse;notdurabilitywashedstate. NativeN2T5/Tmaxonly;airR800onlynoairpeakestimate,noparallelgastransfer;variablecharatDTGpeakdistinctfromfixedR800;coneresidue17.97notTG17.5.",verified_exact,journal_article,DOI/title/authorsOriginalResearchPDFp1,,,,,40,800,source_review_approved,019156ad34299b3a9ff49c852f6faf77221758deff501b8dfcec926409e8fe5d,Cotton-DTSP-30,30,,,,,,,,40,,,,,,,,,,,,,,,16,,NativepublisheroriginalresearchPDF,Materialsp2;preparationp3;TG/LOImethodsp4;Table1p6;thermaltextp8-9;Fig8p10;washedTable4p13,,"Cotton10percentNaOH1h,tapwaterrinse,dry70C1h;DTSP10/20/30wtpercentinethanol/water1:3,immerse30min2dip2nip90percentpickup0.1MPa;dry100C5min,cure160C10min;tapwaterrinsetoremoveunboundcompounds,dry70C1h;preparationrinseisinitialnotdurabilitywash",315,75.2,,Facile synthesis of novel reactive phosphoramidate siloxane and application to flame retardant cellulose fabrics,https://doi.org/10.1007/s10570-019-02465-2,,NoSIcitedall14pages,"Cotton10percentNaOH1h,tapwaterrinse,dry70C1h;DTSP10/20/30wtpercentinethanol/water1:3,immerse30min2dip2nip90percentpickup0.1MPa;dry100C5min,cure160C10min;tapwaterrinsetoremoveunboundcompounds,dry70C1h;preparationrinseisinitialnotdurabilitywash",Initialaspreparedfabric,Initialasprepared;postcuringpreparationrinseincluded;0durabilitycycles,2019
10.1007/s10570-019-02465-2,LFY606B,Table1PDFp6,30.3,150x58,GB/T5454-1997,,,,,,,,,,,,,,,,STA6000,800,"OwnthermaltextPDFp9;Fig8b,dPDFp10",40,,,,,,air,17.5,800,Cotton;DTSP30wtpercentbath;WG16percent,TG/LOImethodsPDFp4;fabricpreparationPDFp3,TG+LOI,2026-10-02,Codex14nativepublisher/textpages;oneprimaryreviewer,10,Cellulose,"All14native/textpagesreviewed,noSIcited. Table1PDFp6controlLOI18.2;DTSP10/20/30wtpercentbathLOI24.4/28.2/30.3withWG5/9/16. Thermaltextp8-9andFig8p10explicitcontrolandCotton-DTSP30only. N2owncontrolT5=280Tmax368R80011.2;DTSP30T5269Tmax315R80040.0. AirownexacttextR800control3.4/DTSP3017.5;noairnumericT5/Tmaxreported,nocurvedigitization. MethodsSTA6000N2air10C/min40-800Cp4. NativeT5masslossnotgenericTonset;nitrogencharatTmax42.0/75.2rawvariableresiduedistinctfromR80011.2/40.0. Coneresidue17.97notTGairR80017.5. Coatingbath30wtpercentnotfabricloading16WG;10/20doseTGabsent. Table4PDFp13DTSP30washed5/10/15/20LCLOI28.6/27.7/27.2/27.0withnoownwashedTG;preparationrinseinitialnotwash5LC. LOILFY606BGBT5454-1997dims150x58mm;five-replicatessentencepertainstensiletestnotLOI/TG. Fourapprovedgasconditions/twoindependentstates;6helddose/washfacts.",cotton,"Desized,scoured and bleached cotton fabric,QingdaoFenghuangDyeingPrintingChina;weave/areal density not reported","Desized,scoured and bleached cotton fabric,QingdaoFenghuangDyeingPrintingChina;weave/areal density not reported","Desized,scoured and bleached cotton fabric,QingdaoFenghuangDyeingPrintingChina;weave/areal density not reported",Cotton-DTSP-30,explicit_text,"OwnTable1PDFp6LOIandexactthermaltextPDFpp8-9/Fig8p10areexplicitcontrolandCotton-DTSP30;bothnativegasconditionsSTA600040-800C10C/minp4;whole14pagesnoSIcited. 30wtpercentbathWG16initialpreparationrinse;notdurabilitywashedstate. NativeN2T5/Tmaxonly;airR800onlynoairpeakestimate,noparallelgastransfer;variablecharatDTGpeakdistinctfromfixedR800;coneresidue17.97notTG17.5.",verified_exact,journal_article,DOI/title/authorsOriginalResearchPDFp1,,,,,17.5,800,source_review_approved,e0cbcdaf9e62c1dfb8bfb5f303c137779c90f7a649bfd3f4796ebcd685b171e2,Cotton-DTSP-30,30,,,,,,,,17.5,,,,,,,,,,,,,,,16,,NativepublisheroriginalresearchPDF,Materialsp2;preparationp3;TG/LOImethodsp4;Table1p6;thermaltextp8-9;Fig8p10;washedTable4p13,,"Cotton10percentNaOH1h,tapwaterrinse,dry70C1h;DTSP10/20/30wtpercentinethanol/water1:3,immerse30min2dip2nip90percentpickup0.1MPa;dry100C5min,cure160C10min;tapwaterrinsetoremoveunboundcompounds,dry70C1h;preparationrinseisinitialnotdurabilitywash",,,,Facile synthesis of novel reactive phosphoramidate siloxane and application to flame retardant cellulose fabrics,https://doi.org/10.1007/s10570-019-02465-2,,NoSIcitedall14pages,"Cotton10percentNaOH1h,tapwaterrinse,dry70C1h;DTSP10/20/30wtpercentinethanol/water1:3,immerse30min2dip2nip90percentpickup0.1MPa;dry100C5min,cure160C10min;tapwaterrinsetoremoveunboundcompounds,dry70C1h;preparationrinseisinitialnotdurabilitywash",Initialaspreparedfabric,Initialasprepared;postcuringpreparationrinseincluded;0durabilitycycles,2019
10.1007/s10570-019-02465-2,LFY606B,Table1PDFp6,24.4,150x58,GB/T5454-1997,,,,,,,,,,,,,,,,,,Noowndose-specificTG;Fig8onlyDTSP30,,,,,,,,,,Cotton;DTSP10wtpercentbath;initialWG5percent,TG/LOImethodsPDFp4;fabricpreparationPDFp3,RawownLOIfactsnotapprovedpair,2026-10-02,Codex14nativepublisher/textpages;oneprimaryreviewer,,Cellulose,"All14native/textpagesreviewed,noSIcited. Table1PDFp6controlLOI18.2;DTSP10/20/30wtpercentbathLOI24.4/28.2/30.3withWG5/9/16. Thermaltextp8-9andFig8p10explicitcontrolandCotton-DTSP30only. N2owncontrolT5=280Tmax368R80011.2;DTSP30T5269Tmax315R80040.0. AirownexacttextR800control3.4/DTSP3017.5;noairnumericT5/Tmaxreported,nocurvedigitization. MethodsSTA6000N2air10C/min40-800Cp4. NativeT5masslossnotgenericTonset;nitrogencharatTmax42.0/75.2rawvariableresiduedistinctfromR80011.2/40.0. Coneresidue17.97notTGairR80017.5. Coatingbath30wtpercentnotfabricloading16WG;10/20doseTGabsent. Table4PDFp13DTSP30washed5/10/15/20LCLOI28.6/27.7/27.2/27.0withnoownwashedTG;preparationrinseinitialnotwash5LC. LOILFY606BGBT5454-1997dims150x58mm;five-replicatessentencepertainstensiletestnotLOI/TG. Fourapprovedgasconditions/twoindependentstates;6helddose/washfacts.",cotton,"Desized,scoured and bleached cotton fabric,QingdaoFenghuangDyeingPrintingChina;weave/areal density not reported","Desized,scoured and bleached cotton fabric,QingdaoFenghuangDyeingPrintingChina;weave/areal density not reported",,Cotton-DTSP-10,held_source_facts,,held_dose_specific_LOI_no_own_TG,journal_article,DOI/title/authorsOriginalResearchPDFp1,,,,,,,held_outside_verified_target,,Cotton-DTSP-10,10,,,,,,,,,,,,,,,,,,,,,,5,,,NativepublisheroriginalresearchPDF,Materialsp2;preparationp3;TG/LOImethodsp4;Table1p6;thermaltextp8-9;Fig8p10;washedTable4p13,0,"Cotton10percentNaOH1h,tapwaterrinse,dry70C1h;DTSP10/20/30wtpercentinethanol/water1:3,immerse30min2dip2nip90percentpickup0.1MPa;dry100C5min,cure160C10min;tapwaterrinsetoremoveunboundcompounds,dry70C1h;preparationrinseisinitialnotdurabilitywash",,,,Facile synthesis of novel reactive phosphoramidate siloxane and application to flame retardant cellulose fabrics,https://doi.org/10.1007/s10570-019-02465-2,,NoSIcitedall14pages,"Cotton10percentNaOH1h,tapwaterrinse,dry70C1h;DTSP10/20/30wtpercentinethanol/water1:3,immerse30min2dip2nip90percentpickup0.1MPa;dry100C5min,cure160C10min;tapwaterrinsetoremoveunboundcompounds,dry70C1h;preparationrinseisinitialnotdurabilitywash",Initialaspreparedfabric,Initialasprepared;postcuringpreparationrinseincluded;0durabilitycycles,2019
10.1007/s10570-019-02465-2,LFY606B,Table1PDFp6,28.2,150x58,GB/T5454-1997,,,,,,,,,,,,,,,,,,Noowndose-specificTG;Fig8onlyDTSP30,,,,,,,,,,Cotton;DTSP20wtpercentbath;initialWG9percent,TG/LOImethodsPDFp4;fabricpreparationPDFp3,RawownLOIfactsnotapprovedpair,2026-10-02,Codex14nativepublisher/textpages;oneprimaryreviewer,,Cellulose,"All14native/textpagesreviewed,noSIcited. Table1PDFp6controlLOI18.2;DTSP10/20/30wtpercentbathLOI24.4/28.2/30.3withWG5/9/16. Thermaltextp8-9andFig8p10explicitcontrolandCotton-DTSP30only. N2owncontrolT5=280Tmax368R80011.2;DTSP30T5269Tmax315R80040.0. AirownexacttextR800control3.4/DTSP3017.5;noairnumericT5/Tmaxreported,nocurvedigitization. MethodsSTA6000N2air10C/min40-800Cp4. NativeT5masslossnotgenericTonset;nitrogencharatTmax42.0/75.2rawvariableresiduedistinctfromR80011.2/40.0. Coneresidue17.97notTGairR80017.5. Coatingbath30wtpercentnotfabricloading16WG;10/20doseTGabsent. Table4PDFp13DTSP30washed5/10/15/20LCLOI28.6/27.7/27.2/27.0withnoownwashedTG;preparationrinseinitialnotwash5LC. LOILFY606BGBT5454-1997dims150x58mm;five-replicatessentencepertainstensiletestnotLOI/TG. Fourapprovedgasconditions/twoindependentstates;6helddose/washfacts.",cotton,"Desized,scoured and bleached cotton fabric,QingdaoFenghuangDyeingPrintingChina;weave/areal density not reported","Desized,scoured and bleached cotton fabric,QingdaoFenghuangDyeingPrintingChina;weave/areal density not reported",,Cotton-DTSP-20,held_source_facts,,held_dose_specific_LOI_no_own_TG,journal_article,DOI/title/authorsOriginalResearchPDFp1,,,,,,,held_outside_verified_target,,Cotton-DTSP-20,20,,,,,,,,,,,,,,,,,,,,,,9,,,NativepublisheroriginalresearchPDF,Materialsp2;preparationp3;TG/LOImethodsp4;Table1p6;thermaltextp8-9;Fig8p10;washedTable4p13,0,"Cotton10percentNaOH1h,tapwaterrinse,dry70C1h;DTSP10/20/30wtpercentinethanol/water1:3,immerse30min2dip2nip90percentpickup0.1MPa;dry100C5min,cure160C10min;tapwaterrinsetoremoveunboundcompounds,dry70C1h;preparationrinseisinitialnotdurabilitywash",,,,Facile synthesis of novel reactive phosphoramidate siloxane and application to flame retardant cellulose fabrics,https://doi.org/10.1007/s10570-019-02465-2,,NoSIcitedall14pages,"Cotton10percentNaOH1h,tapwaterrinse,dry70C1h;DTSP10/20/30wtpercentinethanol/water1:3,immerse30min2dip2nip90percentpickup0.1MPa;dry100C5min,cure160C10min;tapwaterrinsetoremoveunboundcompounds,dry70C1h;preparationrinseisinitialnotdurabilitywash",Initialaspreparedfabric,Initialasprepared;postcuringpreparationrinseincluded;0durabilitycycles,2019
10.1007/s10570-019-02465-2,LFY606B,Table4PDFp13,28.6,150x58,GB/T5454-1997,,,,,,,,,,,,,,,,,,NoownsamewashedTG,,,,,,,,,,Cotton;DTSP30wtpercentbath;initialWG16percent,TG/LOImethodsPDFp4;fabricpreparationPDFp3,RawownLOIfactsnotapprovedpair,2026-10-02,Codex14nativepublisher/textpages;oneprimaryreviewer,,Cellulose,"All14native/textpagesreviewed,noSIcited. Table1PDFp6controlLOI18.2;DTSP10/20/30wtpercentbathLOI24.4/28.2/30.3withWG5/9/16. Thermaltextp8-9andFig8p10explicitcontrolandCotton-DTSP30only. N2owncontrolT5=280Tmax368R80011.2;DTSP30T5269Tmax315R80040.0. AirownexacttextR800control3.4/DTSP3017.5;noairnumericT5/Tmaxreported,nocurvedigitization. MethodsSTA6000N2air10C/min40-800Cp4. NativeT5masslossnotgenericTonset;nitrogencharatTmax42.0/75.2rawvariableresiduedistinctfromR80011.2/40.0. Coneresidue17.97notTGairR80017.5. Coatingbath30wtpercentnotfabricloading16WG;10/20doseTGabsent. Table4PDFp13DTSP30washed5/10/15/20LCLOI28.6/27.7/27.2/27.0withnoownwashedTG;preparationrinseinitialnotwash5LC. LOILFY606BGBT5454-1997dims150x58mm;five-replicatessentencepertainstensiletestnotLOI/TG. Fourapprovedgasconditions/twoindependentstates;6helddose/washfacts.",cotton,"Desized,scoured and bleached cotton fabric,QingdaoFenghuangDyeingPrintingChina;weave/areal density not reported","Desized,scoured and bleached cotton fabric,QingdaoFenghuangDyeingPrintingChina;weave/areal density not reported",,Cotton-DTSP-30-LC5,held_source_facts,,held_washed_LOI_no_own_TG,journal_article,DOI/title/authorsOriginalResearchPDFp1,,,,,,,held_outside_verified_target,,Cotton-DTSP-30-LC5,30,,,,,,,,,,,,,,,,,,,,,,16,,,NativepublisheroriginalresearchPDF,Materialsp2;preparationp3;TG/LOImethodsp4;Table1p6;thermaltextp8-9;Fig8p10;washedTable4p13,5,"Cotton10percentNaOH1h,tapwaterrinse,dry70C1h;DTSP10/20/30wtpercentinethanol/water1:3,immerse30min2dip2nip90percentpickup0.1MPa;dry100C5min,cure160C10min;tapwaterrinsetoremoveunboundcompounds,dry70C1h;preparationrinseisinitialnotdurabilitywash",,,,Facile synthesis of novel reactive phosphoramidate siloxane and application to flame retardant cellulose fabrics,https://doi.org/10.1007/s10570-019-02465-2,"0.5percentdetergentsolutionidentityunreported,49C15min80rpmpercycle;5/10/15/20cycles,distilledwaterrinse,dry70C1h;nosamewashedTGreported",NoSIcitedall14pages,"Cotton10percentNaOH1h,tapwaterrinse,dry70C1h;DTSP10/20/30wtpercentinethanol/water1:3,immerse30min2dip2nip90percentpickup0.1MPa;dry100C5min,cure160C10min;tapwaterrinsetoremoveunboundcompounds,dry70C1h;preparationrinseisinitialnotdurabilitywash",After5durabilitywashcycles,After5durabilitywashcycles,2019
10.1007/s10570-019-02465-2,LFY606B,Table4PDFp13,27.7,150x58,GB/T5454-1997,,,,,,,,,,,,,,,,,,NoownsamewashedTG,,,,,,,,,,Cotton;DTSP30wtpercentbath;initialWG16percent,TG/LOImethodsPDFp4;fabricpreparationPDFp3,RawownLOIfactsnotapprovedpair,2026-10-02,Codex14nativepublisher/textpages;oneprimaryreviewer,,Cellulose,"All14native/textpagesreviewed,noSIcited. Table1PDFp6controlLOI18.2;DTSP10/20/30wtpercentbathLOI24.4/28.2/30.3withWG5/9/16. Thermaltextp8-9andFig8p10explicitcontrolandCotton-DTSP30only. N2owncontrolT5=280Tmax368R80011.2;DTSP30T5269Tmax315R80040.0. AirownexacttextR800control3.4/DTSP3017.5;noairnumericT5/Tmaxreported,nocurvedigitization. MethodsSTA6000N2air10C/min40-800Cp4. NativeT5masslossnotgenericTonset;nitrogencharatTmax42.0/75.2rawvariableresiduedistinctfromR80011.2/40.0. Coneresidue17.97notTGairR80017.5. Coatingbath30wtpercentnotfabricloading16WG;10/20doseTGabsent. Table4PDFp13DTSP30washed5/10/15/20LCLOI28.6/27.7/27.2/27.0withnoownwashedTG;preparationrinseinitialnotwash5LC. LOILFY606BGBT5454-1997dims150x58mm;five-replicatessentencepertainstensiletestnotLOI/TG. Fourapprovedgasconditions/twoindependentstates;6helddose/washfacts.",cotton,"Desized,scoured and bleached cotton fabric,QingdaoFenghuangDyeingPrintingChina;weave/areal density not reported","Desized,scoured and bleached cotton fabric,QingdaoFenghuangDyeingPrintingChina;weave/areal density not reported",,Cotton-DTSP-30-LC10,held_source_facts,,held_washed_LOI_no_own_TG,journal_article,DOI/title/authorsOriginalResearchPDFp1,,,,,,,held_outside_verified_target,,Cotton-DTSP-30-LC10,30,,,,,,,,,,,,,,,,,,,,,,16,,,NativepublisheroriginalresearchPDF,Materialsp2;preparationp3;TG/LOImethodsp4;Table1p6;thermaltextp8-9;Fig8p10;washedTable4p13,10,"Cotton10percentNaOH1h,tapwaterrinse,dry70C1h;DTSP10/20/30wtpercentinethanol/water1:3,immerse30min2dip2nip90percentpickup0.1MPa;dry100C5min,cure160C10min;tapwaterrinsetoremoveunboundcompounds,dry70C1h;preparationrinseisinitialnotdurabilitywash",,,,Facile synthesis of novel reactive phosphoramidate siloxane and application to flame retardant cellulose fabrics,https://doi.org/10.1007/s10570-019-02465-2,"0.5percentdetergentsolutionidentityunreported,49C15min80rpmpercycle;5/10/15/20cycles,distilledwaterrinse,dry70C1h;nosamewashedTGreported",NoSIcitedall14pages,"Cotton10percentNaOH1h,tapwaterrinse,dry70C1h;DTSP10/20/30wtpercentinethanol/water1:3,immerse30min2dip2nip90percentpickup0.1MPa;dry100C5min,cure160C10min;tapwaterrinsetoremoveunboundcompounds,dry70C1h;preparationrinseisinitialnotdurabilitywash",After10durabilitywashcycles,After10durabilitywashcycles,2019
10.1007/s10570-019-02465-2,LFY606B,Table4PDFp13,27.2,150x58,GB/T5454-1997,,,,,,,,,,,,,,,,,,NoownsamewashedTG,,,,,,,,,,Cotton;DTSP30wtpercentbath;initialWG16percent,TG/LOImethodsPDFp4;fabricpreparationPDFp3,RawownLOIfactsnotapprovedpair,2026-10-02,Codex14nativepublisher/textpages;oneprimaryreviewer,,Cellulose,"All14native/textpagesreviewed,noSIcited. Table1PDFp6controlLOI18.2;DTSP10/20/30wtpercentbathLOI24.4/28.2/30.3withWG5/9/16. Thermaltextp8-9andFig8p10explicitcontrolandCotton-DTSP30only. N2owncontrolT5=280Tmax368R80011.2;DTSP30T5269Tmax315R80040.0. AirownexacttextR800control3.4/DTSP3017.5;noairnumericT5/Tmaxreported,nocurvedigitization. MethodsSTA6000N2air10C/min40-800Cp4. NativeT5masslossnotgenericTonset;nitrogencharatTmax42.0/75.2rawvariableresiduedistinctfromR80011.2/40.0. Coneresidue17.97notTGairR80017.5. Coatingbath30wtpercentnotfabricloading16WG;10/20doseTGabsent. Table4PDFp13DTSP30washed5/10/15/20LCLOI28.6/27.7/27.2/27.0withnoownwashedTG;preparationrinseinitialnotwash5LC. LOILFY606BGBT5454-1997dims150x58mm;five-replicatessentencepertainstensiletestnotLOI/TG. Fourapprovedgasconditions/twoindependentstates;6helddose/washfacts.",cotton,"Desized,scoured and bleached cotton fabric,QingdaoFenghuangDyeingPrintingChina;weave/areal density not reported","Desized,scoured and bleached cotton fabric,QingdaoFenghuangDyeingPrintingChina;weave/areal density not reported",,Cotton-DTSP-30-LC15,held_source_facts,,held_washed_LOI_no_own_TG,journal_article,DOI/title/authorsOriginalResearchPDFp1,,,,,,,held_outside_verified_target,,Cotton-DTSP-30-LC15,30,,,,,,,,,,,,,,,,,,,,,,16,,,NativepublisheroriginalresearchPDF,Materialsp2;preparationp3;TG/LOImethodsp4;Table1p6;thermaltextp8-9;Fig8p10;washedTable4p13,15,"Cotton10percentNaOH1h,tapwaterrinse,dry70C1h;DTSP10/20/30wtpercentinethanol/water1:3,immerse30min2dip2nip90percentpickup0.1MPa;dry100C5min,cure160C10min;tapwaterrinsetoremoveunboundcompounds,dry70C1h;preparationrinseisinitialnotdurabilitywash",,,,Facile synthesis of novel reactive phosphoramidate siloxane and application to flame retardant cellulose fabrics,https://doi.org/10.1007/s10570-019-02465-2,"0.5percentdetergentsolutionidentityunreported,49C15min80rpmpercycle;5/10/15/20cycles,distilledwaterrinse,dry70C1h;nosamewashedTGreported",NoSIcitedall14pages,"Cotton10percentNaOH1h,tapwaterrinse,dry70C1h;DTSP10/20/30wtpercentinethanol/water1:3,immerse30min2dip2nip90percentpickup0.1MPa;dry100C5min,cure160C10min;tapwaterrinsetoremoveunboundcompounds,dry70C1h;preparationrinseisinitialnotdurabilitywash",After15durabilitywashcycles,After15durabilitywashcycles,2019
10.1007/s10570-019-02465-2,LFY606B,Table4PDFp13,27.0,150x58,GB/T5454-1997,,,,,,,,,,,,,,,,,,NoownsamewashedTG,,,,,,,,,,Cotton;DTSP30wtpercentbath;initialWG16percent,TG/LOImethodsPDFp4;fabricpreparationPDFp3,RawownLOIfactsnotapprovedpair,2026-10-02,Codex14nativepublisher/textpages;oneprimaryreviewer,,Cellulose,"All14native/textpagesreviewed,noSIcited. Table1PDFp6controlLOI18.2;DTSP10/20/30wtpercentbathLOI24.4/28.2/30.3withWG5/9/16. Thermaltextp8-9andFig8p10explicitcontrolandCotton-DTSP30only. N2owncontrolT5=280Tmax368R80011.2;DTSP30T5269Tmax315R80040.0. AirownexacttextR800control3.4/DTSP3017.5;noairnumericT5/Tmaxreported,nocurvedigitization. MethodsSTA6000N2air10C/min40-800Cp4. NativeT5masslossnotgenericTonset;nitrogencharatTmax42.0/75.2rawvariableresiduedistinctfromR80011.2/40.0. Coneresidue17.97notTGairR80017.5. Coatingbath30wtpercentnotfabricloading16WG;10/20doseTGabsent. Table4PDFp13DTSP30washed5/10/15/20LCLOI28.6/27.7/27.2/27.0withnoownwashedTG;preparationrinseinitialnotwash5LC. LOILFY606BGBT5454-1997dims150x58mm;five-replicatessentencepertainstensiletestnotLOI/TG. Fourapprovedgasconditions/twoindependentstates;6helddose/washfacts.",cotton,"Desized,scoured and bleached cotton fabric,QingdaoFenghuangDyeingPrintingChina;weave/areal density not reported","Desized,scoured and bleached cotton fabric,QingdaoFenghuangDyeingPrintingChina;weave/areal density not reported",,Cotton-DTSP-30-LC20,held_source_facts,,held_washed_LOI_no_own_TG,journal_article,DOI/title/authorsOriginalResearchPDFp1,,,,,,,held_outside_verified_target,,Cotton-DTSP-30-LC20,30,,,,,,,,,,,,,,,,,,,,,,16,,,NativepublisheroriginalresearchPDF,Materialsp2;preparationp3;TG/LOImethodsp4;Table1p6;thermaltextp8-9;Fig8p10;washedTable4p13,20,"Cotton10percentNaOH1h,tapwaterrinse,dry70C1h;DTSP10/20/30wtpercentinethanol/water1:3,immerse30min2dip2nip90percentpickup0.1MPa;dry100C5min,cure160C10min;tapwaterrinsetoremoveunboundcompounds,dry70C1h;preparationrinseisinitialnotdurabilitywash",,,,Facile synthesis of novel reactive phosphoramidate siloxane and application to flame retardant cellulose fabrics,https://doi.org/10.1007/s10570-019-02465-2,"0.5percentdetergentsolutionidentityunreported,49C15min80rpmpercycle;5/10/15/20cycles,distilledwaterrinse,dry70C1h;nosamewashedTGreported",NoSIcitedall14pages,"Cotton10percentNaOH1h,tapwaterrinse,dry70C1h;DTSP10/20/30wtpercentinethanol/water1:3,immerse30min2dip2nip90percentpickup0.1MPa;dry100C5min,cure160C10min;tapwaterrinsetoremoveunboundcompounds,dry70C1h;preparationrinseisinitialnotdurabilitywash",After20durabilitywashcycles,After20durabilitywashcycles,2019
