DOI,LOI_instrument,LOI_locator,LOI_pct,LOI_standard,R700_pct,R800_pct,T10_C,T5_C,TGA_instrument,TG_end_C,TG_locator,TG_start_C,Tmax1_C,atmosphere,composition,conditions_locator,dataset_type,direct_numeric_use,evidence_reviewed_at,evidence_reviewed_by,heating_rate_C_min,journal,limitations,material_category,material_form,material_form_LOI,material_form_TGA,native_sample_label,numeric_evidence_type,pairing_evidence,pairing_status,publication_type,publication_type_evidence,residue_pct,residue_temp_C,review_disposition,reviewed_measurement_fingerprint,sample_state,source_AM_native_wt_pct_CS,source_AM_percent_basis,source_APP_bath_wt_pct,source_CS_bath_wt_pct,source_HBPOPN_synthesis,source_LOI_replicates,source_LOI_specimen_size_mm,source_LOI_uncertainty_pct,source_R700_Table1_pct,source_R700_prose_p17_pct,source_TG_flow,source_TG_heating_rate_native,source_TG_mass_mg,source_TG_replicates,source_TG_start,source_TG_terminology_conflict,source_Tmax_label,source_accelerated_wash_protocol,source_bath_HBPOPN_g_L,source_bilayers,source_catalyst_dicyandiamide_pct,source_catalyst_percent_basis,source_decomposition_temperature_statement,source_document_version,source_home_laundering_cycles,source_initial_finish_add_on_pct,source_intermediate_residue_first_paragraph_pct,source_intermediate_residue_second_paragraph_pct,source_location,source_measured_weight_gain_pct_owf,source_preparation,source_residue_conflict,source_title,source_url,source_weight_gain_denominator,source_wet_pickup_pct,supplement_review_status,treatment_method,treatment_state,washing_state,year
10.1016/j.matchemphys.2020.123656,"HC-2CZ,China",Main Table2PDFp19/printed16;prosePDFpp19-20,19.5,GB/T5454-1997,,,331.5,293.9,"DTG-60,Shimadzu,Japan",700,Main Table1PDFp18/printed15;Figs5/6PDFpp17-18;R700prosePDFp17/printed14,50,368.5,N2,Pure cotton,Main methods2.4-2.7 PDFpp9-11/printed6-8,literature,TG+LOI,2026-10-01,Codex complete original native pages/tables/figures/methods;one primary reviewer,20,Materials Chemistry and Physics,"All36native pages reviewed. Own three initial fabric formulations map TGTable1PDFp18/printed15 and LOITable2PDFp19/printed16;methodsPDFpp9-11/printed6-8. Publisher Journal Pre-proof,not definitive VOR. Native nitrogen control R7007.4Table1 conflicts7.3prosePDFp17/printed14;canonicalresidue/R700/endpointblank for that condition,otherTG retained. Aircontrol3.2 agrees table/prose;3.4 is GO-cotton,not control. Source generic Tmax is the only tabulated maximum degradation-rate temperature;stored in legacy single reported-maximum field Tmax1 with source unnumbered label,not a claim of chronological first peak or complete DTG peak list. Air GO/ZIF T5142.3/T10162.3 remain explicit5/10%totalmassloss,not Tonset or water DTG estimates. Woven form explicitp23/printed20;no mass or plain-weave pattern inferred,even though supplier also occurs in A-POSS paper. Source levodopa500mg/mL remains raw,no correction. Preparative6rinses/10deposition repeats are not durability washes;9oil/water recycle tests have no ownTG/LOI. Bath concentrations are not measured add-on/componentfractions. TGmass/flow/repeats andLOIrepeats unreported. Cone50kW/m2/peak times are notTG;PHRR highlights30% versusbody52.8% is a separate-assay discrepancy,not corrected. NoSI cited in complete original;localexactinventoryonePDF. Gasconditions do not add sample states or establish independent physical replicates.",cotton,Woven cotton fabric;Shaoxing Manheng;areal mass and weave pattern unreported,Woven cotton fabric;Shaoxing Manheng;areal mass and weave pattern unreported,Woven cotton fabric;Shaoxing Manheng;areal mass and weave pattern unreported,Pure cotton,tabulated,"Exact own initial woven fabric labels purecotton/GOcotton/GOcottonZIF8 are shared by TGTable1 and LOITable2 and regular methods;no standalone GO/ZIF particles,washed/aged specimens or cone transfer.",verified_exact,journal_article,Native publisher accepted Journal Pre-proof cover with matching DOI/title/authors;not definitive VOR or an author preprint,,,source_review_approved,7e48ec442495b6fab593997a15127290c67a28780795fba68ff54a02eaef9c50,Pure cotton,,,,,,,150x58,,7.4,7.3,Unreported,,,,,,"Tmax,unnumbered maximum degradation-rate temperature;legacy Tmax1 field does not imply complete DTG stage numbering",,,,,,,Publisher Journal Pre-proof;not definitive version of record;explicit coverpage,,,,,Main Table1PDFp18/printed15;Table2PDFp19/printed16;methodsPDFpp9-11/printed6-8,,"GO-cotton:2%NaOH60C60min,6 water preparation rinses;GO10mg/mL,then dry60C2h. Control preconditioning unreported. GO-cotton/ZIF-8:overnight levodopa500mg/mL in10mMTris pH8.5;polyLEVODOPA,not inferred PDA. Zn nitrate hexahydrate0.2M in10mLMeOH60min;2-methylimidazole0.6M in10mLMeOH+OA1g6h RT;repeat deposition10times;DIultrasound10min;dry70C24h.",Nitrogen7.4Table1 versus7.3prose;canonical residue/R700/endpointblank,"Graphene oxide/zeolitic imidazolate frameworks-8 coating for cotton fabrics with highly flame retardant, self-cleaning and efficient oil/water separation performances",https://doi.org/10.1016/j.matchemphys.2020.123656,,,All36nativepagesreviewed;noSIcited;localexactDOIinventoryonePDF. NoofficialSIreviewclaim.,Own pure cotton control;preconditioning unreported,Initial prepared state,Initial prepared state;no durability laundering,2020
10.1016/j.matchemphys.2020.123656,"HC-2CZ,China",Main Table2PDFp19/printed16;prosePDFpp19-20,19.5,GB/T5454-1997,3.2,,333.8,293.8,"DTG-60,Shimadzu,Japan",700,Main Table1PDFp18/printed15;Figs5/6PDFpp17-18;R700prosePDFp17/printed14,50,366.9,air,Pure cotton,Main methods2.4-2.7 PDFpp9-11/printed6-8,literature,TG+LOI,2026-10-01,Codex complete original native pages/tables/figures/methods;one primary reviewer,20,Materials Chemistry and Physics,"All36native pages reviewed. Own three initial fabric formulations map TGTable1PDFp18/printed15 and LOITable2PDFp19/printed16;methodsPDFpp9-11/printed6-8. Publisher Journal Pre-proof,not definitive VOR. Native nitrogen control R7007.4Table1 conflicts7.3prosePDFp17/printed14;canonicalresidue/R700/endpointblank for that condition,otherTG retained. Aircontrol3.2 agrees table/prose;3.4 is GO-cotton,not control. Source generic Tmax is the only tabulated maximum degradation-rate temperature;stored in legacy single reported-maximum field Tmax1 with source unnumbered label,not a claim of chronological first peak or complete DTG peak list. Air GO/ZIF T5142.3/T10162.3 remain explicit5/10%totalmassloss,not Tonset or water DTG estimates. Woven form explicitp23/printed20;no mass or plain-weave pattern inferred,even though supplier also occurs in A-POSS paper. Source levodopa500mg/mL remains raw,no correction. Preparative6rinses/10deposition repeats are not durability washes;9oil/water recycle tests have no ownTG/LOI. Bath concentrations are not measured add-on/componentfractions. TGmass/flow/repeats andLOIrepeats unreported. Cone50kW/m2/peak times are notTG;PHRR highlights30% versusbody52.8% is a separate-assay discrepancy,not corrected. NoSI cited in complete original;localexactinventoryonePDF. Gasconditions do not add sample states or establish independent physical replicates.",cotton,Woven cotton fabric;Shaoxing Manheng;areal mass and weave pattern unreported,Woven cotton fabric;Shaoxing Manheng;areal mass and weave pattern unreported,Woven cotton fabric;Shaoxing Manheng;areal mass and weave pattern unreported,Pure cotton,tabulated,"Exact own initial woven fabric labels purecotton/GOcotton/GOcottonZIF8 are shared by TGTable1 and LOITable2 and regular methods;no standalone GO/ZIF particles,washed/aged specimens or cone transfer.",verified_exact,journal_article,Native publisher accepted Journal Pre-proof cover with matching DOI/title/authors;not definitive VOR or an author preprint,3.2,700,source_review_approved,2ee4d429fc7f5c5cc78fa16ecd1eb8814863ffbd4603a5f995b9495d6a713667,Pure cotton,,,,,,,150x58,,,,Unreported,,,,,,"Tmax,unnumbered maximum degradation-rate temperature;legacy Tmax1 field does not imply complete DTG stage numbering",,,,,,,Publisher Journal Pre-proof;not definitive version of record;explicit coverpage,,,,,Main Table1PDFp18/printed15;Table2PDFp19/printed16;methodsPDFpp9-11/printed6-8,,"GO-cotton:2%NaOH60C60min,6 water preparation rinses;GO10mg/mL,then dry60C2h. Control preconditioning unreported. GO-cotton/ZIF-8:overnight levodopa500mg/mL in10mMTris pH8.5;polyLEVODOPA,not inferred PDA. Zn nitrate hexahydrate0.2M in10mLMeOH60min;2-methylimidazole0.6M in10mLMeOH+OA1g6h RT;repeat deposition10times;DIultrasound10min;dry70C24h.",,"Graphene oxide/zeolitic imidazolate frameworks-8 coating for cotton fabrics with highly flame retardant, self-cleaning and efficient oil/water separation performances",https://doi.org/10.1016/j.matchemphys.2020.123656,,,All36nativepagesreviewed;noSIcited;localexactDOIinventoryonePDF. NoofficialSIreviewclaim.,Own pure cotton control;preconditioning unreported,Initial prepared state,Initial prepared state;no durability laundering,2020
10.1016/j.matchemphys.2020.123656,"HC-2CZ,China",Main Table2PDFp19/printed16;prosePDFpp19-20,23.5,GB/T5454-1997,10.4,,313.8,286,"DTG-60,Shimadzu,Japan",700,Main Table1PDFp18/printed15;Figs5/6PDFpp17-18;R700prosePDFp17/printed14,50,348.9,N2,GO-cotton,Main methods2.4-2.7 PDFpp9-11/printed6-8,literature,TG+LOI,2026-10-01,Codex complete original native pages/tables/figures/methods;one primary reviewer,20,Materials Chemistry and Physics,"All36native pages reviewed. Own three initial fabric formulations map TGTable1PDFp18/printed15 and LOITable2PDFp19/printed16;methodsPDFpp9-11/printed6-8. Publisher Journal Pre-proof,not definitive VOR. Native nitrogen control R7007.4Table1 conflicts7.3prosePDFp17/printed14;canonicalresidue/R700/endpointblank for that condition,otherTG retained. Aircontrol3.2 agrees table/prose;3.4 is GO-cotton,not control. Source generic Tmax is the only tabulated maximum degradation-rate temperature;stored in legacy single reported-maximum field Tmax1 with source unnumbered label,not a claim of chronological first peak or complete DTG peak list. Air GO/ZIF T5142.3/T10162.3 remain explicit5/10%totalmassloss,not Tonset or water DTG estimates. Woven form explicitp23/printed20;no mass or plain-weave pattern inferred,even though supplier also occurs in A-POSS paper. Source levodopa500mg/mL remains raw,no correction. Preparative6rinses/10deposition repeats are not durability washes;9oil/water recycle tests have no ownTG/LOI. Bath concentrations are not measured add-on/componentfractions. TGmass/flow/repeats andLOIrepeats unreported. Cone50kW/m2/peak times are notTG;PHRR highlights30% versusbody52.8% is a separate-assay discrepancy,not corrected. NoSI cited in complete original;localexactinventoryonePDF. Gasconditions do not add sample states or establish independent physical replicates.",cotton,Woven cotton fabric;Shaoxing Manheng;areal mass and weave pattern unreported,Woven cotton fabric;Shaoxing Manheng;areal mass and weave pattern unreported,Woven cotton fabric;Shaoxing Manheng;areal mass and weave pattern unreported,GO-cotton,tabulated,"Exact own initial woven fabric labels purecotton/GOcotton/GOcottonZIF8 are shared by TGTable1 and LOITable2 and regular methods;no standalone GO/ZIF particles,washed/aged specimens or cone transfer.",verified_exact,journal_article,Native publisher accepted Journal Pre-proof cover with matching DOI/title/authors;not definitive VOR or an author preprint,10.4,700,source_review_approved,6b74248da2025cbb27e6d299ef2d601456240523d16a2578ab36e09ff1753929,GO-cotton,,,,,,,150x58,,,,Unreported,,,,,,"Tmax,unnumbered maximum degradation-rate temperature;legacy Tmax1 field does not imply complete DTG stage numbering",,,,,,,Publisher Journal Pre-proof;not definitive version of record;explicit coverpage,,,,,Main Table1PDFp18/printed15;Table2PDFp19/printed16;methodsPDFpp9-11/printed6-8,,"GO-cotton:2%NaOH60C60min,6 water preparation rinses;GO10mg/mL,then dry60C2h. Control preconditioning unreported. GO-cotton/ZIF-8:overnight levodopa500mg/mL in10mMTris pH8.5;polyLEVODOPA,not inferred PDA. Zn nitrate hexahydrate0.2M in10mLMeOH60min;2-methylimidazole0.6M in10mLMeOH+OA1g6h RT;repeat deposition10times;DIultrasound10min;dry70C24h.",,"Graphene oxide/zeolitic imidazolate frameworks-8 coating for cotton fabrics with highly flame retardant, self-cleaning and efficient oil/water separation performances",https://doi.org/10.1016/j.matchemphys.2020.123656,,,All36nativepagesreviewed;noSIcited;localexactDOIinventoryonePDF. NoofficialSIreviewclaim.,"GO-cotton:2%NaOH60C60min,6 water preparation rinses;GO10mg/mL,then dry60C2h. Control preconditioning unreported. GO-cotton/ZIF-8:overnight levodopa500mg/mL in10mMTris pH8.5;polyLEVODOPA,not inferred PDA. Zn nitrate hexahydrate0.2M in10mLMeOH60min;2-methylimidazole0.6M in10mLMeOH+OA1g6h RT;repeat deposition10times;DIultrasound10min;dry70C24h.",Initial prepared state,Initial prepared state;no durability laundering,2020
10.1016/j.matchemphys.2020.123656,"HC-2CZ,China",Main Table2PDFp19/printed16;prosePDFpp19-20,23.5,GB/T5454-1997,3.4,,269.3,216.7,"DTG-60,Shimadzu,Japan",700,Main Table1PDFp18/printed15;Figs5/6PDFpp17-18;R700prosePDFp17/printed14,50,312.6,air,GO-cotton,Main methods2.4-2.7 PDFpp9-11/printed6-8,literature,TG+LOI,2026-10-01,Codex complete original native pages/tables/figures/methods;one primary reviewer,20,Materials Chemistry and Physics,"All36native pages reviewed. Own three initial fabric formulations map TGTable1PDFp18/printed15 and LOITable2PDFp19/printed16;methodsPDFpp9-11/printed6-8. Publisher Journal Pre-proof,not definitive VOR. Native nitrogen control R7007.4Table1 conflicts7.3prosePDFp17/printed14;canonicalresidue/R700/endpointblank for that condition,otherTG retained. Aircontrol3.2 agrees table/prose;3.4 is GO-cotton,not control. Source generic Tmax is the only tabulated maximum degradation-rate temperature;stored in legacy single reported-maximum field Tmax1 with source unnumbered label,not a claim of chronological first peak or complete DTG peak list. Air GO/ZIF T5142.3/T10162.3 remain explicit5/10%totalmassloss,not Tonset or water DTG estimates. Woven form explicitp23/printed20;no mass or plain-weave pattern inferred,even though supplier also occurs in A-POSS paper. Source levodopa500mg/mL remains raw,no correction. Preparative6rinses/10deposition repeats are not durability washes;9oil/water recycle tests have no ownTG/LOI. Bath concentrations are not measured add-on/componentfractions. TGmass/flow/repeats andLOIrepeats unreported. Cone50kW/m2/peak times are notTG;PHRR highlights30% versusbody52.8% is a separate-assay discrepancy,not corrected. NoSI cited in complete original;localexactinventoryonePDF. Gasconditions do not add sample states or establish independent physical replicates.",cotton,Woven cotton fabric;Shaoxing Manheng;areal mass and weave pattern unreported,Woven cotton fabric;Shaoxing Manheng;areal mass and weave pattern unreported,Woven cotton fabric;Shaoxing Manheng;areal mass and weave pattern unreported,GO-cotton,tabulated,"Exact own initial woven fabric labels purecotton/GOcotton/GOcottonZIF8 are shared by TGTable1 and LOITable2 and regular methods;no standalone GO/ZIF particles,washed/aged specimens or cone transfer.",verified_exact,journal_article,Native publisher accepted Journal Pre-proof cover with matching DOI/title/authors;not definitive VOR or an author preprint,3.4,700,source_review_approved,50d86e89c6169e4b5e08e1e46edaa51f6249474a66c7086aa9931e33cee73211,GO-cotton,,,,,,,150x58,,,,Unreported,,,,,,"Tmax,unnumbered maximum degradation-rate temperature;legacy Tmax1 field does not imply complete DTG stage numbering",,,,,,,Publisher Journal Pre-proof;not definitive version of record;explicit coverpage,,,,,Main Table1PDFp18/printed15;Table2PDFp19/printed16;methodsPDFpp9-11/printed6-8,,"GO-cotton:2%NaOH60C60min,6 water preparation rinses;GO10mg/mL,then dry60C2h. Control preconditioning unreported. GO-cotton/ZIF-8:overnight levodopa500mg/mL in10mMTris pH8.5;polyLEVODOPA,not inferred PDA. Zn nitrate hexahydrate0.2M in10mLMeOH60min;2-methylimidazole0.6M in10mLMeOH+OA1g6h RT;repeat deposition10times;DIultrasound10min;dry70C24h.",,"Graphene oxide/zeolitic imidazolate frameworks-8 coating for cotton fabrics with highly flame retardant, self-cleaning and efficient oil/water separation performances",https://doi.org/10.1016/j.matchemphys.2020.123656,,,All36nativepagesreviewed;noSIcited;localexactDOIinventoryonePDF. NoofficialSIreviewclaim.,"GO-cotton:2%NaOH60C60min,6 water preparation rinses;GO10mg/mL,then dry60C2h. Control preconditioning unreported. GO-cotton/ZIF-8:overnight levodopa500mg/mL in10mMTris pH8.5;polyLEVODOPA,not inferred PDA. Zn nitrate hexahydrate0.2M in10mLMeOH60min;2-methylimidazole0.6M in10mLMeOH+OA1g6h RT;repeat deposition10times;DIultrasound10min;dry70C24h.",Initial prepared state,Initial prepared state;no durability laundering,2020
10.1016/j.matchemphys.2020.123656,"HC-2CZ,China",Main Table2PDFp19/printed16;prosePDFpp19-20,27,GB/T5454-1997,30.1,,334.5,285.8,"DTG-60,Shimadzu,Japan",700,Main Table1PDFp18/printed15;Figs5/6PDFpp17-18;R700prosePDFp17/printed14,50,376.1,N2,GO-cotton/ZIF-8,Main methods2.4-2.7 PDFpp9-11/printed6-8,literature,TG+LOI,2026-10-01,Codex complete original native pages/tables/figures/methods;one primary reviewer,20,Materials Chemistry and Physics,"All36native pages reviewed. Own three initial fabric formulations map TGTable1PDFp18/printed15 and LOITable2PDFp19/printed16;methodsPDFpp9-11/printed6-8. Publisher Journal Pre-proof,not definitive VOR. Native nitrogen control R7007.4Table1 conflicts7.3prosePDFp17/printed14;canonicalresidue/R700/endpointblank for that condition,otherTG retained. Aircontrol3.2 agrees table/prose;3.4 is GO-cotton,not control. Source generic Tmax is the only tabulated maximum degradation-rate temperature;stored in legacy single reported-maximum field Tmax1 with source unnumbered label,not a claim of chronological first peak or complete DTG peak list. Air GO/ZIF T5142.3/T10162.3 remain explicit5/10%totalmassloss,not Tonset or water DTG estimates. Woven form explicitp23/printed20;no mass or plain-weave pattern inferred,even though supplier also occurs in A-POSS paper. Source levodopa500mg/mL remains raw,no correction. Preparative6rinses/10deposition repeats are not durability washes;9oil/water recycle tests have no ownTG/LOI. Bath concentrations are not measured add-on/componentfractions. TGmass/flow/repeats andLOIrepeats unreported. Cone50kW/m2/peak times are notTG;PHRR highlights30% versusbody52.8% is a separate-assay discrepancy,not corrected. NoSI cited in complete original;localexactinventoryonePDF. Gasconditions do not add sample states or establish independent physical replicates.",cotton,Woven cotton fabric;Shaoxing Manheng;areal mass and weave pattern unreported,Woven cotton fabric;Shaoxing Manheng;areal mass and weave pattern unreported,Woven cotton fabric;Shaoxing Manheng;areal mass and weave pattern unreported,GO-cotton/ZIF-8,tabulated,"Exact own initial woven fabric labels purecotton/GOcotton/GOcottonZIF8 are shared by TGTable1 and LOITable2 and regular methods;no standalone GO/ZIF particles,washed/aged specimens or cone transfer.",verified_exact,journal_article,Native publisher accepted Journal Pre-proof cover with matching DOI/title/authors;not definitive VOR or an author preprint,30.1,700,source_review_approved,6a071d74550efd75594b1bc13f14d88a4612971d6ddfdff3be854f8458a3183c,GO-cotton/ZIF-8,,,,,,,150x58,,,,Unreported,,,,,,"Tmax,unnumbered maximum degradation-rate temperature;legacy Tmax1 field does not imply complete DTG stage numbering",,,,,,,Publisher Journal Pre-proof;not definitive version of record;explicit coverpage,,,,,Main Table1PDFp18/printed15;Table2PDFp19/printed16;methodsPDFpp9-11/printed6-8,,"GO-cotton:2%NaOH60C60min,6 water preparation rinses;GO10mg/mL,then dry60C2h. Control preconditioning unreported. GO-cotton/ZIF-8:overnight levodopa500mg/mL in10mMTris pH8.5;polyLEVODOPA,not inferred PDA. Zn nitrate hexahydrate0.2M in10mLMeOH60min;2-methylimidazole0.6M in10mLMeOH+OA1g6h RT;repeat deposition10times;DIultrasound10min;dry70C24h.",,"Graphene oxide/zeolitic imidazolate frameworks-8 coating for cotton fabrics with highly flame retardant, self-cleaning and efficient oil/water separation performances",https://doi.org/10.1016/j.matchemphys.2020.123656,,,All36nativepagesreviewed;noSIcited;localexactDOIinventoryonePDF. NoofficialSIreviewclaim.,"GO-cotton:2%NaOH60C60min,6 water preparation rinses;GO10mg/mL,then dry60C2h. Control preconditioning unreported. GO-cotton/ZIF-8:overnight levodopa500mg/mL in10mMTris pH8.5;polyLEVODOPA,not inferred PDA. Zn nitrate hexahydrate0.2M in10mLMeOH60min;2-methylimidazole0.6M in10mLMeOH+OA1g6h RT;repeat deposition10times;DIultrasound10min;dry70C24h.",Initial prepared state,Initial prepared state;no durability laundering,2020
10.1016/j.matchemphys.2020.123656,"HC-2CZ,China",Main Table2PDFp19/printed16;prosePDFpp19-20,27,GB/T5454-1997,23.8,,162.3,142.3,"DTG-60,Shimadzu,Japan",700,Main Table1PDFp18/printed15;Figs5/6PDFpp17-18;R700prosePDFp17/printed14,50,365.5,air,GO-cotton/ZIF-8,Main methods2.4-2.7 PDFpp9-11/printed6-8,literature,TG+LOI,2026-10-01,Codex complete original native pages/tables/figures/methods;one primary reviewer,20,Materials Chemistry and Physics,"All36native pages reviewed. Own three initial fabric formulations map TGTable1PDFp18/printed15 and LOITable2PDFp19/printed16;methodsPDFpp9-11/printed6-8. Publisher Journal Pre-proof,not definitive VOR. Native nitrogen control R7007.4Table1 conflicts7.3prosePDFp17/printed14;canonicalresidue/R700/endpointblank for that condition,otherTG retained. Aircontrol3.2 agrees table/prose;3.4 is GO-cotton,not control. Source generic Tmax is the only tabulated maximum degradation-rate temperature;stored in legacy single reported-maximum field Tmax1 with source unnumbered label,not a claim of chronological first peak or complete DTG peak list. Air GO/ZIF T5142.3/T10162.3 remain explicit5/10%totalmassloss,not Tonset or water DTG estimates. Woven form explicitp23/printed20;no mass or plain-weave pattern inferred,even though supplier also occurs in A-POSS paper. Source levodopa500mg/mL remains raw,no correction. Preparative6rinses/10deposition repeats are not durability washes;9oil/water recycle tests have no ownTG/LOI. Bath concentrations are not measured add-on/componentfractions. TGmass/flow/repeats andLOIrepeats unreported. Cone50kW/m2/peak times are notTG;PHRR highlights30% versusbody52.8% is a separate-assay discrepancy,not corrected. NoSI cited in complete original;localexactinventoryonePDF. Gasconditions do not add sample states or establish independent physical replicates.",cotton,Woven cotton fabric;Shaoxing Manheng;areal mass and weave pattern unreported,Woven cotton fabric;Shaoxing Manheng;areal mass and weave pattern unreported,Woven cotton fabric;Shaoxing Manheng;areal mass and weave pattern unreported,GO-cotton/ZIF-8,tabulated,"Exact own initial woven fabric labels purecotton/GOcotton/GOcottonZIF8 are shared by TGTable1 and LOITable2 and regular methods;no standalone GO/ZIF particles,washed/aged specimens or cone transfer.",verified_exact,journal_article,Native publisher accepted Journal Pre-proof cover with matching DOI/title/authors;not definitive VOR or an author preprint,23.8,700,source_review_approved,feb0a6cb487de63e01484b4c7a654ba1eb5d2548f7fa974b34d4218f057a4005,GO-cotton/ZIF-8,,,,,,,150x58,,,,Unreported,,,,,,"Tmax,unnumbered maximum degradation-rate temperature;legacy Tmax1 field does not imply complete DTG stage numbering",,,,,,,Publisher Journal Pre-proof;not definitive version of record;explicit coverpage,,,,,Main Table1PDFp18/printed15;Table2PDFp19/printed16;methodsPDFpp9-11/printed6-8,,"GO-cotton:2%NaOH60C60min,6 water preparation rinses;GO10mg/mL,then dry60C2h. Control preconditioning unreported. GO-cotton/ZIF-8:overnight levodopa500mg/mL in10mMTris pH8.5;polyLEVODOPA,not inferred PDA. Zn nitrate hexahydrate0.2M in10mLMeOH60min;2-methylimidazole0.6M in10mLMeOH+OA1g6h RT;repeat deposition10times;DIultrasound10min;dry70C24h.",,"Graphene oxide/zeolitic imidazolate frameworks-8 coating for cotton fabrics with highly flame retardant, self-cleaning and efficient oil/water separation performances",https://doi.org/10.1016/j.matchemphys.2020.123656,,,All36nativepagesreviewed;noSIcited;localexactDOIinventoryonePDF. NoofficialSIreviewclaim.,"GO-cotton:2%NaOH60C60min,6 water preparation rinses;GO10mg/mL,then dry60C2h. Control preconditioning unreported. GO-cotton/ZIF-8:overnight levodopa500mg/mL in10mMTris pH8.5;polyLEVODOPA,not inferred PDA. Zn nitrate hexahydrate0.2M in10mLMeOH60min;2-methylimidazole0.6M in10mLMeOH+OA1g6h RT;repeat deposition10times;DIultrasound10min;dry70C24h.",Initial prepared state,Initial prepared state;no durability laundering,2020
10.1016/j.carbpol.2019.115648,"M606B,Shanghai,China",Main Table1PDFpp13-14/printed12-13;160/controlprosePDFp13,17.2,ASTM D2863-2000,,2.5,,,"Pyris1,PerkinElmer,Netherlands",800,Main first N2thermal paragraphPDFpp15-16/printed14-15;R800explicitp16andconclusionp21;Fig6p17,30,,N2,Untreated cotton,Main methodsPDFpp6-9/printed5-8,literature,TG+LOI,2026-10-01,Codex complete original native pages/tables/figures/methods;one primary reviewer,20,Carbohydrate Polymers,"All28native pages reviewed. Own untreated and160g/L initial fabrics explicitly named in nitrogen thermal propertiesPDFp15/printed14 and LOITable1PDFpp13-14/printed12-13;R8002.5/31.5explicitPDFp16/printed15 andconclusionPDFp21/printed20. Initial rinse/dry during preparation is not durability laundering. Source methodsPDFp8/printed7 andfirst thermal paragraph specify nitrogen;Fig6PDFp17/printed16 is TG/DTG. Later prose callsFig6b thermaloxidative and discusses oxidation;retain source terminology contradiction without inventing another atmosphere/air experiment or claiming independently confirmed gas. Untabulated DTG curves not estimated. Source decomposition intervals305-398/200-339 andambiguous105C statement are not exact T5/T10/Tonset/Tmax. Below200C loss assigned water,not decompositionpeak. Intermediate residues25.70/51.6 and51.9inlaterdiscussion are notR800;the51.6/51.9discrepancy remains unresolved. Full17LOIstatefacts retained;onlycontrol+160initialhaveownTG,so3otherinitialconcentrations+12washedstatesheld. Native weightgains15.5/21.3/28.1/33.5are totaldryfinishadd-on,notbathconcentration/wetpickup/componentfractions;afterwashadd-onunreported. AATCC61-2006method2A49C oneacceleratedcycle=5homeLCs;Table1LOI10/30/50homeLC states do not inherit initialTG. Catalyst5%basisunreported. TGmassflow/repeats/LOIspecimenandrepeatsunreported;VFT35x8cm andcone35kW/m2notborrowed. Publisherpre-proofcopyright/citation2019,local2020foldernotpublicationyearevidence. NoSIcited;oneprimaryreviewer,noindependentreviewer/physicalreplicateindependenceclaim.",cotton,100% woven cotton fabric;110g/m2;Shanghai fabric market;weave pattern unreported,100% woven cotton fabric;110g/m2;Shanghai fabric market;weave pattern unreported,100% woven cotton fabric;110g/m2;Shanghai fabric market;weave pattern unreported,Untreated cotton,explicit_text,Own110g/m2wovenfabric controland160g/Linitialpreparation;LOITable1explicit0LC andN2TGthermalparagraph explicitlysame160g/L/untreated formulations;no durabilitywashed/otherconcentration transfer.,verified_exact,journal_article,Native publisher accepted Journal Pre-proof cover with matching DOI/title/authors;not definitive VOR or an author preprint,2.5,800,source_review_approved,2cd2b8aa20f6f425b7c447fc247542d73f5511182b94201733760cbd7b9291c5,Untreated cotton,,,,,"HBP8.75g/.005mol+H3PO413.12g/.08mol130C3h;HBPOP15.15g/.005mol+urea4.8g/.08mol100C1h;ethanolpurify/dry50C;retainmassandmolasis,noacidgradeconcentrationcorrection",,,,,,Unreported,20K/min,,,,Reported N2 inmethods/firstthermalparagraph;laterthermaloxidativewording andFig6bDTGcaption inconsistent;noaircondition inferred,,,0,,,,Approximately105C source wording ambiguous;not canonical temperature,PublisherJournalPre-proofaccepted19November2019;notdefinitiveVOR;copyrightandcitation2019;28PDFpages,0,,25.7,2.9,Main Table1PDFpp13-14/printed12-13;TGthermalprosePDFpp15-16/printed14-15;methodsPDFpp6-9,0,"HBPOPNdistilledwaterbath80/120/160/200gL;dicyandiamide5%basisunreported;liquorratio1:20,70C30min;pad120%wetpickup;170C3mincure;wash/drypreparativerinseprotocolunreported;initial0LCnotdurabilitywashed",,Preparation of a flame-retardant coating based on solvent-free synthesis with high efficiency and durability on cotton fabric,https://doi.org/10.1016/j.carbpol.2019.115648,,,Complete28nativepagesreviewed;noSIcited;localexactDOIinventoryonePDF;noSIreviewclaim,Own untreated control;preconditioning unreported,Initial prepared state,Initial prepared state;no durability laundering,2019
10.1016/j.carbpol.2019.115648,"M606B,Shanghai,China",Main Table1PDFpp13-14/printed12-13;160/controlprosePDFp13,31.2,ASTM D2863-2000,,,,,,,No own regular TG for this concentration/washing state in complete original,,,,HBPOPN80g/L,Main methodsPDFpp6-9/printed5-8,literature,LOI-only,2026-10-01,Codex complete original native pages/tables/figures/methods;one primary reviewer,,Carbohydrate Polymers,"All28native pages reviewed. Own untreated and160g/L initial fabrics explicitly named in nitrogen thermal propertiesPDFp15/printed14 and LOITable1PDFpp13-14/printed12-13;R8002.5/31.5explicitPDFp16/printed15 andconclusionPDFp21/printed20. Initial rinse/dry during preparation is not durability laundering. Source methodsPDFp8/printed7 andfirst thermal paragraph specify nitrogen;Fig6PDFp17/printed16 is TG/DTG. Later prose callsFig6b thermaloxidative and discusses oxidation;retain source terminology contradiction without inventing another atmosphere/air experiment or claiming independently confirmed gas. Untabulated DTG curves not estimated. Source decomposition intervals305-398/200-339 andambiguous105C statement are not exact T5/T10/Tonset/Tmax. Below200C loss assigned water,not decompositionpeak. Intermediate residues25.70/51.6 and51.9inlaterdiscussion are notR800;the51.6/51.9discrepancy remains unresolved. Full17LOIstatefacts retained;onlycontrol+160initialhaveownTG,so3otherinitialconcentrations+12washedstatesheld. Native weightgains15.5/21.3/28.1/33.5are totaldryfinishadd-on,notbathconcentration/wetpickup/componentfractions;afterwashadd-onunreported. AATCC61-2006method2A49C oneacceleratedcycle=5homeLCs;Table1LOI10/30/50homeLC states do not inherit initialTG. Catalyst5%basisunreported. TGmassflow/repeats/LOIspecimenandrepeatsunreported;VFT35x8cm andcone35kW/m2notborrowed. Publisherpre-proofcopyright/citation2019,local2020foldernotpublicationyearevidence. NoSIcited;oneprimaryreviewer,noindependentreviewer/physicalreplicateindependenceclaim.",cotton,100% woven cotton fabric;110g/m2;Shanghai fabric market;weave pattern unreported,100% woven cotton fabric;110g/m2;Shanghai fabric market;weave pattern unreported,100% woven cotton fabric;110g/m2;Shanghai fabric market;weave pattern unreported,HBPOPN80g/L,explicit_text,Table1LOIonly;owninitial160/controlTG not transferred,held_LOI_only_no_own_TG,journal_article,Native publisher accepted Journal Pre-proof cover with matching DOI/title/authors;not definitive VOR or an author preprint,,,held_outside_verified_target,,HBPOPN80g/L,,,,,"HBP8.75g/.005mol+H3PO413.12g/.08mol130C3h;HBPOP15.15g/.005mol+urea4.8g/.08mol100C1h;ethanolpurify/dry50C;retainmassandmolasis,noacidgradeconcentrationcorrection",,,,,,Unreported,,,,,,,,80,,5,Unreported,,PublisherJournalPre-proofaccepted19November2019;notdefinitiveVOR;copyrightandcitation2019;28PDFpages,0,,,,Main Table1PDFpp13-14/printed12-13;TGthermalprosePDFpp15-16/printed14-15;methodsPDFpp6-9,15.5,"HBPOPNdistilledwaterbath80/120/160/200gL;dicyandiamide5%basisunreported;liquorratio1:20,70C30min;pad120%wetpickup;170C3mincure;wash/drypreparativerinseprotocolunreported;initial0LCnotdurabilitywashed",,Preparation of a flame-retardant coating based on solvent-free synthesis with high efficiency and durability on cotton fabric,https://doi.org/10.1016/j.carbpol.2019.115648,,120,Complete28nativepagesreviewed;noSIcited;localexactDOIinventoryonePDF;noSIreviewclaim,"HBPOPNdistilledwaterbath80/120/160/200gL;dicyandiamide5%basisunreported;liquorratio1:20,70C30min;pad120%wetpickup;170C3mincure;wash/drypreparativerinseprotocolunreported;initial0LCnotdurabilitywashed",Initial prepared state,Initial prepared state;no durability laundering,2019
10.1016/j.carbpol.2019.115648,"M606B,Shanghai,China",Main Table1PDFpp13-14/printed12-13;160/controlprosePDFp13,28,ASTM D2863-2000,,,,,,,No own regular TG for this concentration/washing state in complete original,,,,HBPOPN80g/L after10homeLCs,Main methodsPDFpp6-9/printed5-8,literature,LOI-only,2026-10-01,Codex complete original native pages/tables/figures/methods;one primary reviewer,,Carbohydrate Polymers,"All28native pages reviewed. Own untreated and160g/L initial fabrics explicitly named in nitrogen thermal propertiesPDFp15/printed14 and LOITable1PDFpp13-14/printed12-13;R8002.5/31.5explicitPDFp16/printed15 andconclusionPDFp21/printed20. Initial rinse/dry during preparation is not durability laundering. Source methodsPDFp8/printed7 andfirst thermal paragraph specify nitrogen;Fig6PDFp17/printed16 is TG/DTG. Later prose callsFig6b thermaloxidative and discusses oxidation;retain source terminology contradiction without inventing another atmosphere/air experiment or claiming independently confirmed gas. Untabulated DTG curves not estimated. Source decomposition intervals305-398/200-339 andambiguous105C statement are not exact T5/T10/Tonset/Tmax. Below200C loss assigned water,not decompositionpeak. Intermediate residues25.70/51.6 and51.9inlaterdiscussion are notR800;the51.6/51.9discrepancy remains unresolved. Full17LOIstatefacts retained;onlycontrol+160initialhaveownTG,so3otherinitialconcentrations+12washedstatesheld. Native weightgains15.5/21.3/28.1/33.5are totaldryfinishadd-on,notbathconcentration/wetpickup/componentfractions;afterwashadd-onunreported. AATCC61-2006method2A49C oneacceleratedcycle=5homeLCs;Table1LOI10/30/50homeLC states do not inherit initialTG. Catalyst5%basisunreported. TGmassflow/repeats/LOIspecimenandrepeatsunreported;VFT35x8cm andcone35kW/m2notborrowed. Publisherpre-proofcopyright/citation2019,local2020foldernotpublicationyearevidence. NoSIcited;oneprimaryreviewer,noindependentreviewer/physicalreplicateindependenceclaim.",cotton,100% woven cotton fabric;110g/m2;Shanghai fabric market;weave pattern unreported,100% woven cotton fabric;110g/m2;Shanghai fabric market;weave pattern unreported,100% woven cotton fabric;110g/m2;Shanghai fabric market;weave pattern unreported,HBPOPN80g/L after10homeLCs,explicit_text,Table1LOIonly;owninitial160/controlTG not transferred,held_LOI_only_no_own_TG,journal_article,Native publisher accepted Journal Pre-proof cover with matching DOI/title/authors;not definitive VOR or an author preprint,,,held_outside_verified_target,,HBPOPN80g/L after10homeLCs,,,,,"HBP8.75g/.005mol+H3PO413.12g/.08mol130C3h;HBPOP15.15g/.005mol+urea4.8g/.08mol100C1h;ethanolpurify/dry50C;retainmassandmolasis,noacidgradeconcentrationcorrection",,,,,,Unreported,,,,,,,AATCC61-2006method2A49C;oneacceleratedcycle=5homeLCs asprinted;Table1labels10/30/50LCnot10/30/50acceleratedcycles;initialpreparativewash/drydistinct,80,,5,Unreported,,PublisherJournalPre-proofaccepted19November2019;notdefinitiveVOR;copyrightandcitation2019;28PDFpages,10,15.5,,,Main Table1PDFpp13-14/printed12-13;TGthermalprosePDFpp15-16/printed14-15;methodsPDFpp6-9,,"HBPOPNdistilledwaterbath80/120/160/200gL;dicyandiamide5%basisunreported;liquorratio1:20,70C30min;pad120%wetpickup;170C3mincure;wash/drypreparativerinseprotocolunreported;initial0LCnotdurabilitywashed",,Preparation of a flame-retardant coating based on solvent-free synthesis with high efficiency and durability on cotton fabric,https://doi.org/10.1016/j.carbpol.2019.115648,,120,Complete28nativepagesreviewed;noSIcited;localexactDOIinventoryonePDF;noSIreviewclaim,"HBPOPNdistilledwaterbath80/120/160/200gL;dicyandiamide5%basisunreported;liquorratio1:20,70C30min;pad120%wetpickup;170C3mincure;wash/drypreparativerinseprotocolunreported;initial0LCnotdurabilitywashed",After durability laundering,10homeLCs;AATCC61-2006method2A49C;oneacceleratedcycle=5homeLCs,2019
10.1016/j.carbpol.2019.115648,"M606B,Shanghai,China",Main Table1PDFpp13-14/printed12-13;160/controlprosePDFp13,26.5,ASTM D2863-2000,,,,,,,No own regular TG for this concentration/washing state in complete original,,,,HBPOPN80g/L after30homeLCs,Main methodsPDFpp6-9/printed5-8,literature,LOI-only,2026-10-01,Codex complete original native pages/tables/figures/methods;one primary reviewer,,Carbohydrate Polymers,"All28native pages reviewed. Own untreated and160g/L initial fabrics explicitly named in nitrogen thermal propertiesPDFp15/printed14 and LOITable1PDFpp13-14/printed12-13;R8002.5/31.5explicitPDFp16/printed15 andconclusionPDFp21/printed20. Initial rinse/dry during preparation is not durability laundering. Source methodsPDFp8/printed7 andfirst thermal paragraph specify nitrogen;Fig6PDFp17/printed16 is TG/DTG. Later prose callsFig6b thermaloxidative and discusses oxidation;retain source terminology contradiction without inventing another atmosphere/air experiment or claiming independently confirmed gas. Untabulated DTG curves not estimated. Source decomposition intervals305-398/200-339 andambiguous105C statement are not exact T5/T10/Tonset/Tmax. Below200C loss assigned water,not decompositionpeak. Intermediate residues25.70/51.6 and51.9inlaterdiscussion are notR800;the51.6/51.9discrepancy remains unresolved. Full17LOIstatefacts retained;onlycontrol+160initialhaveownTG,so3otherinitialconcentrations+12washedstatesheld. Native weightgains15.5/21.3/28.1/33.5are totaldryfinishadd-on,notbathconcentration/wetpickup/componentfractions;afterwashadd-onunreported. AATCC61-2006method2A49C oneacceleratedcycle=5homeLCs;Table1LOI10/30/50homeLC states do not inherit initialTG. Catalyst5%basisunreported. TGmassflow/repeats/LOIspecimenandrepeatsunreported;VFT35x8cm andcone35kW/m2notborrowed. Publisherpre-proofcopyright/citation2019,local2020foldernotpublicationyearevidence. NoSIcited;oneprimaryreviewer,noindependentreviewer/physicalreplicateindependenceclaim.",cotton,100% woven cotton fabric;110g/m2;Shanghai fabric market;weave pattern unreported,100% woven cotton fabric;110g/m2;Shanghai fabric market;weave pattern unreported,100% woven cotton fabric;110g/m2;Shanghai fabric market;weave pattern unreported,HBPOPN80g/L after30homeLCs,explicit_text,Table1LOIonly;owninitial160/controlTG not transferred,held_LOI_only_no_own_TG,journal_article,Native publisher accepted Journal Pre-proof cover with matching DOI/title/authors;not definitive VOR or an author preprint,,,held_outside_verified_target,,HBPOPN80g/L after30homeLCs,,,,,"HBP8.75g/.005mol+H3PO413.12g/.08mol130C3h;HBPOP15.15g/.005mol+urea4.8g/.08mol100C1h;ethanolpurify/dry50C;retainmassandmolasis,noacidgradeconcentrationcorrection",,,,,,Unreported,,,,,,,AATCC61-2006method2A49C;oneacceleratedcycle=5homeLCs asprinted;Table1labels10/30/50LCnot10/30/50acceleratedcycles;initialpreparativewash/drydistinct,80,,5,Unreported,,PublisherJournalPre-proofaccepted19November2019;notdefinitiveVOR;copyrightandcitation2019;28PDFpages,30,15.5,,,Main Table1PDFpp13-14/printed12-13;TGthermalprosePDFpp15-16/printed14-15;methodsPDFpp6-9,,"HBPOPNdistilledwaterbath80/120/160/200gL;dicyandiamide5%basisunreported;liquorratio1:20,70C30min;pad120%wetpickup;170C3mincure;wash/drypreparativerinseprotocolunreported;initial0LCnotdurabilitywashed",,Preparation of a flame-retardant coating based on solvent-free synthesis with high efficiency and durability on cotton fabric,https://doi.org/10.1016/j.carbpol.2019.115648,,120,Complete28nativepagesreviewed;noSIcited;localexactDOIinventoryonePDF;noSIreviewclaim,"HBPOPNdistilledwaterbath80/120/160/200gL;dicyandiamide5%basisunreported;liquorratio1:20,70C30min;pad120%wetpickup;170C3mincure;wash/drypreparativerinseprotocolunreported;initial0LCnotdurabilitywashed",After durability laundering,30homeLCs;AATCC61-2006method2A49C;oneacceleratedcycle=5homeLCs,2019
10.1016/j.carbpol.2019.115648,"M606B,Shanghai,China",Main Table1PDFpp13-14/printed12-13;160/controlprosePDFp13,22.5,ASTM D2863-2000,,,,,,,No own regular TG for this concentration/washing state in complete original,,,,HBPOPN80g/L after50homeLCs,Main methodsPDFpp6-9/printed5-8,literature,LOI-only,2026-10-01,Codex complete original native pages/tables/figures/methods;one primary reviewer,,Carbohydrate Polymers,"All28native pages reviewed. Own untreated and160g/L initial fabrics explicitly named in nitrogen thermal propertiesPDFp15/printed14 and LOITable1PDFpp13-14/printed12-13;R8002.5/31.5explicitPDFp16/printed15 andconclusionPDFp21/printed20. Initial rinse/dry during preparation is not durability laundering. Source methodsPDFp8/printed7 andfirst thermal paragraph specify nitrogen;Fig6PDFp17/printed16 is TG/DTG. Later prose callsFig6b thermaloxidative and discusses oxidation;retain source terminology contradiction without inventing another atmosphere/air experiment or claiming independently confirmed gas. Untabulated DTG curves not estimated. Source decomposition intervals305-398/200-339 andambiguous105C statement are not exact T5/T10/Tonset/Tmax. Below200C loss assigned water,not decompositionpeak. Intermediate residues25.70/51.6 and51.9inlaterdiscussion are notR800;the51.6/51.9discrepancy remains unresolved. Full17LOIstatefacts retained;onlycontrol+160initialhaveownTG,so3otherinitialconcentrations+12washedstatesheld. Native weightgains15.5/21.3/28.1/33.5are totaldryfinishadd-on,notbathconcentration/wetpickup/componentfractions;afterwashadd-onunreported. AATCC61-2006method2A49C oneacceleratedcycle=5homeLCs;Table1LOI10/30/50homeLC states do not inherit initialTG. Catalyst5%basisunreported. TGmassflow/repeats/LOIspecimenandrepeatsunreported;VFT35x8cm andcone35kW/m2notborrowed. Publisherpre-proofcopyright/citation2019,local2020foldernotpublicationyearevidence. NoSIcited;oneprimaryreviewer,noindependentreviewer/physicalreplicateindependenceclaim.",cotton,100% woven cotton fabric;110g/m2;Shanghai fabric market;weave pattern unreported,100% woven cotton fabric;110g/m2;Shanghai fabric market;weave pattern unreported,100% woven cotton fabric;110g/m2;Shanghai fabric market;weave pattern unreported,HBPOPN80g/L after50homeLCs,explicit_text,Table1LOIonly;owninitial160/controlTG not transferred,held_LOI_only_no_own_TG,journal_article,Native publisher accepted Journal Pre-proof cover with matching DOI/title/authors;not definitive VOR or an author preprint,,,held_outside_verified_target,,HBPOPN80g/L after50homeLCs,,,,,"HBP8.75g/.005mol+H3PO413.12g/.08mol130C3h;HBPOP15.15g/.005mol+urea4.8g/.08mol100C1h;ethanolpurify/dry50C;retainmassandmolasis,noacidgradeconcentrationcorrection",,,,,,Unreported,,,,,,,AATCC61-2006method2A49C;oneacceleratedcycle=5homeLCs asprinted;Table1labels10/30/50LCnot10/30/50acceleratedcycles;initialpreparativewash/drydistinct,80,,5,Unreported,,PublisherJournalPre-proofaccepted19November2019;notdefinitiveVOR;copyrightandcitation2019;28PDFpages,50,15.5,,,Main Table1PDFpp13-14/printed12-13;TGthermalprosePDFpp15-16/printed14-15;methodsPDFpp6-9,,"HBPOPNdistilledwaterbath80/120/160/200gL;dicyandiamide5%basisunreported;liquorratio1:20,70C30min;pad120%wetpickup;170C3mincure;wash/drypreparativerinseprotocolunreported;initial0LCnotdurabilitywashed",,Preparation of a flame-retardant coating based on solvent-free synthesis with high efficiency and durability on cotton fabric,https://doi.org/10.1016/j.carbpol.2019.115648,,120,Complete28nativepagesreviewed;noSIcited;localexactDOIinventoryonePDF;noSIreviewclaim,"HBPOPNdistilledwaterbath80/120/160/200gL;dicyandiamide5%basisunreported;liquorratio1:20,70C30min;pad120%wetpickup;170C3mincure;wash/drypreparativerinseprotocolunreported;initial0LCnotdurabilitywashed",After durability laundering,50homeLCs;AATCC61-2006method2A49C;oneacceleratedcycle=5homeLCs,2019
10.1016/j.carbpol.2019.115648,"M606B,Shanghai,China",Main Table1PDFpp13-14/printed12-13;160/controlprosePDFp13,37,ASTM D2863-2000,,,,,,,No own regular TG for this concentration/washing state in complete original,,,,HBPOPN120g/L,Main methodsPDFpp6-9/printed5-8,literature,LOI-only,2026-10-01,Codex complete original native pages/tables/figures/methods;one primary reviewer,,Carbohydrate Polymers,"All28native pages reviewed. Own untreated and160g/L initial fabrics explicitly named in nitrogen thermal propertiesPDFp15/printed14 and LOITable1PDFpp13-14/printed12-13;R8002.5/31.5explicitPDFp16/printed15 andconclusionPDFp21/printed20. Initial rinse/dry during preparation is not durability laundering. Source methodsPDFp8/printed7 andfirst thermal paragraph specify nitrogen;Fig6PDFp17/printed16 is TG/DTG. Later prose callsFig6b thermaloxidative and discusses oxidation;retain source terminology contradiction without inventing another atmosphere/air experiment or claiming independently confirmed gas. Untabulated DTG curves not estimated. Source decomposition intervals305-398/200-339 andambiguous105C statement are not exact T5/T10/Tonset/Tmax. Below200C loss assigned water,not decompositionpeak. Intermediate residues25.70/51.6 and51.9inlaterdiscussion are notR800;the51.6/51.9discrepancy remains unresolved. Full17LOIstatefacts retained;onlycontrol+160initialhaveownTG,so3otherinitialconcentrations+12washedstatesheld. Native weightgains15.5/21.3/28.1/33.5are totaldryfinishadd-on,notbathconcentration/wetpickup/componentfractions;afterwashadd-onunreported. AATCC61-2006method2A49C oneacceleratedcycle=5homeLCs;Table1LOI10/30/50homeLC states do not inherit initialTG. Catalyst5%basisunreported. TGmassflow/repeats/LOIspecimenandrepeatsunreported;VFT35x8cm andcone35kW/m2notborrowed. Publisherpre-proofcopyright/citation2019,local2020foldernotpublicationyearevidence. NoSIcited;oneprimaryreviewer,noindependentreviewer/physicalreplicateindependenceclaim.",cotton,100% woven cotton fabric;110g/m2;Shanghai fabric market;weave pattern unreported,100% woven cotton fabric;110g/m2;Shanghai fabric market;weave pattern unreported,100% woven cotton fabric;110g/m2;Shanghai fabric market;weave pattern unreported,HBPOPN120g/L,explicit_text,Table1LOIonly;owninitial160/controlTG not transferred,held_LOI_only_no_own_TG,journal_article,Native publisher accepted Journal Pre-proof cover with matching DOI/title/authors;not definitive VOR or an author preprint,,,held_outside_verified_target,,HBPOPN120g/L,,,,,"HBP8.75g/.005mol+H3PO413.12g/.08mol130C3h;HBPOP15.15g/.005mol+urea4.8g/.08mol100C1h;ethanolpurify/dry50C;retainmassandmolasis,noacidgradeconcentrationcorrection",,,,,,Unreported,,,,,,,,120,,5,Unreported,,PublisherJournalPre-proofaccepted19November2019;notdefinitiveVOR;copyrightandcitation2019;28PDFpages,0,,,,Main Table1PDFpp13-14/printed12-13;TGthermalprosePDFpp15-16/printed14-15;methodsPDFpp6-9,21.3,"HBPOPNdistilledwaterbath80/120/160/200gL;dicyandiamide5%basisunreported;liquorratio1:20,70C30min;pad120%wetpickup;170C3mincure;wash/drypreparativerinseprotocolunreported;initial0LCnotdurabilitywashed",,Preparation of a flame-retardant coating based on solvent-free synthesis with high efficiency and durability on cotton fabric,https://doi.org/10.1016/j.carbpol.2019.115648,,120,Complete28nativepagesreviewed;noSIcited;localexactDOIinventoryonePDF;noSIreviewclaim,"HBPOPNdistilledwaterbath80/120/160/200gL;dicyandiamide5%basisunreported;liquorratio1:20,70C30min;pad120%wetpickup;170C3mincure;wash/drypreparativerinseprotocolunreported;initial0LCnotdurabilitywashed",Initial prepared state,Initial prepared state;no durability laundering,2019
10.1016/j.carbpol.2019.115648,"M606B,Shanghai,China",Main Table1PDFpp13-14/printed12-13;160/controlprosePDFp13,33,ASTM D2863-2000,,,,,,,No own regular TG for this concentration/washing state in complete original,,,,HBPOPN120g/L after10homeLCs,Main methodsPDFpp6-9/printed5-8,literature,LOI-only,2026-10-01,Codex complete original native pages/tables/figures/methods;one primary reviewer,,Carbohydrate Polymers,"All28native pages reviewed. Own untreated and160g/L initial fabrics explicitly named in nitrogen thermal propertiesPDFp15/printed14 and LOITable1PDFpp13-14/printed12-13;R8002.5/31.5explicitPDFp16/printed15 andconclusionPDFp21/printed20. Initial rinse/dry during preparation is not durability laundering. Source methodsPDFp8/printed7 andfirst thermal paragraph specify nitrogen;Fig6PDFp17/printed16 is TG/DTG. Later prose callsFig6b thermaloxidative and discusses oxidation;retain source terminology contradiction without inventing another atmosphere/air experiment or claiming independently confirmed gas. Untabulated DTG curves not estimated. Source decomposition intervals305-398/200-339 andambiguous105C statement are not exact T5/T10/Tonset/Tmax. Below200C loss assigned water,not decompositionpeak. Intermediate residues25.70/51.6 and51.9inlaterdiscussion are notR800;the51.6/51.9discrepancy remains unresolved. Full17LOIstatefacts retained;onlycontrol+160initialhaveownTG,so3otherinitialconcentrations+12washedstatesheld. Native weightgains15.5/21.3/28.1/33.5are totaldryfinishadd-on,notbathconcentration/wetpickup/componentfractions;afterwashadd-onunreported. AATCC61-2006method2A49C oneacceleratedcycle=5homeLCs;Table1LOI10/30/50homeLC states do not inherit initialTG. Catalyst5%basisunreported. TGmassflow/repeats/LOIspecimenandrepeatsunreported;VFT35x8cm andcone35kW/m2notborrowed. Publisherpre-proofcopyright/citation2019,local2020foldernotpublicationyearevidence. NoSIcited;oneprimaryreviewer,noindependentreviewer/physicalreplicateindependenceclaim.",cotton,100% woven cotton fabric;110g/m2;Shanghai fabric market;weave pattern unreported,100% woven cotton fabric;110g/m2;Shanghai fabric market;weave pattern unreported,100% woven cotton fabric;110g/m2;Shanghai fabric market;weave pattern unreported,HBPOPN120g/L after10homeLCs,explicit_text,Table1LOIonly;owninitial160/controlTG not transferred,held_LOI_only_no_own_TG,journal_article,Native publisher accepted Journal Pre-proof cover with matching DOI/title/authors;not definitive VOR or an author preprint,,,held_outside_verified_target,,HBPOPN120g/L after10homeLCs,,,,,"HBP8.75g/.005mol+H3PO413.12g/.08mol130C3h;HBPOP15.15g/.005mol+urea4.8g/.08mol100C1h;ethanolpurify/dry50C;retainmassandmolasis,noacidgradeconcentrationcorrection",,,,,,Unreported,,,,,,,AATCC61-2006method2A49C;oneacceleratedcycle=5homeLCs asprinted;Table1labels10/30/50LCnot10/30/50acceleratedcycles;initialpreparativewash/drydistinct,120,,5,Unreported,,PublisherJournalPre-proofaccepted19November2019;notdefinitiveVOR;copyrightandcitation2019;28PDFpages,10,21.3,,,Main Table1PDFpp13-14/printed12-13;TGthermalprosePDFpp15-16/printed14-15;methodsPDFpp6-9,,"HBPOPNdistilledwaterbath80/120/160/200gL;dicyandiamide5%basisunreported;liquorratio1:20,70C30min;pad120%wetpickup;170C3mincure;wash/drypreparativerinseprotocolunreported;initial0LCnotdurabilitywashed",,Preparation of a flame-retardant coating based on solvent-free synthesis with high efficiency and durability on cotton fabric,https://doi.org/10.1016/j.carbpol.2019.115648,,120,Complete28nativepagesreviewed;noSIcited;localexactDOIinventoryonePDF;noSIreviewclaim,"HBPOPNdistilledwaterbath80/120/160/200gL;dicyandiamide5%basisunreported;liquorratio1:20,70C30min;pad120%wetpickup;170C3mincure;wash/drypreparativerinseprotocolunreported;initial0LCnotdurabilitywashed",After durability laundering,10homeLCs;AATCC61-2006method2A49C;oneacceleratedcycle=5homeLCs,2019
10.1016/j.carbpol.2019.115648,"M606B,Shanghai,China",Main Table1PDFpp13-14/printed12-13;160/controlprosePDFp13,30.2,ASTM D2863-2000,,,,,,,No own regular TG for this concentration/washing state in complete original,,,,HBPOPN120g/L after30homeLCs,Main methodsPDFpp6-9/printed5-8,literature,LOI-only,2026-10-01,Codex complete original native pages/tables/figures/methods;one primary reviewer,,Carbohydrate Polymers,"All28native pages reviewed. Own untreated and160g/L initial fabrics explicitly named in nitrogen thermal propertiesPDFp15/printed14 and LOITable1PDFpp13-14/printed12-13;R8002.5/31.5explicitPDFp16/printed15 andconclusionPDFp21/printed20. Initial rinse/dry during preparation is not durability laundering. Source methodsPDFp8/printed7 andfirst thermal paragraph specify nitrogen;Fig6PDFp17/printed16 is TG/DTG. Later prose callsFig6b thermaloxidative and discusses oxidation;retain source terminology contradiction without inventing another atmosphere/air experiment or claiming independently confirmed gas. Untabulated DTG curves not estimated. Source decomposition intervals305-398/200-339 andambiguous105C statement are not exact T5/T10/Tonset/Tmax. Below200C loss assigned water,not decompositionpeak. Intermediate residues25.70/51.6 and51.9inlaterdiscussion are notR800;the51.6/51.9discrepancy remains unresolved. Full17LOIstatefacts retained;onlycontrol+160initialhaveownTG,so3otherinitialconcentrations+12washedstatesheld. Native weightgains15.5/21.3/28.1/33.5are totaldryfinishadd-on,notbathconcentration/wetpickup/componentfractions;afterwashadd-onunreported. AATCC61-2006method2A49C oneacceleratedcycle=5homeLCs;Table1LOI10/30/50homeLC states do not inherit initialTG. Catalyst5%basisunreported. TGmassflow/repeats/LOIspecimenandrepeatsunreported;VFT35x8cm andcone35kW/m2notborrowed. Publisherpre-proofcopyright/citation2019,local2020foldernotpublicationyearevidence. NoSIcited;oneprimaryreviewer,noindependentreviewer/physicalreplicateindependenceclaim.",cotton,100% woven cotton fabric;110g/m2;Shanghai fabric market;weave pattern unreported,100% woven cotton fabric;110g/m2;Shanghai fabric market;weave pattern unreported,100% woven cotton fabric;110g/m2;Shanghai fabric market;weave pattern unreported,HBPOPN120g/L after30homeLCs,explicit_text,Table1LOIonly;owninitial160/controlTG not transferred,held_LOI_only_no_own_TG,journal_article,Native publisher accepted Journal Pre-proof cover with matching DOI/title/authors;not definitive VOR or an author preprint,,,held_outside_verified_target,,HBPOPN120g/L after30homeLCs,,,,,"HBP8.75g/.005mol+H3PO413.12g/.08mol130C3h;HBPOP15.15g/.005mol+urea4.8g/.08mol100C1h;ethanolpurify/dry50C;retainmassandmolasis,noacidgradeconcentrationcorrection",,,,,,Unreported,,,,,,,AATCC61-2006method2A49C;oneacceleratedcycle=5homeLCs asprinted;Table1labels10/30/50LCnot10/30/50acceleratedcycles;initialpreparativewash/drydistinct,120,,5,Unreported,,PublisherJournalPre-proofaccepted19November2019;notdefinitiveVOR;copyrightandcitation2019;28PDFpages,30,21.3,,,Main Table1PDFpp13-14/printed12-13;TGthermalprosePDFpp15-16/printed14-15;methodsPDFpp6-9,,"HBPOPNdistilledwaterbath80/120/160/200gL;dicyandiamide5%basisunreported;liquorratio1:20,70C30min;pad120%wetpickup;170C3mincure;wash/drypreparativerinseprotocolunreported;initial0LCnotdurabilitywashed",,Preparation of a flame-retardant coating based on solvent-free synthesis with high efficiency and durability on cotton fabric,https://doi.org/10.1016/j.carbpol.2019.115648,,120,Complete28nativepagesreviewed;noSIcited;localexactDOIinventoryonePDF;noSIreviewclaim,"HBPOPNdistilledwaterbath80/120/160/200gL;dicyandiamide5%basisunreported;liquorratio1:20,70C30min;pad120%wetpickup;170C3mincure;wash/drypreparativerinseprotocolunreported;initial0LCnotdurabilitywashed",After durability laundering,30homeLCs;AATCC61-2006method2A49C;oneacceleratedcycle=5homeLCs,2019
10.1016/j.carbpol.2019.115648,"M606B,Shanghai,China",Main Table1PDFpp13-14/printed12-13;160/controlprosePDFp13,24.5,ASTM D2863-2000,,,,,,,No own regular TG for this concentration/washing state in complete original,,,,HBPOPN120g/L after50homeLCs,Main methodsPDFpp6-9/printed5-8,literature,LOI-only,2026-10-01,Codex complete original native pages/tables/figures/methods;one primary reviewer,,Carbohydrate Polymers,"All28native pages reviewed. Own untreated and160g/L initial fabrics explicitly named in nitrogen thermal propertiesPDFp15/printed14 and LOITable1PDFpp13-14/printed12-13;R8002.5/31.5explicitPDFp16/printed15 andconclusionPDFp21/printed20. Initial rinse/dry during preparation is not durability laundering. Source methodsPDFp8/printed7 andfirst thermal paragraph specify nitrogen;Fig6PDFp17/printed16 is TG/DTG. Later prose callsFig6b thermaloxidative and discusses oxidation;retain source terminology contradiction without inventing another atmosphere/air experiment or claiming independently confirmed gas. Untabulated DTG curves not estimated. Source decomposition intervals305-398/200-339 andambiguous105C statement are not exact T5/T10/Tonset/Tmax. Below200C loss assigned water,not decompositionpeak. Intermediate residues25.70/51.6 and51.9inlaterdiscussion are notR800;the51.6/51.9discrepancy remains unresolved. Full17LOIstatefacts retained;onlycontrol+160initialhaveownTG,so3otherinitialconcentrations+12washedstatesheld. Native weightgains15.5/21.3/28.1/33.5are totaldryfinishadd-on,notbathconcentration/wetpickup/componentfractions;afterwashadd-onunreported. AATCC61-2006method2A49C oneacceleratedcycle=5homeLCs;Table1LOI10/30/50homeLC states do not inherit initialTG. Catalyst5%basisunreported. TGmassflow/repeats/LOIspecimenandrepeatsunreported;VFT35x8cm andcone35kW/m2notborrowed. Publisherpre-proofcopyright/citation2019,local2020foldernotpublicationyearevidence. NoSIcited;oneprimaryreviewer,noindependentreviewer/physicalreplicateindependenceclaim.",cotton,100% woven cotton fabric;110g/m2;Shanghai fabric market;weave pattern unreported,100% woven cotton fabric;110g/m2;Shanghai fabric market;weave pattern unreported,100% woven cotton fabric;110g/m2;Shanghai fabric market;weave pattern unreported,HBPOPN120g/L after50homeLCs,explicit_text,Table1LOIonly;owninitial160/controlTG not transferred,held_LOI_only_no_own_TG,journal_article,Native publisher accepted Journal Pre-proof cover with matching DOI/title/authors;not definitive VOR or an author preprint,,,held_outside_verified_target,,HBPOPN120g/L after50homeLCs,,,,,"HBP8.75g/.005mol+H3PO413.12g/.08mol130C3h;HBPOP15.15g/.005mol+urea4.8g/.08mol100C1h;ethanolpurify/dry50C;retainmassandmolasis,noacidgradeconcentrationcorrection",,,,,,Unreported,,,,,,,AATCC61-2006method2A49C;oneacceleratedcycle=5homeLCs asprinted;Table1labels10/30/50LCnot10/30/50acceleratedcycles;initialpreparativewash/drydistinct,120,,5,Unreported,,PublisherJournalPre-proofaccepted19November2019;notdefinitiveVOR;copyrightandcitation2019;28PDFpages,50,21.3,,,Main Table1PDFpp13-14/printed12-13;TGthermalprosePDFpp15-16/printed14-15;methodsPDFpp6-9,,"HBPOPNdistilledwaterbath80/120/160/200gL;dicyandiamide5%basisunreported;liquorratio1:20,70C30min;pad120%wetpickup;170C3mincure;wash/drypreparativerinseprotocolunreported;initial0LCnotdurabilitywashed",,Preparation of a flame-retardant coating based on solvent-free synthesis with high efficiency and durability on cotton fabric,https://doi.org/10.1016/j.carbpol.2019.115648,,120,Complete28nativepagesreviewed;noSIcited;localexactDOIinventoryonePDF;noSIreviewclaim,"HBPOPNdistilledwaterbath80/120/160/200gL;dicyandiamide5%basisunreported;liquorratio1:20,70C30min;pad120%wetpickup;170C3mincure;wash/drypreparativerinseprotocolunreported;initial0LCnotdurabilitywashed",After durability laundering,50homeLCs;AATCC61-2006method2A49C;oneacceleratedcycle=5homeLCs,2019
10.1016/j.carbpol.2019.115648,"M606B,Shanghai,China",Main Table1PDFpp13-14/printed12-13;160/controlprosePDFp13,42,ASTM D2863-2000,,31.5,,,"Pyris1,PerkinElmer,Netherlands",800,Main first N2thermal paragraphPDFpp15-16/printed14-15;R800explicitp16andconclusionp21;Fig6p17,30,,N2,HBPOPN160g/L,Main methodsPDFpp6-9/printed5-8,literature,TG+LOI,2026-10-01,Codex complete original native pages/tables/figures/methods;one primary reviewer,20,Carbohydrate Polymers,"All28native pages reviewed. Own untreated and160g/L initial fabrics explicitly named in nitrogen thermal propertiesPDFp15/printed14 and LOITable1PDFpp13-14/printed12-13;R8002.5/31.5explicitPDFp16/printed15 andconclusionPDFp21/printed20. Initial rinse/dry during preparation is not durability laundering. Source methodsPDFp8/printed7 andfirst thermal paragraph specify nitrogen;Fig6PDFp17/printed16 is TG/DTG. Later prose callsFig6b thermaloxidative and discusses oxidation;retain source terminology contradiction without inventing another atmosphere/air experiment or claiming independently confirmed gas. Untabulated DTG curves not estimated. Source decomposition intervals305-398/200-339 andambiguous105C statement are not exact T5/T10/Tonset/Tmax. Below200C loss assigned water,not decompositionpeak. Intermediate residues25.70/51.6 and51.9inlaterdiscussion are notR800;the51.6/51.9discrepancy remains unresolved. Full17LOIstatefacts retained;onlycontrol+160initialhaveownTG,so3otherinitialconcentrations+12washedstatesheld. Native weightgains15.5/21.3/28.1/33.5are totaldryfinishadd-on,notbathconcentration/wetpickup/componentfractions;afterwashadd-onunreported. AATCC61-2006method2A49C oneacceleratedcycle=5homeLCs;Table1LOI10/30/50homeLC states do not inherit initialTG. Catalyst5%basisunreported. TGmassflow/repeats/LOIspecimenandrepeatsunreported;VFT35x8cm andcone35kW/m2notborrowed. Publisherpre-proofcopyright/citation2019,local2020foldernotpublicationyearevidence. NoSIcited;oneprimaryreviewer,noindependentreviewer/physicalreplicateindependenceclaim.",cotton,100% woven cotton fabric;110g/m2;Shanghai fabric market;weave pattern unreported,100% woven cotton fabric;110g/m2;Shanghai fabric market;weave pattern unreported,100% woven cotton fabric;110g/m2;Shanghai fabric market;weave pattern unreported,HBPOPN160g/L,explicit_text,Own110g/m2wovenfabric controland160g/Linitialpreparation;LOITable1explicit0LC andN2TGthermalparagraph explicitlysame160g/L/untreated formulations;no durabilitywashed/otherconcentration transfer.,verified_exact,journal_article,Native publisher accepted Journal Pre-proof cover with matching DOI/title/authors;not definitive VOR or an author preprint,31.5,800,source_review_approved,b395ecc79a2088b17dc01d11c8fb15c0dfdabcf7cd06793dc0a72efe8d0a2adf,HBPOPN160g/L,,,,,"HBP8.75g/.005mol+H3PO413.12g/.08mol130C3h;HBPOP15.15g/.005mol+urea4.8g/.08mol100C1h;ethanolpurify/dry50C;retainmassandmolasis,noacidgradeconcentrationcorrection",,,,,,Unreported,20K/min,,,,Reported N2 inmethods/firstthermalparagraph;laterthermaloxidativewording andFig6bDTGcaption inconsistent;noaircondition inferred,,,160,,5,Unreported,Approximately105C source wording ambiguous;not canonical temperature,PublisherJournalPre-proofaccepted19November2019;notdefinitiveVOR;copyrightandcitation2019;28PDFpages,0,,51.6,51.9,Main Table1PDFpp13-14/printed12-13;TGthermalprosePDFpp15-16/printed14-15;methodsPDFpp6-9,28.1,"HBPOPNdistilledwaterbath80/120/160/200gL;dicyandiamide5%basisunreported;liquorratio1:20,70C30min;pad120%wetpickup;170C3mincure;wash/drypreparativerinseprotocolunreported;initial0LCnotdurabilitywashed",,Preparation of a flame-retardant coating based on solvent-free synthesis with high efficiency and durability on cotton fabric,https://doi.org/10.1016/j.carbpol.2019.115648,,120,Complete28nativepagesreviewed;noSIcited;localexactDOIinventoryonePDF;noSIreviewclaim,"HBPOPNdistilledwaterbath80/120/160/200gL;dicyandiamide5%basisunreported;liquorratio1:20,70C30min;pad120%wetpickup;170C3mincure;wash/drypreparativerinseprotocolunreported;initial0LCnotdurabilitywashed",Initial prepared state,Initial prepared state;no durability laundering,2019
10.1016/j.carbpol.2019.115648,"M606B,Shanghai,China",Main Table1PDFpp13-14/printed12-13;160/controlprosePDFp13,37.6,ASTM D2863-2000,,,,,,,No own regular TG for this concentration/washing state in complete original,,,,HBPOPN160g/L after10homeLCs,Main methodsPDFpp6-9/printed5-8,literature,LOI-only,2026-10-01,Codex complete original native pages/tables/figures/methods;one primary reviewer,,Carbohydrate Polymers,"All28native pages reviewed. Own untreated and160g/L initial fabrics explicitly named in nitrogen thermal propertiesPDFp15/printed14 and LOITable1PDFpp13-14/printed12-13;R8002.5/31.5explicitPDFp16/printed15 andconclusionPDFp21/printed20. Initial rinse/dry during preparation is not durability laundering. Source methodsPDFp8/printed7 andfirst thermal paragraph specify nitrogen;Fig6PDFp17/printed16 is TG/DTG. Later prose callsFig6b thermaloxidative and discusses oxidation;retain source terminology contradiction without inventing another atmosphere/air experiment or claiming independently confirmed gas. Untabulated DTG curves not estimated. Source decomposition intervals305-398/200-339 andambiguous105C statement are not exact T5/T10/Tonset/Tmax. Below200C loss assigned water,not decompositionpeak. Intermediate residues25.70/51.6 and51.9inlaterdiscussion are notR800;the51.6/51.9discrepancy remains unresolved. Full17LOIstatefacts retained;onlycontrol+160initialhaveownTG,so3otherinitialconcentrations+12washedstatesheld. Native weightgains15.5/21.3/28.1/33.5are totaldryfinishadd-on,notbathconcentration/wetpickup/componentfractions;afterwashadd-onunreported. AATCC61-2006method2A49C oneacceleratedcycle=5homeLCs;Table1LOI10/30/50homeLC states do not inherit initialTG. Catalyst5%basisunreported. TGmassflow/repeats/LOIspecimenandrepeatsunreported;VFT35x8cm andcone35kW/m2notborrowed. Publisherpre-proofcopyright/citation2019,local2020foldernotpublicationyearevidence. NoSIcited;oneprimaryreviewer,noindependentreviewer/physicalreplicateindependenceclaim.",cotton,100% woven cotton fabric;110g/m2;Shanghai fabric market;weave pattern unreported,100% woven cotton fabric;110g/m2;Shanghai fabric market;weave pattern unreported,100% woven cotton fabric;110g/m2;Shanghai fabric market;weave pattern unreported,HBPOPN160g/L after10homeLCs,explicit_text,Table1LOIonly;owninitial160/controlTG not transferred,held_LOI_only_no_own_TG,journal_article,Native publisher accepted Journal Pre-proof cover with matching DOI/title/authors;not definitive VOR or an author preprint,,,held_outside_verified_target,,HBPOPN160g/L after10homeLCs,,,,,"HBP8.75g/.005mol+H3PO413.12g/.08mol130C3h;HBPOP15.15g/.005mol+urea4.8g/.08mol100C1h;ethanolpurify/dry50C;retainmassandmolasis,noacidgradeconcentrationcorrection",,,,,,Unreported,,,,,,,AATCC61-2006method2A49C;oneacceleratedcycle=5homeLCs asprinted;Table1labels10/30/50LCnot10/30/50acceleratedcycles;initialpreparativewash/drydistinct,160,,5,Unreported,,PublisherJournalPre-proofaccepted19November2019;notdefinitiveVOR;copyrightandcitation2019;28PDFpages,10,28.1,,,Main Table1PDFpp13-14/printed12-13;TGthermalprosePDFpp15-16/printed14-15;methodsPDFpp6-9,,"HBPOPNdistilledwaterbath80/120/160/200gL;dicyandiamide5%basisunreported;liquorratio1:20,70C30min;pad120%wetpickup;170C3mincure;wash/drypreparativerinseprotocolunreported;initial0LCnotdurabilitywashed",,Preparation of a flame-retardant coating based on solvent-free synthesis with high efficiency and durability on cotton fabric,https://doi.org/10.1016/j.carbpol.2019.115648,,120,Complete28nativepagesreviewed;noSIcited;localexactDOIinventoryonePDF;noSIreviewclaim,"HBPOPNdistilledwaterbath80/120/160/200gL;dicyandiamide5%basisunreported;liquorratio1:20,70C30min;pad120%wetpickup;170C3mincure;wash/drypreparativerinseprotocolunreported;initial0LCnotdurabilitywashed",After durability laundering,10homeLCs;AATCC61-2006method2A49C;oneacceleratedcycle=5homeLCs,2019
10.1016/j.carbpol.2019.115648,"M606B,Shanghai,China",Main Table1PDFpp13-14/printed12-13;160/controlprosePDFp13,33.2,ASTM D2863-2000,,,,,,,No own regular TG for this concentration/washing state in complete original,,,,HBPOPN160g/L after30homeLCs,Main methodsPDFpp6-9/printed5-8,literature,LOI-only,2026-10-01,Codex complete original native pages/tables/figures/methods;one primary reviewer,,Carbohydrate Polymers,"All28native pages reviewed. Own untreated and160g/L initial fabrics explicitly named in nitrogen thermal propertiesPDFp15/printed14 and LOITable1PDFpp13-14/printed12-13;R8002.5/31.5explicitPDFp16/printed15 andconclusionPDFp21/printed20. Initial rinse/dry during preparation is not durability laundering. Source methodsPDFp8/printed7 andfirst thermal paragraph specify nitrogen;Fig6PDFp17/printed16 is TG/DTG. Later prose callsFig6b thermaloxidative and discusses oxidation;retain source terminology contradiction without inventing another atmosphere/air experiment or claiming independently confirmed gas. Untabulated DTG curves not estimated. Source decomposition intervals305-398/200-339 andambiguous105C statement are not exact T5/T10/Tonset/Tmax. Below200C loss assigned water,not decompositionpeak. Intermediate residues25.70/51.6 and51.9inlaterdiscussion are notR800;the51.6/51.9discrepancy remains unresolved. Full17LOIstatefacts retained;onlycontrol+160initialhaveownTG,so3otherinitialconcentrations+12washedstatesheld. Native weightgains15.5/21.3/28.1/33.5are totaldryfinishadd-on,notbathconcentration/wetpickup/componentfractions;afterwashadd-onunreported. AATCC61-2006method2A49C oneacceleratedcycle=5homeLCs;Table1LOI10/30/50homeLC states do not inherit initialTG. Catalyst5%basisunreported. TGmassflow/repeats/LOIspecimenandrepeatsunreported;VFT35x8cm andcone35kW/m2notborrowed. Publisherpre-proofcopyright/citation2019,local2020foldernotpublicationyearevidence. NoSIcited;oneprimaryreviewer,noindependentreviewer/physicalreplicateindependenceclaim.",cotton,100% woven cotton fabric;110g/m2;Shanghai fabric market;weave pattern unreported,100% woven cotton fabric;110g/m2;Shanghai fabric market;weave pattern unreported,100% woven cotton fabric;110g/m2;Shanghai fabric market;weave pattern unreported,HBPOPN160g/L after30homeLCs,explicit_text,Table1LOIonly;owninitial160/controlTG not transferred,held_LOI_only_no_own_TG,journal_article,Native publisher accepted Journal Pre-proof cover with matching DOI/title/authors;not definitive VOR or an author preprint,,,held_outside_verified_target,,HBPOPN160g/L after30homeLCs,,,,,"HBP8.75g/.005mol+H3PO413.12g/.08mol130C3h;HBPOP15.15g/.005mol+urea4.8g/.08mol100C1h;ethanolpurify/dry50C;retainmassandmolasis,noacidgradeconcentrationcorrection",,,,,,Unreported,,,,,,,AATCC61-2006method2A49C;oneacceleratedcycle=5homeLCs asprinted;Table1labels10/30/50LCnot10/30/50acceleratedcycles;initialpreparativewash/drydistinct,160,,5,Unreported,,PublisherJournalPre-proofaccepted19November2019;notdefinitiveVOR;copyrightandcitation2019;28PDFpages,30,28.1,,,Main Table1PDFpp13-14/printed12-13;TGthermalprosePDFpp15-16/printed14-15;methodsPDFpp6-9,,"HBPOPNdistilledwaterbath80/120/160/200gL;dicyandiamide5%basisunreported;liquorratio1:20,70C30min;pad120%wetpickup;170C3mincure;wash/drypreparativerinseprotocolunreported;initial0LCnotdurabilitywashed",,Preparation of a flame-retardant coating based on solvent-free synthesis with high efficiency and durability on cotton fabric,https://doi.org/10.1016/j.carbpol.2019.115648,,120,Complete28nativepagesreviewed;noSIcited;localexactDOIinventoryonePDF;noSIreviewclaim,"HBPOPNdistilledwaterbath80/120/160/200gL;dicyandiamide5%basisunreported;liquorratio1:20,70C30min;pad120%wetpickup;170C3mincure;wash/drypreparativerinseprotocolunreported;initial0LCnotdurabilitywashed",After durability laundering,30homeLCs;AATCC61-2006method2A49C;oneacceleratedcycle=5homeLCs,2019
10.1016/j.carbpol.2019.115648,"M606B,Shanghai,China",Main Table1PDFpp13-14/printed12-13;160/controlprosePDFp13,29.3,ASTM D2863-2000,,,,,,,No own regular TG for this concentration/washing state in complete original,,,,HBPOPN160g/L after50homeLCs,Main methodsPDFpp6-9/printed5-8,literature,LOI-only,2026-10-01,Codex complete original native pages/tables/figures/methods;one primary reviewer,,Carbohydrate Polymers,"All28native pages reviewed. Own untreated and160g/L initial fabrics explicitly named in nitrogen thermal propertiesPDFp15/printed14 and LOITable1PDFpp13-14/printed12-13;R8002.5/31.5explicitPDFp16/printed15 andconclusionPDFp21/printed20. Initial rinse/dry during preparation is not durability laundering. Source methodsPDFp8/printed7 andfirst thermal paragraph specify nitrogen;Fig6PDFp17/printed16 is TG/DTG. Later prose callsFig6b thermaloxidative and discusses oxidation;retain source terminology contradiction without inventing another atmosphere/air experiment or claiming independently confirmed gas. Untabulated DTG curves not estimated. Source decomposition intervals305-398/200-339 andambiguous105C statement are not exact T5/T10/Tonset/Tmax. Below200C loss assigned water,not decompositionpeak. Intermediate residues25.70/51.6 and51.9inlaterdiscussion are notR800;the51.6/51.9discrepancy remains unresolved. Full17LOIstatefacts retained;onlycontrol+160initialhaveownTG,so3otherinitialconcentrations+12washedstatesheld. Native weightgains15.5/21.3/28.1/33.5are totaldryfinishadd-on,notbathconcentration/wetpickup/componentfractions;afterwashadd-onunreported. AATCC61-2006method2A49C oneacceleratedcycle=5homeLCs;Table1LOI10/30/50homeLC states do not inherit initialTG. Catalyst5%basisunreported. TGmassflow/repeats/LOIspecimenandrepeatsunreported;VFT35x8cm andcone35kW/m2notborrowed. Publisherpre-proofcopyright/citation2019,local2020foldernotpublicationyearevidence. NoSIcited;oneprimaryreviewer,noindependentreviewer/physicalreplicateindependenceclaim.",cotton,100% woven cotton fabric;110g/m2;Shanghai fabric market;weave pattern unreported,100% woven cotton fabric;110g/m2;Shanghai fabric market;weave pattern unreported,100% woven cotton fabric;110g/m2;Shanghai fabric market;weave pattern unreported,HBPOPN160g/L after50homeLCs,explicit_text,Table1LOIonly;owninitial160/controlTG not transferred,held_LOI_only_no_own_TG,journal_article,Native publisher accepted Journal Pre-proof cover with matching DOI/title/authors;not definitive VOR or an author preprint,,,held_outside_verified_target,,HBPOPN160g/L after50homeLCs,,,,,"HBP8.75g/.005mol+H3PO413.12g/.08mol130C3h;HBPOP15.15g/.005mol+urea4.8g/.08mol100C1h;ethanolpurify/dry50C;retainmassandmolasis,noacidgradeconcentrationcorrection",,,,,,Unreported,,,,,,,AATCC61-2006method2A49C;oneacceleratedcycle=5homeLCs asprinted;Table1labels10/30/50LCnot10/30/50acceleratedcycles;initialpreparativewash/drydistinct,160,,5,Unreported,,PublisherJournalPre-proofaccepted19November2019;notdefinitiveVOR;copyrightandcitation2019;28PDFpages,50,28.1,,,Main Table1PDFpp13-14/printed12-13;TGthermalprosePDFpp15-16/printed14-15;methodsPDFpp6-9,,"HBPOPNdistilledwaterbath80/120/160/200gL;dicyandiamide5%basisunreported;liquorratio1:20,70C30min;pad120%wetpickup;170C3mincure;wash/drypreparativerinseprotocolunreported;initial0LCnotdurabilitywashed",,Preparation of a flame-retardant coating based on solvent-free synthesis with high efficiency and durability on cotton fabric,https://doi.org/10.1016/j.carbpol.2019.115648,,120,Complete28nativepagesreviewed;noSIcited;localexactDOIinventoryonePDF;noSIreviewclaim,"HBPOPNdistilledwaterbath80/120/160/200gL;dicyandiamide5%basisunreported;liquorratio1:20,70C30min;pad120%wetpickup;170C3mincure;wash/drypreparativerinseprotocolunreported;initial0LCnotdurabilitywashed",After durability laundering,50homeLCs;AATCC61-2006method2A49C;oneacceleratedcycle=5homeLCs,2019
10.1016/j.carbpol.2019.115648,"M606B,Shanghai,China",Main Table1PDFpp13-14/printed12-13;160/controlprosePDFp13,46.4,ASTM D2863-2000,,,,,,,No own regular TG for this concentration/washing state in complete original,,,,HBPOPN200g/L,Main methodsPDFpp6-9/printed5-8,literature,LOI-only,2026-10-01,Codex complete original native pages/tables/figures/methods;one primary reviewer,,Carbohydrate Polymers,"All28native pages reviewed. Own untreated and160g/L initial fabrics explicitly named in nitrogen thermal propertiesPDFp15/printed14 and LOITable1PDFpp13-14/printed12-13;R8002.5/31.5explicitPDFp16/printed15 andconclusionPDFp21/printed20. Initial rinse/dry during preparation is not durability laundering. Source methodsPDFp8/printed7 andfirst thermal paragraph specify nitrogen;Fig6PDFp17/printed16 is TG/DTG. Later prose callsFig6b thermaloxidative and discusses oxidation;retain source terminology contradiction without inventing another atmosphere/air experiment or claiming independently confirmed gas. Untabulated DTG curves not estimated. Source decomposition intervals305-398/200-339 andambiguous105C statement are not exact T5/T10/Tonset/Tmax. Below200C loss assigned water,not decompositionpeak. Intermediate residues25.70/51.6 and51.9inlaterdiscussion are notR800;the51.6/51.9discrepancy remains unresolved. Full17LOIstatefacts retained;onlycontrol+160initialhaveownTG,so3otherinitialconcentrations+12washedstatesheld. Native weightgains15.5/21.3/28.1/33.5are totaldryfinishadd-on,notbathconcentration/wetpickup/componentfractions;afterwashadd-onunreported. AATCC61-2006method2A49C oneacceleratedcycle=5homeLCs;Table1LOI10/30/50homeLC states do not inherit initialTG. Catalyst5%basisunreported. TGmassflow/repeats/LOIspecimenandrepeatsunreported;VFT35x8cm andcone35kW/m2notborrowed. Publisherpre-proofcopyright/citation2019,local2020foldernotpublicationyearevidence. NoSIcited;oneprimaryreviewer,noindependentreviewer/physicalreplicateindependenceclaim.",cotton,100% woven cotton fabric;110g/m2;Shanghai fabric market;weave pattern unreported,100% woven cotton fabric;110g/m2;Shanghai fabric market;weave pattern unreported,100% woven cotton fabric;110g/m2;Shanghai fabric market;weave pattern unreported,HBPOPN200g/L,explicit_text,Table1LOIonly;owninitial160/controlTG not transferred,held_LOI_only_no_own_TG,journal_article,Native publisher accepted Journal Pre-proof cover with matching DOI/title/authors;not definitive VOR or an author preprint,,,held_outside_verified_target,,HBPOPN200g/L,,,,,"HBP8.75g/.005mol+H3PO413.12g/.08mol130C3h;HBPOP15.15g/.005mol+urea4.8g/.08mol100C1h;ethanolpurify/dry50C;retainmassandmolasis,noacidgradeconcentrationcorrection",,,,,,Unreported,,,,,,,,200,,5,Unreported,,PublisherJournalPre-proofaccepted19November2019;notdefinitiveVOR;copyrightandcitation2019;28PDFpages,0,,,,Main Table1PDFpp13-14/printed12-13;TGthermalprosePDFpp15-16/printed14-15;methodsPDFpp6-9,33.5,"HBPOPNdistilledwaterbath80/120/160/200gL;dicyandiamide5%basisunreported;liquorratio1:20,70C30min;pad120%wetpickup;170C3mincure;wash/drypreparativerinseprotocolunreported;initial0LCnotdurabilitywashed",,Preparation of a flame-retardant coating based on solvent-free synthesis with high efficiency and durability on cotton fabric,https://doi.org/10.1016/j.carbpol.2019.115648,,120,Complete28nativepagesreviewed;noSIcited;localexactDOIinventoryonePDF;noSIreviewclaim,"HBPOPNdistilledwaterbath80/120/160/200gL;dicyandiamide5%basisunreported;liquorratio1:20,70C30min;pad120%wetpickup;170C3mincure;wash/drypreparativerinseprotocolunreported;initial0LCnotdurabilitywashed",Initial prepared state,Initial prepared state;no durability laundering,2019
10.1016/j.carbpol.2019.115648,"M606B,Shanghai,China",Main Table1PDFpp13-14/printed12-13;160/controlprosePDFp13,39,ASTM D2863-2000,,,,,,,No own regular TG for this concentration/washing state in complete original,,,,HBPOPN200g/L after10homeLCs,Main methodsPDFpp6-9/printed5-8,literature,LOI-only,2026-10-01,Codex complete original native pages/tables/figures/methods;one primary reviewer,,Carbohydrate Polymers,"All28native pages reviewed. Own untreated and160g/L initial fabrics explicitly named in nitrogen thermal propertiesPDFp15/printed14 and LOITable1PDFpp13-14/printed12-13;R8002.5/31.5explicitPDFp16/printed15 andconclusionPDFp21/printed20. Initial rinse/dry during preparation is not durability laundering. Source methodsPDFp8/printed7 andfirst thermal paragraph specify nitrogen;Fig6PDFp17/printed16 is TG/DTG. Later prose callsFig6b thermaloxidative and discusses oxidation;retain source terminology contradiction without inventing another atmosphere/air experiment or claiming independently confirmed gas. Untabulated DTG curves not estimated. Source decomposition intervals305-398/200-339 andambiguous105C statement are not exact T5/T10/Tonset/Tmax. Below200C loss assigned water,not decompositionpeak. Intermediate residues25.70/51.6 and51.9inlaterdiscussion are notR800;the51.6/51.9discrepancy remains unresolved. Full17LOIstatefacts retained;onlycontrol+160initialhaveownTG,so3otherinitialconcentrations+12washedstatesheld. Native weightgains15.5/21.3/28.1/33.5are totaldryfinishadd-on,notbathconcentration/wetpickup/componentfractions;afterwashadd-onunreported. AATCC61-2006method2A49C oneacceleratedcycle=5homeLCs;Table1LOI10/30/50homeLC states do not inherit initialTG. Catalyst5%basisunreported. TGmassflow/repeats/LOIspecimenandrepeatsunreported;VFT35x8cm andcone35kW/m2notborrowed. Publisherpre-proofcopyright/citation2019,local2020foldernotpublicationyearevidence. NoSIcited;oneprimaryreviewer,noindependentreviewer/physicalreplicateindependenceclaim.",cotton,100% woven cotton fabric;110g/m2;Shanghai fabric market;weave pattern unreported,100% woven cotton fabric;110g/m2;Shanghai fabric market;weave pattern unreported,100% woven cotton fabric;110g/m2;Shanghai fabric market;weave pattern unreported,HBPOPN200g/L after10homeLCs,explicit_text,Table1LOIonly;owninitial160/controlTG not transferred,held_LOI_only_no_own_TG,journal_article,Native publisher accepted Journal Pre-proof cover with matching DOI/title/authors;not definitive VOR or an author preprint,,,held_outside_verified_target,,HBPOPN200g/L after10homeLCs,,,,,"HBP8.75g/.005mol+H3PO413.12g/.08mol130C3h;HBPOP15.15g/.005mol+urea4.8g/.08mol100C1h;ethanolpurify/dry50C;retainmassandmolasis,noacidgradeconcentrationcorrection",,,,,,Unreported,,,,,,,AATCC61-2006method2A49C;oneacceleratedcycle=5homeLCs asprinted;Table1labels10/30/50LCnot10/30/50acceleratedcycles;initialpreparativewash/drydistinct,200,,5,Unreported,,PublisherJournalPre-proofaccepted19November2019;notdefinitiveVOR;copyrightandcitation2019;28PDFpages,10,33.5,,,Main Table1PDFpp13-14/printed12-13;TGthermalprosePDFpp15-16/printed14-15;methodsPDFpp6-9,,"HBPOPNdistilledwaterbath80/120/160/200gL;dicyandiamide5%basisunreported;liquorratio1:20,70C30min;pad120%wetpickup;170C3mincure;wash/drypreparativerinseprotocolunreported;initial0LCnotdurabilitywashed",,Preparation of a flame-retardant coating based on solvent-free synthesis with high efficiency and durability on cotton fabric,https://doi.org/10.1016/j.carbpol.2019.115648,,120,Complete28nativepagesreviewed;noSIcited;localexactDOIinventoryonePDF;noSIreviewclaim,"HBPOPNdistilledwaterbath80/120/160/200gL;dicyandiamide5%basisunreported;liquorratio1:20,70C30min;pad120%wetpickup;170C3mincure;wash/drypreparativerinseprotocolunreported;initial0LCnotdurabilitywashed",After durability laundering,10homeLCs;AATCC61-2006method2A49C;oneacceleratedcycle=5homeLCs,2019
10.1016/j.carbpol.2019.115648,"M606B,Shanghai,China",Main Table1PDFpp13-14/printed12-13;160/controlprosePDFp13,35.5,ASTM D2863-2000,,,,,,,No own regular TG for this concentration/washing state in complete original,,,,HBPOPN200g/L after30homeLCs,Main methodsPDFpp6-9/printed5-8,literature,LOI-only,2026-10-01,Codex complete original native pages/tables/figures/methods;one primary reviewer,,Carbohydrate Polymers,"All28native pages reviewed. Own untreated and160g/L initial fabrics explicitly named in nitrogen thermal propertiesPDFp15/printed14 and LOITable1PDFpp13-14/printed12-13;R8002.5/31.5explicitPDFp16/printed15 andconclusionPDFp21/printed20. Initial rinse/dry during preparation is not durability laundering. Source methodsPDFp8/printed7 andfirst thermal paragraph specify nitrogen;Fig6PDFp17/printed16 is TG/DTG. Later prose callsFig6b thermaloxidative and discusses oxidation;retain source terminology contradiction without inventing another atmosphere/air experiment or claiming independently confirmed gas. Untabulated DTG curves not estimated. Source decomposition intervals305-398/200-339 andambiguous105C statement are not exact T5/T10/Tonset/Tmax. Below200C loss assigned water,not decompositionpeak. Intermediate residues25.70/51.6 and51.9inlaterdiscussion are notR800;the51.6/51.9discrepancy remains unresolved. Full17LOIstatefacts retained;onlycontrol+160initialhaveownTG,so3otherinitialconcentrations+12washedstatesheld. Native weightgains15.5/21.3/28.1/33.5are totaldryfinishadd-on,notbathconcentration/wetpickup/componentfractions;afterwashadd-onunreported. AATCC61-2006method2A49C oneacceleratedcycle=5homeLCs;Table1LOI10/30/50homeLC states do not inherit initialTG. Catalyst5%basisunreported. TGmassflow/repeats/LOIspecimenandrepeatsunreported;VFT35x8cm andcone35kW/m2notborrowed. Publisherpre-proofcopyright/citation2019,local2020foldernotpublicationyearevidence. NoSIcited;oneprimaryreviewer,noindependentreviewer/physicalreplicateindependenceclaim.",cotton,100% woven cotton fabric;110g/m2;Shanghai fabric market;weave pattern unreported,100% woven cotton fabric;110g/m2;Shanghai fabric market;weave pattern unreported,100% woven cotton fabric;110g/m2;Shanghai fabric market;weave pattern unreported,HBPOPN200g/L after30homeLCs,explicit_text,Table1LOIonly;owninitial160/controlTG not transferred,held_LOI_only_no_own_TG,journal_article,Native publisher accepted Journal Pre-proof cover with matching DOI/title/authors;not definitive VOR or an author preprint,,,held_outside_verified_target,,HBPOPN200g/L after30homeLCs,,,,,"HBP8.75g/.005mol+H3PO413.12g/.08mol130C3h;HBPOP15.15g/.005mol+urea4.8g/.08mol100C1h;ethanolpurify/dry50C;retainmassandmolasis,noacidgradeconcentrationcorrection",,,,,,Unreported,,,,,,,AATCC61-2006method2A49C;oneacceleratedcycle=5homeLCs asprinted;Table1labels10/30/50LCnot10/30/50acceleratedcycles;initialpreparativewash/drydistinct,200,,5,Unreported,,PublisherJournalPre-proofaccepted19November2019;notdefinitiveVOR;copyrightandcitation2019;28PDFpages,30,33.5,,,Main Table1PDFpp13-14/printed12-13;TGthermalprosePDFpp15-16/printed14-15;methodsPDFpp6-9,,"HBPOPNdistilledwaterbath80/120/160/200gL;dicyandiamide5%basisunreported;liquorratio1:20,70C30min;pad120%wetpickup;170C3mincure;wash/drypreparativerinseprotocolunreported;initial0LCnotdurabilitywashed",,Preparation of a flame-retardant coating based on solvent-free synthesis with high efficiency and durability on cotton fabric,https://doi.org/10.1016/j.carbpol.2019.115648,,120,Complete28nativepagesreviewed;noSIcited;localexactDOIinventoryonePDF;noSIreviewclaim,"HBPOPNdistilledwaterbath80/120/160/200gL;dicyandiamide5%basisunreported;liquorratio1:20,70C30min;pad120%wetpickup;170C3mincure;wash/drypreparativerinseprotocolunreported;initial0LCnotdurabilitywashed",After durability laundering,30homeLCs;AATCC61-2006method2A49C;oneacceleratedcycle=5homeLCs,2019
10.1016/j.carbpol.2019.115648,"M606B,Shanghai,China",Main Table1PDFpp13-14/printed12-13;160/controlprosePDFp13,32.8,ASTM D2863-2000,,,,,,,No own regular TG for this concentration/washing state in complete original,,,,HBPOPN200g/L after50homeLCs,Main methodsPDFpp6-9/printed5-8,literature,LOI-only,2026-10-01,Codex complete original native pages/tables/figures/methods;one primary reviewer,,Carbohydrate Polymers,"All28native pages reviewed. Own untreated and160g/L initial fabrics explicitly named in nitrogen thermal propertiesPDFp15/printed14 and LOITable1PDFpp13-14/printed12-13;R8002.5/31.5explicitPDFp16/printed15 andconclusionPDFp21/printed20. Initial rinse/dry during preparation is not durability laundering. Source methodsPDFp8/printed7 andfirst thermal paragraph specify nitrogen;Fig6PDFp17/printed16 is TG/DTG. Later prose callsFig6b thermaloxidative and discusses oxidation;retain source terminology contradiction without inventing another atmosphere/air experiment or claiming independently confirmed gas. Untabulated DTG curves not estimated. Source decomposition intervals305-398/200-339 andambiguous105C statement are not exact T5/T10/Tonset/Tmax. Below200C loss assigned water,not decompositionpeak. Intermediate residues25.70/51.6 and51.9inlaterdiscussion are notR800;the51.6/51.9discrepancy remains unresolved. Full17LOIstatefacts retained;onlycontrol+160initialhaveownTG,so3otherinitialconcentrations+12washedstatesheld. Native weightgains15.5/21.3/28.1/33.5are totaldryfinishadd-on,notbathconcentration/wetpickup/componentfractions;afterwashadd-onunreported. AATCC61-2006method2A49C oneacceleratedcycle=5homeLCs;Table1LOI10/30/50homeLC states do not inherit initialTG. Catalyst5%basisunreported. TGmassflow/repeats/LOIspecimenandrepeatsunreported;VFT35x8cm andcone35kW/m2notborrowed. Publisherpre-proofcopyright/citation2019,local2020foldernotpublicationyearevidence. NoSIcited;oneprimaryreviewer,noindependentreviewer/physicalreplicateindependenceclaim.",cotton,100% woven cotton fabric;110g/m2;Shanghai fabric market;weave pattern unreported,100% woven cotton fabric;110g/m2;Shanghai fabric market;weave pattern unreported,100% woven cotton fabric;110g/m2;Shanghai fabric market;weave pattern unreported,HBPOPN200g/L after50homeLCs,explicit_text,Table1LOIonly;owninitial160/controlTG not transferred,held_LOI_only_no_own_TG,journal_article,Native publisher accepted Journal Pre-proof cover with matching DOI/title/authors;not definitive VOR or an author preprint,,,held_outside_verified_target,,HBPOPN200g/L after50homeLCs,,,,,"HBP8.75g/.005mol+H3PO413.12g/.08mol130C3h;HBPOP15.15g/.005mol+urea4.8g/.08mol100C1h;ethanolpurify/dry50C;retainmassandmolasis,noacidgradeconcentrationcorrection",,,,,,Unreported,,,,,,,AATCC61-2006method2A49C;oneacceleratedcycle=5homeLCs asprinted;Table1labels10/30/50LCnot10/30/50acceleratedcycles;initialpreparativewash/drydistinct,200,,5,Unreported,,PublisherJournalPre-proofaccepted19November2019;notdefinitiveVOR;copyrightandcitation2019;28PDFpages,50,33.5,,,Main Table1PDFpp13-14/printed12-13;TGthermalprosePDFpp15-16/printed14-15;methodsPDFpp6-9,,"HBPOPNdistilledwaterbath80/120/160/200gL;dicyandiamide5%basisunreported;liquorratio1:20,70C30min;pad120%wetpickup;170C3mincure;wash/drypreparativerinseprotocolunreported;initial0LCnotdurabilitywashed",,Preparation of a flame-retardant coating based on solvent-free synthesis with high efficiency and durability on cotton fabric,https://doi.org/10.1016/j.carbpol.2019.115648,,120,Complete28nativepagesreviewed;noSIcited;localexactDOIinventoryonePDF;noSIreviewclaim,"HBPOPNdistilledwaterbath80/120/160/200gL;dicyandiamide5%basisunreported;liquorratio1:20,70C30min;pad120%wetpickup;170C3mincure;wash/drypreparativerinseprotocolunreported;initial0LCnotdurabilitywashed",After durability laundering,50homeLCs;AATCC61-2006method2A49C;oneacceleratedcycle=5homeLCs,2019
10.1007/s10570-020-03140-7,"JF-3,Jiangning Instrument Factory",Main Fig2PDFp6 directly printednumerical labels;owncontrol/CSseriesprosePDFp5;abstractAM15,18.1,,,6.3,,346.5,"TGA Q50,TA Instruments",800,Main Table3PDFp9;Fig5a/bN2PDFp9;R800endpointmethodsPDFp4/thermalprosePDFpp8-9,,396.3,N2,Cotton,MainmethodsPDFpp3-4;Table1footnotesPDFp4,literature,TG+LOI,2026-10-01,Codexcompleteoriginalnativepages/tables/figures/methods;oneprimaryreviewer,10,Cellulose,"Complete13native publisherjournal pages reviewed. Initial own7fabric labels map Table1PDFp4 recipes,Fig2PDFp6 directly printedLOI values andTable3PDFp9TG numbers. No curve/barheight digitization. OwncontrolLOI18.1;intro18.4is citedbackground,notowncontrol. AM5LOI25.6 differsCS10LOI25.7;distinctformulationseries retained. Table3T5means5wt%massloss;unnumberedTmax is source-reportedmaximumweightlosstemperature storedinlegacysinglemaximumTmax1field,notclaimof chronologicalfirstpeak orcompleteDTGstages;AMcoatingtwo-stage prose notestimatedadditionalpeak. R800endpointfromambient-to800CmethodsPDFp4 andendTGprosePDFp8/explicit800C treatedp9;Table3char notconeTable2 residues. Nativeconecontrol8.1Table2/abstract versus8.0p6prose is separate-assayconflict,notTG6.3. Fig5a/b andmethodsN2;Fig5c air dimensional-stability photos andairconetests do notauthorizeairTG. OneLOIfabric specimen150x58mm;cone6stackedlayers/35kWm2/2repeats,VFT5repeats andcell3replicates are notTG/LOI methods orindependentsample states. LOIstandard/repeats/uncertainty andTGmass/flow/repeats unknown. Ambientstartnotassumed25C. CS1wt%bath;AM3.3wt%CS-tablefootnote explicitlymassfractioninCSsolution(1.0wt%),notassumedpercentageofdryCSsolute/componentfractions;APP6.6or3.3wt%bathnotdryaddon. MeasuredWGrelativepretreatedfabricW0 distinctfrombathcomposition;sourcecontrolWG0printed. Na2CO3pretreatment notNaOHmateriallist;preparativerinses notdurabilitylaundering. SEMconstituentfibers notseparatefiberLOI. No SI is cited in the complete article;screenSIhitswerecellmediumsupplemented,falsepositives. Oneprimaryreviewer,noindependentreviewer/physicalreplicateindependenceclaim. PublisherORIGINALRESEARCHonlinefirstPDFpublished6Apr2020withDOI,title,authors,notauthorpreprint;noinventedprintpagination.",cotton,Plain woven cotton fabric;150g/m2;Shaoxing Quanying Textile Co.LTD,Plain woven cotton fabric;150g/m2;Shaoxing Quanying Textile Co.LTD,Plain woven cotton fabric;150g/m2;Shaoxing Quanying Textile Co.LTD,Cotton,tabulated,Sameowninitial150g/m2plainwovenfabriccontroland5/10/15bilayerCS/APPversusAM-CS/APPformulations;Table1exactrecipe labels joinFig2directLOI andTable3numericalN2TG;noair/wash/fiber/coneassaytransfer,verified_exact,journal_article,"Native publisherPDFp1 matchingDOI/title/authors,ORIGINALRESEARCH,Springer2020andpublishedonline6April2020",6.3,800,source_review_approved,de1f41d7306e38af92a61e263f971a088be0fabc89dc0e5ec755512d577d2c3d,Cotton,,,,,,,150x58,,,,Unreported,,,,Ambient temperature;numericstartunreported,,"Tmax,unnumbered maximumweightlosstemperature;legacy Tmax1 fielddoesnotimplycompleteDTGstagenumbering",,,0,,,,Native publisher journal ORIGINAL RESEARCH online-first PDF;published6April2020;notauthorpreprint;printpaginationunreported,,,,,Main Table1PDFp4;Fig2PDFp6;Table3PDFp9;methodsPDFpp3-4;thermalprosePDFpp7-9,0,Cotton pretreated with Na2CO3(0.3wt%);pretreatment duration/temperature unreported. AM dissolved in1wt%CS solution byadjusting pH;numericpH unreported. Alternate positiveCS orCS-AM andnegativeAPP dips2min each;DIwater preparation rinse1minaftereachcoating;dry60C4h;5/10/15bilayers(Table1BL=onebilayer). AM is p-aminobenzenesulfonicacid-modifiedmelamine fromcitedJin2017 synthesis;own completeAMrecipe unreported.,,Constructing eco-friendly flame retardant coating on cotton fabrics by layer-by-layer self-assembly,https://doi.org/10.1007/s10570-020-03140-7,"MassofpretreatedcottonfabricW0,Eq2PDFp4",,NoSIcitedincomplete13nativepages;localexactinventoryonePDF;noSIreviewclaim,Ownpretreatedcottoncontrol;Na2CO3(0.3wt%),Initial prepared state,"Initial prepared state;preparative DIrinses,notdurabilitylaundering",2020
10.1007/s10570-020-03140-7,"JF-3,Jiangning Instrument Factory",Main Fig2PDFp6 directly printednumerical labels;owncontrol/CSseriesprosePDFp5;abstractAM15,24.1,,,20.5,,256.8,"TGA Q50,TA Instruments",800,Main Table3PDFp9;Fig5a/bN2PDFp9;R800endpointmethodsPDFp4/thermalprosePDFpp8-9,,315.9,N2,C5/CS/APP,MainmethodsPDFpp3-4;Table1footnotesPDFp4,literature,TG+LOI,2026-10-01,Codexcompleteoriginalnativepages/tables/figures/methods;oneprimaryreviewer,10,Cellulose,"Complete13native publisherjournal pages reviewed. Initial own7fabric labels map Table1PDFp4 recipes,Fig2PDFp6 directly printedLOI values andTable3PDFp9TG numbers. No curve/barheight digitization. OwncontrolLOI18.1;intro18.4is citedbackground,notowncontrol. AM5LOI25.6 differsCS10LOI25.7;distinctformulationseries retained. Table3T5means5wt%massloss;unnumberedTmax is source-reportedmaximumweightlosstemperature storedinlegacysinglemaximumTmax1field,notclaimof chronologicalfirstpeak orcompleteDTGstages;AMcoatingtwo-stage prose notestimatedadditionalpeak. R800endpointfromambient-to800CmethodsPDFp4 andendTGprosePDFp8/explicit800C treatedp9;Table3char notconeTable2 residues. Nativeconecontrol8.1Table2/abstract versus8.0p6prose is separate-assayconflict,notTG6.3. Fig5a/b andmethodsN2;Fig5c air dimensional-stability photos andairconetests do notauthorizeairTG. OneLOIfabric specimen150x58mm;cone6stackedlayers/35kWm2/2repeats,VFT5repeats andcell3replicates are notTG/LOI methods orindependentsample states. LOIstandard/repeats/uncertainty andTGmass/flow/repeats unknown. Ambientstartnotassumed25C. CS1wt%bath;AM3.3wt%CS-tablefootnote explicitlymassfractioninCSsolution(1.0wt%),notassumedpercentageofdryCSsolute/componentfractions;APP6.6or3.3wt%bathnotdryaddon. MeasuredWGrelativepretreatedfabricW0 distinctfrombathcomposition;sourcecontrolWG0printed. Na2CO3pretreatment notNaOHmateriallist;preparativerinses notdurabilitylaundering. SEMconstituentfibers notseparatefiberLOI. No SI is cited in the complete article;screenSIhitswerecellmediumsupplemented,falsepositives. Oneprimaryreviewer,noindependentreviewer/physicalreplicateindependenceclaim. PublisherORIGINALRESEARCHonlinefirstPDFpublished6Apr2020withDOI,title,authors,notauthorpreprint;noinventedprintpagination.",cotton,Plain woven cotton fabric;150g/m2;Shaoxing Quanying Textile Co.LTD,Plain woven cotton fabric;150g/m2;Shaoxing Quanying Textile Co.LTD,Plain woven cotton fabric;150g/m2;Shaoxing Quanying Textile Co.LTD,C5/CS/APP,tabulated,Sameowninitial150g/m2plainwovenfabriccontroland5/10/15bilayerCS/APPversusAM-CS/APPformulations;Table1exactrecipe labels joinFig2directLOI andTable3numericalN2TG;noair/wash/fiber/coneassaytransfer,verified_exact,journal_article,"Native publisherPDFp1 matchingDOI/title/authors,ORIGINALRESEARCH,Springer2020andpublishedonline6April2020",20.5,800,source_review_approved,06a6e69dad27c358cd82116dfa76fc66cccc062f4554e7c83f4925808ac01c13,C5/CS/APP,,,6.6,1,,,150x58,,,,Unreported,,,,Ambient temperature;numericstartunreported,,"Tmax,unnumbered maximumweightlosstemperature;legacy Tmax1 fielddoesnotimplycompleteDTGstagenumbering",,,5,,,,Native publisher journal ORIGINAL RESEARCH online-first PDF;published6April2020;notauthorpreprint;printpaginationunreported,,,,,Main Table1PDFp4;Fig2PDFp6;Table3PDFp9;methodsPDFpp3-4;thermalprosePDFpp7-9,11.48,Cotton pretreated with Na2CO3(0.3wt%);pretreatment duration/temperature unreported. AM dissolved in1wt%CS solution byadjusting pH;numericpH unreported. Alternate positiveCS orCS-AM andnegativeAPP dips2min each;DIwater preparation rinse1minaftereachcoating;dry60C4h;5/10/15bilayers(Table1BL=onebilayer). AM is p-aminobenzenesulfonicacid-modifiedmelamine fromcitedJin2017 synthesis;own completeAMrecipe unreported.,,Constructing eco-friendly flame retardant coating on cotton fabrics by layer-by-layer self-assembly,https://doi.org/10.1007/s10570-020-03140-7,"MassofpretreatedcottonfabricW0,Eq2PDFp4",,NoSIcitedincomplete13nativepages;localexactinventoryonePDF;noSIreviewclaim,Cotton pretreated with Na2CO3(0.3wt%);pretreatment duration/temperature unreported. AM dissolved in1wt%CS solution byadjusting pH;numericpH unreported. Alternate positiveCS orCS-AM andnegativeAPP dips2min each;DIwater preparation rinse1minaftereachcoating;dry60C4h;5/10/15bilayers(Table1BL=onebilayer). AM is p-aminobenzenesulfonicacid-modifiedmelamine fromcitedJin2017 synthesis;own completeAMrecipe unreported.,Initial prepared state,"Initial prepared state;preparative DIrinses,notdurabilitylaundering",2020
10.1007/s10570-020-03140-7,"JF-3,Jiangning Instrument Factory",Main Fig2PDFp6 directly printednumerical labels;owncontrol/CSseriesprosePDFp5;abstractAM15,25.7,,,26.6,,270.5,"TGA Q50,TA Instruments",800,Main Table3PDFp9;Fig5a/bN2PDFp9;R800endpointmethodsPDFp4/thermalprosePDFpp8-9,,321.5,N2,C10/CS/APP,MainmethodsPDFpp3-4;Table1footnotesPDFp4,literature,TG+LOI,2026-10-01,Codexcompleteoriginalnativepages/tables/figures/methods;oneprimaryreviewer,10,Cellulose,"Complete13native publisherjournal pages reviewed. Initial own7fabric labels map Table1PDFp4 recipes,Fig2PDFp6 directly printedLOI values andTable3PDFp9TG numbers. No curve/barheight digitization. OwncontrolLOI18.1;intro18.4is citedbackground,notowncontrol. AM5LOI25.6 differsCS10LOI25.7;distinctformulationseries retained. Table3T5means5wt%massloss;unnumberedTmax is source-reportedmaximumweightlosstemperature storedinlegacysinglemaximumTmax1field,notclaimof chronologicalfirstpeak orcompleteDTGstages;AMcoatingtwo-stage prose notestimatedadditionalpeak. R800endpointfromambient-to800CmethodsPDFp4 andendTGprosePDFp8/explicit800C treatedp9;Table3char notconeTable2 residues. Nativeconecontrol8.1Table2/abstract versus8.0p6prose is separate-assayconflict,notTG6.3. Fig5a/b andmethodsN2;Fig5c air dimensional-stability photos andairconetests do notauthorizeairTG. OneLOIfabric specimen150x58mm;cone6stackedlayers/35kWm2/2repeats,VFT5repeats andcell3replicates are notTG/LOI methods orindependentsample states. LOIstandard/repeats/uncertainty andTGmass/flow/repeats unknown. Ambientstartnotassumed25C. CS1wt%bath;AM3.3wt%CS-tablefootnote explicitlymassfractioninCSsolution(1.0wt%),notassumedpercentageofdryCSsolute/componentfractions;APP6.6or3.3wt%bathnotdryaddon. MeasuredWGrelativepretreatedfabricW0 distinctfrombathcomposition;sourcecontrolWG0printed. Na2CO3pretreatment notNaOHmateriallist;preparativerinses notdurabilitylaundering. SEMconstituentfibers notseparatefiberLOI. No SI is cited in the complete article;screenSIhitswerecellmediumsupplemented,falsepositives. Oneprimaryreviewer,noindependentreviewer/physicalreplicateindependenceclaim. PublisherORIGINALRESEARCHonlinefirstPDFpublished6Apr2020withDOI,title,authors,notauthorpreprint;noinventedprintpagination.",cotton,Plain woven cotton fabric;150g/m2;Shaoxing Quanying Textile Co.LTD,Plain woven cotton fabric;150g/m2;Shaoxing Quanying Textile Co.LTD,Plain woven cotton fabric;150g/m2;Shaoxing Quanying Textile Co.LTD,C10/CS/APP,tabulated,Sameowninitial150g/m2plainwovenfabriccontroland5/10/15bilayerCS/APPversusAM-CS/APPformulations;Table1exactrecipe labels joinFig2directLOI andTable3numericalN2TG;noair/wash/fiber/coneassaytransfer,verified_exact,journal_article,"Native publisherPDFp1 matchingDOI/title/authors,ORIGINALRESEARCH,Springer2020andpublishedonline6April2020",26.6,800,source_review_approved,3c7de81ed36cb24ba9c32f6438eb8750498a1df4f08cdfeec21eec7754278cfe,C10/CS/APP,,,6.6,1,,,150x58,,,,Unreported,,,,Ambient temperature;numericstartunreported,,"Tmax,unnumbered maximumweightlosstemperature;legacy Tmax1 fielddoesnotimplycompleteDTGstagenumbering",,,10,,,,Native publisher journal ORIGINAL RESEARCH online-first PDF;published6April2020;notauthorpreprint;printpaginationunreported,,,,,Main Table1PDFp4;Fig2PDFp6;Table3PDFp9;methodsPDFpp3-4;thermalprosePDFpp7-9,12.14,Cotton pretreated with Na2CO3(0.3wt%);pretreatment duration/temperature unreported. AM dissolved in1wt%CS solution byadjusting pH;numericpH unreported. Alternate positiveCS orCS-AM andnegativeAPP dips2min each;DIwater preparation rinse1minaftereachcoating;dry60C4h;5/10/15bilayers(Table1BL=onebilayer). AM is p-aminobenzenesulfonicacid-modifiedmelamine fromcitedJin2017 synthesis;own completeAMrecipe unreported.,,Constructing eco-friendly flame retardant coating on cotton fabrics by layer-by-layer self-assembly,https://doi.org/10.1007/s10570-020-03140-7,"MassofpretreatedcottonfabricW0,Eq2PDFp4",,NoSIcitedincomplete13nativepages;localexactinventoryonePDF;noSIreviewclaim,Cotton pretreated with Na2CO3(0.3wt%);pretreatment duration/temperature unreported. AM dissolved in1wt%CS solution byadjusting pH;numericpH unreported. Alternate positiveCS orCS-AM andnegativeAPP dips2min each;DIwater preparation rinse1minaftereachcoating;dry60C4h;5/10/15bilayers(Table1BL=onebilayer). AM is p-aminobenzenesulfonicacid-modifiedmelamine fromcitedJin2017 synthesis;own completeAMrecipe unreported.,Initial prepared state,"Initial prepared state;preparative DIrinses,notdurabilitylaundering",2020
10.1007/s10570-020-03140-7,"JF-3,Jiangning Instrument Factory",Main Fig2PDFp6 directly printednumerical labels;owncontrol/CSseriesprosePDFp5;abstractAM15,26.0,,,31.4,,299.1,"TGA Q50,TA Instruments",800,Main Table3PDFp9;Fig5a/bN2PDFp9;R800endpointmethodsPDFp4/thermalprosePDFpp8-9,,339.1,N2,C15/CS/APP,MainmethodsPDFpp3-4;Table1footnotesPDFp4,literature,TG+LOI,2026-10-01,Codexcompleteoriginalnativepages/tables/figures/methods;oneprimaryreviewer,10,Cellulose,"Complete13native publisherjournal pages reviewed. Initial own7fabric labels map Table1PDFp4 recipes,Fig2PDFp6 directly printedLOI values andTable3PDFp9TG numbers. No curve/barheight digitization. OwncontrolLOI18.1;intro18.4is citedbackground,notowncontrol. AM5LOI25.6 differsCS10LOI25.7;distinctformulationseries retained. Table3T5means5wt%massloss;unnumberedTmax is source-reportedmaximumweightlosstemperature storedinlegacysinglemaximumTmax1field,notclaimof chronologicalfirstpeak orcompleteDTGstages;AMcoatingtwo-stage prose notestimatedadditionalpeak. R800endpointfromambient-to800CmethodsPDFp4 andendTGprosePDFp8/explicit800C treatedp9;Table3char notconeTable2 residues. Nativeconecontrol8.1Table2/abstract versus8.0p6prose is separate-assayconflict,notTG6.3. Fig5a/b andmethodsN2;Fig5c air dimensional-stability photos andairconetests do notauthorizeairTG. OneLOIfabric specimen150x58mm;cone6stackedlayers/35kWm2/2repeats,VFT5repeats andcell3replicates are notTG/LOI methods orindependentsample states. LOIstandard/repeats/uncertainty andTGmass/flow/repeats unknown. Ambientstartnotassumed25C. CS1wt%bath;AM3.3wt%CS-tablefootnote explicitlymassfractioninCSsolution(1.0wt%),notassumedpercentageofdryCSsolute/componentfractions;APP6.6or3.3wt%bathnotdryaddon. MeasuredWGrelativepretreatedfabricW0 distinctfrombathcomposition;sourcecontrolWG0printed. Na2CO3pretreatment notNaOHmateriallist;preparativerinses notdurabilitylaundering. SEMconstituentfibers notseparatefiberLOI. No SI is cited in the complete article;screenSIhitswerecellmediumsupplemented,falsepositives. Oneprimaryreviewer,noindependentreviewer/physicalreplicateindependenceclaim. PublisherORIGINALRESEARCHonlinefirstPDFpublished6Apr2020withDOI,title,authors,notauthorpreprint;noinventedprintpagination.",cotton,Plain woven cotton fabric;150g/m2;Shaoxing Quanying Textile Co.LTD,Plain woven cotton fabric;150g/m2;Shaoxing Quanying Textile Co.LTD,Plain woven cotton fabric;150g/m2;Shaoxing Quanying Textile Co.LTD,C15/CS/APP,tabulated,Sameowninitial150g/m2plainwovenfabriccontroland5/10/15bilayerCS/APPversusAM-CS/APPformulations;Table1exactrecipe labels joinFig2directLOI andTable3numericalN2TG;noair/wash/fiber/coneassaytransfer,verified_exact,journal_article,"Native publisherPDFp1 matchingDOI/title/authors,ORIGINALRESEARCH,Springer2020andpublishedonline6April2020",31.4,800,source_review_approved,da463e50babe89e6cb4a0c5c9670b62d30e4f3c7fe0cad0f88bc02374805c048,C15/CS/APP,,,6.6,1,,,150x58,,,,Unreported,,,,Ambient temperature;numericstartunreported,,"Tmax,unnumbered maximumweightlosstemperature;legacy Tmax1 fielddoesnotimplycompleteDTGstagenumbering",,,15,,,,Native publisher journal ORIGINAL RESEARCH online-first PDF;published6April2020;notauthorpreprint;printpaginationunreported,,,,,Main Table1PDFp4;Fig2PDFp6;Table3PDFp9;methodsPDFpp3-4;thermalprosePDFpp7-9,21.83,Cotton pretreated with Na2CO3(0.3wt%);pretreatment duration/temperature unreported. AM dissolved in1wt%CS solution byadjusting pH;numericpH unreported. Alternate positiveCS orCS-AM andnegativeAPP dips2min each;DIwater preparation rinse1minaftereachcoating;dry60C4h;5/10/15bilayers(Table1BL=onebilayer). AM is p-aminobenzenesulfonicacid-modifiedmelamine fromcitedJin2017 synthesis;own completeAMrecipe unreported.,,Constructing eco-friendly flame retardant coating on cotton fabrics by layer-by-layer self-assembly,https://doi.org/10.1007/s10570-020-03140-7,"MassofpretreatedcottonfabricW0,Eq2PDFp4",,NoSIcitedincomplete13nativepages;localexactinventoryonePDF;noSIreviewclaim,Cotton pretreated with Na2CO3(0.3wt%);pretreatment duration/temperature unreported. AM dissolved in1wt%CS solution byadjusting pH;numericpH unreported. Alternate positiveCS orCS-AM andnegativeAPP dips2min each;DIwater preparation rinse1minaftereachcoating;dry60C4h;5/10/15bilayers(Table1BL=onebilayer). AM is p-aminobenzenesulfonicacid-modifiedmelamine fromcitedJin2017 synthesis;own completeAMrecipe unreported.,Initial prepared state,"Initial prepared state;preparative DIrinses,notdurabilitylaundering",2020
10.1007/s10570-020-03140-7,"JF-3,Jiangning Instrument Factory",Main Fig2PDFp6 directly printednumerical labels;owncontrol/CSseriesprosePDFp5;abstractAM15,25.6,,,24.9,,251.2,"TGA Q50,TA Instruments",800,Main Table3PDFp9;Fig5a/bN2PDFp9;R800endpointmethodsPDFp4/thermalprosePDFpp8-9,,307.8,N2,C5/AM-CS/APP,MainmethodsPDFpp3-4;Table1footnotesPDFp4,literature,TG+LOI,2026-10-01,Codexcompleteoriginalnativepages/tables/figures/methods;oneprimaryreviewer,10,Cellulose,"Complete13native publisherjournal pages reviewed. Initial own7fabric labels map Table1PDFp4 recipes,Fig2PDFp6 directly printedLOI values andTable3PDFp9TG numbers. No curve/barheight digitization. OwncontrolLOI18.1;intro18.4is citedbackground,notowncontrol. AM5LOI25.6 differsCS10LOI25.7;distinctformulationseries retained. Table3T5means5wt%massloss;unnumberedTmax is source-reportedmaximumweightlosstemperature storedinlegacysinglemaximumTmax1field,notclaimof chronologicalfirstpeak orcompleteDTGstages;AMcoatingtwo-stage prose notestimatedadditionalpeak. R800endpointfromambient-to800CmethodsPDFp4 andendTGprosePDFp8/explicit800C treatedp9;Table3char notconeTable2 residues. Nativeconecontrol8.1Table2/abstract versus8.0p6prose is separate-assayconflict,notTG6.3. Fig5a/b andmethodsN2;Fig5c air dimensional-stability photos andairconetests do notauthorizeairTG. OneLOIfabric specimen150x58mm;cone6stackedlayers/35kWm2/2repeats,VFT5repeats andcell3replicates are notTG/LOI methods orindependentsample states. LOIstandard/repeats/uncertainty andTGmass/flow/repeats unknown. Ambientstartnotassumed25C. CS1wt%bath;AM3.3wt%CS-tablefootnote explicitlymassfractioninCSsolution(1.0wt%),notassumedpercentageofdryCSsolute/componentfractions;APP6.6or3.3wt%bathnotdryaddon. MeasuredWGrelativepretreatedfabricW0 distinctfrombathcomposition;sourcecontrolWG0printed. Na2CO3pretreatment notNaOHmateriallist;preparativerinses notdurabilitylaundering. SEMconstituentfibers notseparatefiberLOI. No SI is cited in the complete article;screenSIhitswerecellmediumsupplemented,falsepositives. Oneprimaryreviewer,noindependentreviewer/physicalreplicateindependenceclaim. PublisherORIGINALRESEARCHonlinefirstPDFpublished6Apr2020withDOI,title,authors,notauthorpreprint;noinventedprintpagination.",cotton,Plain woven cotton fabric;150g/m2;Shaoxing Quanying Textile Co.LTD,Plain woven cotton fabric;150g/m2;Shaoxing Quanying Textile Co.LTD,Plain woven cotton fabric;150g/m2;Shaoxing Quanying Textile Co.LTD,C5/AM-CS/APP,tabulated,Sameowninitial150g/m2plainwovenfabriccontroland5/10/15bilayerCS/APPversusAM-CS/APPformulations;Table1exactrecipe labels joinFig2directLOI andTable3numericalN2TG;noair/wash/fiber/coneassaytransfer,verified_exact,journal_article,"Native publisherPDFp1 matchingDOI/title/authors,ORIGINALRESEARCH,Springer2020andpublishedonline6April2020",24.9,800,source_review_approved,dd067dc92dc729a89731f08b25cbce3babc5d74b365c86cdde875e1c01babded,C5/AM-CS/APP,3.3,NativeTable1footnote:massfractionofAMinCSsolution(1.0wt%);notinferreddryCSsoluteorcomponentfraction,3.3,1,,,150x58,,,,Unreported,,,,Ambient temperature;numericstartunreported,,"Tmax,unnumbered maximumweightlosstemperature;legacy Tmax1 fielddoesnotimplycompleteDTGstagenumbering",,,5,,,,Native publisher journal ORIGINAL RESEARCH online-first PDF;published6April2020;notauthorpreprint;printpaginationunreported,,,,,Main Table1PDFp4;Fig2PDFp6;Table3PDFp9;methodsPDFpp3-4;thermalprosePDFpp7-9,4.61,Cotton pretreated with Na2CO3(0.3wt%);pretreatment duration/temperature unreported. AM dissolved in1wt%CS solution byadjusting pH;numericpH unreported. Alternate positiveCS orCS-AM andnegativeAPP dips2min each;DIwater preparation rinse1minaftereachcoating;dry60C4h;5/10/15bilayers(Table1BL=onebilayer). AM is p-aminobenzenesulfonicacid-modifiedmelamine fromcitedJin2017 synthesis;own completeAMrecipe unreported.,,Constructing eco-friendly flame retardant coating on cotton fabrics by layer-by-layer self-assembly,https://doi.org/10.1007/s10570-020-03140-7,"MassofpretreatedcottonfabricW0,Eq2PDFp4",,NoSIcitedincomplete13nativepages;localexactinventoryonePDF;noSIreviewclaim,Cotton pretreated with Na2CO3(0.3wt%);pretreatment duration/temperature unreported. AM dissolved in1wt%CS solution byadjusting pH;numericpH unreported. Alternate positiveCS orCS-AM andnegativeAPP dips2min each;DIwater preparation rinse1minaftereachcoating;dry60C4h;5/10/15bilayers(Table1BL=onebilayer). AM is p-aminobenzenesulfonicacid-modifiedmelamine fromcitedJin2017 synthesis;own completeAMrecipe unreported.,Initial prepared state,"Initial prepared state;preparative DIrinses,notdurabilitylaundering",2020
10.1007/s10570-020-03140-7,"JF-3,Jiangning Instrument Factory",Main Fig2PDFp6 directly printednumerical labels;owncontrol/CSseriesprosePDFp5;abstractAM15,27.8,,,27.0,,266.4,"TGA Q50,TA Instruments",800,Main Table3PDFp9;Fig5a/bN2PDFp9;R800endpointmethodsPDFp4/thermalprosePDFpp8-9,,320.5,N2,C10/AM-CS/APP,MainmethodsPDFpp3-4;Table1footnotesPDFp4,literature,TG+LOI,2026-10-01,Codexcompleteoriginalnativepages/tables/figures/methods;oneprimaryreviewer,10,Cellulose,"Complete13native publisherjournal pages reviewed. Initial own7fabric labels map Table1PDFp4 recipes,Fig2PDFp6 directly printedLOI values andTable3PDFp9TG numbers. No curve/barheight digitization. OwncontrolLOI18.1;intro18.4is citedbackground,notowncontrol. AM5LOI25.6 differsCS10LOI25.7;distinctformulationseries retained. Table3T5means5wt%massloss;unnumberedTmax is source-reportedmaximumweightlosstemperature storedinlegacysinglemaximumTmax1field,notclaimof chronologicalfirstpeak orcompleteDTGstages;AMcoatingtwo-stage prose notestimatedadditionalpeak. R800endpointfromambient-to800CmethodsPDFp4 andendTGprosePDFp8/explicit800C treatedp9;Table3char notconeTable2 residues. Nativeconecontrol8.1Table2/abstract versus8.0p6prose is separate-assayconflict,notTG6.3. Fig5a/b andmethodsN2;Fig5c air dimensional-stability photos andairconetests do notauthorizeairTG. OneLOIfabric specimen150x58mm;cone6stackedlayers/35kWm2/2repeats,VFT5repeats andcell3replicates are notTG/LOI methods orindependentsample states. LOIstandard/repeats/uncertainty andTGmass/flow/repeats unknown. Ambientstartnotassumed25C. CS1wt%bath;AM3.3wt%CS-tablefootnote explicitlymassfractioninCSsolution(1.0wt%),notassumedpercentageofdryCSsolute/componentfractions;APP6.6or3.3wt%bathnotdryaddon. MeasuredWGrelativepretreatedfabricW0 distinctfrombathcomposition;sourcecontrolWG0printed. Na2CO3pretreatment notNaOHmateriallist;preparativerinses notdurabilitylaundering. SEMconstituentfibers notseparatefiberLOI. No SI is cited in the complete article;screenSIhitswerecellmediumsupplemented,falsepositives. Oneprimaryreviewer,noindependentreviewer/physicalreplicateindependenceclaim. PublisherORIGINALRESEARCHonlinefirstPDFpublished6Apr2020withDOI,title,authors,notauthorpreprint;noinventedprintpagination.",cotton,Plain woven cotton fabric;150g/m2;Shaoxing Quanying Textile Co.LTD,Plain woven cotton fabric;150g/m2;Shaoxing Quanying Textile Co.LTD,Plain woven cotton fabric;150g/m2;Shaoxing Quanying Textile Co.LTD,C10/AM-CS/APP,tabulated,Sameowninitial150g/m2plainwovenfabriccontroland5/10/15bilayerCS/APPversusAM-CS/APPformulations;Table1exactrecipe labels joinFig2directLOI andTable3numericalN2TG;noair/wash/fiber/coneassaytransfer,verified_exact,journal_article,"Native publisherPDFp1 matchingDOI/title/authors,ORIGINALRESEARCH,Springer2020andpublishedonline6April2020",27.0,800,source_review_approved,7b7b4ef74b2566ac153894c6c1baf894320a4ec53d7869ed3d146d085a373a87,C10/AM-CS/APP,3.3,NativeTable1footnote:massfractionofAMinCSsolution(1.0wt%);notinferreddryCSsoluteorcomponentfraction,3.3,1,,,150x58,,,,Unreported,,,,Ambient temperature;numericstartunreported,,"Tmax,unnumbered maximumweightlosstemperature;legacy Tmax1 fielddoesnotimplycompleteDTGstagenumbering",,,10,,,,Native publisher journal ORIGINAL RESEARCH online-first PDF;published6April2020;notauthorpreprint;printpaginationunreported,,,,,Main Table1PDFp4;Fig2PDFp6;Table3PDFp9;methodsPDFpp3-4;thermalprosePDFpp7-9,10.0,Cotton pretreated with Na2CO3(0.3wt%);pretreatment duration/temperature unreported. AM dissolved in1wt%CS solution byadjusting pH;numericpH unreported. Alternate positiveCS orCS-AM andnegativeAPP dips2min each;DIwater preparation rinse1minaftereachcoating;dry60C4h;5/10/15bilayers(Table1BL=onebilayer). AM is p-aminobenzenesulfonicacid-modifiedmelamine fromcitedJin2017 synthesis;own completeAMrecipe unreported.,,Constructing eco-friendly flame retardant coating on cotton fabrics by layer-by-layer self-assembly,https://doi.org/10.1007/s10570-020-03140-7,"MassofpretreatedcottonfabricW0,Eq2PDFp4",,NoSIcitedincomplete13nativepages;localexactinventoryonePDF;noSIreviewclaim,Cotton pretreated with Na2CO3(0.3wt%);pretreatment duration/temperature unreported. AM dissolved in1wt%CS solution byadjusting pH;numericpH unreported. Alternate positiveCS orCS-AM andnegativeAPP dips2min each;DIwater preparation rinse1minaftereachcoating;dry60C4h;5/10/15bilayers(Table1BL=onebilayer). AM is p-aminobenzenesulfonicacid-modifiedmelamine fromcitedJin2017 synthesis;own completeAMrecipe unreported.,Initial prepared state,"Initial prepared state;preparative DIrinses,notdurabilitylaundering",2020
10.1007/s10570-020-03140-7,"JF-3,Jiangning Instrument Factory",Main Fig2PDFp6 directly printednumerical labels;owncontrol/CSseriesprosePDFp5;abstractAM15,31.5,,,32.8,,284.4,"TGA Q50,TA Instruments",800,Main Table3PDFp9;Fig5a/bN2PDFp9;R800endpointmethodsPDFp4/thermalprosePDFpp8-9,,343.1,N2,C15/AM-CS/APP,MainmethodsPDFpp3-4;Table1footnotesPDFp4,literature,TG+LOI,2026-10-01,Codexcompleteoriginalnativepages/tables/figures/methods;oneprimaryreviewer,10,Cellulose,"Complete13native publisherjournal pages reviewed. Initial own7fabric labels map Table1PDFp4 recipes,Fig2PDFp6 directly printedLOI values andTable3PDFp9TG numbers. No curve/barheight digitization. OwncontrolLOI18.1;intro18.4is citedbackground,notowncontrol. AM5LOI25.6 differsCS10LOI25.7;distinctformulationseries retained. Table3T5means5wt%massloss;unnumberedTmax is source-reportedmaximumweightlosstemperature storedinlegacysinglemaximumTmax1field,notclaimof chronologicalfirstpeak orcompleteDTGstages;AMcoatingtwo-stage prose notestimatedadditionalpeak. R800endpointfromambient-to800CmethodsPDFp4 andendTGprosePDFp8/explicit800C treatedp9;Table3char notconeTable2 residues. Nativeconecontrol8.1Table2/abstract versus8.0p6prose is separate-assayconflict,notTG6.3. Fig5a/b andmethodsN2;Fig5c air dimensional-stability photos andairconetests do notauthorizeairTG. OneLOIfabric specimen150x58mm;cone6stackedlayers/35kWm2/2repeats,VFT5repeats andcell3replicates are notTG/LOI methods orindependentsample states. LOIstandard/repeats/uncertainty andTGmass/flow/repeats unknown. Ambientstartnotassumed25C. CS1wt%bath;AM3.3wt%CS-tablefootnote explicitlymassfractioninCSsolution(1.0wt%),notassumedpercentageofdryCSsolute/componentfractions;APP6.6or3.3wt%bathnotdryaddon. MeasuredWGrelativepretreatedfabricW0 distinctfrombathcomposition;sourcecontrolWG0printed. Na2CO3pretreatment notNaOHmateriallist;preparativerinses notdurabilitylaundering. SEMconstituentfibers notseparatefiberLOI. No SI is cited in the complete article;screenSIhitswerecellmediumsupplemented,falsepositives. Oneprimaryreviewer,noindependentreviewer/physicalreplicateindependenceclaim. PublisherORIGINALRESEARCHonlinefirstPDFpublished6Apr2020withDOI,title,authors,notauthorpreprint;noinventedprintpagination.",cotton,Plain woven cotton fabric;150g/m2;Shaoxing Quanying Textile Co.LTD,Plain woven cotton fabric;150g/m2;Shaoxing Quanying Textile Co.LTD,Plain woven cotton fabric;150g/m2;Shaoxing Quanying Textile Co.LTD,C15/AM-CS/APP,tabulated,Sameowninitial150g/m2plainwovenfabriccontroland5/10/15bilayerCS/APPversusAM-CS/APPformulations;Table1exactrecipe labels joinFig2directLOI andTable3numericalN2TG;noair/wash/fiber/coneassaytransfer,verified_exact,journal_article,"Native publisherPDFp1 matchingDOI/title/authors,ORIGINALRESEARCH,Springer2020andpublishedonline6April2020",32.8,800,source_review_approved,1c13a39ebada7b4183828c984e2f4962ef6e927fcb69a42f44fd0473bfd1e2a8,C15/AM-CS/APP,3.3,NativeTable1footnote:massfractionofAMinCSsolution(1.0wt%);notinferreddryCSsoluteorcomponentfraction,3.3,1,,,150x58,,,,Unreported,,,,Ambient temperature;numericstartunreported,,"Tmax,unnumbered maximumweightlosstemperature;legacy Tmax1 fielddoesnotimplycompleteDTGstagenumbering",,,15,,,,Native publisher journal ORIGINAL RESEARCH online-first PDF;published6April2020;notauthorpreprint;printpaginationunreported,,,,,Main Table1PDFp4;Fig2PDFp6;Table3PDFp9;methodsPDFpp3-4;thermalprosePDFpp7-9,18.5,Cotton pretreated with Na2CO3(0.3wt%);pretreatment duration/temperature unreported. AM dissolved in1wt%CS solution byadjusting pH;numericpH unreported. Alternate positiveCS orCS-AM andnegativeAPP dips2min each;DIwater preparation rinse1minaftereachcoating;dry60C4h;5/10/15bilayers(Table1BL=onebilayer). AM is p-aminobenzenesulfonicacid-modifiedmelamine fromcitedJin2017 synthesis;own completeAMrecipe unreported.,,Constructing eco-friendly flame retardant coating on cotton fabrics by layer-by-layer self-assembly,https://doi.org/10.1007/s10570-020-03140-7,"MassofpretreatedcottonfabricW0,Eq2PDFp4",,NoSIcitedincomplete13nativepages;localexactinventoryonePDF;noSIreviewclaim,Cotton pretreated with Na2CO3(0.3wt%);pretreatment duration/temperature unreported. AM dissolved in1wt%CS solution byadjusting pH;numericpH unreported. Alternate positiveCS orCS-AM andnegativeAPP dips2min each;DIwater preparation rinse1minaftereachcoating;dry60C4h;5/10/15bilayers(Table1BL=onebilayer). AM is p-aminobenzenesulfonicacid-modifiedmelamine fromcitedJin2017 synthesis;own completeAMrecipe unreported.,Initial prepared state,"Initial prepared state;preparative DIrinses,notdurabilitylaundering",2020
