DOI,LOI_instrument,LOI_locator,LOI_pct,LOI_standard,R700_pct,R800_pct,T10_C,T5_C,TGA_instrument,TG_locator,Tmax1_C,Tmax2_C,atmosphere,char_pct,char_temp_C,composition,direct_numeric_use,evidence_reviewed_at,evidence_reviewed_by,heating_rate_C_min,journal,limitations,material_category,material_form,material_form_LOI,material_form_TGA,numeric_evidence_type,pairing_evidence,pairing_status,publication_type,publication_type_evidence,residue_pct,residue_temp_C,review_disposition,reviewed_measurement_fingerprint,sample_state,source_CA_g_L,source_CS_g_L,source_GO_L_g_L,source_GO_PA_g_L,source_LOI_dimensions_mm,source_LOI_plusminus,source_LOI_repeats,source_PA_g_L,source_SI_conflict,source_SI_reported_addon_pct,source_T10_definition,source_T5_definition,source_TG_mass_pan_flow_start_end,source_TG_peak_definition,source_addon_definition,source_addon_pct,source_addon_plusminus,source_application_method,source_bath_g_L,source_cone_pHRR_reduction_pct,source_control_provenance_limit,source_document_version,source_impregnation_time,source_location,source_native_UL94_rating,source_raw_observation,source_reported_addon_pct,source_residue_plusminus,source_synthesis,source_title,source_uncertainty_definition,source_url,supplement_review_status,treatment_method,treatment_state,washing_state,year
10.1016/j.eurpolymj.2020.109483,"HC-2,JiangningAnalysisInstrumentChina",OwnTable3PDFp7;methodPDFp3,19.5,ASTMD2863;versionunreported,,4.5,,377,"Q5000IR,TAInstruments",OwnTable2PDFp5;methodPDFp3,466,597,air,4.5,800,OwnPA66control,Held exact primary control facts;not independent count,2026-10-03,Codex complete primary text and exact table review;one primary reviewer,20,European Polymer Journal,"Own2020VOR125109483all11TEXTpages. MainTGmass/pan/flow/start/endunreported;TGIR55mLminnotborrowed;R800explicitnotprogramend. OwncontrolAIRproseapprox464/589versusTable2exact466/597;Tablevaluesretained. SharedJiaxing100gsm/controlLOI19.5/N2T5=411/R8004.9withDOPA2020butTmax444vs459;independentcontrolunproven,bothgascontrolrowsheld. FourtreatedownTable2/Table3groupsmatch. 10W/20WarebathdoseNOTwashcount. CitedSIunread;officialownPIIcandidateCDN404notproofabsence;noSIvaluesused. FifteenTable6washedVFTstateshaveNOownwashedTG/LOI. Noimagesread/curvesestimated.",polyamide,"Own 100% PA66 woven fabric, 100 g/m2, Jiaxing Weaving Industry China; commercial detergent prewash and RT air dry; weave unspecified","Own 100% PA66 woven fabric, 100 g/m2, Jiaxing Weaving Industry China; commercial detergent prewash and RT air dry; weave unspecified","Own 100% PA66 woven fabric, 100 g/m2, Jiaxing Weaving Industry China; commercial detergent prewash and RT air dry; weave unspecified",tabulated,OwnnamedinitialfabricgroupsTable1/LOITable3/TGTable2;bothgases20Cmin;TableT5/DTGmaxima/R800exact;dose10W/20Wnotdurabilitywash. Whole11primaryTEXTpagesreviewed;SIunreadexplicit;noSIvaluesborrowed;controlcrosssourceprovenanceheld.,held_crosssource_control_independence_unproven,journal_article,OwncoverDOI/title/authors/publisherjournal;fullnativeprimaryTEXTreview;preproofversionexplicit,4.5,800,held_outside_verified_target,,PA66-Control,,,,,150x58,,Unreported,,,,,OwnPDFp4temperatureat5percentmassloss,Unreported;separateTGIR55mLminNOTborrowed;R800NOTinferredprogramend,OwnTable2PDFp5nativeT1maxAIR/N2andT2maxAIR;noN2secondnumericpeak,OwnPDFp2(W1-W)/W*100;Wcontrol/W1treateddryfabricmass;Table1PDFp3,0,,,0,,BothcontrolgasrecordsheldsharedJiaxing100gsm/LOI19.5/N2T5=411/R8004.9withDOPA2020;Tmaxdifference444vs459notproofindependentexperiment,Own publisher VOR125(2020)109483,,Ownmaterials/preparationPDFp2;Table1p3;TGTable2p5;LOITable3p7,,,,,,Sol-gel coatings from DOPO-alkoxysilanes: Efficacy in fire protection of polyamide 66 textiles,Unreported,https://doi.org/10.1016/j.eurpolymj.2020.109483,CitedAppendixAprimaryp10;localsame-stemPDFonly;officialownPIIS0014305719321470publisherpageverified;candidateCDNmmc1docx/doc/pdf404notproofabsence;SIunreadaccesslimit;noSIvaluesused,OwncommercialdetergentprewashRTairdry,OwninitialnamedgroupbeforeAATCCdurabilitywashing,Owninitial0durabilitycycles;detergentprewash,2020
10.1016/j.eurpolymj.2020.109483,"HC-2,JiangningAnalysisInstrumentChina",OwnTable3PDFp7;methodPDFp3,19.5,ASTMD2863;versionunreported,,4.9,,411,"Q5000IR,TAInstruments",OwnTable2PDFp5;methodPDFp3,444,,N2,4.9,800,OwnPA66control,Held exact primary control facts;not independent count,2026-10-03,Codex complete primary text and exact table review;one primary reviewer,20,European Polymer Journal,"Own2020VOR125109483all11TEXTpages. MainTGmass/pan/flow/start/endunreported;TGIR55mLminnotborrowed;R800explicitnotprogramend. OwncontrolAIRproseapprox464/589versusTable2exact466/597;Tablevaluesretained. SharedJiaxing100gsm/controlLOI19.5/N2T5=411/R8004.9withDOPA2020butTmax444vs459;independentcontrolunproven,bothgascontrolrowsheld. FourtreatedownTable2/Table3groupsmatch. 10W/20WarebathdoseNOTwashcount. CitedSIunread;officialownPIIcandidateCDN404notproofabsence;noSIvaluesused. FifteenTable6washedVFTstateshaveNOownwashedTG/LOI. Noimagesread/curvesestimated.",polyamide,"Own 100% PA66 woven fabric, 100 g/m2, Jiaxing Weaving Industry China; commercial detergent prewash and RT air dry; weave unspecified","Own 100% PA66 woven fabric, 100 g/m2, Jiaxing Weaving Industry China; commercial detergent prewash and RT air dry; weave unspecified","Own 100% PA66 woven fabric, 100 g/m2, Jiaxing Weaving Industry China; commercial detergent prewash and RT air dry; weave unspecified",tabulated,OwnnamedinitialfabricgroupsTable1/LOITable3/TGTable2;bothgases20Cmin;TableT5/DTGmaxima/R800exact;dose10W/20Wnotdurabilitywash. Whole11primaryTEXTpagesreviewed;SIunreadexplicit;noSIvaluesborrowed;controlcrosssourceprovenanceheld.,held_crosssource_control_independence_unproven,journal_article,OwncoverDOI/title/authors/publisherjournal;fullnativeprimaryTEXTreview;preproofversionexplicit,4.9,800,held_outside_verified_target,,PA66-Control,,,,,150x58,,Unreported,,,,,OwnPDFp4temperatureat5percentmassloss,Unreported;separateTGIR55mLminNOTborrowed;R800NOTinferredprogramend,OwnTable2PDFp5nativeT1maxAIR/N2andT2maxAIR;noN2secondnumericpeak,OwnPDFp2(W1-W)/W*100;Wcontrol/W1treateddryfabricmass;Table1PDFp3,0,,,0,,BothcontrolgasrecordsheldsharedJiaxing100gsm/LOI19.5/N2T5=411/R8004.9withDOPA2020;Tmaxdifference444vs459notproofindependentexperiment,Own publisher VOR125(2020)109483,,Ownmaterials/preparationPDFp2;Table1p3;TGTable2p5;LOITable3p7,,,,,,Sol-gel coatings from DOPO-alkoxysilanes: Efficacy in fire protection of polyamide 66 textiles,Unreported,https://doi.org/10.1016/j.eurpolymj.2020.109483,CitedAppendixAprimaryp10;localsame-stemPDFonly;officialownPIIS0014305719321470publisherpageverified;candidateCDNmmc1docx/doc/pdf404notproofabsence;SIunreadaccesslimit;noSIvaluesused,OwncommercialdetergentprewashRTairdry,OwninitialnamedgroupbeforeAATCCdurabilitywashing,Owninitial0durabilitycycles;detergentprewash,2020
10.1016/j.eurpolymj.2020.109483,"HC-2,JiangningAnalysisInstrumentChina",OwnTable3PDFp7;methodPDFp3,22.2,ASTMD2863;versionunreported,,4.1,,362,"Q5000IR,TAInstruments",OwnTable2PDFp5;methodPDFp3,465,600,air,4.1,800,OwnPA66/PA66-D-GPTMS-10W;DOPOsilaneTable1bathdoseNOTdryfabricmassfraction,TG+LOI,2026-10-03,Codex complete primary text and exact table review;one primary reviewer,20,European Polymer Journal,"Own2020VOR125109483all11TEXTpages. MainTGmass/pan/flow/start/endunreported;TGIR55mLminnotborrowed;R800explicitnotprogramend. OwncontrolAIRproseapprox464/589versusTable2exact466/597;Tablevaluesretained. SharedJiaxing100gsm/controlLOI19.5/N2T5=411/R8004.9withDOPA2020butTmax444vs459;independentcontrolunproven,bothgascontrolrowsheld. FourtreatedownTable2/Table3groupsmatch. 10W/20WarebathdoseNOTwashcount. CitedSIunread;officialownPIIcandidateCDN404notproofabsence;noSIvaluesused. FifteenTable6washedVFTstateshaveNOownwashedTG/LOI. Noimagesread/curvesestimated.",polyamide,"Own 100% PA66 woven fabric, 100 g/m2, Jiaxing Weaving Industry China; commercial detergent prewash and RT air dry; weave unspecified","Own 100% PA66 woven fabric, 100 g/m2, Jiaxing Weaving Industry China; commercial detergent prewash and RT air dry; weave unspecified","Own 100% PA66 woven fabric, 100 g/m2, Jiaxing Weaving Industry China; commercial detergent prewash and RT air dry; weave unspecified",tabulated,OwnnamedinitialfabricgroupsTable1/LOITable3/TGTable2;bothgases20Cmin;TableT5/DTGmaxima/R800exact;dose10W/20Wnotdurabilitywash. Whole11primaryTEXTpagesreviewed;SIunreadexplicit;noSIvaluesborrowed;controlcrosssourceprovenanceheld.,verified_exact,journal_article,OwncoverDOI/title/authors/publisherjournal;fullnativeprimaryTEXTreview;preproofversionexplicit,4.1,800,source_review_approved,00ade4db20938e2d2430feb210da065b2c22dd8a9d451dd42f12ac877c9b5108,PA66-D-GPTMS-10W,,,,,150x58,,Unreported,,,,,OwnPDFp4temperatureat5percentmassloss,Unreported;separateTGIR55mLminNOTborrowed;R800NOTinferredprogramend,OwnTable2PDFp5nativeT1maxAIR/N2andT2maxAIR;noN2secondnumericpeak,OwnPDFp2(W1-W)/W*100;Wcontrol/W1treateddryfabricmass;Table1PDFp3,7.7,,,100,,BothcontrolgasrecordsheldsharedJiaxing100gsm/LOI19.5/N2T5=411/R8004.9withDOPA2020;Tmaxdifference444vs459notproofindependentexperiment,Own publisher VOR125(2020)109483,,Ownmaterials/preparationPDFp2;Table1p3;TGTable2p5;LOITable3p7,,,,,,Sol-gel coatings from DOPO-alkoxysilanes: Efficacy in fire protection of polyamide 66 textiles,Unreported,https://doi.org/10.1016/j.eurpolymj.2020.109483,CitedAppendixAprimaryp10;localsame-stemPDFonly;officialownPIIS0014305719321470publisherpageverified;candidateCDNmmc1docx/doc/pdf404notproofabsence;SIunreadaccesslimit;noSIvaluesused,OwnDOPO-GPTMSorDOPO-APTESsynthesizedcompound;Table1bath100gLwaterEtOH1:2pH4;4hRTsolhydrolysis;fabric2himmersion80percentwetpickup80C30mindry130C5mincureDIwater60C30minwashremoveunreactedprecursor;initialpreparationwashnotdurability,OwninitialnamedgroupbeforeAATCCdurabilitywashing,Owninitial0durabilitycycles;detergentprewash;DIwater60C30minpreparationwash,2020
10.1016/j.eurpolymj.2020.109483,"HC-2,JiangningAnalysisInstrumentChina",OwnTable3PDFp7;methodPDFp3,22.2,ASTMD2863;versionunreported,,6.6,,407,"Q5000IR,TAInstruments",OwnTable2PDFp5;methodPDFp3,461,,N2,6.6,800,OwnPA66/PA66-D-GPTMS-10W;DOPOsilaneTable1bathdoseNOTdryfabricmassfraction,TG+LOI,2026-10-03,Codex complete primary text and exact table review;one primary reviewer,20,European Polymer Journal,"Own2020VOR125109483all11TEXTpages. MainTGmass/pan/flow/start/endunreported;TGIR55mLminnotborrowed;R800explicitnotprogramend. OwncontrolAIRproseapprox464/589versusTable2exact466/597;Tablevaluesretained. SharedJiaxing100gsm/controlLOI19.5/N2T5=411/R8004.9withDOPA2020butTmax444vs459;independentcontrolunproven,bothgascontrolrowsheld. FourtreatedownTable2/Table3groupsmatch. 10W/20WarebathdoseNOTwashcount. CitedSIunread;officialownPIIcandidateCDN404notproofabsence;noSIvaluesused. FifteenTable6washedVFTstateshaveNOownwashedTG/LOI. Noimagesread/curvesestimated.",polyamide,"Own 100% PA66 woven fabric, 100 g/m2, Jiaxing Weaving Industry China; commercial detergent prewash and RT air dry; weave unspecified","Own 100% PA66 woven fabric, 100 g/m2, Jiaxing Weaving Industry China; commercial detergent prewash and RT air dry; weave unspecified","Own 100% PA66 woven fabric, 100 g/m2, Jiaxing Weaving Industry China; commercial detergent prewash and RT air dry; weave unspecified",tabulated,OwnnamedinitialfabricgroupsTable1/LOITable3/TGTable2;bothgases20Cmin;TableT5/DTGmaxima/R800exact;dose10W/20Wnotdurabilitywash. Whole11primaryTEXTpagesreviewed;SIunreadexplicit;noSIvaluesborrowed;controlcrosssourceprovenanceheld.,verified_exact,journal_article,OwncoverDOI/title/authors/publisherjournal;fullnativeprimaryTEXTreview;preproofversionexplicit,6.6,800,source_review_approved,c2d70a72a12a6d0ad5f133ebd5d3373be769ed8660b2669193a839a5861a5551,PA66-D-GPTMS-10W,,,,,150x58,,Unreported,,,,,OwnPDFp4temperatureat5percentmassloss,Unreported;separateTGIR55mLminNOTborrowed;R800NOTinferredprogramend,OwnTable2PDFp5nativeT1maxAIR/N2andT2maxAIR;noN2secondnumericpeak,OwnPDFp2(W1-W)/W*100;Wcontrol/W1treateddryfabricmass;Table1PDFp3,7.7,,,100,,BothcontrolgasrecordsheldsharedJiaxing100gsm/LOI19.5/N2T5=411/R8004.9withDOPA2020;Tmaxdifference444vs459notproofindependentexperiment,Own publisher VOR125(2020)109483,,Ownmaterials/preparationPDFp2;Table1p3;TGTable2p5;LOITable3p7,,,,,,Sol-gel coatings from DOPO-alkoxysilanes: Efficacy in fire protection of polyamide 66 textiles,Unreported,https://doi.org/10.1016/j.eurpolymj.2020.109483,CitedAppendixAprimaryp10;localsame-stemPDFonly;officialownPIIS0014305719321470publisherpageverified;candidateCDNmmc1docx/doc/pdf404notproofabsence;SIunreadaccesslimit;noSIvaluesused,OwnDOPO-GPTMSorDOPO-APTESsynthesizedcompound;Table1bath100gLwaterEtOH1:2pH4;4hRTsolhydrolysis;fabric2himmersion80percentwetpickup80C30mindry130C5mincureDIwater60C30minwashremoveunreactedprecursor;initialpreparationwashnotdurability,OwninitialnamedgroupbeforeAATCCdurabilitywashing,Owninitial0durabilitycycles;detergentprewash;DIwater60C30minpreparationwash,2020
10.1016/j.eurpolymj.2020.109483,"HC-2,JiangningAnalysisInstrumentChina",OwnTable3PDFp7;methodPDFp3,22.5,ASTMD2863;versionunreported,,6.9,,330,"Q5000IR,TAInstruments",OwnTable2PDFp5;methodPDFp3,446,604,air,6.9,800,OwnPA66/PA66-D-GPTMS-20W;DOPOsilaneTable1bathdoseNOTdryfabricmassfraction,TG+LOI,2026-10-03,Codex complete primary text and exact table review;one primary reviewer,20,European Polymer Journal,"Own2020VOR125109483all11TEXTpages. MainTGmass/pan/flow/start/endunreported;TGIR55mLminnotborrowed;R800explicitnotprogramend. OwncontrolAIRproseapprox464/589versusTable2exact466/597;Tablevaluesretained. SharedJiaxing100gsm/controlLOI19.5/N2T5=411/R8004.9withDOPA2020butTmax444vs459;independentcontrolunproven,bothgascontrolrowsheld. FourtreatedownTable2/Table3groupsmatch. 10W/20WarebathdoseNOTwashcount. CitedSIunread;officialownPIIcandidateCDN404notproofabsence;noSIvaluesused. FifteenTable6washedVFTstateshaveNOownwashedTG/LOI. Noimagesread/curvesestimated.",polyamide,"Own 100% PA66 woven fabric, 100 g/m2, Jiaxing Weaving Industry China; commercial detergent prewash and RT air dry; weave unspecified","Own 100% PA66 woven fabric, 100 g/m2, Jiaxing Weaving Industry China; commercial detergent prewash and RT air dry; weave unspecified","Own 100% PA66 woven fabric, 100 g/m2, Jiaxing Weaving Industry China; commercial detergent prewash and RT air dry; weave unspecified",tabulated,OwnnamedinitialfabricgroupsTable1/LOITable3/TGTable2;bothgases20Cmin;TableT5/DTGmaxima/R800exact;dose10W/20Wnotdurabilitywash. Whole11primaryTEXTpagesreviewed;SIunreadexplicit;noSIvaluesborrowed;controlcrosssourceprovenanceheld.,verified_exact,journal_article,OwncoverDOI/title/authors/publisherjournal;fullnativeprimaryTEXTreview;preproofversionexplicit,6.9,800,source_review_approved,28ee2d74301bddbfd138d6537f1b3c10ab30f3bb7b5aea0e082f91e3164b123b,PA66-D-GPTMS-20W,,,,,150x58,,Unreported,,,,,OwnPDFp4temperatureat5percentmassloss,Unreported;separateTGIR55mLminNOTborrowed;R800NOTinferredprogramend,OwnTable2PDFp5nativeT1maxAIR/N2andT2maxAIR;noN2secondnumericpeak,OwnPDFp2(W1-W)/W*100;Wcontrol/W1treateddryfabricmass;Table1PDFp3,15.2,,,200,,BothcontrolgasrecordsheldsharedJiaxing100gsm/LOI19.5/N2T5=411/R8004.9withDOPA2020;Tmaxdifference444vs459notproofindependentexperiment,Own publisher VOR125(2020)109483,,Ownmaterials/preparationPDFp2;Table1p3;TGTable2p5;LOITable3p7,,,,,,Sol-gel coatings from DOPO-alkoxysilanes: Efficacy in fire protection of polyamide 66 textiles,Unreported,https://doi.org/10.1016/j.eurpolymj.2020.109483,CitedAppendixAprimaryp10;localsame-stemPDFonly;officialownPIIS0014305719321470publisherpageverified;candidateCDNmmc1docx/doc/pdf404notproofabsence;SIunreadaccesslimit;noSIvaluesused,OwnDOPO-GPTMSorDOPO-APTESsynthesizedcompound;Table1bath200gLwaterEtOH1:2pH4;4hRTsolhydrolysis;fabric2himmersion80percentwetpickup80C30mindry130C5mincureDIwater60C30minwashremoveunreactedprecursor;initialpreparationwashnotdurability,OwninitialnamedgroupbeforeAATCCdurabilitywashing,Owninitial0durabilitycycles;detergentprewash;DIwater60C30minpreparationwash,2020
10.1016/j.eurpolymj.2020.109483,"HC-2,JiangningAnalysisInstrumentChina",OwnTable3PDFp7;methodPDFp3,22.5,ASTMD2863;versionunreported,,8.2,,327,"Q5000IR,TAInstruments",OwnTable2PDFp5;methodPDFp3,458,,N2,8.2,800,OwnPA66/PA66-D-GPTMS-20W;DOPOsilaneTable1bathdoseNOTdryfabricmassfraction,TG+LOI,2026-10-03,Codex complete primary text and exact table review;one primary reviewer,20,European Polymer Journal,"Own2020VOR125109483all11TEXTpages. MainTGmass/pan/flow/start/endunreported;TGIR55mLminnotborrowed;R800explicitnotprogramend. OwncontrolAIRproseapprox464/589versusTable2exact466/597;Tablevaluesretained. SharedJiaxing100gsm/controlLOI19.5/N2T5=411/R8004.9withDOPA2020butTmax444vs459;independentcontrolunproven,bothgascontrolrowsheld. FourtreatedownTable2/Table3groupsmatch. 10W/20WarebathdoseNOTwashcount. CitedSIunread;officialownPIIcandidateCDN404notproofabsence;noSIvaluesused. FifteenTable6washedVFTstateshaveNOownwashedTG/LOI. Noimagesread/curvesestimated.",polyamide,"Own 100% PA66 woven fabric, 100 g/m2, Jiaxing Weaving Industry China; commercial detergent prewash and RT air dry; weave unspecified","Own 100% PA66 woven fabric, 100 g/m2, Jiaxing Weaving Industry China; commercial detergent prewash and RT air dry; weave unspecified","Own 100% PA66 woven fabric, 100 g/m2, Jiaxing Weaving Industry China; commercial detergent prewash and RT air dry; weave unspecified",tabulated,OwnnamedinitialfabricgroupsTable1/LOITable3/TGTable2;bothgases20Cmin;TableT5/DTGmaxima/R800exact;dose10W/20Wnotdurabilitywash. Whole11primaryTEXTpagesreviewed;SIunreadexplicit;noSIvaluesborrowed;controlcrosssourceprovenanceheld.,verified_exact,journal_article,OwncoverDOI/title/authors/publisherjournal;fullnativeprimaryTEXTreview;preproofversionexplicit,8.2,800,source_review_approved,1da8b9f7f490157def3036d8f7587f00eed8f7795a6b215488ca2a576716e506,PA66-D-GPTMS-20W,,,,,150x58,,Unreported,,,,,OwnPDFp4temperatureat5percentmassloss,Unreported;separateTGIR55mLminNOTborrowed;R800NOTinferredprogramend,OwnTable2PDFp5nativeT1maxAIR/N2andT2maxAIR;noN2secondnumericpeak,OwnPDFp2(W1-W)/W*100;Wcontrol/W1treateddryfabricmass;Table1PDFp3,15.2,,,200,,BothcontrolgasrecordsheldsharedJiaxing100gsm/LOI19.5/N2T5=411/R8004.9withDOPA2020;Tmaxdifference444vs459notproofindependentexperiment,Own publisher VOR125(2020)109483,,Ownmaterials/preparationPDFp2;Table1p3;TGTable2p5;LOITable3p7,,,,,,Sol-gel coatings from DOPO-alkoxysilanes: Efficacy in fire protection of polyamide 66 textiles,Unreported,https://doi.org/10.1016/j.eurpolymj.2020.109483,CitedAppendixAprimaryp10;localsame-stemPDFonly;officialownPIIS0014305719321470publisherpageverified;candidateCDNmmc1docx/doc/pdf404notproofabsence;SIunreadaccesslimit;noSIvaluesused,OwnDOPO-GPTMSorDOPO-APTESsynthesizedcompound;Table1bath200gLwaterEtOH1:2pH4;4hRTsolhydrolysis;fabric2himmersion80percentwetpickup80C30mindry130C5mincureDIwater60C30minwashremoveunreactedprecursor;initialpreparationwashnotdurability,OwninitialnamedgroupbeforeAATCCdurabilitywashing,Owninitial0durabilitycycles;detergentprewash;DIwater60C30minpreparationwash,2020
10.1016/j.eurpolymj.2020.109483,"HC-2,JiangningAnalysisInstrumentChina",OwnTable3PDFp7;methodPDFp3,21.3,ASTMD2863;versionunreported,,6.5,,325,"Q5000IR,TAInstruments",OwnTable2PDFp5;methodPDFp3,427,628,air,6.5,800,OwnPA66/PA66-D-APTES-10W;DOPOsilaneTable1bathdoseNOTdryfabricmassfraction,TG+LOI,2026-10-03,Codex complete primary text and exact table review;one primary reviewer,20,European Polymer Journal,"Own2020VOR125109483all11TEXTpages. MainTGmass/pan/flow/start/endunreported;TGIR55mLminnotborrowed;R800explicitnotprogramend. OwncontrolAIRproseapprox464/589versusTable2exact466/597;Tablevaluesretained. SharedJiaxing100gsm/controlLOI19.5/N2T5=411/R8004.9withDOPA2020butTmax444vs459;independentcontrolunproven,bothgascontrolrowsheld. FourtreatedownTable2/Table3groupsmatch. 10W/20WarebathdoseNOTwashcount. CitedSIunread;officialownPIIcandidateCDN404notproofabsence;noSIvaluesused. FifteenTable6washedVFTstateshaveNOownwashedTG/LOI. Noimagesread/curvesestimated.",polyamide,"Own 100% PA66 woven fabric, 100 g/m2, Jiaxing Weaving Industry China; commercial detergent prewash and RT air dry; weave unspecified","Own 100% PA66 woven fabric, 100 g/m2, Jiaxing Weaving Industry China; commercial detergent prewash and RT air dry; weave unspecified","Own 100% PA66 woven fabric, 100 g/m2, Jiaxing Weaving Industry China; commercial detergent prewash and RT air dry; weave unspecified",tabulated,OwnnamedinitialfabricgroupsTable1/LOITable3/TGTable2;bothgases20Cmin;TableT5/DTGmaxima/R800exact;dose10W/20Wnotdurabilitywash. Whole11primaryTEXTpagesreviewed;SIunreadexplicit;noSIvaluesborrowed;controlcrosssourceprovenanceheld.,verified_exact,journal_article,OwncoverDOI/title/authors/publisherjournal;fullnativeprimaryTEXTreview;preproofversionexplicit,6.5,800,source_review_approved,150ce49af739040a233b19776db8087e334b8308bd93d2ed94d30bc8e05d551f,PA66-D-APTES-10W,,,,,150x58,,Unreported,,,,,OwnPDFp4temperatureat5percentmassloss,Unreported;separateTGIR55mLminNOTborrowed;R800NOTinferredprogramend,OwnTable2PDFp5nativeT1maxAIR/N2andT2maxAIR;noN2secondnumericpeak,OwnPDFp2(W1-W)/W*100;Wcontrol/W1treateddryfabricmass;Table1PDFp3,7.5,,,100,,BothcontrolgasrecordsheldsharedJiaxing100gsm/LOI19.5/N2T5=411/R8004.9withDOPA2020;Tmaxdifference444vs459notproofindependentexperiment,Own publisher VOR125(2020)109483,,Ownmaterials/preparationPDFp2;Table1p3;TGTable2p5;LOITable3p7,,,,,,Sol-gel coatings from DOPO-alkoxysilanes: Efficacy in fire protection of polyamide 66 textiles,Unreported,https://doi.org/10.1016/j.eurpolymj.2020.109483,CitedAppendixAprimaryp10;localsame-stemPDFonly;officialownPIIS0014305719321470publisherpageverified;candidateCDNmmc1docx/doc/pdf404notproofabsence;SIunreadaccesslimit;noSIvaluesused,OwnDOPO-GPTMSorDOPO-APTESsynthesizedcompound;Table1bath100gLwaterEtOH1:2pH4;4hRTsolhydrolysis;fabric2himmersion80percentwetpickup80C30mindry130C5mincureDIwater60C30minwashremoveunreactedprecursor;initialpreparationwashnotdurability,OwninitialnamedgroupbeforeAATCCdurabilitywashing,Owninitial0durabilitycycles;detergentprewash;DIwater60C30minpreparationwash,2020
10.1016/j.eurpolymj.2020.109483,"HC-2,JiangningAnalysisInstrumentChina",OwnTable3PDFp7;methodPDFp3,21.3,ASTMD2863;versionunreported,,7.0,,386,"Q5000IR,TAInstruments",OwnTable2PDFp5;methodPDFp3,429,,N2,7.0,800,OwnPA66/PA66-D-APTES-10W;DOPOsilaneTable1bathdoseNOTdryfabricmassfraction,TG+LOI,2026-10-03,Codex complete primary text and exact table review;one primary reviewer,20,European Polymer Journal,"Own2020VOR125109483all11TEXTpages. MainTGmass/pan/flow/start/endunreported;TGIR55mLminnotborrowed;R800explicitnotprogramend. OwncontrolAIRproseapprox464/589versusTable2exact466/597;Tablevaluesretained. SharedJiaxing100gsm/controlLOI19.5/N2T5=411/R8004.9withDOPA2020butTmax444vs459;independentcontrolunproven,bothgascontrolrowsheld. FourtreatedownTable2/Table3groupsmatch. 10W/20WarebathdoseNOTwashcount. CitedSIunread;officialownPIIcandidateCDN404notproofabsence;noSIvaluesused. FifteenTable6washedVFTstateshaveNOownwashedTG/LOI. Noimagesread/curvesestimated.",polyamide,"Own 100% PA66 woven fabric, 100 g/m2, Jiaxing Weaving Industry China; commercial detergent prewash and RT air dry; weave unspecified","Own 100% PA66 woven fabric, 100 g/m2, Jiaxing Weaving Industry China; commercial detergent prewash and RT air dry; weave unspecified","Own 100% PA66 woven fabric, 100 g/m2, Jiaxing Weaving Industry China; commercial detergent prewash and RT air dry; weave unspecified",tabulated,OwnnamedinitialfabricgroupsTable1/LOITable3/TGTable2;bothgases20Cmin;TableT5/DTGmaxima/R800exact;dose10W/20Wnotdurabilitywash. Whole11primaryTEXTpagesreviewed;SIunreadexplicit;noSIvaluesborrowed;controlcrosssourceprovenanceheld.,verified_exact,journal_article,OwncoverDOI/title/authors/publisherjournal;fullnativeprimaryTEXTreview;preproofversionexplicit,7.0,800,source_review_approved,79875f80300433c188b0da2a03954e3bc4f2ec5651480b3aaa68f824f72f1bcc,PA66-D-APTES-10W,,,,,150x58,,Unreported,,,,,OwnPDFp4temperatureat5percentmassloss,Unreported;separateTGIR55mLminNOTborrowed;R800NOTinferredprogramend,OwnTable2PDFp5nativeT1maxAIR/N2andT2maxAIR;noN2secondnumericpeak,OwnPDFp2(W1-W)/W*100;Wcontrol/W1treateddryfabricmass;Table1PDFp3,7.5,,,100,,BothcontrolgasrecordsheldsharedJiaxing100gsm/LOI19.5/N2T5=411/R8004.9withDOPA2020;Tmaxdifference444vs459notproofindependentexperiment,Own publisher VOR125(2020)109483,,Ownmaterials/preparationPDFp2;Table1p3;TGTable2p5;LOITable3p7,,,,,,Sol-gel coatings from DOPO-alkoxysilanes: Efficacy in fire protection of polyamide 66 textiles,Unreported,https://doi.org/10.1016/j.eurpolymj.2020.109483,CitedAppendixAprimaryp10;localsame-stemPDFonly;officialownPIIS0014305719321470publisherpageverified;candidateCDNmmc1docx/doc/pdf404notproofabsence;SIunreadaccesslimit;noSIvaluesused,OwnDOPO-GPTMSorDOPO-APTESsynthesizedcompound;Table1bath100gLwaterEtOH1:2pH4;4hRTsolhydrolysis;fabric2himmersion80percentwetpickup80C30mindry130C5mincureDIwater60C30minwashremoveunreactedprecursor;initialpreparationwashnotdurability,OwninitialnamedgroupbeforeAATCCdurabilitywashing,Owninitial0durabilitycycles;detergentprewash;DIwater60C30minpreparationwash,2020
10.1016/j.eurpolymj.2020.109483,"HC-2,JiangningAnalysisInstrumentChina",OwnTable3PDFp7;methodPDFp3,21.5,ASTMD2863;versionunreported,,7.9,,314,"Q5000IR,TAInstruments",OwnTable2PDFp5;methodPDFp3,438,632,air,7.9,800,OwnPA66/PA66-D-APTES-20W;DOPOsilaneTable1bathdoseNOTdryfabricmassfraction,TG+LOI,2026-10-03,Codex complete primary text and exact table review;one primary reviewer,20,European Polymer Journal,"Own2020VOR125109483all11TEXTpages. MainTGmass/pan/flow/start/endunreported;TGIR55mLminnotborrowed;R800explicitnotprogramend. OwncontrolAIRproseapprox464/589versusTable2exact466/597;Tablevaluesretained. SharedJiaxing100gsm/controlLOI19.5/N2T5=411/R8004.9withDOPA2020butTmax444vs459;independentcontrolunproven,bothgascontrolrowsheld. FourtreatedownTable2/Table3groupsmatch. 10W/20WarebathdoseNOTwashcount. CitedSIunread;officialownPIIcandidateCDN404notproofabsence;noSIvaluesused. FifteenTable6washedVFTstateshaveNOownwashedTG/LOI. Noimagesread/curvesestimated.",polyamide,"Own 100% PA66 woven fabric, 100 g/m2, Jiaxing Weaving Industry China; commercial detergent prewash and RT air dry; weave unspecified","Own 100% PA66 woven fabric, 100 g/m2, Jiaxing Weaving Industry China; commercial detergent prewash and RT air dry; weave unspecified","Own 100% PA66 woven fabric, 100 g/m2, Jiaxing Weaving Industry China; commercial detergent prewash and RT air dry; weave unspecified",tabulated,OwnnamedinitialfabricgroupsTable1/LOITable3/TGTable2;bothgases20Cmin;TableT5/DTGmaxima/R800exact;dose10W/20Wnotdurabilitywash. Whole11primaryTEXTpagesreviewed;SIunreadexplicit;noSIvaluesborrowed;controlcrosssourceprovenanceheld.,verified_exact,journal_article,OwncoverDOI/title/authors/publisherjournal;fullnativeprimaryTEXTreview;preproofversionexplicit,7.9,800,source_review_approved,31a8717161cb5edef094a71ad1e3c7c33e2db0202f01b5ce74bd3ca67634fd45,PA66-D-APTES-20W,,,,,150x58,,Unreported,,,,,OwnPDFp4temperatureat5percentmassloss,Unreported;separateTGIR55mLminNOTborrowed;R800NOTinferredprogramend,OwnTable2PDFp5nativeT1maxAIR/N2andT2maxAIR;noN2secondnumericpeak,OwnPDFp2(W1-W)/W*100;Wcontrol/W1treateddryfabricmass;Table1PDFp3,14.6,,,200,,BothcontrolgasrecordsheldsharedJiaxing100gsm/LOI19.5/N2T5=411/R8004.9withDOPA2020;Tmaxdifference444vs459notproofindependentexperiment,Own publisher VOR125(2020)109483,,Ownmaterials/preparationPDFp2;Table1p3;TGTable2p5;LOITable3p7,,,,,,Sol-gel coatings from DOPO-alkoxysilanes: Efficacy in fire protection of polyamide 66 textiles,Unreported,https://doi.org/10.1016/j.eurpolymj.2020.109483,CitedAppendixAprimaryp10;localsame-stemPDFonly;officialownPIIS0014305719321470publisherpageverified;candidateCDNmmc1docx/doc/pdf404notproofabsence;SIunreadaccesslimit;noSIvaluesused,OwnDOPO-GPTMSorDOPO-APTESsynthesizedcompound;Table1bath200gLwaterEtOH1:2pH4;4hRTsolhydrolysis;fabric2himmersion80percentwetpickup80C30mindry130C5mincureDIwater60C30minwashremoveunreactedprecursor;initialpreparationwashnotdurability,OwninitialnamedgroupbeforeAATCCdurabilitywashing,Owninitial0durabilitycycles;detergentprewash;DIwater60C30minpreparationwash,2020
10.1016/j.eurpolymj.2020.109483,"HC-2,JiangningAnalysisInstrumentChina",OwnTable3PDFp7;methodPDFp3,21.5,ASTMD2863;versionunreported,,9.2,,368,"Q5000IR,TAInstruments",OwnTable2PDFp5;methodPDFp3,411,,N2,9.2,800,OwnPA66/PA66-D-APTES-20W;DOPOsilaneTable1bathdoseNOTdryfabricmassfraction,TG+LOI,2026-10-03,Codex complete primary text and exact table review;one primary reviewer,20,European Polymer Journal,"Own2020VOR125109483all11TEXTpages. MainTGmass/pan/flow/start/endunreported;TGIR55mLminnotborrowed;R800explicitnotprogramend. OwncontrolAIRproseapprox464/589versusTable2exact466/597;Tablevaluesretained. SharedJiaxing100gsm/controlLOI19.5/N2T5=411/R8004.9withDOPA2020butTmax444vs459;independentcontrolunproven,bothgascontrolrowsheld. FourtreatedownTable2/Table3groupsmatch. 10W/20WarebathdoseNOTwashcount. CitedSIunread;officialownPIIcandidateCDN404notproofabsence;noSIvaluesused. FifteenTable6washedVFTstateshaveNOownwashedTG/LOI. Noimagesread/curvesestimated.",polyamide,"Own 100% PA66 woven fabric, 100 g/m2, Jiaxing Weaving Industry China; commercial detergent prewash and RT air dry; weave unspecified","Own 100% PA66 woven fabric, 100 g/m2, Jiaxing Weaving Industry China; commercial detergent prewash and RT air dry; weave unspecified","Own 100% PA66 woven fabric, 100 g/m2, Jiaxing Weaving Industry China; commercial detergent prewash and RT air dry; weave unspecified",tabulated,OwnnamedinitialfabricgroupsTable1/LOITable3/TGTable2;bothgases20Cmin;TableT5/DTGmaxima/R800exact;dose10W/20Wnotdurabilitywash. Whole11primaryTEXTpagesreviewed;SIunreadexplicit;noSIvaluesborrowed;controlcrosssourceprovenanceheld.,verified_exact,journal_article,OwncoverDOI/title/authors/publisherjournal;fullnativeprimaryTEXTreview;preproofversionexplicit,9.2,800,source_review_approved,5d08293b84de334cf0a8661b0ee8cac46882eeb6a46dc5c05991879de23ecf56,PA66-D-APTES-20W,,,,,150x58,,Unreported,,,,,OwnPDFp4temperatureat5percentmassloss,Unreported;separateTGIR55mLminNOTborrowed;R800NOTinferredprogramend,OwnTable2PDFp5nativeT1maxAIR/N2andT2maxAIR;noN2secondnumericpeak,OwnPDFp2(W1-W)/W*100;Wcontrol/W1treateddryfabricmass;Table1PDFp3,14.6,,,200,,BothcontrolgasrecordsheldsharedJiaxing100gsm/LOI19.5/N2T5=411/R8004.9withDOPA2020;Tmaxdifference444vs459notproofindependentexperiment,Own publisher VOR125(2020)109483,,Ownmaterials/preparationPDFp2;Table1p3;TGTable2p5;LOITable3p7,,,,,,Sol-gel coatings from DOPO-alkoxysilanes: Efficacy in fire protection of polyamide 66 textiles,Unreported,https://doi.org/10.1016/j.eurpolymj.2020.109483,CitedAppendixAprimaryp10;localsame-stemPDFonly;officialownPIIS0014305719321470publisherpageverified;candidateCDNmmc1docx/doc/pdf404notproofabsence;SIunreadaccesslimit;noSIvaluesused,OwnDOPO-GPTMSorDOPO-APTESsynthesizedcompound;Table1bath200gLwaterEtOH1:2pH4;4hRTsolhydrolysis;fabric2himmersion80percentwetpickup80C30mindry130C5mincureDIwater60C30minwashremoveunreactedprecursor;initialpreparationwashnotdurability,OwninitialnamedgroupbeforeAATCCdurabilitywashing,Owninitial0durabilitycycles;detergentprewash;DIwater60C30minpreparationwash,2020
10.1016/j.eurpolymj.2020.109483,,,,,,,,,,,,,,,,,Raw source facts only,2026-10-03,Codex complete primary text and exact table review;one primary reviewer,,European Polymer Journal,"Own2020VOR125109483all11TEXTpages. MainTGmass/pan/flow/start/endunreported;TGIR55mLminnotborrowed;R800explicitnotprogramend. OwncontrolAIRproseapprox464/589versusTable2exact466/597;Tablevaluesretained. SharedJiaxing100gsm/controlLOI19.5/N2T5=411/R8004.9withDOPA2020butTmax444vs459;independentcontrolunproven,bothgascontrolrowsheld. FourtreatedownTable2/Table3groupsmatch. 10W/20WarebathdoseNOTwashcount. CitedSIunread;officialownPIIcandidateCDN404notproofabsence;noSIvaluesused. FifteenTable6washedVFTstateshaveNOownwashedTG/LOI. Noimagesread/curvesestimated.",polyamide,"Own 100% PA66 woven fabric, 100 g/m2, Jiaxing Weaving Industry China; commercial detergent prewash and RT air dry; weave unspecified","Own 100% PA66 woven fabric, 100 g/m2, Jiaxing Weaving Industry China; commercial detergent prewash and RT air dry; weave unspecified","Own 100% PA66 woven fabric, 100 g/m2, Jiaxing Weaving Industry China; commercial detergent prewash and RT air dry; weave unspecified",held_source_facts,,held_washed_vertical_only_without_own_TG_LOI,journal_article,OwncoverDOI/title/authors/publisherjournal;fullnativeprimaryTEXTreview;preproofversionexplicit,,,held_outside_verified_target,,PA66-Control after5nativewashingcycles,,,,,,,,,,,,,,,,,,,,,,Own publisher VOR125(2020)109483,,OwnTable6PDFp9;washmethodPDFp3,NR,VerticalburningUL94only;NOownwashedTG/LOI,,,,Sol-gel coatings from DOPO-alkoxysilanes: Efficacy in fire protection of polyamide 66 textiles,,https://doi.org/10.1016/j.eurpolymj.2020.109483,CitedAppendixAprimaryp10;localsame-stemPDFonly;officialownPIIS0014305719321470publisherpageverified;candidateCDNmmc1docx/doc/pdf404notproofabsence;SIunreadaccesslimit;noSIvaluesused,,,AATCC61(2A)-1996nonionic38plusminus3C;5nativecycles;1cycle5homeequivnotextrastates,2020
10.1016/j.eurpolymj.2020.109483,,,,,,,,,,,,,,,,,Raw source facts only,2026-10-03,Codex complete primary text and exact table review;one primary reviewer,,European Polymer Journal,"Own2020VOR125109483all11TEXTpages. MainTGmass/pan/flow/start/endunreported;TGIR55mLminnotborrowed;R800explicitnotprogramend. OwncontrolAIRproseapprox464/589versusTable2exact466/597;Tablevaluesretained. SharedJiaxing100gsm/controlLOI19.5/N2T5=411/R8004.9withDOPA2020butTmax444vs459;independentcontrolunproven,bothgascontrolrowsheld. FourtreatedownTable2/Table3groupsmatch. 10W/20WarebathdoseNOTwashcount. CitedSIunread;officialownPIIcandidateCDN404notproofabsence;noSIvaluesused. FifteenTable6washedVFTstateshaveNOownwashedTG/LOI. Noimagesread/curvesestimated.",polyamide,"Own 100% PA66 woven fabric, 100 g/m2, Jiaxing Weaving Industry China; commercial detergent prewash and RT air dry; weave unspecified","Own 100% PA66 woven fabric, 100 g/m2, Jiaxing Weaving Industry China; commercial detergent prewash and RT air dry; weave unspecified","Own 100% PA66 woven fabric, 100 g/m2, Jiaxing Weaving Industry China; commercial detergent prewash and RT air dry; weave unspecified",held_source_facts,,held_washed_vertical_only_without_own_TG_LOI,journal_article,OwncoverDOI/title/authors/publisherjournal;fullnativeprimaryTEXTreview;preproofversionexplicit,,,held_outside_verified_target,,PA66-Control after10nativewashingcycles,,,,,,,,,,,,,,,,,,,,,,Own publisher VOR125(2020)109483,,OwnTable6PDFp9;washmethodPDFp3,NR,VerticalburningUL94only;NOownwashedTG/LOI,,,,Sol-gel coatings from DOPO-alkoxysilanes: Efficacy in fire protection of polyamide 66 textiles,,https://doi.org/10.1016/j.eurpolymj.2020.109483,CitedAppendixAprimaryp10;localsame-stemPDFonly;officialownPIIS0014305719321470publisherpageverified;candidateCDNmmc1docx/doc/pdf404notproofabsence;SIunreadaccesslimit;noSIvaluesused,,,AATCC61(2A)-1996nonionic38plusminus3C;10nativecycles;1cycle5homeequivnotextrastates,2020
10.1016/j.eurpolymj.2020.109483,,,,,,,,,,,,,,,,,Raw source facts only,2026-10-03,Codex complete primary text and exact table review;one primary reviewer,,European Polymer Journal,"Own2020VOR125109483all11TEXTpages. MainTGmass/pan/flow/start/endunreported;TGIR55mLminnotborrowed;R800explicitnotprogramend. OwncontrolAIRproseapprox464/589versusTable2exact466/597;Tablevaluesretained. SharedJiaxing100gsm/controlLOI19.5/N2T5=411/R8004.9withDOPA2020butTmax444vs459;independentcontrolunproven,bothgascontrolrowsheld. FourtreatedownTable2/Table3groupsmatch. 10W/20WarebathdoseNOTwashcount. CitedSIunread;officialownPIIcandidateCDN404notproofabsence;noSIvaluesused. FifteenTable6washedVFTstateshaveNOownwashedTG/LOI. Noimagesread/curvesestimated.",polyamide,"Own 100% PA66 woven fabric, 100 g/m2, Jiaxing Weaving Industry China; commercial detergent prewash and RT air dry; weave unspecified","Own 100% PA66 woven fabric, 100 g/m2, Jiaxing Weaving Industry China; commercial detergent prewash and RT air dry; weave unspecified","Own 100% PA66 woven fabric, 100 g/m2, Jiaxing Weaving Industry China; commercial detergent prewash and RT air dry; weave unspecified",held_source_facts,,held_washed_vertical_only_without_own_TG_LOI,journal_article,OwncoverDOI/title/authors/publisherjournal;fullnativeprimaryTEXTreview;preproofversionexplicit,,,held_outside_verified_target,,PA66-Control after20nativewashingcycles,,,,,,,,,,,,,,,,,,,,,,Own publisher VOR125(2020)109483,,OwnTable6PDFp9;washmethodPDFp3,NR,VerticalburningUL94only;NOownwashedTG/LOI,,,,Sol-gel coatings from DOPO-alkoxysilanes: Efficacy in fire protection of polyamide 66 textiles,,https://doi.org/10.1016/j.eurpolymj.2020.109483,CitedAppendixAprimaryp10;localsame-stemPDFonly;officialownPIIS0014305719321470publisherpageverified;candidateCDNmmc1docx/doc/pdf404notproofabsence;SIunreadaccesslimit;noSIvaluesused,,,AATCC61(2A)-1996nonionic38plusminus3C;20nativecycles;1cycle5homeequivnotextrastates,2020
10.1016/j.eurpolymj.2020.109483,,,,,,,,,,,,,,,,,Raw source facts only,2026-10-03,Codex complete primary text and exact table review;one primary reviewer,,European Polymer Journal,"Own2020VOR125109483all11TEXTpages. MainTGmass/pan/flow/start/endunreported;TGIR55mLminnotborrowed;R800explicitnotprogramend. OwncontrolAIRproseapprox464/589versusTable2exact466/597;Tablevaluesretained. SharedJiaxing100gsm/controlLOI19.5/N2T5=411/R8004.9withDOPA2020butTmax444vs459;independentcontrolunproven,bothgascontrolrowsheld. FourtreatedownTable2/Table3groupsmatch. 10W/20WarebathdoseNOTwashcount. CitedSIunread;officialownPIIcandidateCDN404notproofabsence;noSIvaluesused. FifteenTable6washedVFTstateshaveNOownwashedTG/LOI. Noimagesread/curvesestimated.",polyamide,"Own 100% PA66 woven fabric, 100 g/m2, Jiaxing Weaving Industry China; commercial detergent prewash and RT air dry; weave unspecified","Own 100% PA66 woven fabric, 100 g/m2, Jiaxing Weaving Industry China; commercial detergent prewash and RT air dry; weave unspecified","Own 100% PA66 woven fabric, 100 g/m2, Jiaxing Weaving Industry China; commercial detergent prewash and RT air dry; weave unspecified",held_source_facts,,held_washed_vertical_only_without_own_TG_LOI,journal_article,OwncoverDOI/title/authors/publisherjournal;fullnativeprimaryTEXTreview;preproofversionexplicit,,,held_outside_verified_target,,PA66-D-GPTMS-10W after5nativewashingcycles,,,,,,,,,,,,,,,,,,,,,,Own publisher VOR125(2020)109483,,OwnTable6PDFp9;washmethodPDFp3,NR,VerticalburningUL94only;NOownwashedTG/LOI,,,,Sol-gel coatings from DOPO-alkoxysilanes: Efficacy in fire protection of polyamide 66 textiles,,https://doi.org/10.1016/j.eurpolymj.2020.109483,CitedAppendixAprimaryp10;localsame-stemPDFonly;officialownPIIS0014305719321470publisherpageverified;candidateCDNmmc1docx/doc/pdf404notproofabsence;SIunreadaccesslimit;noSIvaluesused,,,AATCC61(2A)-1996nonionic38plusminus3C;5nativecycles;1cycle5homeequivnotextrastates,2020
10.1016/j.eurpolymj.2020.109483,,,,,,,,,,,,,,,,,Raw source facts only,2026-10-03,Codex complete primary text and exact table review;one primary reviewer,,European Polymer Journal,"Own2020VOR125109483all11TEXTpages. MainTGmass/pan/flow/start/endunreported;TGIR55mLminnotborrowed;R800explicitnotprogramend. OwncontrolAIRproseapprox464/589versusTable2exact466/597;Tablevaluesretained. SharedJiaxing100gsm/controlLOI19.5/N2T5=411/R8004.9withDOPA2020butTmax444vs459;independentcontrolunproven,bothgascontrolrowsheld. FourtreatedownTable2/Table3groupsmatch. 10W/20WarebathdoseNOTwashcount. CitedSIunread;officialownPIIcandidateCDN404notproofabsence;noSIvaluesused. FifteenTable6washedVFTstateshaveNOownwashedTG/LOI. Noimagesread/curvesestimated.",polyamide,"Own 100% PA66 woven fabric, 100 g/m2, Jiaxing Weaving Industry China; commercial detergent prewash and RT air dry; weave unspecified","Own 100% PA66 woven fabric, 100 g/m2, Jiaxing Weaving Industry China; commercial detergent prewash and RT air dry; weave unspecified","Own 100% PA66 woven fabric, 100 g/m2, Jiaxing Weaving Industry China; commercial detergent prewash and RT air dry; weave unspecified",held_source_facts,,held_washed_vertical_only_without_own_TG_LOI,journal_article,OwncoverDOI/title/authors/publisherjournal;fullnativeprimaryTEXTreview;preproofversionexplicit,,,held_outside_verified_target,,PA66-D-GPTMS-10W after10nativewashingcycles,,,,,,,,,,,,,,,,,,,,,,Own publisher VOR125(2020)109483,,OwnTable6PDFp9;washmethodPDFp3,NR,VerticalburningUL94only;NOownwashedTG/LOI,,,,Sol-gel coatings from DOPO-alkoxysilanes: Efficacy in fire protection of polyamide 66 textiles,,https://doi.org/10.1016/j.eurpolymj.2020.109483,CitedAppendixAprimaryp10;localsame-stemPDFonly;officialownPIIS0014305719321470publisherpageverified;candidateCDNmmc1docx/doc/pdf404notproofabsence;SIunreadaccesslimit;noSIvaluesused,,,AATCC61(2A)-1996nonionic38plusminus3C;10nativecycles;1cycle5homeequivnotextrastates,2020
10.1016/j.eurpolymj.2020.109483,,,,,,,,,,,,,,,,,Raw source facts only,2026-10-03,Codex complete primary text and exact table review;one primary reviewer,,European Polymer Journal,"Own2020VOR125109483all11TEXTpages. MainTGmass/pan/flow/start/endunreported;TGIR55mLminnotborrowed;R800explicitnotprogramend. OwncontrolAIRproseapprox464/589versusTable2exact466/597;Tablevaluesretained. SharedJiaxing100gsm/controlLOI19.5/N2T5=411/R8004.9withDOPA2020butTmax444vs459;independentcontrolunproven,bothgascontrolrowsheld. FourtreatedownTable2/Table3groupsmatch. 10W/20WarebathdoseNOTwashcount. CitedSIunread;officialownPIIcandidateCDN404notproofabsence;noSIvaluesused. FifteenTable6washedVFTstateshaveNOownwashedTG/LOI. Noimagesread/curvesestimated.",polyamide,"Own 100% PA66 woven fabric, 100 g/m2, Jiaxing Weaving Industry China; commercial detergent prewash and RT air dry; weave unspecified","Own 100% PA66 woven fabric, 100 g/m2, Jiaxing Weaving Industry China; commercial detergent prewash and RT air dry; weave unspecified","Own 100% PA66 woven fabric, 100 g/m2, Jiaxing Weaving Industry China; commercial detergent prewash and RT air dry; weave unspecified",held_source_facts,,held_washed_vertical_only_without_own_TG_LOI,journal_article,OwncoverDOI/title/authors/publisherjournal;fullnativeprimaryTEXTreview;preproofversionexplicit,,,held_outside_verified_target,,PA66-D-GPTMS-10W after20nativewashingcycles,,,,,,,,,,,,,,,,,,,,,,Own publisher VOR125(2020)109483,,OwnTable6PDFp9;washmethodPDFp3,NR,VerticalburningUL94only;NOownwashedTG/LOI,,,,Sol-gel coatings from DOPO-alkoxysilanes: Efficacy in fire protection of polyamide 66 textiles,,https://doi.org/10.1016/j.eurpolymj.2020.109483,CitedAppendixAprimaryp10;localsame-stemPDFonly;officialownPIIS0014305719321470publisherpageverified;candidateCDNmmc1docx/doc/pdf404notproofabsence;SIunreadaccesslimit;noSIvaluesused,,,AATCC61(2A)-1996nonionic38plusminus3C;20nativecycles;1cycle5homeequivnotextrastates,2020
10.1016/j.eurpolymj.2020.109483,,,,,,,,,,,,,,,,,Raw source facts only,2026-10-03,Codex complete primary text and exact table review;one primary reviewer,,European Polymer Journal,"Own2020VOR125109483all11TEXTpages. MainTGmass/pan/flow/start/endunreported;TGIR55mLminnotborrowed;R800explicitnotprogramend. OwncontrolAIRproseapprox464/589versusTable2exact466/597;Tablevaluesretained. SharedJiaxing100gsm/controlLOI19.5/N2T5=411/R8004.9withDOPA2020butTmax444vs459;independentcontrolunproven,bothgascontrolrowsheld. FourtreatedownTable2/Table3groupsmatch. 10W/20WarebathdoseNOTwashcount. CitedSIunread;officialownPIIcandidateCDN404notproofabsence;noSIvaluesused. FifteenTable6washedVFTstateshaveNOownwashedTG/LOI. Noimagesread/curvesestimated.",polyamide,"Own 100% PA66 woven fabric, 100 g/m2, Jiaxing Weaving Industry China; commercial detergent prewash and RT air dry; weave unspecified","Own 100% PA66 woven fabric, 100 g/m2, Jiaxing Weaving Industry China; commercial detergent prewash and RT air dry; weave unspecified","Own 100% PA66 woven fabric, 100 g/m2, Jiaxing Weaving Industry China; commercial detergent prewash and RT air dry; weave unspecified",held_source_facts,,held_washed_vertical_only_without_own_TG_LOI,journal_article,OwncoverDOI/title/authors/publisherjournal;fullnativeprimaryTEXTreview;preproofversionexplicit,,,held_outside_verified_target,,PA66-D-GPTMS-20W after5nativewashingcycles,,,,,,,,,,,,,,,,,,,,,,Own publisher VOR125(2020)109483,,OwnTable6PDFp9;washmethodPDFp3,UL-94-V1,VerticalburningUL94only;NOownwashedTG/LOI,,,,Sol-gel coatings from DOPO-alkoxysilanes: Efficacy in fire protection of polyamide 66 textiles,,https://doi.org/10.1016/j.eurpolymj.2020.109483,CitedAppendixAprimaryp10;localsame-stemPDFonly;officialownPIIS0014305719321470publisherpageverified;candidateCDNmmc1docx/doc/pdf404notproofabsence;SIunreadaccesslimit;noSIvaluesused,,,AATCC61(2A)-1996nonionic38plusminus3C;5nativecycles;1cycle5homeequivnotextrastates,2020
10.1016/j.eurpolymj.2020.109483,,,,,,,,,,,,,,,,,Raw source facts only,2026-10-03,Codex complete primary text and exact table review;one primary reviewer,,European Polymer Journal,"Own2020VOR125109483all11TEXTpages. MainTGmass/pan/flow/start/endunreported;TGIR55mLminnotborrowed;R800explicitnotprogramend. OwncontrolAIRproseapprox464/589versusTable2exact466/597;Tablevaluesretained. SharedJiaxing100gsm/controlLOI19.5/N2T5=411/R8004.9withDOPA2020butTmax444vs459;independentcontrolunproven,bothgascontrolrowsheld. FourtreatedownTable2/Table3groupsmatch. 10W/20WarebathdoseNOTwashcount. CitedSIunread;officialownPIIcandidateCDN404notproofabsence;noSIvaluesused. FifteenTable6washedVFTstateshaveNOownwashedTG/LOI. Noimagesread/curvesestimated.",polyamide,"Own 100% PA66 woven fabric, 100 g/m2, Jiaxing Weaving Industry China; commercial detergent prewash and RT air dry; weave unspecified","Own 100% PA66 woven fabric, 100 g/m2, Jiaxing Weaving Industry China; commercial detergent prewash and RT air dry; weave unspecified","Own 100% PA66 woven fabric, 100 g/m2, Jiaxing Weaving Industry China; commercial detergent prewash and RT air dry; weave unspecified",held_source_facts,,held_washed_vertical_only_without_own_TG_LOI,journal_article,OwncoverDOI/title/authors/publisherjournal;fullnativeprimaryTEXTreview;preproofversionexplicit,,,held_outside_verified_target,,PA66-D-GPTMS-20W after10nativewashingcycles,,,,,,,,,,,,,,,,,,,,,,Own publisher VOR125(2020)109483,,OwnTable6PDFp9;washmethodPDFp3,NR,VerticalburningUL94only;NOownwashedTG/LOI,,,,Sol-gel coatings from DOPO-alkoxysilanes: Efficacy in fire protection of polyamide 66 textiles,,https://doi.org/10.1016/j.eurpolymj.2020.109483,CitedAppendixAprimaryp10;localsame-stemPDFonly;officialownPIIS0014305719321470publisherpageverified;candidateCDNmmc1docx/doc/pdf404notproofabsence;SIunreadaccesslimit;noSIvaluesused,,,AATCC61(2A)-1996nonionic38plusminus3C;10nativecycles;1cycle5homeequivnotextrastates,2020
10.1016/j.eurpolymj.2020.109483,,,,,,,,,,,,,,,,,Raw source facts only,2026-10-03,Codex complete primary text and exact table review;one primary reviewer,,European Polymer Journal,"Own2020VOR125109483all11TEXTpages. MainTGmass/pan/flow/start/endunreported;TGIR55mLminnotborrowed;R800explicitnotprogramend. OwncontrolAIRproseapprox464/589versusTable2exact466/597;Tablevaluesretained. SharedJiaxing100gsm/controlLOI19.5/N2T5=411/R8004.9withDOPA2020butTmax444vs459;independentcontrolunproven,bothgascontrolrowsheld. FourtreatedownTable2/Table3groupsmatch. 10W/20WarebathdoseNOTwashcount. CitedSIunread;officialownPIIcandidateCDN404notproofabsence;noSIvaluesused. FifteenTable6washedVFTstateshaveNOownwashedTG/LOI. Noimagesread/curvesestimated.",polyamide,"Own 100% PA66 woven fabric, 100 g/m2, Jiaxing Weaving Industry China; commercial detergent prewash and RT air dry; weave unspecified","Own 100% PA66 woven fabric, 100 g/m2, Jiaxing Weaving Industry China; commercial detergent prewash and RT air dry; weave unspecified","Own 100% PA66 woven fabric, 100 g/m2, Jiaxing Weaving Industry China; commercial detergent prewash and RT air dry; weave unspecified",held_source_facts,,held_washed_vertical_only_without_own_TG_LOI,journal_article,OwncoverDOI/title/authors/publisherjournal;fullnativeprimaryTEXTreview;preproofversionexplicit,,,held_outside_verified_target,,PA66-D-GPTMS-20W after20nativewashingcycles,,,,,,,,,,,,,,,,,,,,,,Own publisher VOR125(2020)109483,,OwnTable6PDFp9;washmethodPDFp3,NR,VerticalburningUL94only;NOownwashedTG/LOI,,,,Sol-gel coatings from DOPO-alkoxysilanes: Efficacy in fire protection of polyamide 66 textiles,,https://doi.org/10.1016/j.eurpolymj.2020.109483,CitedAppendixAprimaryp10;localsame-stemPDFonly;officialownPIIS0014305719321470publisherpageverified;candidateCDNmmc1docx/doc/pdf404notproofabsence;SIunreadaccesslimit;noSIvaluesused,,,AATCC61(2A)-1996nonionic38plusminus3C;20nativecycles;1cycle5homeequivnotextrastates,2020
10.1016/j.eurpolymj.2020.109483,,,,,,,,,,,,,,,,,Raw source facts only,2026-10-03,Codex complete primary text and exact table review;one primary reviewer,,European Polymer Journal,"Own2020VOR125109483all11TEXTpages. MainTGmass/pan/flow/start/endunreported;TGIR55mLminnotborrowed;R800explicitnotprogramend. OwncontrolAIRproseapprox464/589versusTable2exact466/597;Tablevaluesretained. SharedJiaxing100gsm/controlLOI19.5/N2T5=411/R8004.9withDOPA2020butTmax444vs459;independentcontrolunproven,bothgascontrolrowsheld. FourtreatedownTable2/Table3groupsmatch. 10W/20WarebathdoseNOTwashcount. CitedSIunread;officialownPIIcandidateCDN404notproofabsence;noSIvaluesused. FifteenTable6washedVFTstateshaveNOownwashedTG/LOI. Noimagesread/curvesestimated.",polyamide,"Own 100% PA66 woven fabric, 100 g/m2, Jiaxing Weaving Industry China; commercial detergent prewash and RT air dry; weave unspecified","Own 100% PA66 woven fabric, 100 g/m2, Jiaxing Weaving Industry China; commercial detergent prewash and RT air dry; weave unspecified","Own 100% PA66 woven fabric, 100 g/m2, Jiaxing Weaving Industry China; commercial detergent prewash and RT air dry; weave unspecified",held_source_facts,,held_washed_vertical_only_without_own_TG_LOI,journal_article,OwncoverDOI/title/authors/publisherjournal;fullnativeprimaryTEXTreview;preproofversionexplicit,,,held_outside_verified_target,,PA66-D-APTES-10W after5nativewashingcycles,,,,,,,,,,,,,,,,,,,,,,Own publisher VOR125(2020)109483,,OwnTable6PDFp9;washmethodPDFp3,UL-94-V1,VerticalburningUL94only;NOownwashedTG/LOI,,,,Sol-gel coatings from DOPO-alkoxysilanes: Efficacy in fire protection of polyamide 66 textiles,,https://doi.org/10.1016/j.eurpolymj.2020.109483,CitedAppendixAprimaryp10;localsame-stemPDFonly;officialownPIIS0014305719321470publisherpageverified;candidateCDNmmc1docx/doc/pdf404notproofabsence;SIunreadaccesslimit;noSIvaluesused,,,AATCC61(2A)-1996nonionic38plusminus3C;5nativecycles;1cycle5homeequivnotextrastates,2020
10.1016/j.eurpolymj.2020.109483,,,,,,,,,,,,,,,,,Raw source facts only,2026-10-03,Codex complete primary text and exact table review;one primary reviewer,,European Polymer Journal,"Own2020VOR125109483all11TEXTpages. MainTGmass/pan/flow/start/endunreported;TGIR55mLminnotborrowed;R800explicitnotprogramend. OwncontrolAIRproseapprox464/589versusTable2exact466/597;Tablevaluesretained. SharedJiaxing100gsm/controlLOI19.5/N2T5=411/R8004.9withDOPA2020butTmax444vs459;independentcontrolunproven,bothgascontrolrowsheld. FourtreatedownTable2/Table3groupsmatch. 10W/20WarebathdoseNOTwashcount. CitedSIunread;officialownPIIcandidateCDN404notproofabsence;noSIvaluesused. FifteenTable6washedVFTstateshaveNOownwashedTG/LOI. Noimagesread/curvesestimated.",polyamide,"Own 100% PA66 woven fabric, 100 g/m2, Jiaxing Weaving Industry China; commercial detergent prewash and RT air dry; weave unspecified","Own 100% PA66 woven fabric, 100 g/m2, Jiaxing Weaving Industry China; commercial detergent prewash and RT air dry; weave unspecified","Own 100% PA66 woven fabric, 100 g/m2, Jiaxing Weaving Industry China; commercial detergent prewash and RT air dry; weave unspecified",held_source_facts,,held_washed_vertical_only_without_own_TG_LOI,journal_article,OwncoverDOI/title/authors/publisherjournal;fullnativeprimaryTEXTreview;preproofversionexplicit,,,held_outside_verified_target,,PA66-D-APTES-10W after10nativewashingcycles,,,,,,,,,,,,,,,,,,,,,,Own publisher VOR125(2020)109483,,OwnTable6PDFp9;washmethodPDFp3,NR,VerticalburningUL94only;NOownwashedTG/LOI,,,,Sol-gel coatings from DOPO-alkoxysilanes: Efficacy in fire protection of polyamide 66 textiles,,https://doi.org/10.1016/j.eurpolymj.2020.109483,CitedAppendixAprimaryp10;localsame-stemPDFonly;officialownPIIS0014305719321470publisherpageverified;candidateCDNmmc1docx/doc/pdf404notproofabsence;SIunreadaccesslimit;noSIvaluesused,,,AATCC61(2A)-1996nonionic38plusminus3C;10nativecycles;1cycle5homeequivnotextrastates,2020
10.1016/j.eurpolymj.2020.109483,,,,,,,,,,,,,,,,,Raw source facts only,2026-10-03,Codex complete primary text and exact table review;one primary reviewer,,European Polymer Journal,"Own2020VOR125109483all11TEXTpages. MainTGmass/pan/flow/start/endunreported;TGIR55mLminnotborrowed;R800explicitnotprogramend. OwncontrolAIRproseapprox464/589versusTable2exact466/597;Tablevaluesretained. SharedJiaxing100gsm/controlLOI19.5/N2T5=411/R8004.9withDOPA2020butTmax444vs459;independentcontrolunproven,bothgascontrolrowsheld. FourtreatedownTable2/Table3groupsmatch. 10W/20WarebathdoseNOTwashcount. CitedSIunread;officialownPIIcandidateCDN404notproofabsence;noSIvaluesused. FifteenTable6washedVFTstateshaveNOownwashedTG/LOI. Noimagesread/curvesestimated.",polyamide,"Own 100% PA66 woven fabric, 100 g/m2, Jiaxing Weaving Industry China; commercial detergent prewash and RT air dry; weave unspecified","Own 100% PA66 woven fabric, 100 g/m2, Jiaxing Weaving Industry China; commercial detergent prewash and RT air dry; weave unspecified","Own 100% PA66 woven fabric, 100 g/m2, Jiaxing Weaving Industry China; commercial detergent prewash and RT air dry; weave unspecified",held_source_facts,,held_washed_vertical_only_without_own_TG_LOI,journal_article,OwncoverDOI/title/authors/publisherjournal;fullnativeprimaryTEXTreview;preproofversionexplicit,,,held_outside_verified_target,,PA66-D-APTES-10W after20nativewashingcycles,,,,,,,,,,,,,,,,,,,,,,Own publisher VOR125(2020)109483,,OwnTable6PDFp9;washmethodPDFp3,NR,VerticalburningUL94only;NOownwashedTG/LOI,,,,Sol-gel coatings from DOPO-alkoxysilanes: Efficacy in fire protection of polyamide 66 textiles,,https://doi.org/10.1016/j.eurpolymj.2020.109483,CitedAppendixAprimaryp10;localsame-stemPDFonly;officialownPIIS0014305719321470publisherpageverified;candidateCDNmmc1docx/doc/pdf404notproofabsence;SIunreadaccesslimit;noSIvaluesused,,,AATCC61(2A)-1996nonionic38plusminus3C;20nativecycles;1cycle5homeequivnotextrastates,2020
10.1016/j.eurpolymj.2020.109483,,,,,,,,,,,,,,,,,Raw source facts only,2026-10-03,Codex complete primary text and exact table review;one primary reviewer,,European Polymer Journal,"Own2020VOR125109483all11TEXTpages. MainTGmass/pan/flow/start/endunreported;TGIR55mLminnotborrowed;R800explicitnotprogramend. OwncontrolAIRproseapprox464/589versusTable2exact466/597;Tablevaluesretained. SharedJiaxing100gsm/controlLOI19.5/N2T5=411/R8004.9withDOPA2020butTmax444vs459;independentcontrolunproven,bothgascontrolrowsheld. FourtreatedownTable2/Table3groupsmatch. 10W/20WarebathdoseNOTwashcount. CitedSIunread;officialownPIIcandidateCDN404notproofabsence;noSIvaluesused. FifteenTable6washedVFTstateshaveNOownwashedTG/LOI. Noimagesread/curvesestimated.",polyamide,"Own 100% PA66 woven fabric, 100 g/m2, Jiaxing Weaving Industry China; commercial detergent prewash and RT air dry; weave unspecified","Own 100% PA66 woven fabric, 100 g/m2, Jiaxing Weaving Industry China; commercial detergent prewash and RT air dry; weave unspecified","Own 100% PA66 woven fabric, 100 g/m2, Jiaxing Weaving Industry China; commercial detergent prewash and RT air dry; weave unspecified",held_source_facts,,held_washed_vertical_only_without_own_TG_LOI,journal_article,OwncoverDOI/title/authors/publisherjournal;fullnativeprimaryTEXTreview;preproofversionexplicit,,,held_outside_verified_target,,PA66-D-APTES-20W after5nativewashingcycles,,,,,,,,,,,,,,,,,,,,,,Own publisher VOR125(2020)109483,,OwnTable6PDFp9;washmethodPDFp3,UL-94-V1,VerticalburningUL94only;NOownwashedTG/LOI,,,,Sol-gel coatings from DOPO-alkoxysilanes: Efficacy in fire protection of polyamide 66 textiles,,https://doi.org/10.1016/j.eurpolymj.2020.109483,CitedAppendixAprimaryp10;localsame-stemPDFonly;officialownPIIS0014305719321470publisherpageverified;candidateCDNmmc1docx/doc/pdf404notproofabsence;SIunreadaccesslimit;noSIvaluesused,,,AATCC61(2A)-1996nonionic38plusminus3C;5nativecycles;1cycle5homeequivnotextrastates,2020
10.1016/j.eurpolymj.2020.109483,,,,,,,,,,,,,,,,,Raw source facts only,2026-10-03,Codex complete primary text and exact table review;one primary reviewer,,European Polymer Journal,"Own2020VOR125109483all11TEXTpages. MainTGmass/pan/flow/start/endunreported;TGIR55mLminnotborrowed;R800explicitnotprogramend. OwncontrolAIRproseapprox464/589versusTable2exact466/597;Tablevaluesretained. SharedJiaxing100gsm/controlLOI19.5/N2T5=411/R8004.9withDOPA2020butTmax444vs459;independentcontrolunproven,bothgascontrolrowsheld. FourtreatedownTable2/Table3groupsmatch. 10W/20WarebathdoseNOTwashcount. CitedSIunread;officialownPIIcandidateCDN404notproofabsence;noSIvaluesused. FifteenTable6washedVFTstateshaveNOownwashedTG/LOI. Noimagesread/curvesestimated.",polyamide,"Own 100% PA66 woven fabric, 100 g/m2, Jiaxing Weaving Industry China; commercial detergent prewash and RT air dry; weave unspecified","Own 100% PA66 woven fabric, 100 g/m2, Jiaxing Weaving Industry China; commercial detergent prewash and RT air dry; weave unspecified","Own 100% PA66 woven fabric, 100 g/m2, Jiaxing Weaving Industry China; commercial detergent prewash and RT air dry; weave unspecified",held_source_facts,,held_washed_vertical_only_without_own_TG_LOI,journal_article,OwncoverDOI/title/authors/publisherjournal;fullnativeprimaryTEXTreview;preproofversionexplicit,,,held_outside_verified_target,,PA66-D-APTES-20W after10nativewashingcycles,,,,,,,,,,,,,,,,,,,,,,Own publisher VOR125(2020)109483,,OwnTable6PDFp9;washmethodPDFp3,UL-94-V1,VerticalburningUL94only;NOownwashedTG/LOI,,,,Sol-gel coatings from DOPO-alkoxysilanes: Efficacy in fire protection of polyamide 66 textiles,,https://doi.org/10.1016/j.eurpolymj.2020.109483,CitedAppendixAprimaryp10;localsame-stemPDFonly;officialownPIIS0014305719321470publisherpageverified;candidateCDNmmc1docx/doc/pdf404notproofabsence;SIunreadaccesslimit;noSIvaluesused,,,AATCC61(2A)-1996nonionic38plusminus3C;10nativecycles;1cycle5homeequivnotextrastates,2020
10.1016/j.eurpolymj.2020.109483,,,,,,,,,,,,,,,,,Raw source facts only,2026-10-03,Codex complete primary text and exact table review;one primary reviewer,,European Polymer Journal,"Own2020VOR125109483all11TEXTpages. MainTGmass/pan/flow/start/endunreported;TGIR55mLminnotborrowed;R800explicitnotprogramend. OwncontrolAIRproseapprox464/589versusTable2exact466/597;Tablevaluesretained. SharedJiaxing100gsm/controlLOI19.5/N2T5=411/R8004.9withDOPA2020butTmax444vs459;independentcontrolunproven,bothgascontrolrowsheld. FourtreatedownTable2/Table3groupsmatch. 10W/20WarebathdoseNOTwashcount. CitedSIunread;officialownPIIcandidateCDN404notproofabsence;noSIvaluesused. FifteenTable6washedVFTstateshaveNOownwashedTG/LOI. Noimagesread/curvesestimated.",polyamide,"Own 100% PA66 woven fabric, 100 g/m2, Jiaxing Weaving Industry China; commercial detergent prewash and RT air dry; weave unspecified","Own 100% PA66 woven fabric, 100 g/m2, Jiaxing Weaving Industry China; commercial detergent prewash and RT air dry; weave unspecified","Own 100% PA66 woven fabric, 100 g/m2, Jiaxing Weaving Industry China; commercial detergent prewash and RT air dry; weave unspecified",held_source_facts,,held_washed_vertical_only_without_own_TG_LOI,journal_article,OwncoverDOI/title/authors/publisherjournal;fullnativeprimaryTEXTreview;preproofversionexplicit,,,held_outside_verified_target,,PA66-D-APTES-20W after20nativewashingcycles,,,,,,,,,,,,,,,,,,,,,,Own publisher VOR125(2020)109483,,OwnTable6PDFp9;washmethodPDFp3,NR,VerticalburningUL94only;NOownwashedTG/LOI,,,,Sol-gel coatings from DOPO-alkoxysilanes: Efficacy in fire protection of polyamide 66 textiles,,https://doi.org/10.1016/j.eurpolymj.2020.109483,CitedAppendixAprimaryp10;localsame-stemPDFonly;officialownPIIS0014305719321470publisherpageverified;candidateCDNmmc1docx/doc/pdf404notproofabsence;SIunreadaccesslimit;noSIvaluesused,,,AATCC61(2A)-1996nonionic38plusminus3C;20nativecycles;1cycle5homeequivnotextrastates,2020
10.1016/j.ijbiomac.2020.04.075,"JF-3,JiangningAnalyticalInstrumentFactoryNanjing",OwnTable4PDFp21;methodPDFp12,20,ASTMD2863;versionunreported,4.1,,386,,"Q5000IR,TAInstruments",OwnTable3PDFp19;methodPDFp12,462,557,air,4.1,700,Own100percentPA66control,TG+LOI,2026-10-03,Codex complete primary text and exact table review;one primary reviewer,20,International Journal of Biological Macromolecules,"OwnJournalPreproofaccepted2020-04-10notfinalVOR;all37TEXTpages. OfficialSIallbodytext/TableS1read,onecolorimageunviewedunused. OwnprimaryLOITable4control20plusminus1vsSIcontrol21;primarymean20usedwithundefineduncertaintytype,notaveraged/replaced. SIinitialC/Daddon3.6/5.7versusprimary4.0plusminus.40/6.0plusminus.30retained;SIinitialA/B/C/Dnotextrasamples. MainTGmass/pan/flow/start/endunreported. NativeT10notT5/onset;AIRtwoannotatedpeaks/N2one;genericthree-stepproseNOTthirdnumericpeak. R700exact. LOI/residue/addonplusminusdefinitionandreplicatesunreportednotSD/SEassumed. NativeaddonEqtextunreadnotreconstructed;reportedTable1valuesnotfinalfabricmassfractions. ElevenSItrialLOIfactsandSIcontrolwithoutownTGandfourwashedconefactsheld. Noimagesread/curvesestimated.",polyamide,"Own 100% PA66 woven fabric, 100 g/m2, Jiaxing Weaving Industry China; commercial detergent prewash and RT air dry; weave unspecified","Own 100% PA66 woven fabric, 100 g/m2, Jiaxing Weaving Industry China; commercial detergent prewash and RT air dry; weave unspecified","Own 100% PA66 woven fabric, 100 g/m2, Jiaxing Weaving Industry China; commercial detergent prewash and RT air dry; weave unspecified",tabulated,OwnprimaryTable1fiveinitialwoven100gsmPA66groupsN/A/B/C/DsameprimaryTGTable3andLOITable4. ExactT10/chronologicalDTGmaxima/R700N2/AIR20Cmin;LOInativeprimarymean/undefinedplusminusretained. OfficialSIcontrol/addonconflictsnotrepairedoraveraged;SIotherrecipes/timesnotassignedprimaryTG;washedconenotTG. All37primaryTEXTpages/allavailableSIbodytext/TableS1reviewed;oneSIimageunused.,verified_exact,journal_article,OwncoverDOI/title/authors/publisherjournal;fullnativeprimaryTEXTreview;preproofversionexplicit,4.1,700,source_review_approved,5430b7274d65452dd2708f5942b78dc1845257d4a986dbece754b5a23253b088,PA66-N,,,,,140x50,1,Unreported,,OwnmaincontrolLOI20plusminus1vsSI21;primaryTable4used;mainC/Daddon4.0plusminus.40/6.0plusminus.30vsSI3.6/5.7retained;noadditionalSIinitialstates,,OwnPDFp17-18temperatureat10percentmasslossNOTT5/Tonset,,Unreported;R700NOTinferredprogramend,OwnTable3PDFp19nativeT1maxAIR/N2andT2maxAIR;generic3stepproseNOTthirdnumericpeak,OwnTable1PDFp11dryweightpickup;EqtextPDFp10unreadnotreconstructed;reportedquantityNOTfinalfabricmassfraction,,,,,,,Own publisher Journal Pre-proof accepted2020-04-10;finalpublicationyearunknown,,OwnmaterialsPDFp7;preparationp10;recipeTable1p11;methodsPDFp12-13;TGTable3p19;LOITable4p21;officialSItext/TableS1,,,,0.3,GOmodifiedHummers;GO-L5mgmLGOplus3gligninfinal100mL150C18husedasobtained;GO-PA5mL70wtpercentPAand.5mgmLGOin100mLwater1hRTsonication150C18h;3water/EtOHwashesfreeze24h;stockpreparationsNOTTable1fabricbathrecipes,Graphene oxide functionalized biomolecules for improved flame retardancy of Polyamide 66 fabrics with intact physical properties,Nativeplusminus;SD/SE/range/repeatsunreported;notassigned,https://doi.org/10.1016/j.ijbiomac.2020.04.075,OfficialownPIIS0141813020329299mmc1docxretrieved;exacttitle/all5authorsmatched;allnativeXMLbodytext/TableS1read;1embeddedcolorimageunviewedunused;noextraownTG,OwncommercialdetergentprewashedRTairdry,Owninitialnamedgroupbefore5nativewashingcycles,Owninitial0durabilitycycles;commercialdetergentprewash,
10.1016/j.ijbiomac.2020.04.075,"JF-3,JiangningAnalyticalInstrumentFactoryNanjing",OwnTable4PDFp21;methodPDFp12,20,ASTMD2863;versionunreported,4.4,,403,,"Q5000IR,TAInstruments",OwnTable3PDFp19;methodPDFp12,432,,N2,4.4,700,Own100percentPA66control,TG+LOI,2026-10-03,Codex complete primary text and exact table review;one primary reviewer,20,International Journal of Biological Macromolecules,"OwnJournalPreproofaccepted2020-04-10notfinalVOR;all37TEXTpages. OfficialSIallbodytext/TableS1read,onecolorimageunviewedunused. OwnprimaryLOITable4control20plusminus1vsSIcontrol21;primarymean20usedwithundefineduncertaintytype,notaveraged/replaced. SIinitialC/Daddon3.6/5.7versusprimary4.0plusminus.40/6.0plusminus.30retained;SIinitialA/B/C/Dnotextrasamples. MainTGmass/pan/flow/start/endunreported. NativeT10notT5/onset;AIRtwoannotatedpeaks/N2one;genericthree-stepproseNOTthirdnumericpeak. R700exact. LOI/residue/addonplusminusdefinitionandreplicatesunreportednotSD/SEassumed. NativeaddonEqtextunreadnotreconstructed;reportedTable1valuesnotfinalfabricmassfractions. ElevenSItrialLOIfactsandSIcontrolwithoutownTGandfourwashedconefactsheld. Noimagesread/curvesestimated.",polyamide,"Own 100% PA66 woven fabric, 100 g/m2, Jiaxing Weaving Industry China; commercial detergent prewash and RT air dry; weave unspecified","Own 100% PA66 woven fabric, 100 g/m2, Jiaxing Weaving Industry China; commercial detergent prewash and RT air dry; weave unspecified","Own 100% PA66 woven fabric, 100 g/m2, Jiaxing Weaving Industry China; commercial detergent prewash and RT air dry; weave unspecified",tabulated,OwnprimaryTable1fiveinitialwoven100gsmPA66groupsN/A/B/C/DsameprimaryTGTable3andLOITable4. ExactT10/chronologicalDTGmaxima/R700N2/AIR20Cmin;LOInativeprimarymean/undefinedplusminusretained. OfficialSIcontrol/addonconflictsnotrepairedoraveraged;SIotherrecipes/timesnotassignedprimaryTG;washedconenotTG. All37primaryTEXTpages/allavailableSIbodytext/TableS1reviewed;oneSIimageunused.,verified_exact,journal_article,OwncoverDOI/title/authors/publisherjournal;fullnativeprimaryTEXTreview;preproofversionexplicit,4.4,700,source_review_approved,3b308e894cac81650a33581a1902caf97fa07548e990275459134c9f5c9387bc,PA66-N,,,,,140x50,1,Unreported,,OwnmaincontrolLOI20plusminus1vsSI21;primaryTable4used;mainC/Daddon4.0plusminus.40/6.0plusminus.30vsSI3.6/5.7retained;noadditionalSIinitialstates,,OwnPDFp17-18temperatureat10percentmasslossNOTT5/Tonset,,Unreported;R700NOTinferredprogramend,OwnTable3PDFp19nativeT1maxAIR/N2andT2maxAIR;generic3stepproseNOTthirdnumericpeak,OwnTable1PDFp11dryweightpickup;EqtextPDFp10unreadnotreconstructed;reportedquantityNOTfinalfabricmassfraction,,,,,,,Own publisher Journal Pre-proof accepted2020-04-10;finalpublicationyearunknown,,OwnmaterialsPDFp7;preparationp10;recipeTable1p11;methodsPDFp12-13;TGTable3p19;LOITable4p21;officialSItext/TableS1,,,,0.2,GOmodifiedHummers;GO-L5mgmLGOplus3gligninfinal100mL150C18husedasobtained;GO-PA5mL70wtpercentPAand.5mgmLGOin100mLwater1hRTsonication150C18h;3water/EtOHwashesfreeze24h;stockpreparationsNOTTable1fabricbathrecipes,Graphene oxide functionalized biomolecules for improved flame retardancy of Polyamide 66 fabrics with intact physical properties,Nativeplusminus;SD/SE/range/repeatsunreported;notassigned,https://doi.org/10.1016/j.ijbiomac.2020.04.075,OfficialownPIIS0141813020329299mmc1docxretrieved;exacttitle/all5authorsmatched;allnativeXMLbodytext/TableS1read;1embeddedcolorimageunviewedunused;noextraownTG,OwncommercialdetergentprewashedRTairdry,Owninitialnamedgroupbefore5nativewashingcycles,Owninitial0durabilitycycles;commercialdetergentprewash,
10.1016/j.ijbiomac.2020.04.075,"JF-3,JiangningAnalyticalInstrumentFactoryNanjing",OwnTable4PDFp21;methodPDFp12,27,ASTMD2863;versionunreported,2.4,,394,,"Q5000IR,TAInstruments",OwnTable3PDFp19;methodPDFp12,463,575,air,2.4,700,OwnPA66/PA66-A;Table1GO-L/GO-PA/purePA/CS/CAgLbathNOTfinalfabricmassfractions,TG+LOI,2026-10-03,Codex complete primary text and exact table review;one primary reviewer,20,International Journal of Biological Macromolecules,"OwnJournalPreproofaccepted2020-04-10notfinalVOR;all37TEXTpages. OfficialSIallbodytext/TableS1read,onecolorimageunviewedunused. OwnprimaryLOITable4control20plusminus1vsSIcontrol21;primarymean20usedwithundefineduncertaintytype,notaveraged/replaced. SIinitialC/Daddon3.6/5.7versusprimary4.0plusminus.40/6.0plusminus.30retained;SIinitialA/B/C/Dnotextrasamples. MainTGmass/pan/flow/start/endunreported. NativeT10notT5/onset;AIRtwoannotatedpeaks/N2one;genericthree-stepproseNOTthirdnumericpeak. R700exact. LOI/residue/addonplusminusdefinitionandreplicatesunreportednotSD/SEassumed. NativeaddonEqtextunreadnotreconstructed;reportedTable1valuesnotfinalfabricmassfractions. ElevenSItrialLOIfactsandSIcontrolwithoutownTGandfourwashedconefactsheld. Noimagesread/curvesestimated.",polyamide,"Own 100% PA66 woven fabric, 100 g/m2, Jiaxing Weaving Industry China; commercial detergent prewash and RT air dry; weave unspecified","Own 100% PA66 woven fabric, 100 g/m2, Jiaxing Weaving Industry China; commercial detergent prewash and RT air dry; weave unspecified","Own 100% PA66 woven fabric, 100 g/m2, Jiaxing Weaving Industry China; commercial detergent prewash and RT air dry; weave unspecified",tabulated,OwnprimaryTable1fiveinitialwoven100gsmPA66groupsN/A/B/C/DsameprimaryTGTable3andLOITable4. ExactT10/chronologicalDTGmaxima/R700N2/AIR20Cmin;LOInativeprimarymean/undefinedplusminusretained. OfficialSIcontrol/addonconflictsnotrepairedoraveraged;SIotherrecipes/timesnotassignedprimaryTG;washedconenotTG. All37primaryTEXTpages/allavailableSIbodytext/TableS1reviewed;oneSIimageunused.,verified_exact,journal_article,OwncoverDOI/title/authors/publisherjournal;fullnativeprimaryTEXTreview;preproofversionexplicit,2.4,700,source_review_approved,4bb5e62f1c9a382011b8c81057a280a5c26c42b73d792fc47a75e86c6769797a,PA66-A,10,,0.5,0.5,140x50,0.5,Unreported,,OwnmaincontrolLOI20plusminus1vsSI21;primaryTable4used;mainC/Daddon4.0plusminus.40/6.0plusminus.30vsSI3.6/5.7retained;noadditionalSIinitialstates,2.3,OwnPDFp17-18temperatureat10percentmasslossNOTT5/Tonset,,Unreported;R700NOTinferredprogramend,OwnTable3PDFp19nativeT1maxAIR/N2andT2maxAIR;generic3stepproseNOTthirdnumericpeak,OwnTable1PDFp11dryweightpickup;EqtextPDFp10unreadnotreconstructed;reportedquantityNOTfinalfabricmassfraction,,0.47,,,,,Own publisher Journal Pre-proof accepted2020-04-10;finalpublicationyearunknown,,OwnmaterialsPDFp7;preparationp10;recipeTable1p11;methodsPDFp12-13;TGTable3p19;LOITable4p21;officialSItext/TableS1,,,2.3,0.1,GOmodifiedHummers;GO-L5mgmLGOplus3gligninfinal100mL150C18husedasobtained;GO-PA5mL70wtpercentPAand.5mgmLGOin100mLwater1hRTsonication150C18h;3water/EtOHwashesfreeze24h;stockpreparationsNOTTable1fabricbathrecipes,Graphene oxide functionalized biomolecules for improved flame retardancy of Polyamide 66 fabrics with intact physical properties,Nativeplusminus;SD/SE/range/repeatsunreported;notassigned,https://doi.org/10.1016/j.ijbiomac.2020.04.075,OfficialownPIIS0141813020329299mmc1docxretrieved;exacttitle/all5authorsmatched;allnativeXMLbodytext/TableS1read;1embeddedcolorimageunviewedunused;noextraownTG,OwnTable1onepotpH4;CSinCAaqueous24hRTbeforeothercompoundsifpresent;30minfabricimpregnationabout100percentwetpickup80C30mindry130C5mincure;DIrinsehot/coldwaterwashovendry;initialprocessrinsesnotdurability,Owninitialnamedgroupbefore5nativewashingcycles,Owninitial0durabilitycycles;commercialdetergentprewash;DI/hotcoldwaterinitialpreparationrinses,
10.1016/j.ijbiomac.2020.04.075,"JF-3,JiangningAnalyticalInstrumentFactoryNanjing",OwnTable4PDFp21;methodPDFp12,27,ASTMD2863;versionunreported,4.3,,414,,"Q5000IR,TAInstruments",OwnTable3PDFp19;methodPDFp12,450,,N2,4.3,700,OwnPA66/PA66-A;Table1GO-L/GO-PA/purePA/CS/CAgLbathNOTfinalfabricmassfractions,TG+LOI,2026-10-03,Codex complete primary text and exact table review;one primary reviewer,20,International Journal of Biological Macromolecules,"OwnJournalPreproofaccepted2020-04-10notfinalVOR;all37TEXTpages. OfficialSIallbodytext/TableS1read,onecolorimageunviewedunused. OwnprimaryLOITable4control20plusminus1vsSIcontrol21;primarymean20usedwithundefineduncertaintytype,notaveraged/replaced. SIinitialC/Daddon3.6/5.7versusprimary4.0plusminus.40/6.0plusminus.30retained;SIinitialA/B/C/Dnotextrasamples. MainTGmass/pan/flow/start/endunreported. NativeT10notT5/onset;AIRtwoannotatedpeaks/N2one;genericthree-stepproseNOTthirdnumericpeak. R700exact. LOI/residue/addonplusminusdefinitionandreplicatesunreportednotSD/SEassumed. NativeaddonEqtextunreadnotreconstructed;reportedTable1valuesnotfinalfabricmassfractions. ElevenSItrialLOIfactsandSIcontrolwithoutownTGandfourwashedconefactsheld. Noimagesread/curvesestimated.",polyamide,"Own 100% PA66 woven fabric, 100 g/m2, Jiaxing Weaving Industry China; commercial detergent prewash and RT air dry; weave unspecified","Own 100% PA66 woven fabric, 100 g/m2, Jiaxing Weaving Industry China; commercial detergent prewash and RT air dry; weave unspecified","Own 100% PA66 woven fabric, 100 g/m2, Jiaxing Weaving Industry China; commercial detergent prewash and RT air dry; weave unspecified",tabulated,OwnprimaryTable1fiveinitialwoven100gsmPA66groupsN/A/B/C/DsameprimaryTGTable3andLOITable4. ExactT10/chronologicalDTGmaxima/R700N2/AIR20Cmin;LOInativeprimarymean/undefinedplusminusretained. OfficialSIcontrol/addonconflictsnotrepairedoraveraged;SIotherrecipes/timesnotassignedprimaryTG;washedconenotTG. All37primaryTEXTpages/allavailableSIbodytext/TableS1reviewed;oneSIimageunused.,verified_exact,journal_article,OwncoverDOI/title/authors/publisherjournal;fullnativeprimaryTEXTreview;preproofversionexplicit,4.3,700,source_review_approved,8862815e52deed1df11095b5ac965109c61b6901aec2a770d5eab4240292133e,PA66-A,10,,0.5,0.5,140x50,0.5,Unreported,,OwnmaincontrolLOI20plusminus1vsSI21;primaryTable4used;mainC/Daddon4.0plusminus.40/6.0plusminus.30vsSI3.6/5.7retained;noadditionalSIinitialstates,2.3,OwnPDFp17-18temperatureat10percentmasslossNOTT5/Tonset,,Unreported;R700NOTinferredprogramend,OwnTable3PDFp19nativeT1maxAIR/N2andT2maxAIR;generic3stepproseNOTthirdnumericpeak,OwnTable1PDFp11dryweightpickup;EqtextPDFp10unreadnotreconstructed;reportedquantityNOTfinalfabricmassfraction,,0.47,,,,,Own publisher Journal Pre-proof accepted2020-04-10;finalpublicationyearunknown,,OwnmaterialsPDFp7;preparationp10;recipeTable1p11;methodsPDFp12-13;TGTable3p19;LOITable4p21;officialSItext/TableS1,,,2.3,0.3,GOmodifiedHummers;GO-L5mgmLGOplus3gligninfinal100mL150C18husedasobtained;GO-PA5mL70wtpercentPAand.5mgmLGOin100mLwater1hRTsonication150C18h;3water/EtOHwashesfreeze24h;stockpreparationsNOTTable1fabricbathrecipes,Graphene oxide functionalized biomolecules for improved flame retardancy of Polyamide 66 fabrics with intact physical properties,Nativeplusminus;SD/SE/range/repeatsunreported;notassigned,https://doi.org/10.1016/j.ijbiomac.2020.04.075,OfficialownPIIS0141813020329299mmc1docxretrieved;exacttitle/all5authorsmatched;allnativeXMLbodytext/TableS1read;1embeddedcolorimageunviewedunused;noextraownTG,OwnTable1onepotpH4;CSinCAaqueous24hRTbeforeothercompoundsifpresent;30minfabricimpregnationabout100percentwetpickup80C30mindry130C5mincure;DIrinsehot/coldwaterwashovendry;initialprocessrinsesnotdurability,Owninitialnamedgroupbefore5nativewashingcycles,Owninitial0durabilitycycles;commercialdetergentprewash;DI/hotcoldwaterinitialpreparationrinses,
10.1016/j.ijbiomac.2020.04.075,"JF-3,JiangningAnalyticalInstrumentFactoryNanjing",OwnTable4PDFp21;methodPDFp12,24.5,ASTMD2863;versionunreported,3.1,,399,,"Q5000IR,TAInstruments",OwnTable3PDFp19;methodPDFp12,463,583,air,3.1,700,OwnPA66/PA66-B;Table1GO-L/GO-PA/purePA/CS/CAgLbathNOTfinalfabricmassfractions,TG+LOI,2026-10-03,Codex complete primary text and exact table review;one primary reviewer,20,International Journal of Biological Macromolecules,"OwnJournalPreproofaccepted2020-04-10notfinalVOR;all37TEXTpages. OfficialSIallbodytext/TableS1read,onecolorimageunviewedunused. OwnprimaryLOITable4control20plusminus1vsSIcontrol21;primarymean20usedwithundefineduncertaintytype,notaveraged/replaced. SIinitialC/Daddon3.6/5.7versusprimary4.0plusminus.40/6.0plusminus.30retained;SIinitialA/B/C/Dnotextrasamples. MainTGmass/pan/flow/start/endunreported. NativeT10notT5/onset;AIRtwoannotatedpeaks/N2one;genericthree-stepproseNOTthirdnumericpeak. R700exact. LOI/residue/addonplusminusdefinitionandreplicatesunreportednotSD/SEassumed. NativeaddonEqtextunreadnotreconstructed;reportedTable1valuesnotfinalfabricmassfractions. ElevenSItrialLOIfactsandSIcontrolwithoutownTGandfourwashedconefactsheld. Noimagesread/curvesestimated.",polyamide,"Own 100% PA66 woven fabric, 100 g/m2, Jiaxing Weaving Industry China; commercial detergent prewash and RT air dry; weave unspecified","Own 100% PA66 woven fabric, 100 g/m2, Jiaxing Weaving Industry China; commercial detergent prewash and RT air dry; weave unspecified","Own 100% PA66 woven fabric, 100 g/m2, Jiaxing Weaving Industry China; commercial detergent prewash and RT air dry; weave unspecified",tabulated,OwnprimaryTable1fiveinitialwoven100gsmPA66groupsN/A/B/C/DsameprimaryTGTable3andLOITable4. ExactT10/chronologicalDTGmaxima/R700N2/AIR20Cmin;LOInativeprimarymean/undefinedplusminusretained. OfficialSIcontrol/addonconflictsnotrepairedoraveraged;SIotherrecipes/timesnotassignedprimaryTG;washedconenotTG. All37primaryTEXTpages/allavailableSIbodytext/TableS1reviewed;oneSIimageunused.,verified_exact,journal_article,OwncoverDOI/title/authors/publisherjournal;fullnativeprimaryTEXTreview;preproofversionexplicit,3.1,700,source_review_approved,af55c43e6396787b0e2048967b1225a467003d16469867497bca48e6465cfde3,PA66-B,10,,0.5,,140x50,0.5,Unreported,15,OwnmaincontrolLOI20plusminus1vsSI21;primaryTable4used;mainC/Daddon4.0plusminus.40/6.0plusminus.30vsSI3.6/5.7retained;noadditionalSIinitialstates,4.1,OwnPDFp17-18temperatureat10percentmasslossNOTT5/Tonset,,Unreported;R700NOTinferredprogramend,OwnTable3PDFp19nativeT1maxAIR/N2andT2maxAIR;generic3stepproseNOTthirdnumericpeak,OwnTable1PDFp11dryweightpickup;EqtextPDFp10unreadnotreconstructed;reportedquantityNOTfinalfabricmassfraction,,0.36,,,,,Own publisher Journal Pre-proof accepted2020-04-10;finalpublicationyearunknown,,OwnmaterialsPDFp7;preparationp10;recipeTable1p11;methodsPDFp12-13;TGTable3p19;LOITable4p21;officialSItext/TableS1,,,4.1,0.3,GOmodifiedHummers;GO-L5mgmLGOplus3gligninfinal100mL150C18husedasobtained;GO-PA5mL70wtpercentPAand.5mgmLGOin100mLwater1hRTsonication150C18h;3water/EtOHwashesfreeze24h;stockpreparationsNOTTable1fabricbathrecipes,Graphene oxide functionalized biomolecules for improved flame retardancy of Polyamide 66 fabrics with intact physical properties,Nativeplusminus;SD/SE/range/repeatsunreported;notassigned,https://doi.org/10.1016/j.ijbiomac.2020.04.075,OfficialownPIIS0141813020329299mmc1docxretrieved;exacttitle/all5authorsmatched;allnativeXMLbodytext/TableS1read;1embeddedcolorimageunviewedunused;noextraownTG,OwnTable1onepotpH4;CSinCAaqueous24hRTbeforeothercompoundsifpresent;30minfabricimpregnationabout100percentwetpickup80C30mindry130C5mincure;DIrinsehot/coldwaterwashovendry;initialprocessrinsesnotdurability,Owninitialnamedgroupbefore5nativewashingcycles,Owninitial0durabilitycycles;commercialdetergentprewash;DI/hotcoldwaterinitialpreparationrinses,
10.1016/j.ijbiomac.2020.04.075,"JF-3,JiangningAnalyticalInstrumentFactoryNanjing",OwnTable4PDFp21;methodPDFp12,24.5,ASTMD2863;versionunreported,4.0,,415,,"Q5000IR,TAInstruments",OwnTable3PDFp19;methodPDFp12,458,,N2,4.0,700,OwnPA66/PA66-B;Table1GO-L/GO-PA/purePA/CS/CAgLbathNOTfinalfabricmassfractions,TG+LOI,2026-10-03,Codex complete primary text and exact table review;one primary reviewer,20,International Journal of Biological Macromolecules,"OwnJournalPreproofaccepted2020-04-10notfinalVOR;all37TEXTpages. OfficialSIallbodytext/TableS1read,onecolorimageunviewedunused. OwnprimaryLOITable4control20plusminus1vsSIcontrol21;primarymean20usedwithundefineduncertaintytype,notaveraged/replaced. SIinitialC/Daddon3.6/5.7versusprimary4.0plusminus.40/6.0plusminus.30retained;SIinitialA/B/C/Dnotextrasamples. MainTGmass/pan/flow/start/endunreported. NativeT10notT5/onset;AIRtwoannotatedpeaks/N2one;genericthree-stepproseNOTthirdnumericpeak. R700exact. LOI/residue/addonplusminusdefinitionandreplicatesunreportednotSD/SEassumed. NativeaddonEqtextunreadnotreconstructed;reportedTable1valuesnotfinalfabricmassfractions. ElevenSItrialLOIfactsandSIcontrolwithoutownTGandfourwashedconefactsheld. Noimagesread/curvesestimated.",polyamide,"Own 100% PA66 woven fabric, 100 g/m2, Jiaxing Weaving Industry China; commercial detergent prewash and RT air dry; weave unspecified","Own 100% PA66 woven fabric, 100 g/m2, Jiaxing Weaving Industry China; commercial detergent prewash and RT air dry; weave unspecified","Own 100% PA66 woven fabric, 100 g/m2, Jiaxing Weaving Industry China; commercial detergent prewash and RT air dry; weave unspecified",tabulated,OwnprimaryTable1fiveinitialwoven100gsmPA66groupsN/A/B/C/DsameprimaryTGTable3andLOITable4. ExactT10/chronologicalDTGmaxima/R700N2/AIR20Cmin;LOInativeprimarymean/undefinedplusminusretained. OfficialSIcontrol/addonconflictsnotrepairedoraveraged;SIotherrecipes/timesnotassignedprimaryTG;washedconenotTG. All37primaryTEXTpages/allavailableSIbodytext/TableS1reviewed;oneSIimageunused.,verified_exact,journal_article,OwncoverDOI/title/authors/publisherjournal;fullnativeprimaryTEXTreview;preproofversionexplicit,4.0,700,source_review_approved,386dc3c16e07e7222e936dcc149f76492d2ad70a684272c1ab5735d84f758015,PA66-B,10,,0.5,,140x50,0.5,Unreported,15,OwnmaincontrolLOI20plusminus1vsSI21;primaryTable4used;mainC/Daddon4.0plusminus.40/6.0plusminus.30vsSI3.6/5.7retained;noadditionalSIinitialstates,4.1,OwnPDFp17-18temperatureat10percentmasslossNOTT5/Tonset,,Unreported;R700NOTinferredprogramend,OwnTable3PDFp19nativeT1maxAIR/N2andT2maxAIR;generic3stepproseNOTthirdnumericpeak,OwnTable1PDFp11dryweightpickup;EqtextPDFp10unreadnotreconstructed;reportedquantityNOTfinalfabricmassfraction,,0.36,,,,,Own publisher Journal Pre-proof accepted2020-04-10;finalpublicationyearunknown,,OwnmaterialsPDFp7;preparationp10;recipeTable1p11;methodsPDFp12-13;TGTable3p19;LOITable4p21;officialSItext/TableS1,,,4.1,0.2,GOmodifiedHummers;GO-L5mgmLGOplus3gligninfinal100mL150C18husedasobtained;GO-PA5mL70wtpercentPAand.5mgmLGOin100mLwater1hRTsonication150C18h;3water/EtOHwashesfreeze24h;stockpreparationsNOTTable1fabricbathrecipes,Graphene oxide functionalized biomolecules for improved flame retardancy of Polyamide 66 fabrics with intact physical properties,Nativeplusminus;SD/SE/range/repeatsunreported;notassigned,https://doi.org/10.1016/j.ijbiomac.2020.04.075,OfficialownPIIS0141813020329299mmc1docxretrieved;exacttitle/all5authorsmatched;allnativeXMLbodytext/TableS1read;1embeddedcolorimageunviewedunused;noextraownTG,OwnTable1onepotpH4;CSinCAaqueous24hRTbeforeothercompoundsifpresent;30minfabricimpregnationabout100percentwetpickup80C30mindry130C5mincure;DIrinsehot/coldwaterwashovendry;initialprocessrinsesnotdurability,Owninitialnamedgroupbefore5nativewashingcycles,Owninitial0durabilitycycles;commercialdetergentprewash;DI/hotcoldwaterinitialpreparationrinses,
10.1016/j.ijbiomac.2020.04.075,"JF-3,JiangningAnalyticalInstrumentFactoryNanjing",OwnTable4PDFp21;methodPDFp12,26.5,ASTMD2863;versionunreported,3.0,,389,,"Q5000IR,TAInstruments",OwnTable3PDFp19;methodPDFp12,465,574,air,3.0,700,OwnPA66/PA66-C;Table1GO-L/GO-PA/purePA/CS/CAgLbathNOTfinalfabricmassfractions,TG+LOI,2026-10-03,Codex complete primary text and exact table review;one primary reviewer,20,International Journal of Biological Macromolecules,"OwnJournalPreproofaccepted2020-04-10notfinalVOR;all37TEXTpages. OfficialSIallbodytext/TableS1read,onecolorimageunviewedunused. OwnprimaryLOITable4control20plusminus1vsSIcontrol21;primarymean20usedwithundefineduncertaintytype,notaveraged/replaced. SIinitialC/Daddon3.6/5.7versusprimary4.0plusminus.40/6.0plusminus.30retained;SIinitialA/B/C/Dnotextrasamples. MainTGmass/pan/flow/start/endunreported. NativeT10notT5/onset;AIRtwoannotatedpeaks/N2one;genericthree-stepproseNOTthirdnumericpeak. R700exact. LOI/residue/addonplusminusdefinitionandreplicatesunreportednotSD/SEassumed. NativeaddonEqtextunreadnotreconstructed;reportedTable1valuesnotfinalfabricmassfractions. ElevenSItrialLOIfactsandSIcontrolwithoutownTGandfourwashedconefactsheld. Noimagesread/curvesestimated.",polyamide,"Own 100% PA66 woven fabric, 100 g/m2, Jiaxing Weaving Industry China; commercial detergent prewash and RT air dry; weave unspecified","Own 100% PA66 woven fabric, 100 g/m2, Jiaxing Weaving Industry China; commercial detergent prewash and RT air dry; weave unspecified","Own 100% PA66 woven fabric, 100 g/m2, Jiaxing Weaving Industry China; commercial detergent prewash and RT air dry; weave unspecified",tabulated,OwnprimaryTable1fiveinitialwoven100gsmPA66groupsN/A/B/C/DsameprimaryTGTable3andLOITable4. ExactT10/chronologicalDTGmaxima/R700N2/AIR20Cmin;LOInativeprimarymean/undefinedplusminusretained. OfficialSIcontrol/addonconflictsnotrepairedoraveraged;SIotherrecipes/timesnotassignedprimaryTG;washedconenotTG. All37primaryTEXTpages/allavailableSIbodytext/TableS1reviewed;oneSIimageunused.,verified_exact,journal_article,OwncoverDOI/title/authors/publisherjournal;fullnativeprimaryTEXTreview;preproofversionexplicit,3.0,700,source_review_approved,d78a8f13a62888d4fb81ef320d580f09ab91a39f47e58ef35f27d090ed5ac116,PA66-C,50,2.5,0.5,0.5,140x50,1,Unreported,,OwnmaincontrolLOI20plusminus1vsSI21;primaryTable4used;mainC/Daddon4.0plusminus.40/6.0plusminus.30vsSI3.6/5.7retained;noadditionalSIinitialstates,3.6,OwnPDFp17-18temperatureat10percentmasslossNOTT5/Tonset,,Unreported;R700NOTinferredprogramend,OwnTable3PDFp19nativeT1maxAIR/N2andT2maxAIR;generic3stepproseNOTthirdnumericpeak,OwnTable1PDFp11dryweightpickup;EqtextPDFp10unreadnotreconstructed;reportedquantityNOTfinalfabricmassfraction,,0.4,,,,,Own publisher Journal Pre-proof accepted2020-04-10;finalpublicationyearunknown,,OwnmaterialsPDFp7;preparationp10;recipeTable1p11;methodsPDFp12-13;TGTable3p19;LOITable4p21;officialSItext/TableS1,,,4.0,0.3,GOmodifiedHummers;GO-L5mgmLGOplus3gligninfinal100mL150C18husedasobtained;GO-PA5mL70wtpercentPAand.5mgmLGOin100mLwater1hRTsonication150C18h;3water/EtOHwashesfreeze24h;stockpreparationsNOTTable1fabricbathrecipes,Graphene oxide functionalized biomolecules for improved flame retardancy of Polyamide 66 fabrics with intact physical properties,Nativeplusminus;SD/SE/range/repeatsunreported;notassigned,https://doi.org/10.1016/j.ijbiomac.2020.04.075,OfficialownPIIS0141813020329299mmc1docxretrieved;exacttitle/all5authorsmatched;allnativeXMLbodytext/TableS1read;1embeddedcolorimageunviewedunused;noextraownTG,OwnTable1onepotpH4;CSinCAaqueous24hRTbeforeothercompoundsifpresent;30minfabricimpregnationabout100percentwetpickup80C30mindry130C5mincure;DIrinsehot/coldwaterwashovendry;initialprocessrinsesnotdurability,Owninitialnamedgroupbefore5nativewashingcycles,Owninitial0durabilitycycles;commercialdetergentprewash;DI/hotcoldwaterinitialpreparationrinses,
10.1016/j.ijbiomac.2020.04.075,"JF-3,JiangningAnalyticalInstrumentFactoryNanjing",OwnTable4PDFp21;methodPDFp12,26.5,ASTMD2863;versionunreported,3.2,,409,,"Q5000IR,TAInstruments",OwnTable3PDFp19;methodPDFp12,444,,N2,3.2,700,OwnPA66/PA66-C;Table1GO-L/GO-PA/purePA/CS/CAgLbathNOTfinalfabricmassfractions,TG+LOI,2026-10-03,Codex complete primary text and exact table review;one primary reviewer,20,International Journal of Biological Macromolecules,"OwnJournalPreproofaccepted2020-04-10notfinalVOR;all37TEXTpages. OfficialSIallbodytext/TableS1read,onecolorimageunviewedunused. OwnprimaryLOITable4control20plusminus1vsSIcontrol21;primarymean20usedwithundefineduncertaintytype,notaveraged/replaced. SIinitialC/Daddon3.6/5.7versusprimary4.0plusminus.40/6.0plusminus.30retained;SIinitialA/B/C/Dnotextrasamples. MainTGmass/pan/flow/start/endunreported. NativeT10notT5/onset;AIRtwoannotatedpeaks/N2one;genericthree-stepproseNOTthirdnumericpeak. R700exact. LOI/residue/addonplusminusdefinitionandreplicatesunreportednotSD/SEassumed. NativeaddonEqtextunreadnotreconstructed;reportedTable1valuesnotfinalfabricmassfractions. ElevenSItrialLOIfactsandSIcontrolwithoutownTGandfourwashedconefactsheld. Noimagesread/curvesestimated.",polyamide,"Own 100% PA66 woven fabric, 100 g/m2, Jiaxing Weaving Industry China; commercial detergent prewash and RT air dry; weave unspecified","Own 100% PA66 woven fabric, 100 g/m2, Jiaxing Weaving Industry China; commercial detergent prewash and RT air dry; weave unspecified","Own 100% PA66 woven fabric, 100 g/m2, Jiaxing Weaving Industry China; commercial detergent prewash and RT air dry; weave unspecified",tabulated,OwnprimaryTable1fiveinitialwoven100gsmPA66groupsN/A/B/C/DsameprimaryTGTable3andLOITable4. ExactT10/chronologicalDTGmaxima/R700N2/AIR20Cmin;LOInativeprimarymean/undefinedplusminusretained. OfficialSIcontrol/addonconflictsnotrepairedoraveraged;SIotherrecipes/timesnotassignedprimaryTG;washedconenotTG. All37primaryTEXTpages/allavailableSIbodytext/TableS1reviewed;oneSIimageunused.,verified_exact,journal_article,OwncoverDOI/title/authors/publisherjournal;fullnativeprimaryTEXTreview;preproofversionexplicit,3.2,700,source_review_approved,c86d2359bd988b6aee676bc38b635529c38bcb59e32b3303ddaafc609ff434c9,PA66-C,50,2.5,0.5,0.5,140x50,1,Unreported,,OwnmaincontrolLOI20plusminus1vsSI21;primaryTable4used;mainC/Daddon4.0plusminus.40/6.0plusminus.30vsSI3.6/5.7retained;noadditionalSIinitialstates,3.6,OwnPDFp17-18temperatureat10percentmasslossNOTT5/Tonset,,Unreported;R700NOTinferredprogramend,OwnTable3PDFp19nativeT1maxAIR/N2andT2maxAIR;generic3stepproseNOTthirdnumericpeak,OwnTable1PDFp11dryweightpickup;EqtextPDFp10unreadnotreconstructed;reportedquantityNOTfinalfabricmassfraction,,0.4,,,,,Own publisher Journal Pre-proof accepted2020-04-10;finalpublicationyearunknown,,OwnmaterialsPDFp7;preparationp10;recipeTable1p11;methodsPDFp12-13;TGTable3p19;LOITable4p21;officialSItext/TableS1,,,4.0,0.2,GOmodifiedHummers;GO-L5mgmLGOplus3gligninfinal100mL150C18husedasobtained;GO-PA5mL70wtpercentPAand.5mgmLGOin100mLwater1hRTsonication150C18h;3water/EtOHwashesfreeze24h;stockpreparationsNOTTable1fabricbathrecipes,Graphene oxide functionalized biomolecules for improved flame retardancy of Polyamide 66 fabrics with intact physical properties,Nativeplusminus;SD/SE/range/repeatsunreported;notassigned,https://doi.org/10.1016/j.ijbiomac.2020.04.075,OfficialownPIIS0141813020329299mmc1docxretrieved;exacttitle/all5authorsmatched;allnativeXMLbodytext/TableS1read;1embeddedcolorimageunviewedunused;noextraownTG,OwnTable1onepotpH4;CSinCAaqueous24hRTbeforeothercompoundsifpresent;30minfabricimpregnationabout100percentwetpickup80C30mindry130C5mincure;DIrinsehot/coldwaterwashovendry;initialprocessrinsesnotdurability,Owninitialnamedgroupbefore5nativewashingcycles,Owninitial0durabilitycycles;commercialdetergentprewash;DI/hotcoldwaterinitialpreparationrinses,
10.1016/j.ijbiomac.2020.04.075,"JF-3,JiangningAnalyticalInstrumentFactoryNanjing",OwnTable4PDFp21;methodPDFp12,25.5,ASTMD2863;versionunreported,4.0,,388,,"Q5000IR,TAInstruments",OwnTable3PDFp19;methodPDFp12,462,595,air,4.0,700,OwnPA66/PA66-D;Table1GO-L/GO-PA/purePA/CS/CAgLbathNOTfinalfabricmassfractions,TG+LOI,2026-10-03,Codex complete primary text and exact table review;one primary reviewer,20,International Journal of Biological Macromolecules,"OwnJournalPreproofaccepted2020-04-10notfinalVOR;all37TEXTpages. OfficialSIallbodytext/TableS1read,onecolorimageunviewedunused. OwnprimaryLOITable4control20plusminus1vsSIcontrol21;primarymean20usedwithundefineduncertaintytype,notaveraged/replaced. SIinitialC/Daddon3.6/5.7versusprimary4.0plusminus.40/6.0plusminus.30retained;SIinitialA/B/C/Dnotextrasamples. MainTGmass/pan/flow/start/endunreported. NativeT10notT5/onset;AIRtwoannotatedpeaks/N2one;genericthree-stepproseNOTthirdnumericpeak. R700exact. LOI/residue/addonplusminusdefinitionandreplicatesunreportednotSD/SEassumed. NativeaddonEqtextunreadnotreconstructed;reportedTable1valuesnotfinalfabricmassfractions. ElevenSItrialLOIfactsandSIcontrolwithoutownTGandfourwashedconefactsheld. Noimagesread/curvesestimated.",polyamide,"Own 100% PA66 woven fabric, 100 g/m2, Jiaxing Weaving Industry China; commercial detergent prewash and RT air dry; weave unspecified","Own 100% PA66 woven fabric, 100 g/m2, Jiaxing Weaving Industry China; commercial detergent prewash and RT air dry; weave unspecified","Own 100% PA66 woven fabric, 100 g/m2, Jiaxing Weaving Industry China; commercial detergent prewash and RT air dry; weave unspecified",tabulated,OwnprimaryTable1fiveinitialwoven100gsmPA66groupsN/A/B/C/DsameprimaryTGTable3andLOITable4. ExactT10/chronologicalDTGmaxima/R700N2/AIR20Cmin;LOInativeprimarymean/undefinedplusminusretained. OfficialSIcontrol/addonconflictsnotrepairedoraveraged;SIotherrecipes/timesnotassignedprimaryTG;washedconenotTG. All37primaryTEXTpages/allavailableSIbodytext/TableS1reviewed;oneSIimageunused.,verified_exact,journal_article,OwncoverDOI/title/authors/publisherjournal;fullnativeprimaryTEXTreview;preproofversionexplicit,4.0,700,source_review_approved,d7c551d3893f452aaf1df197f77948fae9442eb93097f03690a4246699f546a4,PA66-D,50,2.5,0.5,,140x50,1,Unreported,15,OwnmaincontrolLOI20plusminus1vsSI21;primaryTable4used;mainC/Daddon4.0plusminus.40/6.0plusminus.30vsSI3.6/5.7retained;noadditionalSIinitialstates,5.7,OwnPDFp17-18temperatureat10percentmasslossNOTT5/Tonset,,Unreported;R700NOTinferredprogramend,OwnTable3PDFp19nativeT1maxAIR/N2andT2maxAIR;generic3stepproseNOTthirdnumericpeak,OwnTable1PDFp11dryweightpickup;EqtextPDFp10unreadnotreconstructed;reportedquantityNOTfinalfabricmassfraction,,0.3,,,,,Own publisher Journal Pre-proof accepted2020-04-10;finalpublicationyearunknown,,OwnmaterialsPDFp7;preparationp10;recipeTable1p11;methodsPDFp12-13;TGTable3p19;LOITable4p21;officialSItext/TableS1,,,6.0,0.1,GOmodifiedHummers;GO-L5mgmLGOplus3gligninfinal100mL150C18husedasobtained;GO-PA5mL70wtpercentPAand.5mgmLGOin100mLwater1hRTsonication150C18h;3water/EtOHwashesfreeze24h;stockpreparationsNOTTable1fabricbathrecipes,Graphene oxide functionalized biomolecules for improved flame retardancy of Polyamide 66 fabrics with intact physical properties,Nativeplusminus;SD/SE/range/repeatsunreported;notassigned,https://doi.org/10.1016/j.ijbiomac.2020.04.075,OfficialownPIIS0141813020329299mmc1docxretrieved;exacttitle/all5authorsmatched;allnativeXMLbodytext/TableS1read;1embeddedcolorimageunviewedunused;noextraownTG,OwnTable1onepotpH4;CSinCAaqueous24hRTbeforeothercompoundsifpresent;30minfabricimpregnationabout100percentwetpickup80C30mindry130C5mincure;DIrinsehot/coldwaterwashovendry;initialprocessrinsesnotdurability,Owninitialnamedgroupbefore5nativewashingcycles,Owninitial0durabilitycycles;commercialdetergentprewash;DI/hotcoldwaterinitialpreparationrinses,
10.1016/j.ijbiomac.2020.04.075,"JF-3,JiangningAnalyticalInstrumentFactoryNanjing",OwnTable4PDFp21;methodPDFp12,25.5,ASTMD2863;versionunreported,7.4,,410,,"Q5000IR,TAInstruments",OwnTable3PDFp19;methodPDFp12,455,,N2,7.4,700,OwnPA66/PA66-D;Table1GO-L/GO-PA/purePA/CS/CAgLbathNOTfinalfabricmassfractions,TG+LOI,2026-10-03,Codex complete primary text and exact table review;one primary reviewer,20,International Journal of Biological Macromolecules,"OwnJournalPreproofaccepted2020-04-10notfinalVOR;all37TEXTpages. OfficialSIallbodytext/TableS1read,onecolorimageunviewedunused. OwnprimaryLOITable4control20plusminus1vsSIcontrol21;primarymean20usedwithundefineduncertaintytype,notaveraged/replaced. SIinitialC/Daddon3.6/5.7versusprimary4.0plusminus.40/6.0plusminus.30retained;SIinitialA/B/C/Dnotextrasamples. MainTGmass/pan/flow/start/endunreported. NativeT10notT5/onset;AIRtwoannotatedpeaks/N2one;genericthree-stepproseNOTthirdnumericpeak. R700exact. LOI/residue/addonplusminusdefinitionandreplicatesunreportednotSD/SEassumed. NativeaddonEqtextunreadnotreconstructed;reportedTable1valuesnotfinalfabricmassfractions. ElevenSItrialLOIfactsandSIcontrolwithoutownTGandfourwashedconefactsheld. Noimagesread/curvesestimated.",polyamide,"Own 100% PA66 woven fabric, 100 g/m2, Jiaxing Weaving Industry China; commercial detergent prewash and RT air dry; weave unspecified","Own 100% PA66 woven fabric, 100 g/m2, Jiaxing Weaving Industry China; commercial detergent prewash and RT air dry; weave unspecified","Own 100% PA66 woven fabric, 100 g/m2, Jiaxing Weaving Industry China; commercial detergent prewash and RT air dry; weave unspecified",tabulated,OwnprimaryTable1fiveinitialwoven100gsmPA66groupsN/A/B/C/DsameprimaryTGTable3andLOITable4. ExactT10/chronologicalDTGmaxima/R700N2/AIR20Cmin;LOInativeprimarymean/undefinedplusminusretained. OfficialSIcontrol/addonconflictsnotrepairedoraveraged;SIotherrecipes/timesnotassignedprimaryTG;washedconenotTG. All37primaryTEXTpages/allavailableSIbodytext/TableS1reviewed;oneSIimageunused.,verified_exact,journal_article,OwncoverDOI/title/authors/publisherjournal;fullnativeprimaryTEXTreview;preproofversionexplicit,7.4,700,source_review_approved,4121e1d63444df747605337fb76a89382dc53fcdf9e5d635cba44ce67b73cd16,PA66-D,50,2.5,0.5,,140x50,1,Unreported,15,OwnmaincontrolLOI20plusminus1vsSI21;primaryTable4used;mainC/Daddon4.0plusminus.40/6.0plusminus.30vsSI3.6/5.7retained;noadditionalSIinitialstates,5.7,OwnPDFp17-18temperatureat10percentmasslossNOTT5/Tonset,,Unreported;R700NOTinferredprogramend,OwnTable3PDFp19nativeT1maxAIR/N2andT2maxAIR;generic3stepproseNOTthirdnumericpeak,OwnTable1PDFp11dryweightpickup;EqtextPDFp10unreadnotreconstructed;reportedquantityNOTfinalfabricmassfraction,,0.3,,,,,Own publisher Journal Pre-proof accepted2020-04-10;finalpublicationyearunknown,,OwnmaterialsPDFp7;preparationp10;recipeTable1p11;methodsPDFp12-13;TGTable3p19;LOITable4p21;officialSItext/TableS1,,,6.0,0.3,GOmodifiedHummers;GO-L5mgmLGOplus3gligninfinal100mL150C18husedasobtained;GO-PA5mL70wtpercentPAand.5mgmLGOin100mLwater1hRTsonication150C18h;3water/EtOHwashesfreeze24h;stockpreparationsNOTTable1fabricbathrecipes,Graphene oxide functionalized biomolecules for improved flame retardancy of Polyamide 66 fabrics with intact physical properties,Nativeplusminus;SD/SE/range/repeatsunreported;notassigned,https://doi.org/10.1016/j.ijbiomac.2020.04.075,OfficialownPIIS0141813020329299mmc1docxretrieved;exacttitle/all5authorsmatched;allnativeXMLbodytext/TableS1read;1embeddedcolorimageunviewedunused;noextraownTG,OwnTable1onepotpH4;CSinCAaqueous24hRTbeforeothercompoundsifpresent;30minfabricimpregnationabout100percentwetpickup80C30mindry130C5mincure;DIrinsehot/coldwaterwashovendry;initialprocessrinsesnotdurability,Owninitialnamedgroupbefore5nativewashingcycles,Owninitial0durabilitycycles;commercialdetergentprewash;DI/hotcoldwaterinitialpreparationrinses,
10.1016/j.ijbiomac.2020.04.075,,OwnofficialSI nativeTableS1,23.5,,,,,,,NoownTGforthisSItrial;primaryTable3differentrecipe/timegroupsnotborrowed,,,,,,OwnTableS1nativebathpercent/gLunitsretained;percentmassbasisunreported;GO0.5gL,LOI-only source facts;not paired,2026-10-03,Codex complete primary text and exact table review;one primary reviewer,,International Journal of Biological Macromolecules,"OwnJournalPreproofaccepted2020-04-10notfinalVOR;all37TEXTpages. OfficialSIallbodytext/TableS1read,onecolorimageunviewedunused. OwnprimaryLOITable4control20plusminus1vsSIcontrol21;primarymean20usedwithundefineduncertaintytype,notaveraged/replaced. SIinitialC/Daddon3.6/5.7versusprimary4.0plusminus.40/6.0plusminus.30retained;SIinitialA/B/C/Dnotextrasamples. MainTGmass/pan/flow/start/endunreported. NativeT10notT5/onset;AIRtwoannotatedpeaks/N2one;genericthree-stepproseNOTthirdnumericpeak. R700exact. LOI/residue/addonplusminusdefinitionandreplicatesunreportednotSD/SEassumed. NativeaddonEqtextunreadnotreconstructed;reportedTable1valuesnotfinalfabricmassfractions. ElevenSItrialLOIfactsandSIcontrolwithoutownTGandfourwashedconefactsheld. Noimagesread/curvesestimated.",polyamide,"Own 100% PA66 woven fabric, 100 g/m2, Jiaxing Weaving Industry China; commercial detergent prewash and RT air dry; weave unspecified","Own 100% PA66 woven fabric, 100 g/m2, Jiaxing Weaving Industry China; commercial detergent prewash and RT air dry; weave unspecified","Own 100% PA66 woven fabric, 100 g/m2, Jiaxing Weaving Industry China; commercial detergent prewash and RT air dry; weave unspecified",tabulated,,held_SI_trial_LOI_without_own_TG,journal_article,OwncoverDOI/title/authors/publisherjournal;fullnativeprimaryTEXTreview;preproofversionexplicit,,,held_outside_verified_target,,SItrial GO0.5gL impregnation12h,,,,,,,,,,,,,,,,,,Onepot,,,,Own publisher Journal Pre-proof accepted2020-04-10;finalpublicationyearunknown,12h,OwnofficialSI nativeTableS1,,,11.2,,,Graphene oxide functionalized biomolecules for improved flame retardancy of Polyamide 66 fabrics with intact physical properties,,https://doi.org/10.1016/j.ijbiomac.2020.04.075,OfficialownPIIS0141813020329299mmc1docxretrieved;exacttitle/all5authorsmatched;allnativeXMLbodytext/TableS1read;1embeddedcolorimageunviewedunused;noextraownTG,,,,
10.1016/j.ijbiomac.2020.04.075,,OwnofficialSI nativeTableS1,24.5,,,,,,,NoownTGforthisSItrial;primaryTable3differentrecipe/timegroupsnotborrowed,,,,,,OwnTableS1nativebathpercent/gLunitsretained;percentmassbasisunreported;GO-PA0.5gL,LOI-only source facts;not paired,2026-10-03,Codex complete primary text and exact table review;one primary reviewer,,International Journal of Biological Macromolecules,"OwnJournalPreproofaccepted2020-04-10notfinalVOR;all37TEXTpages. OfficialSIallbodytext/TableS1read,onecolorimageunviewedunused. OwnprimaryLOITable4control20plusminus1vsSIcontrol21;primarymean20usedwithundefineduncertaintytype,notaveraged/replaced. SIinitialC/Daddon3.6/5.7versusprimary4.0plusminus.40/6.0plusminus.30retained;SIinitialA/B/C/Dnotextrasamples. MainTGmass/pan/flow/start/endunreported. NativeT10notT5/onset;AIRtwoannotatedpeaks/N2one;genericthree-stepproseNOTthirdnumericpeak. R700exact. LOI/residue/addonplusminusdefinitionandreplicatesunreportednotSD/SEassumed. NativeaddonEqtextunreadnotreconstructed;reportedTable1valuesnotfinalfabricmassfractions. ElevenSItrialLOIfactsandSIcontrolwithoutownTGandfourwashedconefactsheld. Noimagesread/curvesestimated.",polyamide,"Own 100% PA66 woven fabric, 100 g/m2, Jiaxing Weaving Industry China; commercial detergent prewash and RT air dry; weave unspecified","Own 100% PA66 woven fabric, 100 g/m2, Jiaxing Weaving Industry China; commercial detergent prewash and RT air dry; weave unspecified","Own 100% PA66 woven fabric, 100 g/m2, Jiaxing Weaving Industry China; commercial detergent prewash and RT air dry; weave unspecified",tabulated,,held_SI_trial_LOI_without_own_TG,journal_article,OwncoverDOI/title/authors/publisherjournal;fullnativeprimaryTEXTreview;preproofversionexplicit,,,held_outside_verified_target,,SItrial GO-PA0.5gL impregnation12h,,,,,,,,,,,,,,,,,,Onepot,,,,Own publisher Journal Pre-proof accepted2020-04-10;finalpublicationyearunknown,12h,OwnofficialSI nativeTableS1,,,11.2,,,Graphene oxide functionalized biomolecules for improved flame retardancy of Polyamide 66 fabrics with intact physical properties,,https://doi.org/10.1016/j.ijbiomac.2020.04.075,OfficialownPIIS0141813020329299mmc1docxretrieved;exacttitle/all5authorsmatched;allnativeXMLbodytext/TableS1read;1embeddedcolorimageunviewedunused;noextraownTG,,,,
10.1016/j.ijbiomac.2020.04.075,,OwnofficialSI nativeTableS1,22.5,,,,,,,NoownTGforthisSItrial;primaryTable3differentrecipe/timegroupsnotborrowed,,,,,,OwnTableS1nativebathpercent/gLunitsretained;percentmassbasisunreported;L0.5percent/PA1.5percent,LOI-only source facts;not paired,2026-10-03,Codex complete primary text and exact table review;one primary reviewer,,International Journal of Biological Macromolecules,"OwnJournalPreproofaccepted2020-04-10notfinalVOR;all37TEXTpages. OfficialSIallbodytext/TableS1read,onecolorimageunviewedunused. OwnprimaryLOITable4control20plusminus1vsSIcontrol21;primarymean20usedwithundefineduncertaintytype,notaveraged/replaced. SIinitialC/Daddon3.6/5.7versusprimary4.0plusminus.40/6.0plusminus.30retained;SIinitialA/B/C/Dnotextrasamples. MainTGmass/pan/flow/start/endunreported. NativeT10notT5/onset;AIRtwoannotatedpeaks/N2one;genericthree-stepproseNOTthirdnumericpeak. R700exact. LOI/residue/addonplusminusdefinitionandreplicatesunreportednotSD/SEassumed. NativeaddonEqtextunreadnotreconstructed;reportedTable1valuesnotfinalfabricmassfractions. ElevenSItrialLOIfactsandSIcontrolwithoutownTGandfourwashedconefactsheld. Noimagesread/curvesestimated.",polyamide,"Own 100% PA66 woven fabric, 100 g/m2, Jiaxing Weaving Industry China; commercial detergent prewash and RT air dry; weave unspecified","Own 100% PA66 woven fabric, 100 g/m2, Jiaxing Weaving Industry China; commercial detergent prewash and RT air dry; weave unspecified","Own 100% PA66 woven fabric, 100 g/m2, Jiaxing Weaving Industry China; commercial detergent prewash and RT air dry; weave unspecified",tabulated,,held_SI_trial_LOI_without_own_TG,journal_article,OwncoverDOI/title/authors/publisherjournal;fullnativeprimaryTEXTreview;preproofversionexplicit,,,held_outside_verified_target,,SItrial L0.5percent/PA1.5percent impregnation12h,,,,,,,,,,,,,,,,,,Onepot,,,,Own publisher Journal Pre-proof accepted2020-04-10;finalpublicationyearunknown,12h,OwnofficialSI nativeTableS1,,,5.8,,,Graphene oxide functionalized biomolecules for improved flame retardancy of Polyamide 66 fabrics with intact physical properties,,https://doi.org/10.1016/j.ijbiomac.2020.04.075,OfficialownPIIS0141813020329299mmc1docxretrieved;exacttitle/all5authorsmatched;allnativeXMLbodytext/TableS1read;1embeddedcolorimageunviewedunused;noextraownTG,,,,
10.1016/j.ijbiomac.2020.04.075,,OwnofficialSI nativeTableS1,23,,,,,,,NoownTGforthisSItrial;primaryTable3differentrecipe/timegroupsnotborrowed,,,,,,OwnTableS1nativebathpercent/gLunitsretained;percentmassbasisunreported;L0.5percent/CS0.25percent/PA1.5percent,LOI-only source facts;not paired,2026-10-03,Codex complete primary text and exact table review;one primary reviewer,,International Journal of Biological Macromolecules,"OwnJournalPreproofaccepted2020-04-10notfinalVOR;all37TEXTpages. OfficialSIallbodytext/TableS1read,onecolorimageunviewedunused. OwnprimaryLOITable4control20plusminus1vsSIcontrol21;primarymean20usedwithundefineduncertaintytype,notaveraged/replaced. SIinitialC/Daddon3.6/5.7versusprimary4.0plusminus.40/6.0plusminus.30retained;SIinitialA/B/C/Dnotextrasamples. MainTGmass/pan/flow/start/endunreported. NativeT10notT5/onset;AIRtwoannotatedpeaks/N2one;genericthree-stepproseNOTthirdnumericpeak. R700exact. LOI/residue/addonplusminusdefinitionandreplicatesunreportednotSD/SEassumed. NativeaddonEqtextunreadnotreconstructed;reportedTable1valuesnotfinalfabricmassfractions. ElevenSItrialLOIfactsandSIcontrolwithoutownTGandfourwashedconefactsheld. Noimagesread/curvesestimated.",polyamide,"Own 100% PA66 woven fabric, 100 g/m2, Jiaxing Weaving Industry China; commercial detergent prewash and RT air dry; weave unspecified","Own 100% PA66 woven fabric, 100 g/m2, Jiaxing Weaving Industry China; commercial detergent prewash and RT air dry; weave unspecified","Own 100% PA66 woven fabric, 100 g/m2, Jiaxing Weaving Industry China; commercial detergent prewash and RT air dry; weave unspecified",tabulated,,held_SI_trial_LOI_without_own_TG,journal_article,OwncoverDOI/title/authors/publisherjournal;fullnativeprimaryTEXTreview;preproofversionexplicit,,,held_outside_verified_target,,SItrial L0.5percent/CS0.25percent/PA1.5percent impregnation12h,,,,,,,,,,,,,,,,,,Onepot,,,,Own publisher Journal Pre-proof accepted2020-04-10;finalpublicationyearunknown,12h,OwnofficialSI nativeTableS1,,,7.9,,,Graphene oxide functionalized biomolecules for improved flame retardancy of Polyamide 66 fabrics with intact physical properties,,https://doi.org/10.1016/j.ijbiomac.2020.04.075,OfficialownPIIS0141813020329299mmc1docxretrieved;exacttitle/all5authorsmatched;allnativeXMLbodytext/TableS1read;1embeddedcolorimageunviewedunused;noextraownTG,,,,
10.1016/j.ijbiomac.2020.04.075,,OwnofficialSI nativeTableS1,21.5,,,,,,,NoownTGforthisSItrial;primaryTable3differentrecipe/timegroupsnotborrowed,,,,,,OwnTableS1nativebathpercent/gLunitsretained;percentmassbasisunreported;CS0.25percent/GO-PA0.05percent,LOI-only source facts;not paired,2026-10-03,Codex complete primary text and exact table review;one primary reviewer,,International Journal of Biological Macromolecules,"OwnJournalPreproofaccepted2020-04-10notfinalVOR;all37TEXTpages. OfficialSIallbodytext/TableS1read,onecolorimageunviewedunused. OwnprimaryLOITable4control20plusminus1vsSIcontrol21;primarymean20usedwithundefineduncertaintytype,notaveraged/replaced. SIinitialC/Daddon3.6/5.7versusprimary4.0plusminus.40/6.0plusminus.30retained;SIinitialA/B/C/Dnotextrasamples. MainTGmass/pan/flow/start/endunreported. NativeT10notT5/onset;AIRtwoannotatedpeaks/N2one;genericthree-stepproseNOTthirdnumericpeak. R700exact. LOI/residue/addonplusminusdefinitionandreplicatesunreportednotSD/SEassumed. NativeaddonEqtextunreadnotreconstructed;reportedTable1valuesnotfinalfabricmassfractions. ElevenSItrialLOIfactsandSIcontrolwithoutownTGandfourwashedconefactsheld. Noimagesread/curvesestimated.",polyamide,"Own 100% PA66 woven fabric, 100 g/m2, Jiaxing Weaving Industry China; commercial detergent prewash and RT air dry; weave unspecified","Own 100% PA66 woven fabric, 100 g/m2, Jiaxing Weaving Industry China; commercial detergent prewash and RT air dry; weave unspecified","Own 100% PA66 woven fabric, 100 g/m2, Jiaxing Weaving Industry China; commercial detergent prewash and RT air dry; weave unspecified",tabulated,,held_SI_trial_LOI_without_own_TG,journal_article,OwncoverDOI/title/authors/publisherjournal;fullnativeprimaryTEXTreview;preproofversionexplicit,,,held_outside_verified_target,,SItrial CS0.25percent/GO-PA0.05percent impregnation12h,,,,,,,,,,,,,,,,,,Onepot,,,,Own publisher Journal Pre-proof accepted2020-04-10;finalpublicationyearunknown,12h,OwnofficialSI nativeTableS1,,,7.2,,,Graphene oxide functionalized biomolecules for improved flame retardancy of Polyamide 66 fabrics with intact physical properties,,https://doi.org/10.1016/j.ijbiomac.2020.04.075,OfficialownPIIS0141813020329299mmc1docxretrieved;exacttitle/all5authorsmatched;allnativeXMLbodytext/TableS1read;1embeddedcolorimageunviewedunused;noextraownTG,,,,
10.1016/j.ijbiomac.2020.04.075,,OwnofficialSI nativeTableS1,23,,,,,,,NoownTGforthisSItrial;primaryTable3differentrecipe/timegroupsnotborrowed,,,,,,OwnTableS1nativebathpercent/gLunitsretained;percentmassbasisunreported;GO-L0.05percent/CS0.25percent/PA1.5percent,LOI-only source facts;not paired,2026-10-03,Codex complete primary text and exact table review;one primary reviewer,,International Journal of Biological Macromolecules,"OwnJournalPreproofaccepted2020-04-10notfinalVOR;all37TEXTpages. OfficialSIallbodytext/TableS1read,onecolorimageunviewedunused. OwnprimaryLOITable4control20plusminus1vsSIcontrol21;primarymean20usedwithundefineduncertaintytype,notaveraged/replaced. SIinitialC/Daddon3.6/5.7versusprimary4.0plusminus.40/6.0plusminus.30retained;SIinitialA/B/C/Dnotextrasamples. MainTGmass/pan/flow/start/endunreported. NativeT10notT5/onset;AIRtwoannotatedpeaks/N2one;genericthree-stepproseNOTthirdnumericpeak. R700exact. LOI/residue/addonplusminusdefinitionandreplicatesunreportednotSD/SEassumed. NativeaddonEqtextunreadnotreconstructed;reportedTable1valuesnotfinalfabricmassfractions. ElevenSItrialLOIfactsandSIcontrolwithoutownTGandfourwashedconefactsheld. Noimagesread/curvesestimated.",polyamide,"Own 100% PA66 woven fabric, 100 g/m2, Jiaxing Weaving Industry China; commercial detergent prewash and RT air dry; weave unspecified","Own 100% PA66 woven fabric, 100 g/m2, Jiaxing Weaving Industry China; commercial detergent prewash and RT air dry; weave unspecified","Own 100% PA66 woven fabric, 100 g/m2, Jiaxing Weaving Industry China; commercial detergent prewash and RT air dry; weave unspecified",tabulated,,held_SI_trial_LOI_without_own_TG,journal_article,OwncoverDOI/title/authors/publisherjournal;fullnativeprimaryTEXTreview;preproofversionexplicit,,,held_outside_verified_target,,SItrial GO-L0.05percent/CS0.25percent/PA1.5percent impregnation12h,,,,,,,,,,,,,,,,,,Onepot,,,,Own publisher Journal Pre-proof accepted2020-04-10;finalpublicationyearunknown,12h,OwnofficialSI nativeTableS1,,,7.4,,,Graphene oxide functionalized biomolecules for improved flame retardancy of Polyamide 66 fabrics with intact physical properties,,https://doi.org/10.1016/j.ijbiomac.2020.04.075,OfficialownPIIS0141813020329299mmc1docxretrieved;exacttitle/all5authorsmatched;allnativeXMLbodytext/TableS1read;1embeddedcolorimageunviewedunused;noextraownTG,,,,
10.1016/j.ijbiomac.2020.04.075,,OwnofficialSI nativeTableS1,24,,,,,,,NoownTGforthisSItrial;primaryTable3differentrecipe/timegroupsnotborrowed,,,,,,OwnTableS1nativebathpercent/gLunitsretained;percentmassbasisunreported;GO-L0.05percent/CS0.25percent/GO-PA0.05percent,LOI-only source facts;not paired,2026-10-03,Codex complete primary text and exact table review;one primary reviewer,,International Journal of Biological Macromolecules,"OwnJournalPreproofaccepted2020-04-10notfinalVOR;all37TEXTpages. OfficialSIallbodytext/TableS1read,onecolorimageunviewedunused. OwnprimaryLOITable4control20plusminus1vsSIcontrol21;primarymean20usedwithundefineduncertaintytype,notaveraged/replaced. SIinitialC/Daddon3.6/5.7versusprimary4.0plusminus.40/6.0plusminus.30retained;SIinitialA/B/C/Dnotextrasamples. MainTGmass/pan/flow/start/endunreported. NativeT10notT5/onset;AIRtwoannotatedpeaks/N2one;genericthree-stepproseNOTthirdnumericpeak. R700exact. LOI/residue/addonplusminusdefinitionandreplicatesunreportednotSD/SEassumed. NativeaddonEqtextunreadnotreconstructed;reportedTable1valuesnotfinalfabricmassfractions. ElevenSItrialLOIfactsandSIcontrolwithoutownTGandfourwashedconefactsheld. Noimagesread/curvesestimated.",polyamide,"Own 100% PA66 woven fabric, 100 g/m2, Jiaxing Weaving Industry China; commercial detergent prewash and RT air dry; weave unspecified","Own 100% PA66 woven fabric, 100 g/m2, Jiaxing Weaving Industry China; commercial detergent prewash and RT air dry; weave unspecified","Own 100% PA66 woven fabric, 100 g/m2, Jiaxing Weaving Industry China; commercial detergent prewash and RT air dry; weave unspecified",tabulated,,held_SI_trial_LOI_without_own_TG,journal_article,OwncoverDOI/title/authors/publisherjournal;fullnativeprimaryTEXTreview;preproofversionexplicit,,,held_outside_verified_target,,SItrial GO-L0.05percent/CS0.25percent/GO-PA0.05percent impregnation12h,,,,,,,,,,,,,,,,,,Onepot,,,,Own publisher Journal Pre-proof accepted2020-04-10;finalpublicationyearunknown,12h,OwnofficialSI nativeTableS1,,,5.2,,,Graphene oxide functionalized biomolecules for improved flame retardancy of Polyamide 66 fabrics with intact physical properties,,https://doi.org/10.1016/j.ijbiomac.2020.04.075,OfficialownPIIS0141813020329299mmc1docxretrieved;exacttitle/all5authorsmatched;allnativeXMLbodytext/TableS1read;1embeddedcolorimageunviewedunused;noextraownTG,,,,
10.1016/j.ijbiomac.2020.04.075,,OwnofficialSI nativeTableS1,23,,,,,,,NoownTGforthisSItrial;primaryTable3differentrecipe/timegroupsnotborrowed,,,,,,OwnTableS1nativebathpercent/gLunitsretained;percentmassbasisunreported;L0.5percent/GO-PA0.05percent,LOI-only source facts;not paired,2026-10-03,Codex complete primary text and exact table review;one primary reviewer,,International Journal of Biological Macromolecules,"OwnJournalPreproofaccepted2020-04-10notfinalVOR;all37TEXTpages. OfficialSIallbodytext/TableS1read,onecolorimageunviewedunused. OwnprimaryLOITable4control20plusminus1vsSIcontrol21;primarymean20usedwithundefineduncertaintytype,notaveraged/replaced. SIinitialC/Daddon3.6/5.7versusprimary4.0plusminus.40/6.0plusminus.30retained;SIinitialA/B/C/Dnotextrasamples. MainTGmass/pan/flow/start/endunreported. NativeT10notT5/onset;AIRtwoannotatedpeaks/N2one;genericthree-stepproseNOTthirdnumericpeak. R700exact. LOI/residue/addonplusminusdefinitionandreplicatesunreportednotSD/SEassumed. NativeaddonEqtextunreadnotreconstructed;reportedTable1valuesnotfinalfabricmassfractions. ElevenSItrialLOIfactsandSIcontrolwithoutownTGandfourwashedconefactsheld. Noimagesread/curvesestimated.",polyamide,"Own 100% PA66 woven fabric, 100 g/m2, Jiaxing Weaving Industry China; commercial detergent prewash and RT air dry; weave unspecified","Own 100% PA66 woven fabric, 100 g/m2, Jiaxing Weaving Industry China; commercial detergent prewash and RT air dry; weave unspecified","Own 100% PA66 woven fabric, 100 g/m2, Jiaxing Weaving Industry China; commercial detergent prewash and RT air dry; weave unspecified",tabulated,,held_SI_trial_LOI_without_own_TG,journal_article,OwncoverDOI/title/authors/publisherjournal;fullnativeprimaryTEXTreview;preproofversionexplicit,,,held_outside_verified_target,,SItrial L0.5percent/GO-PA0.05percent impregnation12h,,,,,,,,,,,,,,,,,,Onepot,,,,Own publisher Journal Pre-proof accepted2020-04-10;finalpublicationyearunknown,12h,OwnofficialSI nativeTableS1,,,9.3,,,Graphene oxide functionalized biomolecules for improved flame retardancy of Polyamide 66 fabrics with intact physical properties,,https://doi.org/10.1016/j.ijbiomac.2020.04.075,OfficialownPIIS0141813020329299mmc1docxretrieved;exacttitle/all5authorsmatched;allnativeXMLbodytext/TableS1read;1embeddedcolorimageunviewedunused;noextraownTG,,,,
10.1016/j.ijbiomac.2020.04.075,,OwnofficialSI nativeTableS1,21.5,,,,,,,NoownTGforthisSItrial;primaryTable3differentrecipe/timegroupsnotborrowed,,,,,,OwnTableS1nativebathpercent/gLunitsretained;percentmassbasisunreported;CS0.25percent/GO-L0.05percent,LOI-only source facts;not paired,2026-10-03,Codex complete primary text and exact table review;one primary reviewer,,International Journal of Biological Macromolecules,"OwnJournalPreproofaccepted2020-04-10notfinalVOR;all37TEXTpages. OfficialSIallbodytext/TableS1read,onecolorimageunviewedunused. OwnprimaryLOITable4control20plusminus1vsSIcontrol21;primarymean20usedwithundefineduncertaintytype,notaveraged/replaced. SIinitialC/Daddon3.6/5.7versusprimary4.0plusminus.40/6.0plusminus.30retained;SIinitialA/B/C/Dnotextrasamples. MainTGmass/pan/flow/start/endunreported. NativeT10notT5/onset;AIRtwoannotatedpeaks/N2one;genericthree-stepproseNOTthirdnumericpeak. R700exact. LOI/residue/addonplusminusdefinitionandreplicatesunreportednotSD/SEassumed. NativeaddonEqtextunreadnotreconstructed;reportedTable1valuesnotfinalfabricmassfractions. ElevenSItrialLOIfactsandSIcontrolwithoutownTGandfourwashedconefactsheld. Noimagesread/curvesestimated.",polyamide,"Own 100% PA66 woven fabric, 100 g/m2, Jiaxing Weaving Industry China; commercial detergent prewash and RT air dry; weave unspecified","Own 100% PA66 woven fabric, 100 g/m2, Jiaxing Weaving Industry China; commercial detergent prewash and RT air dry; weave unspecified","Own 100% PA66 woven fabric, 100 g/m2, Jiaxing Weaving Industry China; commercial detergent prewash and RT air dry; weave unspecified",tabulated,,held_SI_trial_LOI_without_own_TG,journal_article,OwncoverDOI/title/authors/publisherjournal;fullnativeprimaryTEXTreview;preproofversionexplicit,,,held_outside_verified_target,,SItrial CS0.25percent/GO-L0.05percent impregnation1h,,,,,,,,,,,,,,,,,,Onepot,,,,Own publisher Journal Pre-proof accepted2020-04-10;finalpublicationyearunknown,1h,OwnofficialSI nativeTableS1,,,5.7,,,Graphene oxide functionalized biomolecules for improved flame retardancy of Polyamide 66 fabrics with intact physical properties,,https://doi.org/10.1016/j.ijbiomac.2020.04.075,OfficialownPIIS0141813020329299mmc1docxretrieved;exacttitle/all5authorsmatched;allnativeXMLbodytext/TableS1read;1embeddedcolorimageunviewedunused;noextraownTG,,,,
10.1016/j.ijbiomac.2020.04.075,,OwnofficialSI nativeTableS1,21.7,,,,,,,NoownTGforthisSItrial;primaryTable3differentrecipe/timegroupsnotborrowed,,,,,,OwnTableS1nativebathpercent/gLunitsretained;percentmassbasisunreported;CS0.25percent/GO-PA0.05percent,LOI-only source facts;not paired,2026-10-03,Codex complete primary text and exact table review;one primary reviewer,,International Journal of Biological Macromolecules,"OwnJournalPreproofaccepted2020-04-10notfinalVOR;all37TEXTpages. OfficialSIallbodytext/TableS1read,onecolorimageunviewedunused. OwnprimaryLOITable4control20plusminus1vsSIcontrol21;primarymean20usedwithundefineduncertaintytype,notaveraged/replaced. SIinitialC/Daddon3.6/5.7versusprimary4.0plusminus.40/6.0plusminus.30retained;SIinitialA/B/C/Dnotextrasamples. MainTGmass/pan/flow/start/endunreported. NativeT10notT5/onset;AIRtwoannotatedpeaks/N2one;genericthree-stepproseNOTthirdnumericpeak. R700exact. LOI/residue/addonplusminusdefinitionandreplicatesunreportednotSD/SEassumed. NativeaddonEqtextunreadnotreconstructed;reportedTable1valuesnotfinalfabricmassfractions. ElevenSItrialLOIfactsandSIcontrolwithoutownTGandfourwashedconefactsheld. Noimagesread/curvesestimated.",polyamide,"Own 100% PA66 woven fabric, 100 g/m2, Jiaxing Weaving Industry China; commercial detergent prewash and RT air dry; weave unspecified","Own 100% PA66 woven fabric, 100 g/m2, Jiaxing Weaving Industry China; commercial detergent prewash and RT air dry; weave unspecified","Own 100% PA66 woven fabric, 100 g/m2, Jiaxing Weaving Industry China; commercial detergent prewash and RT air dry; weave unspecified",tabulated,,held_SI_trial_LOI_without_own_TG,journal_article,OwncoverDOI/title/authors/publisherjournal;fullnativeprimaryTEXTreview;preproofversionexplicit,,,held_outside_verified_target,,SItrial CS0.25percent/GO-PA0.05percent impregnation30min,,,,,,,,,,,,,,,,,,Onepot,,,,Own publisher Journal Pre-proof accepted2020-04-10;finalpublicationyearunknown,30min,OwnofficialSI nativeTableS1,,,3.7,,,Graphene oxide functionalized biomolecules for improved flame retardancy of Polyamide 66 fabrics with intact physical properties,,https://doi.org/10.1016/j.ijbiomac.2020.04.075,OfficialownPIIS0141813020329299mmc1docxretrieved;exacttitle/all5authorsmatched;allnativeXMLbodytext/TableS1read;1embeddedcolorimageunviewedunused;noextraownTG,,,,
10.1016/j.ijbiomac.2020.04.075,,OwnofficialSI nativeTableS1,25.5,,,,,,,NoownTGforthisSItrial;primaryTable3differentrecipe/timegroupsnotborrowed,,,,,,OwnTableS1nativebathpercent/gLunitsretained;percentmassbasisunreported;GO-L0.05percent/CS0.25percent/GO-PA0.05percent-10BL,LOI-only source facts;not paired,2026-10-03,Codex complete primary text and exact table review;one primary reviewer,,International Journal of Biological Macromolecules,"OwnJournalPreproofaccepted2020-04-10notfinalVOR;all37TEXTpages. OfficialSIallbodytext/TableS1read,onecolorimageunviewedunused. OwnprimaryLOITable4control20plusminus1vsSIcontrol21;primarymean20usedwithundefineduncertaintytype,notaveraged/replaced. SIinitialC/Daddon3.6/5.7versusprimary4.0plusminus.40/6.0plusminus.30retained;SIinitialA/B/C/Dnotextrasamples. MainTGmass/pan/flow/start/endunreported. NativeT10notT5/onset;AIRtwoannotatedpeaks/N2one;genericthree-stepproseNOTthirdnumericpeak. R700exact. LOI/residue/addonplusminusdefinitionandreplicatesunreportednotSD/SEassumed. NativeaddonEqtextunreadnotreconstructed;reportedTable1valuesnotfinalfabricmassfractions. ElevenSItrialLOIfactsandSIcontrolwithoutownTGandfourwashedconefactsheld. Noimagesread/curvesestimated.",polyamide,"Own 100% PA66 woven fabric, 100 g/m2, Jiaxing Weaving Industry China; commercial detergent prewash and RT air dry; weave unspecified","Own 100% PA66 woven fabric, 100 g/m2, Jiaxing Weaving Industry China; commercial detergent prewash and RT air dry; weave unspecified","Own 100% PA66 woven fabric, 100 g/m2, Jiaxing Weaving Industry China; commercial detergent prewash and RT air dry; weave unspecified",tabulated,,held_SI_trial_LOI_without_own_TG,journal_article,OwncoverDOI/title/authors/publisherjournal;fullnativeprimaryTEXTreview;preproofversionexplicit,,,held_outside_verified_target,,SItrial GO-L0.05percent/CS0.25percent/GO-PA0.05percent-10BL impregnationUnreported,,,,,,,,,,,,,,,,,,LbL10BL,,,,Own publisher Journal Pre-proof accepted2020-04-10;finalpublicationyearunknown,Unreported,OwnofficialSI nativeTableS1,,,2.5,,,Graphene oxide functionalized biomolecules for improved flame retardancy of Polyamide 66 fabrics with intact physical properties,,https://doi.org/10.1016/j.ijbiomac.2020.04.075,OfficialownPIIS0141813020329299mmc1docxretrieved;exacttitle/all5authorsmatched;allnativeXMLbodytext/TableS1read;1embeddedcolorimageunviewedunused;noextraownTG,,,,
10.1016/j.ijbiomac.2020.04.075,,,21,,,,,,,,,,,,,,Held conflicting source fact,2026-10-03,Codex complete primary text and exact table review;one primary reviewer,,International Journal of Biological Macromolecules,"OwnJournalPreproofaccepted2020-04-10notfinalVOR;all37TEXTpages. OfficialSIallbodytext/TableS1read,onecolorimageunviewedunused. OwnprimaryLOITable4control20plusminus1vsSIcontrol21;primarymean20usedwithundefineduncertaintytype,notaveraged/replaced. SIinitialC/Daddon3.6/5.7versusprimary4.0plusminus.40/6.0plusminus.30retained;SIinitialA/B/C/Dnotextrasamples. MainTGmass/pan/flow/start/endunreported. NativeT10notT5/onset;AIRtwoannotatedpeaks/N2one;genericthree-stepproseNOTthirdnumericpeak. R700exact. LOI/residue/addonplusminusdefinitionandreplicatesunreportednotSD/SEassumed. NativeaddonEqtextunreadnotreconstructed;reportedTable1valuesnotfinalfabricmassfractions. ElevenSItrialLOIfactsandSIcontrolwithoutownTGandfourwashedconefactsheld. Noimagesread/curvesestimated.",polyamide,"Own 100% PA66 woven fabric, 100 g/m2, Jiaxing Weaving Industry China; commercial detergent prewash and RT air dry; weave unspecified","Own 100% PA66 woven fabric, 100 g/m2, Jiaxing Weaving Industry China; commercial detergent prewash and RT air dry; weave unspecified","Own 100% PA66 woven fabric, 100 g/m2, Jiaxing Weaving Industry China; commercial detergent prewash and RT air dry; weave unspecified",tabulated,,held_SI_control_conflict_without_own_TG,journal_article,OwncoverDOI/title/authors/publisherjournal;fullnativeprimaryTEXTreview;preproofversionexplicit,,,held_outside_verified_target,,SIcontrol unassignedTG,,,,,,,,,,,,,,,,,,,,,,Own publisher Journal Pre-proof accepted2020-04-10;finalpublicationyearunknown,,OwnofficialSI nativeTableS1,,SIcontrol21vsprimary20plusminus1;NOunambiguouslymappedSITG;notanotherindependentsample,,,,Graphene oxide functionalized biomolecules for improved flame retardancy of Polyamide 66 fabrics with intact physical properties,,https://doi.org/10.1016/j.ijbiomac.2020.04.075,OfficialownPIIS0141813020329299mmc1docxretrieved;exacttitle/all5authorsmatched;allnativeXMLbodytext/TableS1read;1embeddedcolorimageunviewedunused;noextraownTG,,,,
10.1016/j.ijbiomac.2020.04.075,,,,,,,,,,,,,,,,,Raw source facts only,2026-10-03,Codex complete primary text and exact table review;one primary reviewer,,International Journal of Biological Macromolecules,"OwnJournalPreproofaccepted2020-04-10notfinalVOR;all37TEXTpages. OfficialSIallbodytext/TableS1read,onecolorimageunviewedunused. OwnprimaryLOITable4control20plusminus1vsSIcontrol21;primarymean20usedwithundefineduncertaintytype,notaveraged/replaced. SIinitialC/Daddon3.6/5.7versusprimary4.0plusminus.40/6.0plusminus.30retained;SIinitialA/B/C/Dnotextrasamples. MainTGmass/pan/flow/start/endunreported. NativeT10notT5/onset;AIRtwoannotatedpeaks/N2one;genericthree-stepproseNOTthirdnumericpeak. R700exact. LOI/residue/addonplusminusdefinitionandreplicatesunreportednotSD/SEassumed. NativeaddonEqtextunreadnotreconstructed;reportedTable1valuesnotfinalfabricmassfractions. ElevenSItrialLOIfactsandSIcontrolwithoutownTGandfourwashedconefactsheld. Noimagesread/curvesestimated.",polyamide,"Own 100% PA66 woven fabric, 100 g/m2, Jiaxing Weaving Industry China; commercial detergent prewash and RT air dry; weave unspecified","Own 100% PA66 woven fabric, 100 g/m2, Jiaxing Weaving Industry China; commercial detergent prewash and RT air dry; weave unspecified","Own 100% PA66 woven fabric, 100 g/m2, Jiaxing Weaving Industry China; commercial detergent prewash and RT air dry; weave unspecified",held_source_facts,,held_washed_cone_only_without_own_TG_LOI,journal_article,OwncoverDOI/title/authors/publisherjournal;fullnativeprimaryTEXTreview;preproofversionexplicit,,,held_outside_verified_target,,PA66-A after5nativewashingcycles,,,,,,,,,,,,,,,,,,,,13,,Own publisher Journal Pre-proof accepted2020-04-10;finalpublicationyearunknown,,OwnTable5PDFp25;methodPDFp12-13,,After5nativecyclesconepHRRreduction13percent;NOownwashedTG/LOI,,,,Graphene oxide functionalized biomolecules for improved flame retardancy of Polyamide 66 fabrics with intact physical properties,,https://doi.org/10.1016/j.ijbiomac.2020.04.075,OfficialownPIIS0141813020329299mmc1docxretrieved;exacttitle/all5authorsmatched;allnativeXMLbodytext/TableS1read;1embeddedcolorimageunviewedunused;noextraownTG,,,AATCC61(2A)-1996nonionic38plusminus3C;5nativecycles1cycle5homeequivnotextrastates,
10.1016/j.ijbiomac.2020.04.075,,,,,,,,,,,,,,,,,Raw source facts only,2026-10-03,Codex complete primary text and exact table review;one primary reviewer,,International Journal of Biological Macromolecules,"OwnJournalPreproofaccepted2020-04-10notfinalVOR;all37TEXTpages. OfficialSIallbodytext/TableS1read,onecolorimageunviewedunused. OwnprimaryLOITable4control20plusminus1vsSIcontrol21;primarymean20usedwithundefineduncertaintytype,notaveraged/replaced. SIinitialC/Daddon3.6/5.7versusprimary4.0plusminus.40/6.0plusminus.30retained;SIinitialA/B/C/Dnotextrasamples. MainTGmass/pan/flow/start/endunreported. NativeT10notT5/onset;AIRtwoannotatedpeaks/N2one;genericthree-stepproseNOTthirdnumericpeak. R700exact. LOI/residue/addonplusminusdefinitionandreplicatesunreportednotSD/SEassumed. NativeaddonEqtextunreadnotreconstructed;reportedTable1valuesnotfinalfabricmassfractions. ElevenSItrialLOIfactsandSIcontrolwithoutownTGandfourwashedconefactsheld. Noimagesread/curvesestimated.",polyamide,"Own 100% PA66 woven fabric, 100 g/m2, Jiaxing Weaving Industry China; commercial detergent prewash and RT air dry; weave unspecified","Own 100% PA66 woven fabric, 100 g/m2, Jiaxing Weaving Industry China; commercial detergent prewash and RT air dry; weave unspecified","Own 100% PA66 woven fabric, 100 g/m2, Jiaxing Weaving Industry China; commercial detergent prewash and RT air dry; weave unspecified",held_source_facts,,held_washed_cone_only_without_own_TG_LOI,journal_article,OwncoverDOI/title/authors/publisherjournal;fullnativeprimaryTEXTreview;preproofversionexplicit,,,held_outside_verified_target,,PA66-B after5nativewashingcycles,,,,,,,,,,,,,,,,,,,,15,,Own publisher Journal Pre-proof accepted2020-04-10;finalpublicationyearunknown,,OwnTable5PDFp25;methodPDFp12-13,,After5nativecyclesconepHRRreduction15percent;NOownwashedTG/LOI,,,,Graphene oxide functionalized biomolecules for improved flame retardancy of Polyamide 66 fabrics with intact physical properties,,https://doi.org/10.1016/j.ijbiomac.2020.04.075,OfficialownPIIS0141813020329299mmc1docxretrieved;exacttitle/all5authorsmatched;allnativeXMLbodytext/TableS1read;1embeddedcolorimageunviewedunused;noextraownTG,,,AATCC61(2A)-1996nonionic38plusminus3C;5nativecycles1cycle5homeequivnotextrastates,
10.1016/j.ijbiomac.2020.04.075,,,,,,,,,,,,,,,,,Raw source facts only,2026-10-03,Codex complete primary text and exact table review;one primary reviewer,,International Journal of Biological Macromolecules,"OwnJournalPreproofaccepted2020-04-10notfinalVOR;all37TEXTpages. OfficialSIallbodytext/TableS1read,onecolorimageunviewedunused. OwnprimaryLOITable4control20plusminus1vsSIcontrol21;primarymean20usedwithundefineduncertaintytype,notaveraged/replaced. SIinitialC/Daddon3.6/5.7versusprimary4.0plusminus.40/6.0plusminus.30retained;SIinitialA/B/C/Dnotextrasamples. MainTGmass/pan/flow/start/endunreported. NativeT10notT5/onset;AIRtwoannotatedpeaks/N2one;genericthree-stepproseNOTthirdnumericpeak. R700exact. LOI/residue/addonplusminusdefinitionandreplicatesunreportednotSD/SEassumed. NativeaddonEqtextunreadnotreconstructed;reportedTable1valuesnotfinalfabricmassfractions. ElevenSItrialLOIfactsandSIcontrolwithoutownTGandfourwashedconefactsheld. Noimagesread/curvesestimated.",polyamide,"Own 100% PA66 woven fabric, 100 g/m2, Jiaxing Weaving Industry China; commercial detergent prewash and RT air dry; weave unspecified","Own 100% PA66 woven fabric, 100 g/m2, Jiaxing Weaving Industry China; commercial detergent prewash and RT air dry; weave unspecified","Own 100% PA66 woven fabric, 100 g/m2, Jiaxing Weaving Industry China; commercial detergent prewash and RT air dry; weave unspecified",held_source_facts,,held_washed_cone_only_without_own_TG_LOI,journal_article,OwncoverDOI/title/authors/publisherjournal;fullnativeprimaryTEXTreview;preproofversionexplicit,,,held_outside_verified_target,,PA66-C after5nativewashingcycles,,,,,,,,,,,,,,,,,,,,12,,Own publisher Journal Pre-proof accepted2020-04-10;finalpublicationyearunknown,,OwnTable5PDFp25;methodPDFp12-13,,After5nativecyclesconepHRRreduction12percent;NOownwashedTG/LOI,,,,Graphene oxide functionalized biomolecules for improved flame retardancy of Polyamide 66 fabrics with intact physical properties,,https://doi.org/10.1016/j.ijbiomac.2020.04.075,OfficialownPIIS0141813020329299mmc1docxretrieved;exacttitle/all5authorsmatched;allnativeXMLbodytext/TableS1read;1embeddedcolorimageunviewedunused;noextraownTG,,,AATCC61(2A)-1996nonionic38plusminus3C;5nativecycles1cycle5homeequivnotextrastates,
10.1016/j.ijbiomac.2020.04.075,,,,,,,,,,,,,,,,,Raw source facts only,2026-10-03,Codex complete primary text and exact table review;one primary reviewer,,International Journal of Biological Macromolecules,"OwnJournalPreproofaccepted2020-04-10notfinalVOR;all37TEXTpages. OfficialSIallbodytext/TableS1read,onecolorimageunviewedunused. OwnprimaryLOITable4control20plusminus1vsSIcontrol21;primarymean20usedwithundefineduncertaintytype,notaveraged/replaced. SIinitialC/Daddon3.6/5.7versusprimary4.0plusminus.40/6.0plusminus.30retained;SIinitialA/B/C/Dnotextrasamples. MainTGmass/pan/flow/start/endunreported. NativeT10notT5/onset;AIRtwoannotatedpeaks/N2one;genericthree-stepproseNOTthirdnumericpeak. R700exact. LOI/residue/addonplusminusdefinitionandreplicatesunreportednotSD/SEassumed. NativeaddonEqtextunreadnotreconstructed;reportedTable1valuesnotfinalfabricmassfractions. ElevenSItrialLOIfactsandSIcontrolwithoutownTGandfourwashedconefactsheld. Noimagesread/curvesestimated.",polyamide,"Own 100% PA66 woven fabric, 100 g/m2, Jiaxing Weaving Industry China; commercial detergent prewash and RT air dry; weave unspecified","Own 100% PA66 woven fabric, 100 g/m2, Jiaxing Weaving Industry China; commercial detergent prewash and RT air dry; weave unspecified","Own 100% PA66 woven fabric, 100 g/m2, Jiaxing Weaving Industry China; commercial detergent prewash and RT air dry; weave unspecified",held_source_facts,,held_washed_cone_only_without_own_TG_LOI,journal_article,OwncoverDOI/title/authors/publisherjournal;fullnativeprimaryTEXTreview;preproofversionexplicit,,,held_outside_verified_target,,PA66-D after5nativewashingcycles,,,,,,,,,,,,,,,,,,,,17,,Own publisher Journal Pre-proof accepted2020-04-10;finalpublicationyearunknown,,OwnTable5PDFp25;methodPDFp12-13,,After5nativecyclesconepHRRreduction17percent;NOownwashedTG/LOI,,,,Graphene oxide functionalized biomolecules for improved flame retardancy of Polyamide 66 fabrics with intact physical properties,,https://doi.org/10.1016/j.ijbiomac.2020.04.075,OfficialownPIIS0141813020329299mmc1docxretrieved;exacttitle/all5authorsmatched;allnativeXMLbodytext/TableS1read;1embeddedcolorimageunviewedunused;noextraownTG,,,AATCC61(2A)-1996nonionic38plusminus3C;5nativecycles1cycle5homeequivnotextrastates,
