DOI,LOI_instrument,LOI_locator,LOI_pct,LOI_standard,R400_pct,R500_pct,R550_pct,R600_pct,R650_pct,R700_pct,R750_pct,R800_pct,T10_C,T1_C,T20_C,T40_C,T50_C,T5_C,T80_C,TGA_instrument,TG_end_C,TG_flow_mL_min,TG_locator,TG_mass_mg,TG_pan,TG_start_C,Tmax1_C,Tmax2_C,Tmax3_C,Tmax4_C,Tonset_C,atmosphere,char_pct,char_temp_C,composition,direct_numeric_use,evidence_reviewed_at,evidence_reviewed_by,heating_rate_C_min,journal,limitations,material_category,material_form,material_form_LOI,material_form_TGA,native_sample_label,numeric_evidence_type,pairing_evidence,pairing_status,publication_type,publication_type_evidence,residue_at_Tmax1_pct,residue_at_Tmax2_pct,residue_at_Tmax3_pct,residue_at_Tmax_pct,residue_pct,residue_temp_C,review_disposition,reviewed_measurement_fingerprint,sample_state,source_DMDHEU_stock_solids_pct,source_DNA_bath_wt_pct,source_FR_CAS,source_FR_bath_wt_pct,source_P_conflict,source_TG_flow_mL_min,source_TG_instrument,source_TG_mass_mg,source_TG_mass_qualifier,source_TG_pan,source_TG_protocol,source_TMM_bath_wt_pct,source_TMM_stock_solids_pct,source_Table2_initial_P_pct,source_Table7_P_pct,source_Table8_LC50,source_XMM_bath_wt_pct,source_XMM_stock_solids_pct,source_addon_pct,source_catalyst_bath_wt_pct,source_condition_identity_limit,source_document_version,source_general_flammability_conditioning,source_isothermal_R350_pct,source_isothermal_hold_C,source_isothermal_hold_min,source_isothermal_ramp_end_C,source_isothermal_ramp_rate_C_min,source_isothermal_ramp_start_C,source_location,source_native_Tonset10_definition,source_native_addon_denominator,source_native_home_laundering_cycles,source_prose_P_pct,source_prose_initial_P_pct,source_prose_started_losing_weight_C,source_reported_DSC_peak_C,source_reported_DTG_Tmax_C,source_reported_DTG_peaks_C,source_reported_R500_pct,source_reported_R600_pct,source_reported_T10_C,source_reported_TG_end_C,source_reported_TG_flow,source_reported_TG_mass_mg,source_reported_TG_start_C,source_reported_atmosphere,source_reported_heating_rate_C_min,source_reported_residues_at_peaks_pct,source_title,source_url,source_wet_pickup_pct,source_wetting_bath_wt_pct,source_wetting_identity,supplement_review_status,treatment_method,treatment_state,washing_state,year
10.1016/j.polymdegradstab.2004.11.013,,OwnTable8PDFp7printed369,29.3,ASTMD2863-97,,,,,,,,,,,,,,,,,,,NoownNYCOblendTG;purePA6/PA66TGdifferentmaterials,,,,,,,,,,,,50:50NYCO;FR40wtpercentXMM3.4TMM2.6catalystRD0.2wetting0.2active-solidsbath,Rawsourcefactonly,2026-10-02,Codexcompleteprimarynative/textpages;oneprimaryreviewer,,Polymer Degradation and Stability,"All8native/textpagesreviewed,noSIcited. OwnTGis100percentPA66woven59gm2Style306Aor100percentPA6knit73gm2Style304;LOIis50:50NYCOprinted216gm2BFUinmaterials/BDUintro. NOcross-materialpair. MettlerToledoTGA851AIR10C/min50-800C6-8mgcontinuousair,flowrate/panunreported;DSCaluminiumpans/range50-650separate. OwnPA66p3-4DTG412/379/398andR50010/21/17forcontrol/40percentFR2.6DMDHEU4.8TMMbeforewash/3homewashes;genericstartedloseweight360notT5/T10. OwnPA6Table3p4DTG424/343/395andR50010/23/15sameformulations/states;DSC425/342/397NOTDTG. Allsixpure-nylonTGrecordsheldwithoutownLOI. OwnNYCOTable8p7B1FR40XMM3.4TMM2.6andB2FR32XMM3.4TMM5.1bothcatalystRD0.2wetting0.2;B1LC0/1/10/20/40LOI29.3/28.4/27.2/26.1/24.5;LC50dashnot0. B2LC0/1/10/20/40/50LOI29.5/28.6/28.0/28.1/26.9/26.0. ElevenblendLOIfactsheldnoownblendTG. A1/A2Table4p5haveonlyFig5p6unlabelledLOIcurves,twocurve-onlyformulaeheldwithoutestimates. Allbathwtpercentbasedactivechemicalsolidsnotcommercialstock44/80/85percent. Double-dipdouble-nip90C3mindry165C2mincure;homeAATCC124-1996detergent1993approx46Cwash/drycycles,NOTaccelerated5x. Table4A1pickup78A280andTable6B178B277overridegeneral75;purePA6660/PA6150approx. PA6Table2initialP6.51versusprosep54.51andB1LC10Table7P1.15versusprose1.55conflictsrawonly. Table9charlengthcmnotTGcharpercent.19facts0approved.",nylon/cottonblend,"50:50nylon/cotton printed fabric,216g/m2;materialsBFU,introBDUtwill","50:50nylon/cotton printed fabric,216g/m2;materialsBFU,introBDUtwill",,B1,held_source_facts,,held_blend_LOI_no_own_blend_TG,journal_article,OwnExperimental/DOIcoverandallprimarypagesreviewed,,,,,,,held_outside_verified_target,,B1-NYCO,44,,70715-06-9,40,,,,,,,,2.6,80,,3.79,dashnot0,3.4,85,,0.2,,Nativepublisher2005PDS88:363-370,,,,,,,,Material/finishing/LOIp2printed364;formulasTable6p6printed368;Tables7/8p7printed369,,,0,,,,,,,,,,,,,,,,,Durable flame retardant finishing of the nylon/cotton blend fabric using a hydroxyl-functional organophosphorus oligomer,https://doi.org/10.1016/j.polymdegradstab.2004.11.013,78,0.2,Unreported,NoSIcitedallprimarypages,"Allbathw/wpercentactivechemicalsolids;double-dipdouble-nip,dry90C3min,cure165C2min;homewashAATCC124-1996StandardDetergent1993approx46Cwashing/dryingcycles,dryingtemperature/timeunreported",After0homewashingdryingcycles,After0homewashingdryingcycles,2005
10.1016/j.polymdegradstab.2004.11.013,,OwnTable8PDFp7printed369,28.4,ASTMD2863-97,,,,,,,,,,,,,,,,,,,NoownNYCOblendTG;purePA6/PA66TGdifferentmaterials,,,,,,,,,,,,50:50NYCO;FR40wtpercentXMM3.4TMM2.6catalystRD0.2wetting0.2active-solidsbath,Rawsourcefactonly,2026-10-02,Codexcompleteprimarynative/textpages;oneprimaryreviewer,,Polymer Degradation and Stability,"All8native/textpagesreviewed,noSIcited. OwnTGis100percentPA66woven59gm2Style306Aor100percentPA6knit73gm2Style304;LOIis50:50NYCOprinted216gm2BFUinmaterials/BDUintro. NOcross-materialpair. MettlerToledoTGA851AIR10C/min50-800C6-8mgcontinuousair,flowrate/panunreported;DSCaluminiumpans/range50-650separate. OwnPA66p3-4DTG412/379/398andR50010/21/17forcontrol/40percentFR2.6DMDHEU4.8TMMbeforewash/3homewashes;genericstartedloseweight360notT5/T10. OwnPA6Table3p4DTG424/343/395andR50010/23/15sameformulations/states;DSC425/342/397NOTDTG. Allsixpure-nylonTGrecordsheldwithoutownLOI. OwnNYCOTable8p7B1FR40XMM3.4TMM2.6andB2FR32XMM3.4TMM5.1bothcatalystRD0.2wetting0.2;B1LC0/1/10/20/40LOI29.3/28.4/27.2/26.1/24.5;LC50dashnot0. B2LC0/1/10/20/40/50LOI29.5/28.6/28.0/28.1/26.9/26.0. ElevenblendLOIfactsheldnoownblendTG. A1/A2Table4p5haveonlyFig5p6unlabelledLOIcurves,twocurve-onlyformulaeheldwithoutestimates. Allbathwtpercentbasedactivechemicalsolidsnotcommercialstock44/80/85percent. Double-dipdouble-nip90C3mindry165C2mincure;homeAATCC124-1996detergent1993approx46Cwash/drycycles,NOTaccelerated5x. Table4A1pickup78A280andTable6B178B277overridegeneral75;purePA6660/PA6150approx. PA6Table2initialP6.51versusprosep54.51andB1LC10Table7P1.15versusprose1.55conflictsrawonly. Table9charlengthcmnotTGcharpercent.19facts0approved.",nylon/cottonblend,"50:50nylon/cotton printed fabric,216g/m2;materialsBFU,introBDUtwill","50:50nylon/cotton printed fabric,216g/m2;materialsBFU,introBDUtwill",,B1,held_source_facts,,held_blend_LOI_no_own_blend_TG,journal_article,OwnExperimental/DOIcoverandallprimarypagesreviewed,,,,,,,held_outside_verified_target,,B1-NYCO,44,,70715-06-9,40,,,,,,,,2.6,80,,2.26,dashnot0,3.4,85,,0.2,,Nativepublisher2005PDS88:363-370,,,,,,,,Material/finishing/LOIp2printed364;formulasTable6p6printed368;Tables7/8p7printed369,,,1,,,,,,,,,,,,,,,,,Durable flame retardant finishing of the nylon/cotton blend fabric using a hydroxyl-functional organophosphorus oligomer,https://doi.org/10.1016/j.polymdegradstab.2004.11.013,78,0.2,Unreported,NoSIcitedallprimarypages,"Allbathw/wpercentactivechemicalsolids;double-dipdouble-nip,dry90C3min,cure165C2min;homewashAATCC124-1996StandardDetergent1993approx46Cwashing/dryingcycles,dryingtemperature/timeunreported",After1homewashingdryingcycles,After1homewashingdryingcycles,2005
10.1016/j.polymdegradstab.2004.11.013,,OwnTable8PDFp7printed369,27.2,ASTMD2863-97,,,,,,,,,,,,,,,,,,,NoownNYCOblendTG;purePA6/PA66TGdifferentmaterials,,,,,,,,,,,,50:50NYCO;FR40wtpercentXMM3.4TMM2.6catalystRD0.2wetting0.2active-solidsbath,Rawsourcefactonly,2026-10-02,Codexcompleteprimarynative/textpages;oneprimaryreviewer,,Polymer Degradation and Stability,"All8native/textpagesreviewed,noSIcited. OwnTGis100percentPA66woven59gm2Style306Aor100percentPA6knit73gm2Style304;LOIis50:50NYCOprinted216gm2BFUinmaterials/BDUintro. NOcross-materialpair. MettlerToledoTGA851AIR10C/min50-800C6-8mgcontinuousair,flowrate/panunreported;DSCaluminiumpans/range50-650separate. OwnPA66p3-4DTG412/379/398andR50010/21/17forcontrol/40percentFR2.6DMDHEU4.8TMMbeforewash/3homewashes;genericstartedloseweight360notT5/T10. OwnPA6Table3p4DTG424/343/395andR50010/23/15sameformulations/states;DSC425/342/397NOTDTG. Allsixpure-nylonTGrecordsheldwithoutownLOI. OwnNYCOTable8p7B1FR40XMM3.4TMM2.6andB2FR32XMM3.4TMM5.1bothcatalystRD0.2wetting0.2;B1LC0/1/10/20/40LOI29.3/28.4/27.2/26.1/24.5;LC50dashnot0. B2LC0/1/10/20/40/50LOI29.5/28.6/28.0/28.1/26.9/26.0. ElevenblendLOIfactsheldnoownblendTG. A1/A2Table4p5haveonlyFig5p6unlabelledLOIcurves,twocurve-onlyformulaeheldwithoutestimates. Allbathwtpercentbasedactivechemicalsolidsnotcommercialstock44/80/85percent. Double-dipdouble-nip90C3mindry165C2mincure;homeAATCC124-1996detergent1993approx46Cwash/drycycles,NOTaccelerated5x. Table4A1pickup78A280andTable6B178B277overridegeneral75;purePA6660/PA6150approx. PA6Table2initialP6.51versusprosep54.51andB1LC10Table7P1.15versusprose1.55conflictsrawonly. Table9charlengthcmnotTGcharpercent.19facts0approved.",nylon/cottonblend,"50:50nylon/cotton printed fabric,216g/m2;materialsBFU,introBDUtwill","50:50nylon/cotton printed fabric,216g/m2;materialsBFU,introBDUtwill",,B1,held_source_facts,,held_blend_LOI_no_own_blend_TG,journal_article,OwnExperimental/DOIcoverandallprimarypagesreviewed,,,,,,,held_outside_verified_target,,B1-NYCO,44,,70715-06-9,40,Table71.15versusprose1.55;rawbothnotcanonical,,,,,,,2.6,80,,1.15,dashnot0,3.4,85,,0.2,,Nativepublisher2005PDS88:363-370,,,,,,,,Material/finishing/LOIp2printed364;formulasTable6p6printed368;Tables7/8p7printed369,,,10,1.55,,,,,,,,,,,,,,,,Durable flame retardant finishing of the nylon/cotton blend fabric using a hydroxyl-functional organophosphorus oligomer,https://doi.org/10.1016/j.polymdegradstab.2004.11.013,78,0.2,Unreported,NoSIcitedallprimarypages,"Allbathw/wpercentactivechemicalsolids;double-dipdouble-nip,dry90C3min,cure165C2min;homewashAATCC124-1996StandardDetergent1993approx46Cwashing/dryingcycles,dryingtemperature/timeunreported",After10homewashingdryingcycles,After10homewashingdryingcycles,2005
10.1016/j.polymdegradstab.2004.11.013,,OwnTable8PDFp7printed369,26.1,ASTMD2863-97,,,,,,,,,,,,,,,,,,,NoownNYCOblendTG;purePA6/PA66TGdifferentmaterials,,,,,,,,,,,,50:50NYCO;FR40wtpercentXMM3.4TMM2.6catalystRD0.2wetting0.2active-solidsbath,Rawsourcefactonly,2026-10-02,Codexcompleteprimarynative/textpages;oneprimaryreviewer,,Polymer Degradation and Stability,"All8native/textpagesreviewed,noSIcited. OwnTGis100percentPA66woven59gm2Style306Aor100percentPA6knit73gm2Style304;LOIis50:50NYCOprinted216gm2BFUinmaterials/BDUintro. NOcross-materialpair. MettlerToledoTGA851AIR10C/min50-800C6-8mgcontinuousair,flowrate/panunreported;DSCaluminiumpans/range50-650separate. OwnPA66p3-4DTG412/379/398andR50010/21/17forcontrol/40percentFR2.6DMDHEU4.8TMMbeforewash/3homewashes;genericstartedloseweight360notT5/T10. OwnPA6Table3p4DTG424/343/395andR50010/23/15sameformulations/states;DSC425/342/397NOTDTG. Allsixpure-nylonTGrecordsheldwithoutownLOI. OwnNYCOTable8p7B1FR40XMM3.4TMM2.6andB2FR32XMM3.4TMM5.1bothcatalystRD0.2wetting0.2;B1LC0/1/10/20/40LOI29.3/28.4/27.2/26.1/24.5;LC50dashnot0. B2LC0/1/10/20/40/50LOI29.5/28.6/28.0/28.1/26.9/26.0. ElevenblendLOIfactsheldnoownblendTG. A1/A2Table4p5haveonlyFig5p6unlabelledLOIcurves,twocurve-onlyformulaeheldwithoutestimates. Allbathwtpercentbasedactivechemicalsolidsnotcommercialstock44/80/85percent. Double-dipdouble-nip90C3mindry165C2mincure;homeAATCC124-1996detergent1993approx46Cwash/drycycles,NOTaccelerated5x. Table4A1pickup78A280andTable6B178B277overridegeneral75;purePA6660/PA6150approx. PA6Table2initialP6.51versusprosep54.51andB1LC10Table7P1.15versusprose1.55conflictsrawonly. Table9charlengthcmnotTGcharpercent.19facts0approved.",nylon/cottonblend,"50:50nylon/cotton printed fabric,216g/m2;materialsBFU,introBDUtwill","50:50nylon/cotton printed fabric,216g/m2;materialsBFU,introBDUtwill",,B1,held_source_facts,,held_blend_LOI_no_own_blend_TG,journal_article,OwnExperimental/DOIcoverandallprimarypagesreviewed,,,,,,,held_outside_verified_target,,B1-NYCO,44,,70715-06-9,40,,,,,,,,2.6,80,,1.28,dashnot0,3.4,85,,0.2,,Nativepublisher2005PDS88:363-370,,,,,,,,Material/finishing/LOIp2printed364;formulasTable6p6printed368;Tables7/8p7printed369,,,20,,,,,,,,,,,,,,,,,Durable flame retardant finishing of the nylon/cotton blend fabric using a hydroxyl-functional organophosphorus oligomer,https://doi.org/10.1016/j.polymdegradstab.2004.11.013,78,0.2,Unreported,NoSIcitedallprimarypages,"Allbathw/wpercentactivechemicalsolids;double-dipdouble-nip,dry90C3min,cure165C2min;homewashAATCC124-1996StandardDetergent1993approx46Cwashing/dryingcycles,dryingtemperature/timeunreported",After20homewashingdryingcycles,After20homewashingdryingcycles,2005
10.1016/j.polymdegradstab.2004.11.013,,OwnTable8PDFp7printed369,24.5,ASTMD2863-97,,,,,,,,,,,,,,,,,,,NoownNYCOblendTG;purePA6/PA66TGdifferentmaterials,,,,,,,,,,,,50:50NYCO;FR40wtpercentXMM3.4TMM2.6catalystRD0.2wetting0.2active-solidsbath,Rawsourcefactonly,2026-10-02,Codexcompleteprimarynative/textpages;oneprimaryreviewer,,Polymer Degradation and Stability,"All8native/textpagesreviewed,noSIcited. OwnTGis100percentPA66woven59gm2Style306Aor100percentPA6knit73gm2Style304;LOIis50:50NYCOprinted216gm2BFUinmaterials/BDUintro. NOcross-materialpair. MettlerToledoTGA851AIR10C/min50-800C6-8mgcontinuousair,flowrate/panunreported;DSCaluminiumpans/range50-650separate. OwnPA66p3-4DTG412/379/398andR50010/21/17forcontrol/40percentFR2.6DMDHEU4.8TMMbeforewash/3homewashes;genericstartedloseweight360notT5/T10. OwnPA6Table3p4DTG424/343/395andR50010/23/15sameformulations/states;DSC425/342/397NOTDTG. Allsixpure-nylonTGrecordsheldwithoutownLOI. OwnNYCOTable8p7B1FR40XMM3.4TMM2.6andB2FR32XMM3.4TMM5.1bothcatalystRD0.2wetting0.2;B1LC0/1/10/20/40LOI29.3/28.4/27.2/26.1/24.5;LC50dashnot0. B2LC0/1/10/20/40/50LOI29.5/28.6/28.0/28.1/26.9/26.0. ElevenblendLOIfactsheldnoownblendTG. A1/A2Table4p5haveonlyFig5p6unlabelledLOIcurves,twocurve-onlyformulaeheldwithoutestimates. Allbathwtpercentbasedactivechemicalsolidsnotcommercialstock44/80/85percent. Double-dipdouble-nip90C3mindry165C2mincure;homeAATCC124-1996detergent1993approx46Cwash/drycycles,NOTaccelerated5x. Table4A1pickup78A280andTable6B178B277overridegeneral75;purePA6660/PA6150approx. PA6Table2initialP6.51versusprosep54.51andB1LC10Table7P1.15versusprose1.55conflictsrawonly. Table9charlengthcmnotTGcharpercent.19facts0approved.",nylon/cottonblend,"50:50nylon/cotton printed fabric,216g/m2;materialsBFU,introBDUtwill","50:50nylon/cotton printed fabric,216g/m2;materialsBFU,introBDUtwill",,B1,held_source_facts,,held_blend_LOI_no_own_blend_TG,journal_article,OwnExperimental/DOIcoverandallprimarypagesreviewed,,,,,,,held_outside_verified_target,,B1-NYCO,44,,70715-06-9,40,,,,,,,,2.6,80,,0.96,dashnot0,3.4,85,,0.2,,Nativepublisher2005PDS88:363-370,,,,,,,,Material/finishing/LOIp2printed364;formulasTable6p6printed368;Tables7/8p7printed369,,,40,,,,,,,,,,,,,,,,,Durable flame retardant finishing of the nylon/cotton blend fabric using a hydroxyl-functional organophosphorus oligomer,https://doi.org/10.1016/j.polymdegradstab.2004.11.013,78,0.2,Unreported,NoSIcitedallprimarypages,"Allbathw/wpercentactivechemicalsolids;double-dipdouble-nip,dry90C3min,cure165C2min;homewashAATCC124-1996StandardDetergent1993approx46Cwashing/dryingcycles,dryingtemperature/timeunreported",After40homewashingdryingcycles,After40homewashingdryingcycles,2005
10.1016/j.polymdegradstab.2004.11.013,,OwnTable8PDFp7printed369,29.5,ASTMD2863-97,,,,,,,,,,,,,,,,,,,NoownNYCOblendTG;purePA6/PA66TGdifferentmaterials,,,,,,,,,,,,50:50NYCO;FR32wtpercentXMM3.4TMM5.1catalystRD0.2wetting0.2active-solidsbath,Rawsourcefactonly,2026-10-02,Codexcompleteprimarynative/textpages;oneprimaryreviewer,,Polymer Degradation and Stability,"All8native/textpagesreviewed,noSIcited. OwnTGis100percentPA66woven59gm2Style306Aor100percentPA6knit73gm2Style304;LOIis50:50NYCOprinted216gm2BFUinmaterials/BDUintro. NOcross-materialpair. MettlerToledoTGA851AIR10C/min50-800C6-8mgcontinuousair,flowrate/panunreported;DSCaluminiumpans/range50-650separate. OwnPA66p3-4DTG412/379/398andR50010/21/17forcontrol/40percentFR2.6DMDHEU4.8TMMbeforewash/3homewashes;genericstartedloseweight360notT5/T10. OwnPA6Table3p4DTG424/343/395andR50010/23/15sameformulations/states;DSC425/342/397NOTDTG. Allsixpure-nylonTGrecordsheldwithoutownLOI. OwnNYCOTable8p7B1FR40XMM3.4TMM2.6andB2FR32XMM3.4TMM5.1bothcatalystRD0.2wetting0.2;B1LC0/1/10/20/40LOI29.3/28.4/27.2/26.1/24.5;LC50dashnot0. B2LC0/1/10/20/40/50LOI29.5/28.6/28.0/28.1/26.9/26.0. ElevenblendLOIfactsheldnoownblendTG. A1/A2Table4p5haveonlyFig5p6unlabelledLOIcurves,twocurve-onlyformulaeheldwithoutestimates. Allbathwtpercentbasedactivechemicalsolidsnotcommercialstock44/80/85percent. Double-dipdouble-nip90C3mindry165C2mincure;homeAATCC124-1996detergent1993approx46Cwash/drycycles,NOTaccelerated5x. Table4A1pickup78A280andTable6B178B277overridegeneral75;purePA6660/PA6150approx. PA6Table2initialP6.51versusprosep54.51andB1LC10Table7P1.15versusprose1.55conflictsrawonly. Table9charlengthcmnotTGcharpercent.19facts0approved.",nylon/cottonblend,"50:50nylon/cotton printed fabric,216g/m2;materialsBFU,introBDUtwill","50:50nylon/cotton printed fabric,216g/m2;materialsBFU,introBDUtwill",,B2,held_source_facts,,held_blend_LOI_no_own_blend_TG,journal_article,OwnExperimental/DOIcoverandallprimarypagesreviewed,,,,,,,held_outside_verified_target,,B2-NYCO,44,,70715-06-9,32,,,,,,,,5.1,80,,3.09,,3.4,85,,0.2,,Nativepublisher2005PDS88:363-370,,,,,,,,Material/finishing/LOIp2printed364;formulasTable6p6printed368;Tables7/8p7printed369,,,0,,,,,,,,,,,,,,,,,Durable flame retardant finishing of the nylon/cotton blend fabric using a hydroxyl-functional organophosphorus oligomer,https://doi.org/10.1016/j.polymdegradstab.2004.11.013,77,0.2,Unreported,NoSIcitedallprimarypages,"Allbathw/wpercentactivechemicalsolids;double-dipdouble-nip,dry90C3min,cure165C2min;homewashAATCC124-1996StandardDetergent1993approx46Cwashing/dryingcycles,dryingtemperature/timeunreported",After0homewashingdryingcycles,After0homewashingdryingcycles,2005
10.1016/j.polymdegradstab.2004.11.013,,OwnTable8PDFp7printed369,28.6,ASTMD2863-97,,,,,,,,,,,,,,,,,,,NoownNYCOblendTG;purePA6/PA66TGdifferentmaterials,,,,,,,,,,,,50:50NYCO;FR32wtpercentXMM3.4TMM5.1catalystRD0.2wetting0.2active-solidsbath,Rawsourcefactonly,2026-10-02,Codexcompleteprimarynative/textpages;oneprimaryreviewer,,Polymer Degradation and Stability,"All8native/textpagesreviewed,noSIcited. OwnTGis100percentPA66woven59gm2Style306Aor100percentPA6knit73gm2Style304;LOIis50:50NYCOprinted216gm2BFUinmaterials/BDUintro. NOcross-materialpair. MettlerToledoTGA851AIR10C/min50-800C6-8mgcontinuousair,flowrate/panunreported;DSCaluminiumpans/range50-650separate. OwnPA66p3-4DTG412/379/398andR50010/21/17forcontrol/40percentFR2.6DMDHEU4.8TMMbeforewash/3homewashes;genericstartedloseweight360notT5/T10. OwnPA6Table3p4DTG424/343/395andR50010/23/15sameformulations/states;DSC425/342/397NOTDTG. Allsixpure-nylonTGrecordsheldwithoutownLOI. OwnNYCOTable8p7B1FR40XMM3.4TMM2.6andB2FR32XMM3.4TMM5.1bothcatalystRD0.2wetting0.2;B1LC0/1/10/20/40LOI29.3/28.4/27.2/26.1/24.5;LC50dashnot0. B2LC0/1/10/20/40/50LOI29.5/28.6/28.0/28.1/26.9/26.0. ElevenblendLOIfactsheldnoownblendTG. A1/A2Table4p5haveonlyFig5p6unlabelledLOIcurves,twocurve-onlyformulaeheldwithoutestimates. Allbathwtpercentbasedactivechemicalsolidsnotcommercialstock44/80/85percent. Double-dipdouble-nip90C3mindry165C2mincure;homeAATCC124-1996detergent1993approx46Cwash/drycycles,NOTaccelerated5x. Table4A1pickup78A280andTable6B178B277overridegeneral75;purePA6660/PA6150approx. PA6Table2initialP6.51versusprosep54.51andB1LC10Table7P1.15versusprose1.55conflictsrawonly. Table9charlengthcmnotTGcharpercent.19facts0approved.",nylon/cottonblend,"50:50nylon/cotton printed fabric,216g/m2;materialsBFU,introBDUtwill","50:50nylon/cotton printed fabric,216g/m2;materialsBFU,introBDUtwill",,B2,held_source_facts,,held_blend_LOI_no_own_blend_TG,journal_article,OwnExperimental/DOIcoverandallprimarypagesreviewed,,,,,,,held_outside_verified_target,,B2-NYCO,44,,70715-06-9,32,,,,,,,,5.1,80,,2.17,,3.4,85,,0.2,,Nativepublisher2005PDS88:363-370,,,,,,,,Material/finishing/LOIp2printed364;formulasTable6p6printed368;Tables7/8p7printed369,,,1,,,,,,,,,,,,,,,,,Durable flame retardant finishing of the nylon/cotton blend fabric using a hydroxyl-functional organophosphorus oligomer,https://doi.org/10.1016/j.polymdegradstab.2004.11.013,77,0.2,Unreported,NoSIcitedallprimarypages,"Allbathw/wpercentactivechemicalsolids;double-dipdouble-nip,dry90C3min,cure165C2min;homewashAATCC124-1996StandardDetergent1993approx46Cwashing/dryingcycles,dryingtemperature/timeunreported",After1homewashingdryingcycles,After1homewashingdryingcycles,2005
10.1016/j.polymdegradstab.2004.11.013,,OwnTable8PDFp7printed369,28.0,ASTMD2863-97,,,,,,,,,,,,,,,,,,,NoownNYCOblendTG;purePA6/PA66TGdifferentmaterials,,,,,,,,,,,,50:50NYCO;FR32wtpercentXMM3.4TMM5.1catalystRD0.2wetting0.2active-solidsbath,Rawsourcefactonly,2026-10-02,Codexcompleteprimarynative/textpages;oneprimaryreviewer,,Polymer Degradation and Stability,"All8native/textpagesreviewed,noSIcited. OwnTGis100percentPA66woven59gm2Style306Aor100percentPA6knit73gm2Style304;LOIis50:50NYCOprinted216gm2BFUinmaterials/BDUintro. NOcross-materialpair. MettlerToledoTGA851AIR10C/min50-800C6-8mgcontinuousair,flowrate/panunreported;DSCaluminiumpans/range50-650separate. OwnPA66p3-4DTG412/379/398andR50010/21/17forcontrol/40percentFR2.6DMDHEU4.8TMMbeforewash/3homewashes;genericstartedloseweight360notT5/T10. OwnPA6Table3p4DTG424/343/395andR50010/23/15sameformulations/states;DSC425/342/397NOTDTG. Allsixpure-nylonTGrecordsheldwithoutownLOI. OwnNYCOTable8p7B1FR40XMM3.4TMM2.6andB2FR32XMM3.4TMM5.1bothcatalystRD0.2wetting0.2;B1LC0/1/10/20/40LOI29.3/28.4/27.2/26.1/24.5;LC50dashnot0. B2LC0/1/10/20/40/50LOI29.5/28.6/28.0/28.1/26.9/26.0. ElevenblendLOIfactsheldnoownblendTG. A1/A2Table4p5haveonlyFig5p6unlabelledLOIcurves,twocurve-onlyformulaeheldwithoutestimates. Allbathwtpercentbasedactivechemicalsolidsnotcommercialstock44/80/85percent. Double-dipdouble-nip90C3mindry165C2mincure;homeAATCC124-1996detergent1993approx46Cwash/drycycles,NOTaccelerated5x. Table4A1pickup78A280andTable6B178B277overridegeneral75;purePA6660/PA6150approx. PA6Table2initialP6.51versusprosep54.51andB1LC10Table7P1.15versusprose1.55conflictsrawonly. Table9charlengthcmnotTGcharpercent.19facts0approved.",nylon/cottonblend,"50:50nylon/cotton printed fabric,216g/m2;materialsBFU,introBDUtwill","50:50nylon/cotton printed fabric,216g/m2;materialsBFU,introBDUtwill",,B2,held_source_facts,,held_blend_LOI_no_own_blend_TG,journal_article,OwnExperimental/DOIcoverandallprimarypagesreviewed,,,,,,,held_outside_verified_target,,B2-NYCO,44,,70715-06-9,32,,,,,,,,5.1,80,,1.91,,3.4,85,,0.2,,Nativepublisher2005PDS88:363-370,,,,,,,,Material/finishing/LOIp2printed364;formulasTable6p6printed368;Tables7/8p7printed369,,,10,,,,,,,,,,,,,,,,,Durable flame retardant finishing of the nylon/cotton blend fabric using a hydroxyl-functional organophosphorus oligomer,https://doi.org/10.1016/j.polymdegradstab.2004.11.013,77,0.2,Unreported,NoSIcitedallprimarypages,"Allbathw/wpercentactivechemicalsolids;double-dipdouble-nip,dry90C3min,cure165C2min;homewashAATCC124-1996StandardDetergent1993approx46Cwashing/dryingcycles,dryingtemperature/timeunreported",After10homewashingdryingcycles,After10homewashingdryingcycles,2005
10.1016/j.polymdegradstab.2004.11.013,,OwnTable8PDFp7printed369,28.1,ASTMD2863-97,,,,,,,,,,,,,,,,,,,NoownNYCOblendTG;purePA6/PA66TGdifferentmaterials,,,,,,,,,,,,50:50NYCO;FR32wtpercentXMM3.4TMM5.1catalystRD0.2wetting0.2active-solidsbath,Rawsourcefactonly,2026-10-02,Codexcompleteprimarynative/textpages;oneprimaryreviewer,,Polymer Degradation and Stability,"All8native/textpagesreviewed,noSIcited. OwnTGis100percentPA66woven59gm2Style306Aor100percentPA6knit73gm2Style304;LOIis50:50NYCOprinted216gm2BFUinmaterials/BDUintro. NOcross-materialpair. MettlerToledoTGA851AIR10C/min50-800C6-8mgcontinuousair,flowrate/panunreported;DSCaluminiumpans/range50-650separate. OwnPA66p3-4DTG412/379/398andR50010/21/17forcontrol/40percentFR2.6DMDHEU4.8TMMbeforewash/3homewashes;genericstartedloseweight360notT5/T10. OwnPA6Table3p4DTG424/343/395andR50010/23/15sameformulations/states;DSC425/342/397NOTDTG. Allsixpure-nylonTGrecordsheldwithoutownLOI. OwnNYCOTable8p7B1FR40XMM3.4TMM2.6andB2FR32XMM3.4TMM5.1bothcatalystRD0.2wetting0.2;B1LC0/1/10/20/40LOI29.3/28.4/27.2/26.1/24.5;LC50dashnot0. B2LC0/1/10/20/40/50LOI29.5/28.6/28.0/28.1/26.9/26.0. ElevenblendLOIfactsheldnoownblendTG. A1/A2Table4p5haveonlyFig5p6unlabelledLOIcurves,twocurve-onlyformulaeheldwithoutestimates. Allbathwtpercentbasedactivechemicalsolidsnotcommercialstock44/80/85percent. Double-dipdouble-nip90C3mindry165C2mincure;homeAATCC124-1996detergent1993approx46Cwash/drycycles,NOTaccelerated5x. Table4A1pickup78A280andTable6B178B277overridegeneral75;purePA6660/PA6150approx. PA6Table2initialP6.51versusprosep54.51andB1LC10Table7P1.15versusprose1.55conflictsrawonly. Table9charlengthcmnotTGcharpercent.19facts0approved.",nylon/cottonblend,"50:50nylon/cotton printed fabric,216g/m2;materialsBFU,introBDUtwill","50:50nylon/cotton printed fabric,216g/m2;materialsBFU,introBDUtwill",,B2,held_source_facts,,held_blend_LOI_no_own_blend_TG,journal_article,OwnExperimental/DOIcoverandallprimarypagesreviewed,,,,,,,held_outside_verified_target,,B2-NYCO,44,,70715-06-9,32,,,,,,,,5.1,80,,1.89,,3.4,85,,0.2,,Nativepublisher2005PDS88:363-370,,,,,,,,Material/finishing/LOIp2printed364;formulasTable6p6printed368;Tables7/8p7printed369,,,20,,,,,,,,,,,,,,,,,Durable flame retardant finishing of the nylon/cotton blend fabric using a hydroxyl-functional organophosphorus oligomer,https://doi.org/10.1016/j.polymdegradstab.2004.11.013,77,0.2,Unreported,NoSIcitedallprimarypages,"Allbathw/wpercentactivechemicalsolids;double-dipdouble-nip,dry90C3min,cure165C2min;homewashAATCC124-1996StandardDetergent1993approx46Cwashing/dryingcycles,dryingtemperature/timeunreported",After20homewashingdryingcycles,After20homewashingdryingcycles,2005
10.1016/j.polymdegradstab.2004.11.013,,OwnTable8PDFp7printed369,26.9,ASTMD2863-97,,,,,,,,,,,,,,,,,,,NoownNYCOblendTG;purePA6/PA66TGdifferentmaterials,,,,,,,,,,,,50:50NYCO;FR32wtpercentXMM3.4TMM5.1catalystRD0.2wetting0.2active-solidsbath,Rawsourcefactonly,2026-10-02,Codexcompleteprimarynative/textpages;oneprimaryreviewer,,Polymer Degradation and Stability,"All8native/textpagesreviewed,noSIcited. OwnTGis100percentPA66woven59gm2Style306Aor100percentPA6knit73gm2Style304;LOIis50:50NYCOprinted216gm2BFUinmaterials/BDUintro. NOcross-materialpair. MettlerToledoTGA851AIR10C/min50-800C6-8mgcontinuousair,flowrate/panunreported;DSCaluminiumpans/range50-650separate. OwnPA66p3-4DTG412/379/398andR50010/21/17forcontrol/40percentFR2.6DMDHEU4.8TMMbeforewash/3homewashes;genericstartedloseweight360notT5/T10. OwnPA6Table3p4DTG424/343/395andR50010/23/15sameformulations/states;DSC425/342/397NOTDTG. Allsixpure-nylonTGrecordsheldwithoutownLOI. OwnNYCOTable8p7B1FR40XMM3.4TMM2.6andB2FR32XMM3.4TMM5.1bothcatalystRD0.2wetting0.2;B1LC0/1/10/20/40LOI29.3/28.4/27.2/26.1/24.5;LC50dashnot0. B2LC0/1/10/20/40/50LOI29.5/28.6/28.0/28.1/26.9/26.0. ElevenblendLOIfactsheldnoownblendTG. A1/A2Table4p5haveonlyFig5p6unlabelledLOIcurves,twocurve-onlyformulaeheldwithoutestimates. Allbathwtpercentbasedactivechemicalsolidsnotcommercialstock44/80/85percent. Double-dipdouble-nip90C3mindry165C2mincure;homeAATCC124-1996detergent1993approx46Cwash/drycycles,NOTaccelerated5x. Table4A1pickup78A280andTable6B178B277overridegeneral75;purePA6660/PA6150approx. PA6Table2initialP6.51versusprosep54.51andB1LC10Table7P1.15versusprose1.55conflictsrawonly. Table9charlengthcmnotTGcharpercent.19facts0approved.",nylon/cottonblend,"50:50nylon/cotton printed fabric,216g/m2;materialsBFU,introBDUtwill","50:50nylon/cotton printed fabric,216g/m2;materialsBFU,introBDUtwill",,B2,held_source_facts,,held_blend_LOI_no_own_blend_TG,journal_article,OwnExperimental/DOIcoverandallprimarypagesreviewed,,,,,,,held_outside_verified_target,,B2-NYCO,44,,70715-06-9,32,,,,,,,,5.1,80,,1.5,,3.4,85,,0.2,,Nativepublisher2005PDS88:363-370,,,,,,,,Material/finishing/LOIp2printed364;formulasTable6p6printed368;Tables7/8p7printed369,,,40,,,,,,,,,,,,,,,,,Durable flame retardant finishing of the nylon/cotton blend fabric using a hydroxyl-functional organophosphorus oligomer,https://doi.org/10.1016/j.polymdegradstab.2004.11.013,77,0.2,Unreported,NoSIcitedallprimarypages,"Allbathw/wpercentactivechemicalsolids;double-dipdouble-nip,dry90C3min,cure165C2min;homewashAATCC124-1996StandardDetergent1993approx46Cwashing/dryingcycles,dryingtemperature/timeunreported",After40homewashingdryingcycles,After40homewashingdryingcycles,2005
10.1016/j.polymdegradstab.2004.11.013,,OwnTable8PDFp7printed369,26.0,ASTMD2863-97,,,,,,,,,,,,,,,,,,,NoownNYCOblendTG;purePA6/PA66TGdifferentmaterials,,,,,,,,,,,,50:50NYCO;FR32wtpercentXMM3.4TMM5.1catalystRD0.2wetting0.2active-solidsbath,Rawsourcefactonly,2026-10-02,Codexcompleteprimarynative/textpages;oneprimaryreviewer,,Polymer Degradation and Stability,"All8native/textpagesreviewed,noSIcited. OwnTGis100percentPA66woven59gm2Style306Aor100percentPA6knit73gm2Style304;LOIis50:50NYCOprinted216gm2BFUinmaterials/BDUintro. NOcross-materialpair. MettlerToledoTGA851AIR10C/min50-800C6-8mgcontinuousair,flowrate/panunreported;DSCaluminiumpans/range50-650separate. OwnPA66p3-4DTG412/379/398andR50010/21/17forcontrol/40percentFR2.6DMDHEU4.8TMMbeforewash/3homewashes;genericstartedloseweight360notT5/T10. OwnPA6Table3p4DTG424/343/395andR50010/23/15sameformulations/states;DSC425/342/397NOTDTG. Allsixpure-nylonTGrecordsheldwithoutownLOI. OwnNYCOTable8p7B1FR40XMM3.4TMM2.6andB2FR32XMM3.4TMM5.1bothcatalystRD0.2wetting0.2;B1LC0/1/10/20/40LOI29.3/28.4/27.2/26.1/24.5;LC50dashnot0. B2LC0/1/10/20/40/50LOI29.5/28.6/28.0/28.1/26.9/26.0. ElevenblendLOIfactsheldnoownblendTG. A1/A2Table4p5haveonlyFig5p6unlabelledLOIcurves,twocurve-onlyformulaeheldwithoutestimates. Allbathwtpercentbasedactivechemicalsolidsnotcommercialstock44/80/85percent. Double-dipdouble-nip90C3mindry165C2mincure;homeAATCC124-1996detergent1993approx46Cwash/drycycles,NOTaccelerated5x. Table4A1pickup78A280andTable6B178B277overridegeneral75;purePA6660/PA6150approx. PA6Table2initialP6.51versusprosep54.51andB1LC10Table7P1.15versusprose1.55conflictsrawonly. Table9charlengthcmnotTGcharpercent.19facts0approved.",nylon/cottonblend,"50:50nylon/cotton printed fabric,216g/m2;materialsBFU,introBDUtwill","50:50nylon/cotton printed fabric,216g/m2;materialsBFU,introBDUtwill",,B2,held_source_facts,,held_blend_LOI_no_own_blend_TG,journal_article,OwnExperimental/DOIcoverandallprimarypagesreviewed,,,,,,,held_outside_verified_target,,B2-NYCO,44,,70715-06-9,32,,,,,,,,5.1,80,,1.43,,3.4,85,,0.2,,Nativepublisher2005PDS88:363-370,,,,,,,,Material/finishing/LOIp2printed364;formulasTable6p6printed368;Tables7/8p7printed369,,,50,,,,,,,,,,,,,,,,,Durable flame retardant finishing of the nylon/cotton blend fabric using a hydroxyl-functional organophosphorus oligomer,https://doi.org/10.1016/j.polymdegradstab.2004.11.013,77,0.2,Unreported,NoSIcitedallprimarypages,"Allbathw/wpercentactivechemicalsolids;double-dipdouble-nip,dry90C3min,cure165C2min;homewashAATCC124-1996StandardDetergent1993approx46Cwashing/dryingcycles,dryingtemperature/timeunreported",After50homewashingdryingcycles,After50homewashingdryingcycles,2005
10.1016/j.polymdegradstab.2004.11.013,,Noownpure-nylonLOI;NYCOTable8differentmaterial,,,,,,,,,,,,,,,,,,,,,OwnPA66prosePDFp3-4printed365-366,,,,,,,,,,,,100percentPA66;untreated,Rawsourcefactonly,2026-10-02,Codexcompleteprimarynative/textpages;oneprimaryreviewer,,Polymer Degradation and Stability,"All8native/textpagesreviewed,noSIcited. OwnTGis100percentPA66woven59gm2Style306Aor100percentPA6knit73gm2Style304;LOIis50:50NYCOprinted216gm2BFUinmaterials/BDUintro. NOcross-materialpair. MettlerToledoTGA851AIR10C/min50-800C6-8mgcontinuousair,flowrate/panunreported;DSCaluminiumpans/range50-650separate. OwnPA66p3-4DTG412/379/398andR50010/21/17forcontrol/40percentFR2.6DMDHEU4.8TMMbeforewash/3homewashes;genericstartedloseweight360notT5/T10. OwnPA6Table3p4DTG424/343/395andR50010/23/15sameformulations/states;DSC425/342/397NOTDTG. Allsixpure-nylonTGrecordsheldwithoutownLOI. OwnNYCOTable8p7B1FR40XMM3.4TMM2.6andB2FR32XMM3.4TMM5.1bothcatalystRD0.2wetting0.2;B1LC0/1/10/20/40LOI29.3/28.4/27.2/26.1/24.5;LC50dashnot0. B2LC0/1/10/20/40/50LOI29.5/28.6/28.0/28.1/26.9/26.0. ElevenblendLOIfactsheldnoownblendTG. A1/A2Table4p5haveonlyFig5p6unlabelledLOIcurves,twocurve-onlyformulaeheldwithoutestimates. Allbathwtpercentbasedactivechemicalsolidsnotcommercialstock44/80/85percent. Double-dipdouble-nip90C3mindry165C2mincure;homeAATCC124-1996detergent1993approx46Cwash/drycycles,NOTaccelerated5x. Table4A1pickup78A280andTable6B178B277overridegeneral75;purePA6660/PA6150approx. PA6Table2initialP6.51versusprosep54.51andB1LC10Table7P1.15versusprose1.55conflictsrawonly. Table9charlengthcmnotTGcharpercent.19facts0approved.",polyamide,"100percentPA66woven fabric,59g/m2,TestfabricsStyle306A",,,PA66-control,held_source_facts,,held_pure_nylon_TG_no_own_LOI,journal_article,OwnExperimental/DOIcoverandallprimarypagesreviewed,,,,,,,held_outside_verified_target,,PA66-control,,,,,,,MettlerToledoTGA851,,,,,,,,,,,,,,,Nativepublisher2005PDS88:363-370,,,,,,,,Materialsp2printed364;TGmethodp3printed365;ownTGp3-4printed365-366,,,0,,,360,,412,,10,,,800,Continuousair;flowrateunreported,6-8,50,air,10,,Durable flame retardant finishing of the nylon/cotton blend fabric using a hydroxyl-functional organophosphorus oligomer,https://doi.org/10.1016/j.polymdegradstab.2004.11.013,60,,,NoSIcitedallprimarypages,Untreated,Untreated,Untreatedcontrol,2005
10.1016/j.polymdegradstab.2004.11.013,,Noownpure-nylonLOI;NYCOTable8differentmaterial,,,,,,,,,,,,,,,,,,,,,OwnPA66prosePDFp3-4printed365-366,,,,,,,,,,,,100percentPA66;FR40wtpercentDMDHEU2.6TMM4.8active-solidsbath,Rawsourcefactonly,2026-10-02,Codexcompleteprimarynative/textpages;oneprimaryreviewer,,Polymer Degradation and Stability,"All8native/textpagesreviewed,noSIcited. OwnTGis100percentPA66woven59gm2Style306Aor100percentPA6knit73gm2Style304;LOIis50:50NYCOprinted216gm2BFUinmaterials/BDUintro. NOcross-materialpair. MettlerToledoTGA851AIR10C/min50-800C6-8mgcontinuousair,flowrate/panunreported;DSCaluminiumpans/range50-650separate. OwnPA66p3-4DTG412/379/398andR50010/21/17forcontrol/40percentFR2.6DMDHEU4.8TMMbeforewash/3homewashes;genericstartedloseweight360notT5/T10. OwnPA6Table3p4DTG424/343/395andR50010/23/15sameformulations/states;DSC425/342/397NOTDTG. Allsixpure-nylonTGrecordsheldwithoutownLOI. OwnNYCOTable8p7B1FR40XMM3.4TMM2.6andB2FR32XMM3.4TMM5.1bothcatalystRD0.2wetting0.2;B1LC0/1/10/20/40LOI29.3/28.4/27.2/26.1/24.5;LC50dashnot0. B2LC0/1/10/20/40/50LOI29.5/28.6/28.0/28.1/26.9/26.0. ElevenblendLOIfactsheldnoownblendTG. A1/A2Table4p5haveonlyFig5p6unlabelledLOIcurves,twocurve-onlyformulaeheldwithoutestimates. Allbathwtpercentbasedactivechemicalsolidsnotcommercialstock44/80/85percent. Double-dipdouble-nip90C3mindry165C2mincure;homeAATCC124-1996detergent1993approx46Cwash/drycycles,NOTaccelerated5x. Table4A1pickup78A280andTable6B178B277overridegeneral75;purePA6660/PA6150approx. PA6Table2initialP6.51versusprosep54.51andB1LC10Table7P1.15versusprose1.55conflictsrawonly. Table9charlengthcmnotTGcharpercent.19facts0approved.",polyamide,"100percentPA66woven fabric,59g/m2,TestfabricsStyle306A",,,PA66-FR40DMDHEU2.6TMM4.8,held_source_facts,,held_pure_nylon_TG_no_own_LOI,journal_article,OwnExperimental/DOIcoverandallprimarypagesreviewed,,,,,,,held_outside_verified_target,,PA66-FR40DMDHEU2.6TMM4.8,,,,,,,MettlerToledoTGA851,,,,,,,,,,,,,,,Nativepublisher2005PDS88:363-370,,,,,,,,Materialsp2printed364;TGmethodp3printed365;ownTGp3-4printed365-366,,,0,,,,,379,,21,,,800,Continuousair;flowrateunreported,6-8,50,air,10,,Durable flame retardant finishing of the nylon/cotton blend fabric using a hydroxyl-functional organophosphorus oligomer,https://doi.org/10.1016/j.polymdegradstab.2004.11.013,60,,,NoSIcitedallprimarypages,"Allbathw/wpercentactivechemicalsolids;double-dipdouble-nip,dry90C3min,cure165C2min;homewashAATCC124-1996StandardDetergent1993approx46Cwashing/dryingcycles,dryingtemperature/timeunreported",After0homewashingdryingcycles,After0homewashingdryingcycles,2005
10.1016/j.polymdegradstab.2004.11.013,,Noownpure-nylonLOI;NYCOTable8differentmaterial,,,,,,,,,,,,,,,,,,,,,OwnPA66prosePDFp3-4printed365-366,,,,,,,,,,,,100percentPA66;FR40wtpercentDMDHEU2.6TMM4.8active-solidsbath,Rawsourcefactonly,2026-10-02,Codexcompleteprimarynative/textpages;oneprimaryreviewer,,Polymer Degradation and Stability,"All8native/textpagesreviewed,noSIcited. OwnTGis100percentPA66woven59gm2Style306Aor100percentPA6knit73gm2Style304;LOIis50:50NYCOprinted216gm2BFUinmaterials/BDUintro. NOcross-materialpair. MettlerToledoTGA851AIR10C/min50-800C6-8mgcontinuousair,flowrate/panunreported;DSCaluminiumpans/range50-650separate. OwnPA66p3-4DTG412/379/398andR50010/21/17forcontrol/40percentFR2.6DMDHEU4.8TMMbeforewash/3homewashes;genericstartedloseweight360notT5/T10. OwnPA6Table3p4DTG424/343/395andR50010/23/15sameformulations/states;DSC425/342/397NOTDTG. Allsixpure-nylonTGrecordsheldwithoutownLOI. OwnNYCOTable8p7B1FR40XMM3.4TMM2.6andB2FR32XMM3.4TMM5.1bothcatalystRD0.2wetting0.2;B1LC0/1/10/20/40LOI29.3/28.4/27.2/26.1/24.5;LC50dashnot0. B2LC0/1/10/20/40/50LOI29.5/28.6/28.0/28.1/26.9/26.0. ElevenblendLOIfactsheldnoownblendTG. A1/A2Table4p5haveonlyFig5p6unlabelledLOIcurves,twocurve-onlyformulaeheldwithoutestimates. Allbathwtpercentbasedactivechemicalsolidsnotcommercialstock44/80/85percent. Double-dipdouble-nip90C3mindry165C2mincure;homeAATCC124-1996detergent1993approx46Cwash/drycycles,NOTaccelerated5x. Table4A1pickup78A280andTable6B178B277overridegeneral75;purePA6660/PA6150approx. PA6Table2initialP6.51versusprosep54.51andB1LC10Table7P1.15versusprose1.55conflictsrawonly. Table9charlengthcmnotTGcharpercent.19facts0approved.",polyamide,"100percentPA66woven fabric,59g/m2,TestfabricsStyle306A",,,PA66-FR40DMDHEU2.6TMM4.8,held_source_facts,,held_pure_nylon_TG_no_own_LOI,journal_article,OwnExperimental/DOIcoverandallprimarypagesreviewed,,,,,,,held_outside_verified_target,,PA66-FR40DMDHEU2.6TMM4.8,,,,,,,MettlerToledoTGA851,,,,,,,,,,,,,,,Nativepublisher2005PDS88:363-370,,,,,,,,Materialsp2printed364;TGmethodp3printed365;ownTGp3-4printed365-366,,,3,,,,,398,,17,,,800,Continuousair;flowrateunreported,6-8,50,air,10,,Durable flame retardant finishing of the nylon/cotton blend fabric using a hydroxyl-functional organophosphorus oligomer,https://doi.org/10.1016/j.polymdegradstab.2004.11.013,60,,,NoSIcitedallprimarypages,"Allbathw/wpercentactivechemicalsolids;double-dipdouble-nip,dry90C3min,cure165C2min;homewashAATCC124-1996StandardDetergent1993approx46Cwashing/dryingcycles,dryingtemperature/timeunreported",After3homewashingdryingcycles,After3homewashingdryingcycles,2005
10.1016/j.polymdegradstab.2004.11.013,,Noownpure-nylonLOI;NYCOTable8differentmaterial,,,,,,,,,,,,,,,,,,,,,OwnTable3PDFp4printed366,,,,,,,,,,,,100percentPA6;untreated,Rawsourcefactonly,2026-10-02,Codexcompleteprimarynative/textpages;oneprimaryreviewer,,Polymer Degradation and Stability,"All8native/textpagesreviewed,noSIcited. OwnTGis100percentPA66woven59gm2Style306Aor100percentPA6knit73gm2Style304;LOIis50:50NYCOprinted216gm2BFUinmaterials/BDUintro. NOcross-materialpair. MettlerToledoTGA851AIR10C/min50-800C6-8mgcontinuousair,flowrate/panunreported;DSCaluminiumpans/range50-650separate. OwnPA66p3-4DTG412/379/398andR50010/21/17forcontrol/40percentFR2.6DMDHEU4.8TMMbeforewash/3homewashes;genericstartedloseweight360notT5/T10. OwnPA6Table3p4DTG424/343/395andR50010/23/15sameformulations/states;DSC425/342/397NOTDTG. Allsixpure-nylonTGrecordsheldwithoutownLOI. OwnNYCOTable8p7B1FR40XMM3.4TMM2.6andB2FR32XMM3.4TMM5.1bothcatalystRD0.2wetting0.2;B1LC0/1/10/20/40LOI29.3/28.4/27.2/26.1/24.5;LC50dashnot0. B2LC0/1/10/20/40/50LOI29.5/28.6/28.0/28.1/26.9/26.0. ElevenblendLOIfactsheldnoownblendTG. A1/A2Table4p5haveonlyFig5p6unlabelledLOIcurves,twocurve-onlyformulaeheldwithoutestimates. Allbathwtpercentbasedactivechemicalsolidsnotcommercialstock44/80/85percent. Double-dipdouble-nip90C3mindry165C2mincure;homeAATCC124-1996detergent1993approx46Cwash/drycycles,NOTaccelerated5x. Table4A1pickup78A280andTable6B178B277overridegeneral75;purePA6660/PA6150approx. PA6Table2initialP6.51versusprosep54.51andB1LC10Table7P1.15versusprose1.55conflictsrawonly. Table9charlengthcmnotTGcharpercent.19facts0approved.",polyamide,"100percentPA6knit fabric,73g/m2,TestfabricsStyle304",,,PA6-control,held_source_facts,,held_pure_nylon_TG_no_own_LOI,journal_article,OwnExperimental/DOIcoverandallprimarypagesreviewed,,,,,,,held_outside_verified_target,,PA6-control,,,,,,,MettlerToledoTGA851,,,,,,,,,,,,,,,Nativepublisher2005PDS88:363-370,,,,,,,,Materialsp2printed364;TGmethodp3printed365;ownTGp3-4printed365-366,,,0,,,,425,424,,10,,,800,Continuousair;flowrateunreported,6-8,50,air,10,,Durable flame retardant finishing of the nylon/cotton blend fabric using a hydroxyl-functional organophosphorus oligomer,https://doi.org/10.1016/j.polymdegradstab.2004.11.013,150,,,NoSIcitedallprimarypages,Untreated,Untreated,Untreatedcontrol,2005
10.1016/j.polymdegradstab.2004.11.013,,Noownpure-nylonLOI;NYCOTable8differentmaterial,,,,,,,,,,,,,,,,,,,,,OwnTable3PDFp4printed366,,,,,,,,,,,,100percentPA6;FR40wtpercentDMDHEU2.6TMM4.8active-solidsbath,Rawsourcefactonly,2026-10-02,Codexcompleteprimarynative/textpages;oneprimaryreviewer,,Polymer Degradation and Stability,"All8native/textpagesreviewed,noSIcited. OwnTGis100percentPA66woven59gm2Style306Aor100percentPA6knit73gm2Style304;LOIis50:50NYCOprinted216gm2BFUinmaterials/BDUintro. NOcross-materialpair. MettlerToledoTGA851AIR10C/min50-800C6-8mgcontinuousair,flowrate/panunreported;DSCaluminiumpans/range50-650separate. OwnPA66p3-4DTG412/379/398andR50010/21/17forcontrol/40percentFR2.6DMDHEU4.8TMMbeforewash/3homewashes;genericstartedloseweight360notT5/T10. OwnPA6Table3p4DTG424/343/395andR50010/23/15sameformulations/states;DSC425/342/397NOTDTG. Allsixpure-nylonTGrecordsheldwithoutownLOI. OwnNYCOTable8p7B1FR40XMM3.4TMM2.6andB2FR32XMM3.4TMM5.1bothcatalystRD0.2wetting0.2;B1LC0/1/10/20/40LOI29.3/28.4/27.2/26.1/24.5;LC50dashnot0. B2LC0/1/10/20/40/50LOI29.5/28.6/28.0/28.1/26.9/26.0. ElevenblendLOIfactsheldnoownblendTG. A1/A2Table4p5haveonlyFig5p6unlabelledLOIcurves,twocurve-onlyformulaeheldwithoutestimates. Allbathwtpercentbasedactivechemicalsolidsnotcommercialstock44/80/85percent. Double-dipdouble-nip90C3mindry165C2mincure;homeAATCC124-1996detergent1993approx46Cwash/drycycles,NOTaccelerated5x. Table4A1pickup78A280andTable6B178B277overridegeneral75;purePA6660/PA6150approx. PA6Table2initialP6.51versusprosep54.51andB1LC10Table7P1.15versusprose1.55conflictsrawonly. Table9charlengthcmnotTGcharpercent.19facts0approved.",polyamide,"100percentPA6knit fabric,73g/m2,TestfabricsStyle304",,,PA6-FR40DMDHEU2.6TMM4.8,held_source_facts,,held_pure_nylon_TG_no_own_LOI,journal_article,OwnExperimental/DOIcoverandallprimarypagesreviewed,,,,,,,held_outside_verified_target,,PA6-FR40DMDHEU2.6TMM4.8,,,,,Table26.51versusprosep54.51;rawboth,,MettlerToledoTGA851,,,,,,,6.51,,,,,,,,Nativepublisher2005PDS88:363-370,,,,,,,,Materialsp2printed364;TGmethodp3printed365;ownTGp3-4printed365-366,,,0,,4.51,,342,343,,23,,,800,Continuousair;flowrateunreported,6-8,50,air,10,,Durable flame retardant finishing of the nylon/cotton blend fabric using a hydroxyl-functional organophosphorus oligomer,https://doi.org/10.1016/j.polymdegradstab.2004.11.013,150,,,NoSIcitedallprimarypages,"Allbathw/wpercentactivechemicalsolids;double-dipdouble-nip,dry90C3min,cure165C2min;homewashAATCC124-1996StandardDetergent1993approx46Cwashing/dryingcycles,dryingtemperature/timeunreported",After0homewashingdryingcycles,After0homewashingdryingcycles,2005
10.1016/j.polymdegradstab.2004.11.013,,Noownpure-nylonLOI;NYCOTable8differentmaterial,,,,,,,,,,,,,,,,,,,,,OwnTable3PDFp4printed366,,,,,,,,,,,,100percentPA6;FR40wtpercentDMDHEU2.6TMM4.8active-solidsbath,Rawsourcefactonly,2026-10-02,Codexcompleteprimarynative/textpages;oneprimaryreviewer,,Polymer Degradation and Stability,"All8native/textpagesreviewed,noSIcited. OwnTGis100percentPA66woven59gm2Style306Aor100percentPA6knit73gm2Style304;LOIis50:50NYCOprinted216gm2BFUinmaterials/BDUintro. NOcross-materialpair. MettlerToledoTGA851AIR10C/min50-800C6-8mgcontinuousair,flowrate/panunreported;DSCaluminiumpans/range50-650separate. OwnPA66p3-4DTG412/379/398andR50010/21/17forcontrol/40percentFR2.6DMDHEU4.8TMMbeforewash/3homewashes;genericstartedloseweight360notT5/T10. OwnPA6Table3p4DTG424/343/395andR50010/23/15sameformulations/states;DSC425/342/397NOTDTG. Allsixpure-nylonTGrecordsheldwithoutownLOI. OwnNYCOTable8p7B1FR40XMM3.4TMM2.6andB2FR32XMM3.4TMM5.1bothcatalystRD0.2wetting0.2;B1LC0/1/10/20/40LOI29.3/28.4/27.2/26.1/24.5;LC50dashnot0. B2LC0/1/10/20/40/50LOI29.5/28.6/28.0/28.1/26.9/26.0. ElevenblendLOIfactsheldnoownblendTG. A1/A2Table4p5haveonlyFig5p6unlabelledLOIcurves,twocurve-onlyformulaeheldwithoutestimates. Allbathwtpercentbasedactivechemicalsolidsnotcommercialstock44/80/85percent. Double-dipdouble-nip90C3mindry165C2mincure;homeAATCC124-1996detergent1993approx46Cwash/drycycles,NOTaccelerated5x. Table4A1pickup78A280andTable6B178B277overridegeneral75;purePA6660/PA6150approx. PA6Table2initialP6.51versusprosep54.51andB1LC10Table7P1.15versusprose1.55conflictsrawonly. Table9charlengthcmnotTGcharpercent.19facts0approved.",polyamide,"100percentPA6knit fabric,73g/m2,TestfabricsStyle304",,,PA6-FR40DMDHEU2.6TMM4.8,held_source_facts,,held_pure_nylon_TG_no_own_LOI,journal_article,OwnExperimental/DOIcoverandallprimarypagesreviewed,,,,,,,held_outside_verified_target,,PA6-FR40DMDHEU2.6TMM4.8,,,,,,,MettlerToledoTGA851,,,,,,,,,,,,,,,Nativepublisher2005PDS88:363-370,,,,,,,,Materialsp2printed364;TGmethodp3printed365;ownTGp3-4printed365-366,,,3,,,,397,395,,15,,,800,Continuousair;flowrateunreported,6-8,50,air,10,,Durable flame retardant finishing of the nylon/cotton blend fabric using a hydroxyl-functional organophosphorus oligomer,https://doi.org/10.1016/j.polymdegradstab.2004.11.013,150,,,NoSIcitedallprimarypages,"Allbathw/wpercentactivechemicalsolids;double-dipdouble-nip,dry90C3min,cure165C2min;homewashAATCC124-1996StandardDetergent1993approx46Cwashing/dryingcycles,dryingtemperature/timeunreported",After3homewashingdryingcycles,After3homewashingdryingcycles,2005
10.1016/j.polymdegradstab.2004.11.013,,OwnFig5PDFp6printed368curve-onlynoexplicitnumericlabels,,,,,,,,,,,,,,,,,,,,,NoownblendTG,,,,,,,,,,,,50:50NYCO;FR40wtpercentDMDHEU3.5TMM4.8catalystRD0.2wetting0.2active-solidsbath,Rawsourcefactonly,2026-10-02,Codexcompleteprimarynative/textpages;oneprimaryreviewer,,Polymer Degradation and Stability,"All8native/textpagesreviewed,noSIcited. OwnTGis100percentPA66woven59gm2Style306Aor100percentPA6knit73gm2Style304;LOIis50:50NYCOprinted216gm2BFUinmaterials/BDUintro. NOcross-materialpair. MettlerToledoTGA851AIR10C/min50-800C6-8mgcontinuousair,flowrate/panunreported;DSCaluminiumpans/range50-650separate. OwnPA66p3-4DTG412/379/398andR50010/21/17forcontrol/40percentFR2.6DMDHEU4.8TMMbeforewash/3homewashes;genericstartedloseweight360notT5/T10. OwnPA6Table3p4DTG424/343/395andR50010/23/15sameformulations/states;DSC425/342/397NOTDTG. Allsixpure-nylonTGrecordsheldwithoutownLOI. OwnNYCOTable8p7B1FR40XMM3.4TMM2.6andB2FR32XMM3.4TMM5.1bothcatalystRD0.2wetting0.2;B1LC0/1/10/20/40LOI29.3/28.4/27.2/26.1/24.5;LC50dashnot0. B2LC0/1/10/20/40/50LOI29.5/28.6/28.0/28.1/26.9/26.0. ElevenblendLOIfactsheldnoownblendTG. A1/A2Table4p5haveonlyFig5p6unlabelledLOIcurves,twocurve-onlyformulaeheldwithoutestimates. Allbathwtpercentbasedactivechemicalsolidsnotcommercialstock44/80/85percent. Double-dipdouble-nip90C3mindry165C2mincure;homeAATCC124-1996detergent1993approx46Cwash/drycycles,NOTaccelerated5x. Table4A1pickup78A280andTable6B178B277overridegeneral75;purePA6660/PA6150approx. PA6Table2initialP6.51versusprosep54.51andB1LC10Table7P1.15versusprose1.55conflictsrawonly. Table9charlengthcmnotTGcharpercent.19facts0approved.",,"50:50nylon/cotton printed fabric,216g/m2;materialsBFU,introBDUtwill","50:50nylon/cotton printed fabric,216g/m2;materialsBFU,introBDUtwill",,A1,held_source_facts,,held_formula_curve_only_no_numeric_LOI_or_own_TG,journal_article,OwnExperimental/DOIcoverandallprimarypagesreviewed,,,,,,,held_outside_verified_target,,A1-NYCO-curve-only,,,,,,,,,,,,,,,,,,,,,,Nativepublisher2005PDS88:363-370,,,,,,,,OwnTable4p5printed367/ Fig5p6printed368,,,,,,,,,,,,,,,,,,,,Durable flame retardant finishing of the nylon/cotton blend fabric using a hydroxyl-functional organophosphorus oligomer,https://doi.org/10.1016/j.polymdegradstab.2004.11.013,78,,,NoSIcitedallprimarypages,"Allbathw/wpercentactivechemicalsolids;double-dipdouble-nip,dry90C3min,cure165C2min;homewashAATCC124-1996StandardDetergent1993approx46Cwashing/dryingcycles,dryingtemperature/timeunreported",Asfinishedandhomewashseries,Fig5homewashseries;noestimatednumericLOI,2005
10.1016/j.polymdegradstab.2004.11.013,,OwnFig5PDFp6printed368curve-onlynoexplicitnumericlabels,,,,,,,,,,,,,,,,,,,,,NoownblendTG,,,,,,,,,,,,50:50NYCO;FR40wtpercentXMM3.4TMM4.8catalystRD0.2wetting0.2active-solidsbath,Rawsourcefactonly,2026-10-02,Codexcompleteprimarynative/textpages;oneprimaryreviewer,,Polymer Degradation and Stability,"All8native/textpagesreviewed,noSIcited. OwnTGis100percentPA66woven59gm2Style306Aor100percentPA6knit73gm2Style304;LOIis50:50NYCOprinted216gm2BFUinmaterials/BDUintro. NOcross-materialpair. MettlerToledoTGA851AIR10C/min50-800C6-8mgcontinuousair,flowrate/panunreported;DSCaluminiumpans/range50-650separate. OwnPA66p3-4DTG412/379/398andR50010/21/17forcontrol/40percentFR2.6DMDHEU4.8TMMbeforewash/3homewashes;genericstartedloseweight360notT5/T10. OwnPA6Table3p4DTG424/343/395andR50010/23/15sameformulations/states;DSC425/342/397NOTDTG. Allsixpure-nylonTGrecordsheldwithoutownLOI. OwnNYCOTable8p7B1FR40XMM3.4TMM2.6andB2FR32XMM3.4TMM5.1bothcatalystRD0.2wetting0.2;B1LC0/1/10/20/40LOI29.3/28.4/27.2/26.1/24.5;LC50dashnot0. B2LC0/1/10/20/40/50LOI29.5/28.6/28.0/28.1/26.9/26.0. ElevenblendLOIfactsheldnoownblendTG. A1/A2Table4p5haveonlyFig5p6unlabelledLOIcurves,twocurve-onlyformulaeheldwithoutestimates. Allbathwtpercentbasedactivechemicalsolidsnotcommercialstock44/80/85percent. Double-dipdouble-nip90C3mindry165C2mincure;homeAATCC124-1996detergent1993approx46Cwash/drycycles,NOTaccelerated5x. Table4A1pickup78A280andTable6B178B277overridegeneral75;purePA6660/PA6150approx. PA6Table2initialP6.51versusprosep54.51andB1LC10Table7P1.15versusprose1.55conflictsrawonly. Table9charlengthcmnotTGcharpercent.19facts0approved.",,"50:50nylon/cotton printed fabric,216g/m2;materialsBFU,introBDUtwill","50:50nylon/cotton printed fabric,216g/m2;materialsBFU,introBDUtwill",,A2,held_source_facts,,held_formula_curve_only_no_numeric_LOI_or_own_TG,journal_article,OwnExperimental/DOIcoverandallprimarypagesreviewed,,,,,,,held_outside_verified_target,,A2-NYCO-curve-only,,,,,,,,,,,,,,,,,,,,,,Nativepublisher2005PDS88:363-370,,,,,,,,OwnTable4p5printed367/ Fig5p6printed368,,,,,,,,,,,,,,,,,,,,Durable flame retardant finishing of the nylon/cotton blend fabric using a hydroxyl-functional organophosphorus oligomer,https://doi.org/10.1016/j.polymdegradstab.2004.11.013,80,,,NoSIcitedallprimarypages,"Allbathw/wpercentactivechemicalsolids;double-dipdouble-nip,dry90C3min,cure165C2min;homewashAATCC124-1996StandardDetergent1993approx46Cwashing/dryingcycles,dryingtemperature/timeunreported",Asfinishedandhomewashseries,Fig5homewashseries;noestimatednumericLOI,2005
10.1016/j.carbpol.2013.03.066,FIREoxygenindexapparatus,OwnLOIprosePDFp12printed11,18,ASTMD2863,,,,8,,,,,335,,,,,,,TAQ500,800,60,OwnTable1PDFp20printed19gas-specificdynamicrow/ Fig2p26printed25,10,Openaluminapans,50,366,,,,,N2,8,600,Untreatedcotton200gm2,TG+LOI,2026-10-02,Codexcompleteprimarynative/textpages;oneprimaryreviewer,10,Carbohydrate Polymers,"All32native/textaccepted-manuscriptpagesreviewed,noSIcited;PDFpage=printedmanuscriptpage+1;coverPDFp1. OwnTable1PDFp20printed19reportsfourcottonstatesinN2andair;LOIownprosePDFp12printed11COT18andDNA5/10/19add-on23/25/28. Materials200gm2cottonFratelliBallesio;herring-spermDNApowderSigmaAldrichstored4CbeforeapplicationNOTfabricaging. Allbath2.5wtpercentDNApH5.5stir300rpm30C30min;impregnation1min30C30percentRH,rotarydrumremoveexcess,climaticdryconstantmass/30Covernight;5/10/19aremeasurednative(Wf-Wi)/Wiadd-onsNOTbathdoseorcompositefraction;applicationrepeatcountunreported. OwnQ500N2air10C/min50-800Cabout10mgopenaluminapans60mL/min. NativeTonset10percentdefined10percentweightlossmapsT10NOTgenericTonset. TmaxfromderivativeTG,at-peakresiduesdistinctfromR600;R600not800methodendpoint. AircontrolR6000explicitvalid0;dashesblank. SeparateTable1R350footfromisothermaltestsAIRramp50-35010C/minthen350C1h:13/30/35/42forCOT/DNA5/10/19;fouradditionalprotocolfactrecordsretainedoutsideverifiedconditionsbecauseexistingconditionidentityonlygas/ratecannotdistinguishramp-onlyandholdprotocols;canonicalTGblank,rawR350/60minnotdynamicR600. PureDNA2dynamicgasplus1isothermalreferenceheldnontextile/noLOI. LOIASTMD2863FIREinstrument;dimensions/repeatsunreported,horizontal25x100mm3repandcone50x50x0.5mm4repseparate. Generalflammability/combustionconditioning23+/-1C48h50percentRH. HorizontalTable2residues12.5/67/98andconeTable3residuesNOTTG;Table4thermocoupleTmaxNOTDTG. NativeFig1captionp19threepanels5/10/19versusprosep9fourincludingcontrol/nativefigurep25fourpanelsconflictretainednotusedforTG/LOImapping;Table1/ownLOIcodesunambiguous. Fig3annotationt35min/ramp50to35010notusedtocalculateholdtime;methodandexplicitfigure350C60minretained. ISO6330coatingcomesoffqualitativelimitwithoutwashedTGLOIorreportedwashcount,nofabricatedwashstates. PriorDNApaper10.1039/C3TA00107Ecitedbutnumericprofilesauditedacrossallsourceswith/withoutLOI. Fourstates8dynamicconditionsplus7heldfacts.",cotton,"Cotton fabric,200g/m2,FratelliBallesioTorinoItaly;weave/yarncountunreported","Cotton fabric,200g/m2,FratelliBallesioTorinoItaly;weave/yarncountunreported","Cotton fabric,200g/m2,FratelliBallesioTorinoItaly;weave/yarncountunreported",COT,tabulated,"OwnTable1p20gas-specificCOTandCOT_DNA5/10/19matchEXACTownLOIprosep12sameinitialcotton200gm2measuredadd-onstates. OwnQ50010C/minN2air50-800about10mgopenalumina60mL/minmethodp7. NativeTonset10defined10percentloss=T10;DTGpeaks/at-peakresidues/R600separate;aircontrolR600explicit0,dashesblank. Complete32accepted-manuscriptpagesnoSI;350C1hisothermalsseparaterawprotocolfactsandpureDNAreferencesnotincludedinthisdynamicpair.",verified_exact,journal_article,OwnExperimental/DOIcoverandallprimarypagesreviewed,46,,,,8,600,source_review_approved,cce11b14f3f8545f5b2fcfdb0f104774085abf25b262cd764c6ba145d8ab56b6,COT,,,,,,,,,About10mg,,Dynamicramp50-800C10C/min,,,,,,,,,,,"Publisheracceptedmanuscript32PDFpages,PIIS0144861713003160",23+/-1C48h50percentRH,,,,,,,Publisheracceptedmanuscriptcoverp1;material/finishingp6printed5;TG/LOImethodp7printed6;conditioningp8printed7;thermalp9-11printed8-10;LOIp12printed11;Table1p20printed19;Figs2/3p26/27printed25/26,Ownmethod10percentweightloss;mapsT10notTonset,,,,,,,,,,,,,,,,,,,Intrinsic intumescent-like flame retardant properties of DNA-treated cotton fabrics,https://doi.org/10.1016/j.carbpol.2013.03.066,,,,NoSIcitedallprimarypages,Untreatedcotton,Initialasprepared,Initialasprepared0durabilitywashes,2013
10.1016/j.carbpol.2013.03.066,FIREoxygenindexapparatus,OwnLOIprosePDFp12printed11,18,ASTMD2863,,,,0,,,,,324,,,,,,,TAQ500,800,60,OwnTable1PDFp20printed19gas-specificdynamicrow/ Fig2p26printed25,10,Openaluminapans,50,347,492,,,,air,0,600,Untreatedcotton200gm2,TG+LOI,2026-10-02,Codexcompleteprimarynative/textpages;oneprimaryreviewer,10,Carbohydrate Polymers,"All32native/textaccepted-manuscriptpagesreviewed,noSIcited;PDFpage=printedmanuscriptpage+1;coverPDFp1. OwnTable1PDFp20printed19reportsfourcottonstatesinN2andair;LOIownprosePDFp12printed11COT18andDNA5/10/19add-on23/25/28. Materials200gm2cottonFratelliBallesio;herring-spermDNApowderSigmaAldrichstored4CbeforeapplicationNOTfabricaging. Allbath2.5wtpercentDNApH5.5stir300rpm30C30min;impregnation1min30C30percentRH,rotarydrumremoveexcess,climaticdryconstantmass/30Covernight;5/10/19aremeasurednative(Wf-Wi)/Wiadd-onsNOTbathdoseorcompositefraction;applicationrepeatcountunreported. OwnQ500N2air10C/min50-800Cabout10mgopenaluminapans60mL/min. NativeTonset10percentdefined10percentweightlossmapsT10NOTgenericTonset. TmaxfromderivativeTG,at-peakresiduesdistinctfromR600;R600not800methodendpoint. AircontrolR6000explicitvalid0;dashesblank. SeparateTable1R350footfromisothermaltestsAIRramp50-35010C/minthen350C1h:13/30/35/42forCOT/DNA5/10/19;fouradditionalprotocolfactrecordsretainedoutsideverifiedconditionsbecauseexistingconditionidentityonlygas/ratecannotdistinguishramp-onlyandholdprotocols;canonicalTGblank,rawR350/60minnotdynamicR600. PureDNA2dynamicgasplus1isothermalreferenceheldnontextile/noLOI. LOIASTMD2863FIREinstrument;dimensions/repeatsunreported,horizontal25x100mm3repandcone50x50x0.5mm4repseparate. Generalflammability/combustionconditioning23+/-1C48h50percentRH. HorizontalTable2residues12.5/67/98andconeTable3residuesNOTTG;Table4thermocoupleTmaxNOTDTG. NativeFig1captionp19threepanels5/10/19versusprosep9fourincludingcontrol/nativefigurep25fourpanelsconflictretainednotusedforTG/LOImapping;Table1/ownLOIcodesunambiguous. Fig3annotationt35min/ramp50to35010notusedtocalculateholdtime;methodandexplicitfigure350C60minretained. ISO6330coatingcomesoffqualitativelimitwithoutwashedTGLOIorreportedwashcount,nofabricatedwashstates. PriorDNApaper10.1039/C3TA00107Ecitedbutnumericprofilesauditedacrossallsourceswith/withoutLOI. Fourstates8dynamicconditionsplus7heldfacts.",cotton,"Cotton fabric,200g/m2,FratelliBallesioTorinoItaly;weave/yarncountunreported","Cotton fabric,200g/m2,FratelliBallesioTorinoItaly;weave/yarncountunreported","Cotton fabric,200g/m2,FratelliBallesioTorinoItaly;weave/yarncountunreported",COT,tabulated,"OwnTable1p20gas-specificCOTandCOT_DNA5/10/19matchEXACTownLOIprosep12sameinitialcotton200gm2measuredadd-onstates. OwnQ50010C/minN2air50-800about10mgopenalumina60mL/minmethodp7. NativeTonset10defined10percentloss=T10;DTGpeaks/at-peakresidues/R600separate;aircontrolR600explicit0,dashesblank. Complete32accepted-manuscriptpagesnoSI;350C1hisothermalsseparaterawprotocolfactsandpureDNAreferencesnotincludedinthisdynamicpair.",verified_exact,journal_article,OwnExperimental/DOIcoverandallprimarypagesreviewed,45,4,,,0,600,source_review_approved,c25952a967bcba9976ba67613315cc120bf9508541caf2d6ed22107a2b8aede3,COT,,,,,,,,,About10mg,,Dynamicramp50-800C10C/min,,,,,,,,,,,"Publisheracceptedmanuscript32PDFpages,PIIS0144861713003160",23+/-1C48h50percentRH,,,,,,,Publisheracceptedmanuscriptcoverp1;material/finishingp6printed5;TG/LOImethodp7printed6;conditioningp8printed7;thermalp9-11printed8-10;LOIp12printed11;Table1p20printed19;Figs2/3p26/27printed25/26,Ownmethod10percentweightloss;mapsT10notTonset,,,,,,,,,,,,,,,,,,,Intrinsic intumescent-like flame retardant properties of DNA-treated cotton fabrics,https://doi.org/10.1016/j.carbpol.2013.03.066,,,,NoSIcitedallprimarypages,Untreatedcotton,Initialasprepared,Initialasprepared0durabilitywashes,2013
10.1016/j.carbpol.2013.03.066,FIREoxygenindexapparatus,OwnLOIprosePDFp12printed11,18,ASTMD2863,,,,,,,,,,,,,,,,,,,OwnTable1p20lastcolumnfoot**fromisothermaltests;methodp7/ Fig3p27,,,,,,,,,air,,,Untreatedcotton200gm2,Rawsourcefactonly,2026-10-02,Codexcompleteprimarynative/textpages;oneprimaryreviewer,,Carbohydrate Polymers,"All32native/textaccepted-manuscriptpagesreviewed,noSIcited;PDFpage=printedmanuscriptpage+1;coverPDFp1. OwnTable1PDFp20printed19reportsfourcottonstatesinN2andair;LOIownprosePDFp12printed11COT18andDNA5/10/19add-on23/25/28. Materials200gm2cottonFratelliBallesio;herring-spermDNApowderSigmaAldrichstored4CbeforeapplicationNOTfabricaging. Allbath2.5wtpercentDNApH5.5stir300rpm30C30min;impregnation1min30C30percentRH,rotarydrumremoveexcess,climaticdryconstantmass/30Covernight;5/10/19aremeasurednative(Wf-Wi)/Wiadd-onsNOTbathdoseorcompositefraction;applicationrepeatcountunreported. OwnQ500N2air10C/min50-800Cabout10mgopenaluminapans60mL/min. NativeTonset10percentdefined10percentweightlossmapsT10NOTgenericTonset. TmaxfromderivativeTG,at-peakresiduesdistinctfromR600;R600not800methodendpoint. AircontrolR6000explicitvalid0;dashesblank. SeparateTable1R350footfromisothermaltestsAIRramp50-35010C/minthen350C1h:13/30/35/42forCOT/DNA5/10/19;fouradditionalprotocolfactrecordsretainedoutsideverifiedconditionsbecauseexistingconditionidentityonlygas/ratecannotdistinguishramp-onlyandholdprotocols;canonicalTGblank,rawR350/60minnotdynamicR600. PureDNA2dynamicgasplus1isothermalreferenceheldnontextile/noLOI. LOIASTMD2863FIREinstrument;dimensions/repeatsunreported,horizontal25x100mm3repandcone50x50x0.5mm4repseparate. Generalflammability/combustionconditioning23+/-1C48h50percentRH. HorizontalTable2residues12.5/67/98andconeTable3residuesNOTTG;Table4thermocoupleTmaxNOTDTG. NativeFig1captionp19threepanels5/10/19versusprosep9fourincludingcontrol/nativefigurep25fourpanelsconflictretainednotusedforTG/LOImapping;Table1/ownLOIcodesunambiguous. Fig3annotationt35min/ramp50to35010notusedtocalculateholdtime;methodandexplicitfigure350C60minretained. ISO6330coatingcomesoffqualitativelimitwithoutwashedTGLOIorreportedwashcount,nofabricatedwashstates. PriorDNApaper10.1039/C3TA00107Ecitedbutnumericprofilesauditedacrossallsourceswith/withoutLOI. Fourstates8dynamicconditionsplus7heldfacts.",cotton,"Cotton fabric,200g/m2,FratelliBallesioTorinoItaly;weave/yarncountunreported","Cotton fabric,200g/m2,FratelliBallesioTorinoItaly;weave/yarncountunreported","Cotton fabric,200g/m2,FratelliBallesioTorinoItaly;weave/yarncountunreported",COT,held_source_facts,,held_distinct_isothermal_protocol_not_representable_in_current_condition_key,journal_article,OwnExperimental/DOIcoverandallprimarypagesreviewed,,,,,,,held_outside_verified_target,,COT,,,,,,60,TAQ500,About10,,Openaluminapans,SeparateisothermalAIRramp50-35010C/minthen350C60min,,,,,,,,,,"Existinggas/rate-onlyconditionkeycannotdistinguishholdprotocol;rawfactretainedwithallconditions,notadditionalverifiedpairornewsample","Publisheracceptedmanuscript32PDFpages,PIIS0144861713003160",23+/-1C48h50percentRH,13,350,60,350,10,50,Publisheracceptedmanuscriptcoverp1;material/finishingp6printed5;TG/LOImethodp7printed6;conditioningp8printed7;thermalp9-11printed8-10;LOIp12printed11;Table1p20printed19;Figs2/3p26/27printed25/26,,,,,,,,,,,,,,,,,,,,Intrinsic intumescent-like flame retardant properties of DNA-treated cotton fabrics,https://doi.org/10.1016/j.carbpol.2013.03.066,,,,NoSIcitedallprimarypages,Untreatedcotton,Initialasprepared,Initialasprepared0durabilitywashes,2013
10.1016/j.carbpol.2013.03.066,FIREoxygenindexapparatus,OwnLOIprosePDFp12printed11,23,ASTMD2863,,,,30,,,,,285,,,,,,,TAQ500,800,60,OwnTable1PDFp20printed19gas-specificdynamicrow/ Fig2p26printed25,10,Openaluminapans,50,318,,,,,N2,30,600,Cotton200gm2withDNA5wtpercentmeasuredadd-on,TG+LOI,2026-10-02,Codexcompleteprimarynative/textpages;oneprimaryreviewer,10,Carbohydrate Polymers,"All32native/textaccepted-manuscriptpagesreviewed,noSIcited;PDFpage=printedmanuscriptpage+1;coverPDFp1. OwnTable1PDFp20printed19reportsfourcottonstatesinN2andair;LOIownprosePDFp12printed11COT18andDNA5/10/19add-on23/25/28. Materials200gm2cottonFratelliBallesio;herring-spermDNApowderSigmaAldrichstored4CbeforeapplicationNOTfabricaging. Allbath2.5wtpercentDNApH5.5stir300rpm30C30min;impregnation1min30C30percentRH,rotarydrumremoveexcess,climaticdryconstantmass/30Covernight;5/10/19aremeasurednative(Wf-Wi)/Wiadd-onsNOTbathdoseorcompositefraction;applicationrepeatcountunreported. OwnQ500N2air10C/min50-800Cabout10mgopenaluminapans60mL/min. NativeTonset10percentdefined10percentweightlossmapsT10NOTgenericTonset. TmaxfromderivativeTG,at-peakresiduesdistinctfromR600;R600not800methodendpoint. AircontrolR6000explicitvalid0;dashesblank. SeparateTable1R350footfromisothermaltestsAIRramp50-35010C/minthen350C1h:13/30/35/42forCOT/DNA5/10/19;fouradditionalprotocolfactrecordsretainedoutsideverifiedconditionsbecauseexistingconditionidentityonlygas/ratecannotdistinguishramp-onlyandholdprotocols;canonicalTGblank,rawR350/60minnotdynamicR600. PureDNA2dynamicgasplus1isothermalreferenceheldnontextile/noLOI. LOIASTMD2863FIREinstrument;dimensions/repeatsunreported,horizontal25x100mm3repandcone50x50x0.5mm4repseparate. Generalflammability/combustionconditioning23+/-1C48h50percentRH. HorizontalTable2residues12.5/67/98andconeTable3residuesNOTTG;Table4thermocoupleTmaxNOTDTG. NativeFig1captionp19threepanels5/10/19versusprosep9fourincludingcontrol/nativefigurep25fourpanelsconflictretainednotusedforTG/LOImapping;Table1/ownLOIcodesunambiguous. Fig3annotationt35min/ramp50to35010notusedtocalculateholdtime;methodandexplicitfigure350C60minretained. ISO6330coatingcomesoffqualitativelimitwithoutwashedTGLOIorreportedwashcount,nofabricatedwashstates. PriorDNApaper10.1039/C3TA00107Ecitedbutnumericprofilesauditedacrossallsourceswith/withoutLOI. Fourstates8dynamicconditionsplus7heldfacts.",cotton,"Cotton fabric,200g/m2,FratelliBallesioTorinoItaly;weave/yarncountunreported","Cotton fabric,200g/m2,FratelliBallesioTorinoItaly;weave/yarncountunreported","Cotton fabric,200g/m2,FratelliBallesioTorinoItaly;weave/yarncountunreported",COT_DNA_5%,tabulated,"OwnTable1p20gas-specificCOTandCOT_DNA5/10/19matchEXACTownLOIprosep12sameinitialcotton200gm2measuredadd-onstates. OwnQ50010C/minN2air50-800about10mgopenalumina60mL/minmethodp7. NativeTonset10defined10percentloss=T10;DTGpeaks/at-peakresidues/R600separate;aircontrolR600explicit0,dashesblank. Complete32accepted-manuscriptpagesnoSI;350C1hisothermalsseparaterawprotocolfactsandpureDNAreferencesnotincludedinthisdynamicpair.",verified_exact,journal_article,OwnExperimental/DOIcoverandallprimarypagesreviewed,63,,,,30,600,source_review_approved,e073b9f9c5d3304f05901b51eef6239b0205328849bb06de2ea2f72005bd3bb8,COT_DNA_5%,,2.5,,,,,,,About10mg,,Dynamicramp50-800C10C/min,,,,,,,,5,,,"Publisheracceptedmanuscript32PDFpages,PIIS0144861713003160",23+/-1C48h50percentRH,,,,,,,Publisheracceptedmanuscriptcoverp1;material/finishingp6printed5;TG/LOImethodp7printed6;conditioningp8printed7;thermalp9-11printed8-10;LOIp12printed11;Table1p20printed19;Figs2/3p26/27printed25/26,Ownmethod10percentweightloss;mapsT10notTonset,"Wi,untreateddrymass",,,,,,,,,,,,,,,,,,Intrinsic intumescent-like flame retardant properties of DNA-treated cotton fabrics,https://doi.org/10.1016/j.carbpol.2013.03.066,,,,NoSIcitedallprimarypages,"DNAherring-spermSigmaAldrich;2.5wtpercentDNAacidifiedDIwaterpH5.5,300rpm30C30min;fabricimpregnation1min30C30percentRH,rotarydrumremoveexcess,climaticdryconstantmass,30Covernight;5/10/19native(Wf-Wi)/Wiadd-ons,applicationrepeatcountunreported",Initialasprepared,Initialasprepared0durabilitywashes,2013
10.1016/j.carbpol.2013.03.066,FIREoxygenindexapparatus,OwnLOIprosePDFp12printed11,23,ASTMD2863,,,,8,,,,,282,,,,,,,TAQ500,800,60,OwnTable1PDFp20printed19gas-specificdynamicrow/ Fig2p26printed25,10,Openaluminapans,50,313,506,,,,air,8,600,Cotton200gm2withDNA5wtpercentmeasuredadd-on,TG+LOI,2026-10-02,Codexcompleteprimarynative/textpages;oneprimaryreviewer,10,Carbohydrate Polymers,"All32native/textaccepted-manuscriptpagesreviewed,noSIcited;PDFpage=printedmanuscriptpage+1;coverPDFp1. OwnTable1PDFp20printed19reportsfourcottonstatesinN2andair;LOIownprosePDFp12printed11COT18andDNA5/10/19add-on23/25/28. Materials200gm2cottonFratelliBallesio;herring-spermDNApowderSigmaAldrichstored4CbeforeapplicationNOTfabricaging. Allbath2.5wtpercentDNApH5.5stir300rpm30C30min;impregnation1min30C30percentRH,rotarydrumremoveexcess,climaticdryconstantmass/30Covernight;5/10/19aremeasurednative(Wf-Wi)/Wiadd-onsNOTbathdoseorcompositefraction;applicationrepeatcountunreported. OwnQ500N2air10C/min50-800Cabout10mgopenaluminapans60mL/min. NativeTonset10percentdefined10percentweightlossmapsT10NOTgenericTonset. TmaxfromderivativeTG,at-peakresiduesdistinctfromR600;R600not800methodendpoint. AircontrolR6000explicitvalid0;dashesblank. SeparateTable1R350footfromisothermaltestsAIRramp50-35010C/minthen350C1h:13/30/35/42forCOT/DNA5/10/19;fouradditionalprotocolfactrecordsretainedoutsideverifiedconditionsbecauseexistingconditionidentityonlygas/ratecannotdistinguishramp-onlyandholdprotocols;canonicalTGblank,rawR350/60minnotdynamicR600. PureDNA2dynamicgasplus1isothermalreferenceheldnontextile/noLOI. LOIASTMD2863FIREinstrument;dimensions/repeatsunreported,horizontal25x100mm3repandcone50x50x0.5mm4repseparate. Generalflammability/combustionconditioning23+/-1C48h50percentRH. HorizontalTable2residues12.5/67/98andconeTable3residuesNOTTG;Table4thermocoupleTmaxNOTDTG. NativeFig1captionp19threepanels5/10/19versusprosep9fourincludingcontrol/nativefigurep25fourpanelsconflictretainednotusedforTG/LOImapping;Table1/ownLOIcodesunambiguous. Fig3annotationt35min/ramp50to35010notusedtocalculateholdtime;methodandexplicitfigure350C60minretained. ISO6330coatingcomesoffqualitativelimitwithoutwashedTGLOIorreportedwashcount,nofabricatedwashstates. PriorDNApaper10.1039/C3TA00107Ecitedbutnumericprofilesauditedacrossallsourceswith/withoutLOI. Fourstates8dynamicconditionsplus7heldfacts.",cotton,"Cotton fabric,200g/m2,FratelliBallesioTorinoItaly;weave/yarncountunreported","Cotton fabric,200g/m2,FratelliBallesioTorinoItaly;weave/yarncountunreported","Cotton fabric,200g/m2,FratelliBallesioTorinoItaly;weave/yarncountunreported",COT_DNA_5%,tabulated,"OwnTable1p20gas-specificCOTandCOT_DNA5/10/19matchEXACTownLOIprosep12sameinitialcotton200gm2measuredadd-onstates. OwnQ50010C/minN2air50-800about10mgopenalumina60mL/minmethodp7. NativeTonset10defined10percentloss=T10;DTGpeaks/at-peakresidues/R600separate;aircontrolR600explicit0,dashesblank. Complete32accepted-manuscriptpagesnoSI;350C1hisothermalsseparaterawprotocolfactsandpureDNAreferencesnotincludedinthisdynamicpair.",verified_exact,journal_article,OwnExperimental/DOIcoverandallprimarypagesreviewed,65,19,,,8,600,source_review_approved,d8da0bfd8c2ab577c1ca00f85066045a3091aef240771e1bba5c4ddbee5a977a,COT_DNA_5%,,2.5,,,,,,,About10mg,,Dynamicramp50-800C10C/min,,,,,,,,5,,,"Publisheracceptedmanuscript32PDFpages,PIIS0144861713003160",23+/-1C48h50percentRH,,,,,,,Publisheracceptedmanuscriptcoverp1;material/finishingp6printed5;TG/LOImethodp7printed6;conditioningp8printed7;thermalp9-11printed8-10;LOIp12printed11;Table1p20printed19;Figs2/3p26/27printed25/26,Ownmethod10percentweightloss;mapsT10notTonset,"Wi,untreateddrymass",,,,,,,,,,,,,,,,,,Intrinsic intumescent-like flame retardant properties of DNA-treated cotton fabrics,https://doi.org/10.1016/j.carbpol.2013.03.066,,,,NoSIcitedallprimarypages,"DNAherring-spermSigmaAldrich;2.5wtpercentDNAacidifiedDIwaterpH5.5,300rpm30C30min;fabricimpregnation1min30C30percentRH,rotarydrumremoveexcess,climaticdryconstantmass,30Covernight;5/10/19native(Wf-Wi)/Wiadd-ons,applicationrepeatcountunreported",Initialasprepared,Initialasprepared0durabilitywashes,2013
10.1016/j.carbpol.2013.03.066,FIREoxygenindexapparatus,OwnLOIprosePDFp12printed11,23,ASTMD2863,,,,,,,,,,,,,,,,,,,OwnTable1p20lastcolumnfoot**fromisothermaltests;methodp7/ Fig3p27,,,,,,,,,air,,,Cotton200gm2withDNA5wtpercentmeasuredadd-on,Rawsourcefactonly,2026-10-02,Codexcompleteprimarynative/textpages;oneprimaryreviewer,,Carbohydrate Polymers,"All32native/textaccepted-manuscriptpagesreviewed,noSIcited;PDFpage=printedmanuscriptpage+1;coverPDFp1. OwnTable1PDFp20printed19reportsfourcottonstatesinN2andair;LOIownprosePDFp12printed11COT18andDNA5/10/19add-on23/25/28. Materials200gm2cottonFratelliBallesio;herring-spermDNApowderSigmaAldrichstored4CbeforeapplicationNOTfabricaging. Allbath2.5wtpercentDNApH5.5stir300rpm30C30min;impregnation1min30C30percentRH,rotarydrumremoveexcess,climaticdryconstantmass/30Covernight;5/10/19aremeasurednative(Wf-Wi)/Wiadd-onsNOTbathdoseorcompositefraction;applicationrepeatcountunreported. OwnQ500N2air10C/min50-800Cabout10mgopenaluminapans60mL/min. NativeTonset10percentdefined10percentweightlossmapsT10NOTgenericTonset. TmaxfromderivativeTG,at-peakresiduesdistinctfromR600;R600not800methodendpoint. AircontrolR6000explicitvalid0;dashesblank. SeparateTable1R350footfromisothermaltestsAIRramp50-35010C/minthen350C1h:13/30/35/42forCOT/DNA5/10/19;fouradditionalprotocolfactrecordsretainedoutsideverifiedconditionsbecauseexistingconditionidentityonlygas/ratecannotdistinguishramp-onlyandholdprotocols;canonicalTGblank,rawR350/60minnotdynamicR600. PureDNA2dynamicgasplus1isothermalreferenceheldnontextile/noLOI. LOIASTMD2863FIREinstrument;dimensions/repeatsunreported,horizontal25x100mm3repandcone50x50x0.5mm4repseparate. Generalflammability/combustionconditioning23+/-1C48h50percentRH. HorizontalTable2residues12.5/67/98andconeTable3residuesNOTTG;Table4thermocoupleTmaxNOTDTG. NativeFig1captionp19threepanels5/10/19versusprosep9fourincludingcontrol/nativefigurep25fourpanelsconflictretainednotusedforTG/LOImapping;Table1/ownLOIcodesunambiguous. Fig3annotationt35min/ramp50to35010notusedtocalculateholdtime;methodandexplicitfigure350C60minretained. ISO6330coatingcomesoffqualitativelimitwithoutwashedTGLOIorreportedwashcount,nofabricatedwashstates. PriorDNApaper10.1039/C3TA00107Ecitedbutnumericprofilesauditedacrossallsourceswith/withoutLOI. Fourstates8dynamicconditionsplus7heldfacts.",cotton,"Cotton fabric,200g/m2,FratelliBallesioTorinoItaly;weave/yarncountunreported","Cotton fabric,200g/m2,FratelliBallesioTorinoItaly;weave/yarncountunreported","Cotton fabric,200g/m2,FratelliBallesioTorinoItaly;weave/yarncountunreported",COT_DNA_5%,held_source_facts,,held_distinct_isothermal_protocol_not_representable_in_current_condition_key,journal_article,OwnExperimental/DOIcoverandallprimarypagesreviewed,,,,,,,held_outside_verified_target,,COT_DNA_5%,,2.5,,,,60,TAQ500,About10,,Openaluminapans,SeparateisothermalAIRramp50-35010C/minthen350C60min,,,,,,,,5,,"Existinggas/rate-onlyconditionkeycannotdistinguishholdprotocol;rawfactretainedwithallconditions,notadditionalverifiedpairornewsample","Publisheracceptedmanuscript32PDFpages,PIIS0144861713003160",23+/-1C48h50percentRH,30,350,60,350,10,50,Publisheracceptedmanuscriptcoverp1;material/finishingp6printed5;TG/LOImethodp7printed6;conditioningp8printed7;thermalp9-11printed8-10;LOIp12printed11;Table1p20printed19;Figs2/3p26/27printed25/26,,"Wi,untreateddrymass",,,,,,,,,,,,,,,,,,Intrinsic intumescent-like flame retardant properties of DNA-treated cotton fabrics,https://doi.org/10.1016/j.carbpol.2013.03.066,,,,NoSIcitedallprimarypages,"DNAherring-spermSigmaAldrich;2.5wtpercentDNAacidifiedDIwaterpH5.5,300rpm30C30min;fabricimpregnation1min30C30percentRH,rotarydrumremoveexcess,climaticdryconstantmass,30Covernight;5/10/19native(Wf-Wi)/Wiadd-ons,applicationrepeatcountunreported",Initialasprepared,Initialasprepared0durabilitywashes,2013
10.1016/j.carbpol.2013.03.066,FIREoxygenindexapparatus,OwnLOIprosePDFp12printed11,25,ASTMD2863,,,,34,,,,,265,,,,,,,TAQ500,800,60,OwnTable1PDFp20printed19gas-specificdynamicrow/ Fig2p26printed25,10,Openaluminapans,50,314,,,,,N2,34,600,Cotton200gm2withDNA10wtpercentmeasuredadd-on,TG+LOI,2026-10-02,Codexcompleteprimarynative/textpages;oneprimaryreviewer,10,Carbohydrate Polymers,"All32native/textaccepted-manuscriptpagesreviewed,noSIcited;PDFpage=printedmanuscriptpage+1;coverPDFp1. OwnTable1PDFp20printed19reportsfourcottonstatesinN2andair;LOIownprosePDFp12printed11COT18andDNA5/10/19add-on23/25/28. Materials200gm2cottonFratelliBallesio;herring-spermDNApowderSigmaAldrichstored4CbeforeapplicationNOTfabricaging. Allbath2.5wtpercentDNApH5.5stir300rpm30C30min;impregnation1min30C30percentRH,rotarydrumremoveexcess,climaticdryconstantmass/30Covernight;5/10/19aremeasurednative(Wf-Wi)/Wiadd-onsNOTbathdoseorcompositefraction;applicationrepeatcountunreported. OwnQ500N2air10C/min50-800Cabout10mgopenaluminapans60mL/min. NativeTonset10percentdefined10percentweightlossmapsT10NOTgenericTonset. TmaxfromderivativeTG,at-peakresiduesdistinctfromR600;R600not800methodendpoint. AircontrolR6000explicitvalid0;dashesblank. SeparateTable1R350footfromisothermaltestsAIRramp50-35010C/minthen350C1h:13/30/35/42forCOT/DNA5/10/19;fouradditionalprotocolfactrecordsretainedoutsideverifiedconditionsbecauseexistingconditionidentityonlygas/ratecannotdistinguishramp-onlyandholdprotocols;canonicalTGblank,rawR350/60minnotdynamicR600. PureDNA2dynamicgasplus1isothermalreferenceheldnontextile/noLOI. LOIASTMD2863FIREinstrument;dimensions/repeatsunreported,horizontal25x100mm3repandcone50x50x0.5mm4repseparate. Generalflammability/combustionconditioning23+/-1C48h50percentRH. HorizontalTable2residues12.5/67/98andconeTable3residuesNOTTG;Table4thermocoupleTmaxNOTDTG. NativeFig1captionp19threepanels5/10/19versusprosep9fourincludingcontrol/nativefigurep25fourpanelsconflictretainednotusedforTG/LOImapping;Table1/ownLOIcodesunambiguous. Fig3annotationt35min/ramp50to35010notusedtocalculateholdtime;methodandexplicitfigure350C60minretained. ISO6330coatingcomesoffqualitativelimitwithoutwashedTGLOIorreportedwashcount,nofabricatedwashstates. PriorDNApaper10.1039/C3TA00107Ecitedbutnumericprofilesauditedacrossallsourceswith/withoutLOI. Fourstates8dynamicconditionsplus7heldfacts.",cotton,"Cotton fabric,200g/m2,FratelliBallesioTorinoItaly;weave/yarncountunreported","Cotton fabric,200g/m2,FratelliBallesioTorinoItaly;weave/yarncountunreported","Cotton fabric,200g/m2,FratelliBallesioTorinoItaly;weave/yarncountunreported",COT_DNA_10%,tabulated,"OwnTable1p20gas-specificCOTandCOT_DNA5/10/19matchEXACTownLOIprosep12sameinitialcotton200gm2measuredadd-onstates. OwnQ50010C/minN2air50-800about10mgopenalumina60mL/minmethodp7. NativeTonset10defined10percentloss=T10;DTGpeaks/at-peakresidues/R600separate;aircontrolR600explicit0,dashesblank. Complete32accepted-manuscriptpagesnoSI;350C1hisothermalsseparaterawprotocolfactsandpureDNAreferencesnotincludedinthisdynamicpair.",verified_exact,journal_article,OwnExperimental/DOIcoverandallprimarypagesreviewed,64,,,,34,600,source_review_approved,32390ff95f5d7d475ff1dea82648b7e16e03c2bdd2cfee6fd90df91102a74acb,COT_DNA_10%,,2.5,,,,,,,About10mg,,Dynamicramp50-800C10C/min,,,,,,,,10,,,"Publisheracceptedmanuscript32PDFpages,PIIS0144861713003160",23+/-1C48h50percentRH,,,,,,,Publisheracceptedmanuscriptcoverp1;material/finishingp6printed5;TG/LOImethodp7printed6;conditioningp8printed7;thermalp9-11printed8-10;LOIp12printed11;Table1p20printed19;Figs2/3p26/27printed25/26,Ownmethod10percentweightloss;mapsT10notTonset,"Wi,untreateddrymass",,,,,,,,,,,,,,,,,,Intrinsic intumescent-like flame retardant properties of DNA-treated cotton fabrics,https://doi.org/10.1016/j.carbpol.2013.03.066,,,,NoSIcitedallprimarypages,"DNAherring-spermSigmaAldrich;2.5wtpercentDNAacidifiedDIwaterpH5.5,300rpm30C30min;fabricimpregnation1min30C30percentRH,rotarydrumremoveexcess,climaticdryconstantmass,30Covernight;5/10/19native(Wf-Wi)/Wiadd-ons,applicationrepeatcountunreported",Initialasprepared,Initialasprepared0durabilitywashes,2013
10.1016/j.carbpol.2013.03.066,FIREoxygenindexapparatus,OwnLOIprosePDFp12printed11,25,ASTMD2863,,,,13,,,,,263,,,,,,,TAQ500,800,60,OwnTable1PDFp20printed19gas-specificdynamicrow/ Fig2p26printed25,10,Openaluminapans,50,302,511,,,,air,13,600,Cotton200gm2withDNA10wtpercentmeasuredadd-on,TG+LOI,2026-10-02,Codexcompleteprimarynative/textpages;oneprimaryreviewer,10,Carbohydrate Polymers,"All32native/textaccepted-manuscriptpagesreviewed,noSIcited;PDFpage=printedmanuscriptpage+1;coverPDFp1. OwnTable1PDFp20printed19reportsfourcottonstatesinN2andair;LOIownprosePDFp12printed11COT18andDNA5/10/19add-on23/25/28. Materials200gm2cottonFratelliBallesio;herring-spermDNApowderSigmaAldrichstored4CbeforeapplicationNOTfabricaging. Allbath2.5wtpercentDNApH5.5stir300rpm30C30min;impregnation1min30C30percentRH,rotarydrumremoveexcess,climaticdryconstantmass/30Covernight;5/10/19aremeasurednative(Wf-Wi)/Wiadd-onsNOTbathdoseorcompositefraction;applicationrepeatcountunreported. OwnQ500N2air10C/min50-800Cabout10mgopenaluminapans60mL/min. NativeTonset10percentdefined10percentweightlossmapsT10NOTgenericTonset. TmaxfromderivativeTG,at-peakresiduesdistinctfromR600;R600not800methodendpoint. AircontrolR6000explicitvalid0;dashesblank. SeparateTable1R350footfromisothermaltestsAIRramp50-35010C/minthen350C1h:13/30/35/42forCOT/DNA5/10/19;fouradditionalprotocolfactrecordsretainedoutsideverifiedconditionsbecauseexistingconditionidentityonlygas/ratecannotdistinguishramp-onlyandholdprotocols;canonicalTGblank,rawR350/60minnotdynamicR600. PureDNA2dynamicgasplus1isothermalreferenceheldnontextile/noLOI. LOIASTMD2863FIREinstrument;dimensions/repeatsunreported,horizontal25x100mm3repandcone50x50x0.5mm4repseparate. Generalflammability/combustionconditioning23+/-1C48h50percentRH. HorizontalTable2residues12.5/67/98andconeTable3residuesNOTTG;Table4thermocoupleTmaxNOTDTG. NativeFig1captionp19threepanels5/10/19versusprosep9fourincludingcontrol/nativefigurep25fourpanelsconflictretainednotusedforTG/LOImapping;Table1/ownLOIcodesunambiguous. Fig3annotationt35min/ramp50to35010notusedtocalculateholdtime;methodandexplicitfigure350C60minretained. ISO6330coatingcomesoffqualitativelimitwithoutwashedTGLOIorreportedwashcount,nofabricatedwashstates. PriorDNApaper10.1039/C3TA00107Ecitedbutnumericprofilesauditedacrossallsourceswith/withoutLOI. Fourstates8dynamicconditionsplus7heldfacts.",cotton,"Cotton fabric,200g/m2,FratelliBallesioTorinoItaly;weave/yarncountunreported","Cotton fabric,200g/m2,FratelliBallesioTorinoItaly;weave/yarncountunreported","Cotton fabric,200g/m2,FratelliBallesioTorinoItaly;weave/yarncountunreported",COT_DNA_10%,tabulated,"OwnTable1p20gas-specificCOTandCOT_DNA5/10/19matchEXACTownLOIprosep12sameinitialcotton200gm2measuredadd-onstates. OwnQ50010C/minN2air50-800about10mgopenalumina60mL/minmethodp7. NativeTonset10defined10percentloss=T10;DTGpeaks/at-peakresidues/R600separate;aircontrolR600explicit0,dashesblank. Complete32accepted-manuscriptpagesnoSI;350C1hisothermalsseparaterawprotocolfactsandpureDNAreferencesnotincludedinthisdynamicpair.",verified_exact,journal_article,OwnExperimental/DOIcoverandallprimarypagesreviewed,69,24,,,13,600,source_review_approved,9f5e6baec91a13481f8eb974974d5e6a47783b32a4b86c5116e4e897b258ff43,COT_DNA_10%,,2.5,,,,,,,About10mg,,Dynamicramp50-800C10C/min,,,,,,,,10,,,"Publisheracceptedmanuscript32PDFpages,PIIS0144861713003160",23+/-1C48h50percentRH,,,,,,,Publisheracceptedmanuscriptcoverp1;material/finishingp6printed5;TG/LOImethodp7printed6;conditioningp8printed7;thermalp9-11printed8-10;LOIp12printed11;Table1p20printed19;Figs2/3p26/27printed25/26,Ownmethod10percentweightloss;mapsT10notTonset,"Wi,untreateddrymass",,,,,,,,,,,,,,,,,,Intrinsic intumescent-like flame retardant properties of DNA-treated cotton fabrics,https://doi.org/10.1016/j.carbpol.2013.03.066,,,,NoSIcitedallprimarypages,"DNAherring-spermSigmaAldrich;2.5wtpercentDNAacidifiedDIwaterpH5.5,300rpm30C30min;fabricimpregnation1min30C30percentRH,rotarydrumremoveexcess,climaticdryconstantmass,30Covernight;5/10/19native(Wf-Wi)/Wiadd-ons,applicationrepeatcountunreported",Initialasprepared,Initialasprepared0durabilitywashes,2013
10.1016/j.carbpol.2013.03.066,FIREoxygenindexapparatus,OwnLOIprosePDFp12printed11,25,ASTMD2863,,,,,,,,,,,,,,,,,,,OwnTable1p20lastcolumnfoot**fromisothermaltests;methodp7/ Fig3p27,,,,,,,,,air,,,Cotton200gm2withDNA10wtpercentmeasuredadd-on,Rawsourcefactonly,2026-10-02,Codexcompleteprimarynative/textpages;oneprimaryreviewer,,Carbohydrate Polymers,"All32native/textaccepted-manuscriptpagesreviewed,noSIcited;PDFpage=printedmanuscriptpage+1;coverPDFp1. OwnTable1PDFp20printed19reportsfourcottonstatesinN2andair;LOIownprosePDFp12printed11COT18andDNA5/10/19add-on23/25/28. Materials200gm2cottonFratelliBallesio;herring-spermDNApowderSigmaAldrichstored4CbeforeapplicationNOTfabricaging. Allbath2.5wtpercentDNApH5.5stir300rpm30C30min;impregnation1min30C30percentRH,rotarydrumremoveexcess,climaticdryconstantmass/30Covernight;5/10/19aremeasurednative(Wf-Wi)/Wiadd-onsNOTbathdoseorcompositefraction;applicationrepeatcountunreported. OwnQ500N2air10C/min50-800Cabout10mgopenaluminapans60mL/min. NativeTonset10percentdefined10percentweightlossmapsT10NOTgenericTonset. TmaxfromderivativeTG,at-peakresiduesdistinctfromR600;R600not800methodendpoint. AircontrolR6000explicitvalid0;dashesblank. SeparateTable1R350footfromisothermaltestsAIRramp50-35010C/minthen350C1h:13/30/35/42forCOT/DNA5/10/19;fouradditionalprotocolfactrecordsretainedoutsideverifiedconditionsbecauseexistingconditionidentityonlygas/ratecannotdistinguishramp-onlyandholdprotocols;canonicalTGblank,rawR350/60minnotdynamicR600. PureDNA2dynamicgasplus1isothermalreferenceheldnontextile/noLOI. LOIASTMD2863FIREinstrument;dimensions/repeatsunreported,horizontal25x100mm3repandcone50x50x0.5mm4repseparate. Generalflammability/combustionconditioning23+/-1C48h50percentRH. HorizontalTable2residues12.5/67/98andconeTable3residuesNOTTG;Table4thermocoupleTmaxNOTDTG. NativeFig1captionp19threepanels5/10/19versusprosep9fourincludingcontrol/nativefigurep25fourpanelsconflictretainednotusedforTG/LOImapping;Table1/ownLOIcodesunambiguous. Fig3annotationt35min/ramp50to35010notusedtocalculateholdtime;methodandexplicitfigure350C60minretained. ISO6330coatingcomesoffqualitativelimitwithoutwashedTGLOIorreportedwashcount,nofabricatedwashstates. PriorDNApaper10.1039/C3TA00107Ecitedbutnumericprofilesauditedacrossallsourceswith/withoutLOI. Fourstates8dynamicconditionsplus7heldfacts.",cotton,"Cotton fabric,200g/m2,FratelliBallesioTorinoItaly;weave/yarncountunreported","Cotton fabric,200g/m2,FratelliBallesioTorinoItaly;weave/yarncountunreported","Cotton fabric,200g/m2,FratelliBallesioTorinoItaly;weave/yarncountunreported",COT_DNA_10%,held_source_facts,,held_distinct_isothermal_protocol_not_representable_in_current_condition_key,journal_article,OwnExperimental/DOIcoverandallprimarypagesreviewed,,,,,,,held_outside_verified_target,,COT_DNA_10%,,2.5,,,,60,TAQ500,About10,,Openaluminapans,SeparateisothermalAIRramp50-35010C/minthen350C60min,,,,,,,,10,,"Existinggas/rate-onlyconditionkeycannotdistinguishholdprotocol;rawfactretainedwithallconditions,notadditionalverifiedpairornewsample","Publisheracceptedmanuscript32PDFpages,PIIS0144861713003160",23+/-1C48h50percentRH,35,350,60,350,10,50,Publisheracceptedmanuscriptcoverp1;material/finishingp6printed5;TG/LOImethodp7printed6;conditioningp8printed7;thermalp9-11printed8-10;LOIp12printed11;Table1p20printed19;Figs2/3p26/27printed25/26,,"Wi,untreateddrymass",,,,,,,,,,,,,,,,,,Intrinsic intumescent-like flame retardant properties of DNA-treated cotton fabrics,https://doi.org/10.1016/j.carbpol.2013.03.066,,,,NoSIcitedallprimarypages,"DNAherring-spermSigmaAldrich;2.5wtpercentDNAacidifiedDIwaterpH5.5,300rpm30C30min;fabricimpregnation1min30C30percentRH,rotarydrumremoveexcess,climaticdryconstantmass,30Covernight;5/10/19native(Wf-Wi)/Wiadd-ons,applicationrepeatcountunreported",Initialasprepared,Initialasprepared0durabilitywashes,2013
10.1016/j.carbpol.2013.03.066,FIREoxygenindexapparatus,OwnLOIprosePDFp12printed11,28,ASTMD2863,,,,35,,,,,243,,,,,,,TAQ500,800,60,OwnTable1PDFp20printed19gas-specificdynamicrow/ Fig2p26printed25,10,Openaluminapans,50,309,,,,,N2,35,600,Cotton200gm2withDNA19wtpercentmeasuredadd-on,TG+LOI,2026-10-02,Codexcompleteprimarynative/textpages;oneprimaryreviewer,10,Carbohydrate Polymers,"All32native/textaccepted-manuscriptpagesreviewed,noSIcited;PDFpage=printedmanuscriptpage+1;coverPDFp1. OwnTable1PDFp20printed19reportsfourcottonstatesinN2andair;LOIownprosePDFp12printed11COT18andDNA5/10/19add-on23/25/28. Materials200gm2cottonFratelliBallesio;herring-spermDNApowderSigmaAldrichstored4CbeforeapplicationNOTfabricaging. Allbath2.5wtpercentDNApH5.5stir300rpm30C30min;impregnation1min30C30percentRH,rotarydrumremoveexcess,climaticdryconstantmass/30Covernight;5/10/19aremeasurednative(Wf-Wi)/Wiadd-onsNOTbathdoseorcompositefraction;applicationrepeatcountunreported. OwnQ500N2air10C/min50-800Cabout10mgopenaluminapans60mL/min. NativeTonset10percentdefined10percentweightlossmapsT10NOTgenericTonset. TmaxfromderivativeTG,at-peakresiduesdistinctfromR600;R600not800methodendpoint. AircontrolR6000explicitvalid0;dashesblank. SeparateTable1R350footfromisothermaltestsAIRramp50-35010C/minthen350C1h:13/30/35/42forCOT/DNA5/10/19;fouradditionalprotocolfactrecordsretainedoutsideverifiedconditionsbecauseexistingconditionidentityonlygas/ratecannotdistinguishramp-onlyandholdprotocols;canonicalTGblank,rawR350/60minnotdynamicR600. PureDNA2dynamicgasplus1isothermalreferenceheldnontextile/noLOI. LOIASTMD2863FIREinstrument;dimensions/repeatsunreported,horizontal25x100mm3repandcone50x50x0.5mm4repseparate. Generalflammability/combustionconditioning23+/-1C48h50percentRH. HorizontalTable2residues12.5/67/98andconeTable3residuesNOTTG;Table4thermocoupleTmaxNOTDTG. NativeFig1captionp19threepanels5/10/19versusprosep9fourincludingcontrol/nativefigurep25fourpanelsconflictretainednotusedforTG/LOImapping;Table1/ownLOIcodesunambiguous. Fig3annotationt35min/ramp50to35010notusedtocalculateholdtime;methodandexplicitfigure350C60minretained. ISO6330coatingcomesoffqualitativelimitwithoutwashedTGLOIorreportedwashcount,nofabricatedwashstates. PriorDNApaper10.1039/C3TA00107Ecitedbutnumericprofilesauditedacrossallsourceswith/withoutLOI. Fourstates8dynamicconditionsplus7heldfacts.",cotton,"Cotton fabric,200g/m2,FratelliBallesioTorinoItaly;weave/yarncountunreported","Cotton fabric,200g/m2,FratelliBallesioTorinoItaly;weave/yarncountunreported","Cotton fabric,200g/m2,FratelliBallesioTorinoItaly;weave/yarncountunreported",COT_DNA_19%,tabulated,"OwnTable1p20gas-specificCOTandCOT_DNA5/10/19matchEXACTownLOIprosep12sameinitialcotton200gm2measuredadd-onstates. OwnQ50010C/minN2air50-800about10mgopenalumina60mL/minmethodp7. NativeTonset10defined10percentloss=T10;DTGpeaks/at-peakresidues/R600separate;aircontrolR600explicit0,dashesblank. Complete32accepted-manuscriptpagesnoSI;350C1hisothermalsseparaterawprotocolfactsandpureDNAreferencesnotincludedinthisdynamicpair.",verified_exact,journal_article,OwnExperimental/DOIcoverandallprimarypagesreviewed,67,,,,35,600,source_review_approved,3aca81c1965a1dcaafe8165f88348527698f36b88e107f9ffccc78aa33cf5400,COT_DNA_19%,,2.5,,,,,,,About10mg,,Dynamicramp50-800C10C/min,,,,,,,,19,,,"Publisheracceptedmanuscript32PDFpages,PIIS0144861713003160",23+/-1C48h50percentRH,,,,,,,Publisheracceptedmanuscriptcoverp1;material/finishingp6printed5;TG/LOImethodp7printed6;conditioningp8printed7;thermalp9-11printed8-10;LOIp12printed11;Table1p20printed19;Figs2/3p26/27printed25/26,Ownmethod10percentweightloss;mapsT10notTonset,"Wi,untreateddrymass",,,,,,,,,,,,,,,,,,Intrinsic intumescent-like flame retardant properties of DNA-treated cotton fabrics,https://doi.org/10.1016/j.carbpol.2013.03.066,,,,NoSIcitedallprimarypages,"DNAherring-spermSigmaAldrich;2.5wtpercentDNAacidifiedDIwaterpH5.5,300rpm30C30min;fabricimpregnation1min30C30percentRH,rotarydrumremoveexcess,climaticdryconstantmass,30Covernight;5/10/19native(Wf-Wi)/Wiadd-ons,applicationrepeatcountunreported",Initialasprepared,Initialasprepared0durabilitywashes,2013
10.1016/j.carbpol.2013.03.066,FIREoxygenindexapparatus,OwnLOIprosePDFp12printed11,28,ASTMD2863,,,,19,,,,,238,,,,,,,TAQ500,800,60,OwnTable1PDFp20printed19gas-specificdynamicrow/ Fig2p26printed25,10,Openaluminapans,50,299,515,,,,air,19,600,Cotton200gm2withDNA19wtpercentmeasuredadd-on,TG+LOI,2026-10-02,Codexcompleteprimarynative/textpages;oneprimaryreviewer,10,Carbohydrate Polymers,"All32native/textaccepted-manuscriptpagesreviewed,noSIcited;PDFpage=printedmanuscriptpage+1;coverPDFp1. OwnTable1PDFp20printed19reportsfourcottonstatesinN2andair;LOIownprosePDFp12printed11COT18andDNA5/10/19add-on23/25/28. Materials200gm2cottonFratelliBallesio;herring-spermDNApowderSigmaAldrichstored4CbeforeapplicationNOTfabricaging. Allbath2.5wtpercentDNApH5.5stir300rpm30C30min;impregnation1min30C30percentRH,rotarydrumremoveexcess,climaticdryconstantmass/30Covernight;5/10/19aremeasurednative(Wf-Wi)/Wiadd-onsNOTbathdoseorcompositefraction;applicationrepeatcountunreported. OwnQ500N2air10C/min50-800Cabout10mgopenaluminapans60mL/min. NativeTonset10percentdefined10percentweightlossmapsT10NOTgenericTonset. TmaxfromderivativeTG,at-peakresiduesdistinctfromR600;R600not800methodendpoint. AircontrolR6000explicitvalid0;dashesblank. SeparateTable1R350footfromisothermaltestsAIRramp50-35010C/minthen350C1h:13/30/35/42forCOT/DNA5/10/19;fouradditionalprotocolfactrecordsretainedoutsideverifiedconditionsbecauseexistingconditionidentityonlygas/ratecannotdistinguishramp-onlyandholdprotocols;canonicalTGblank,rawR350/60minnotdynamicR600. PureDNA2dynamicgasplus1isothermalreferenceheldnontextile/noLOI. LOIASTMD2863FIREinstrument;dimensions/repeatsunreported,horizontal25x100mm3repandcone50x50x0.5mm4repseparate. Generalflammability/combustionconditioning23+/-1C48h50percentRH. HorizontalTable2residues12.5/67/98andconeTable3residuesNOTTG;Table4thermocoupleTmaxNOTDTG. NativeFig1captionp19threepanels5/10/19versusprosep9fourincludingcontrol/nativefigurep25fourpanelsconflictretainednotusedforTG/LOImapping;Table1/ownLOIcodesunambiguous. Fig3annotationt35min/ramp50to35010notusedtocalculateholdtime;methodandexplicitfigure350C60minretained. ISO6330coatingcomesoffqualitativelimitwithoutwashedTGLOIorreportedwashcount,nofabricatedwashstates. PriorDNApaper10.1039/C3TA00107Ecitedbutnumericprofilesauditedacrossallsourceswith/withoutLOI. Fourstates8dynamicconditionsplus7heldfacts.",cotton,"Cotton fabric,200g/m2,FratelliBallesioTorinoItaly;weave/yarncountunreported","Cotton fabric,200g/m2,FratelliBallesioTorinoItaly;weave/yarncountunreported","Cotton fabric,200g/m2,FratelliBallesioTorinoItaly;weave/yarncountunreported",COT_DNA_19%,tabulated,"OwnTable1p20gas-specificCOTandCOT_DNA5/10/19matchEXACTownLOIprosep12sameinitialcotton200gm2measuredadd-onstates. OwnQ50010C/minN2air50-800about10mgopenalumina60mL/minmethodp7. NativeTonset10defined10percentloss=T10;DTGpeaks/at-peakresidues/R600separate;aircontrolR600explicit0,dashesblank. Complete32accepted-manuscriptpagesnoSI;350C1hisothermalsseparaterawprotocolfactsandpureDNAreferencesnotincludedinthisdynamicpair.",verified_exact,journal_article,OwnExperimental/DOIcoverandallprimarypagesreviewed,68,29,,,19,600,source_review_approved,e9c950fe1c5cc7128ecd7dd3da9e66f81fd37c8b3262873862a67bf837d17b99,COT_DNA_19%,,2.5,,,,,,,About10mg,,Dynamicramp50-800C10C/min,,,,,,,,19,,,"Publisheracceptedmanuscript32PDFpages,PIIS0144861713003160",23+/-1C48h50percentRH,,,,,,,Publisheracceptedmanuscriptcoverp1;material/finishingp6printed5;TG/LOImethodp7printed6;conditioningp8printed7;thermalp9-11printed8-10;LOIp12printed11;Table1p20printed19;Figs2/3p26/27printed25/26,Ownmethod10percentweightloss;mapsT10notTonset,"Wi,untreateddrymass",,,,,,,,,,,,,,,,,,Intrinsic intumescent-like flame retardant properties of DNA-treated cotton fabrics,https://doi.org/10.1016/j.carbpol.2013.03.066,,,,NoSIcitedallprimarypages,"DNAherring-spermSigmaAldrich;2.5wtpercentDNAacidifiedDIwaterpH5.5,300rpm30C30min;fabricimpregnation1min30C30percentRH,rotarydrumremoveexcess,climaticdryconstantmass,30Covernight;5/10/19native(Wf-Wi)/Wiadd-ons,applicationrepeatcountunreported",Initialasprepared,Initialasprepared0durabilitywashes,2013
10.1016/j.carbpol.2013.03.066,FIREoxygenindexapparatus,OwnLOIprosePDFp12printed11,28,ASTMD2863,,,,,,,,,,,,,,,,,,,OwnTable1p20lastcolumnfoot**fromisothermaltests;methodp7/ Fig3p27,,,,,,,,,air,,,Cotton200gm2withDNA19wtpercentmeasuredadd-on,Rawsourcefactonly,2026-10-02,Codexcompleteprimarynative/textpages;oneprimaryreviewer,,Carbohydrate Polymers,"All32native/textaccepted-manuscriptpagesreviewed,noSIcited;PDFpage=printedmanuscriptpage+1;coverPDFp1. OwnTable1PDFp20printed19reportsfourcottonstatesinN2andair;LOIownprosePDFp12printed11COT18andDNA5/10/19add-on23/25/28. Materials200gm2cottonFratelliBallesio;herring-spermDNApowderSigmaAldrichstored4CbeforeapplicationNOTfabricaging. Allbath2.5wtpercentDNApH5.5stir300rpm30C30min;impregnation1min30C30percentRH,rotarydrumremoveexcess,climaticdryconstantmass/30Covernight;5/10/19aremeasurednative(Wf-Wi)/Wiadd-onsNOTbathdoseorcompositefraction;applicationrepeatcountunreported. OwnQ500N2air10C/min50-800Cabout10mgopenaluminapans60mL/min. NativeTonset10percentdefined10percentweightlossmapsT10NOTgenericTonset. TmaxfromderivativeTG,at-peakresiduesdistinctfromR600;R600not800methodendpoint. AircontrolR6000explicitvalid0;dashesblank. SeparateTable1R350footfromisothermaltestsAIRramp50-35010C/minthen350C1h:13/30/35/42forCOT/DNA5/10/19;fouradditionalprotocolfactrecordsretainedoutsideverifiedconditionsbecauseexistingconditionidentityonlygas/ratecannotdistinguishramp-onlyandholdprotocols;canonicalTGblank,rawR350/60minnotdynamicR600. PureDNA2dynamicgasplus1isothermalreferenceheldnontextile/noLOI. LOIASTMD2863FIREinstrument;dimensions/repeatsunreported,horizontal25x100mm3repandcone50x50x0.5mm4repseparate. Generalflammability/combustionconditioning23+/-1C48h50percentRH. HorizontalTable2residues12.5/67/98andconeTable3residuesNOTTG;Table4thermocoupleTmaxNOTDTG. NativeFig1captionp19threepanels5/10/19versusprosep9fourincludingcontrol/nativefigurep25fourpanelsconflictretainednotusedforTG/LOImapping;Table1/ownLOIcodesunambiguous. Fig3annotationt35min/ramp50to35010notusedtocalculateholdtime;methodandexplicitfigure350C60minretained. ISO6330coatingcomesoffqualitativelimitwithoutwashedTGLOIorreportedwashcount,nofabricatedwashstates. PriorDNApaper10.1039/C3TA00107Ecitedbutnumericprofilesauditedacrossallsourceswith/withoutLOI. Fourstates8dynamicconditionsplus7heldfacts.",cotton,"Cotton fabric,200g/m2,FratelliBallesioTorinoItaly;weave/yarncountunreported","Cotton fabric,200g/m2,FratelliBallesioTorinoItaly;weave/yarncountunreported","Cotton fabric,200g/m2,FratelliBallesioTorinoItaly;weave/yarncountunreported",COT_DNA_19%,held_source_facts,,held_distinct_isothermal_protocol_not_representable_in_current_condition_key,journal_article,OwnExperimental/DOIcoverandallprimarypagesreviewed,,,,,,,held_outside_verified_target,,COT_DNA_19%,,2.5,,,,60,TAQ500,About10,,Openaluminapans,SeparateisothermalAIRramp50-35010C/minthen350C60min,,,,,,,,19,,"Existinggas/rate-onlyconditionkeycannotdistinguishholdprotocol;rawfactretainedwithallconditions,notadditionalverifiedpairornewsample","Publisheracceptedmanuscript32PDFpages,PIIS0144861713003160",23+/-1C48h50percentRH,42,350,60,350,10,50,Publisheracceptedmanuscriptcoverp1;material/finishingp6printed5;TG/LOImethodp7printed6;conditioningp8printed7;thermalp9-11printed8-10;LOIp12printed11;Table1p20printed19;Figs2/3p26/27printed25/26,,"Wi,untreateddrymass",,,,,,,,,,,,,,,,,,Intrinsic intumescent-like flame retardant properties of DNA-treated cotton fabrics,https://doi.org/10.1016/j.carbpol.2013.03.066,,,,NoSIcitedallprimarypages,"DNAherring-spermSigmaAldrich;2.5wtpercentDNAacidifiedDIwaterpH5.5,300rpm30C30min;fabricimpregnation1min30C30percentRH,rotarydrumremoveexcess,climaticdryconstantmass,30Covernight;5/10/19native(Wf-Wi)/Wiadd-ons,applicationrepeatcountunreported",Initialasprepared,Initialasprepared0durabilitywashes,2013
10.1016/j.carbpol.2013.03.066,,,,,,,,,,,,,,,,,,,,,,,OwnTable1PDFp20printed19pureDNArow,,,,,,,,,,,,Pureherring-spermDNApowder,Rawsourcefactonly,2026-10-02,Codexcompleteprimarynative/textpages;oneprimaryreviewer,,Carbohydrate Polymers,"All32native/textaccepted-manuscriptpagesreviewed,noSIcited;PDFpage=printedmanuscriptpage+1;coverPDFp1. OwnTable1PDFp20printed19reportsfourcottonstatesinN2andair;LOIownprosePDFp12printed11COT18andDNA5/10/19add-on23/25/28. Materials200gm2cottonFratelliBallesio;herring-spermDNApowderSigmaAldrichstored4CbeforeapplicationNOTfabricaging. Allbath2.5wtpercentDNApH5.5stir300rpm30C30min;impregnation1min30C30percentRH,rotarydrumremoveexcess,climaticdryconstantmass/30Covernight;5/10/19aremeasurednative(Wf-Wi)/Wiadd-onsNOTbathdoseorcompositefraction;applicationrepeatcountunreported. OwnQ500N2air10C/min50-800Cabout10mgopenaluminapans60mL/min. NativeTonset10percentdefined10percentweightlossmapsT10NOTgenericTonset. TmaxfromderivativeTG,at-peakresiduesdistinctfromR600;R600not800methodendpoint. AircontrolR6000explicitvalid0;dashesblank. SeparateTable1R350footfromisothermaltestsAIRramp50-35010C/minthen350C1h:13/30/35/42forCOT/DNA5/10/19;fouradditionalprotocolfactrecordsretainedoutsideverifiedconditionsbecauseexistingconditionidentityonlygas/ratecannotdistinguishramp-onlyandholdprotocols;canonicalTGblank,rawR350/60minnotdynamicR600. PureDNA2dynamicgasplus1isothermalreferenceheldnontextile/noLOI. LOIASTMD2863FIREinstrument;dimensions/repeatsunreported,horizontal25x100mm3repandcone50x50x0.5mm4repseparate. Generalflammability/combustionconditioning23+/-1C48h50percentRH. HorizontalTable2residues12.5/67/98andconeTable3residuesNOTTG;Table4thermocoupleTmaxNOTDTG. NativeFig1captionp19threepanels5/10/19versusprosep9fourincludingcontrol/nativefigurep25fourpanelsconflictretainednotusedforTG/LOImapping;Table1/ownLOIcodesunambiguous. Fig3annotationt35min/ramp50to35010notusedtocalculateholdtime;methodandexplicitfigure350C60minretained. ISO6330coatingcomesoffqualitativelimitwithoutwashedTGLOIorreportedwashcount,nofabricatedwashstates. PriorDNApaper10.1039/C3TA00107Ecitedbutnumericprofilesauditedacrossallsourceswith/withoutLOI. Fourstates8dynamicconditionsplus7heldfacts.",,Pureherring-spermDNApowder;nontextile,,,DNA,held_source_facts,,held_pure_DNA_nontextile_TG_without_own_LOI,journal_article,OwnExperimental/DOIcoverandallprimarypagesreviewed,,,,,,,held_outside_verified_target,,PureDNA-reference,,,,,,,,,,,,,,,,,,,,,,"Publisheracceptedmanuscript32PDFpages,PIIS0144861713003160",,,,,,,,Materials/methodp6-7;Table1p20printed19;nontextilereferencenotpaired,,,,,,,,,"[180, 230, 270]",,50,195,,,,,N2,10,"[91, 85, 75]",Intrinsic intumescent-like flame retardant properties of DNA-treated cotton fabrics,https://doi.org/10.1016/j.carbpol.2013.03.066,,,,NoSIcitedallprimarypages,,Purecompoundreference,Notapplicable,2013
10.1016/j.carbpol.2013.03.066,,,,,,,,,,,,,,,,,,,,,,,OwnTable1PDFp20printed19pureDNArow,,,,,,,,,,,,Pureherring-spermDNApowder,Rawsourcefactonly,2026-10-02,Codexcompleteprimarynative/textpages;oneprimaryreviewer,,Carbohydrate Polymers,"All32native/textaccepted-manuscriptpagesreviewed,noSIcited;PDFpage=printedmanuscriptpage+1;coverPDFp1. OwnTable1PDFp20printed19reportsfourcottonstatesinN2andair;LOIownprosePDFp12printed11COT18andDNA5/10/19add-on23/25/28. Materials200gm2cottonFratelliBallesio;herring-spermDNApowderSigmaAldrichstored4CbeforeapplicationNOTfabricaging. Allbath2.5wtpercentDNApH5.5stir300rpm30C30min;impregnation1min30C30percentRH,rotarydrumremoveexcess,climaticdryconstantmass/30Covernight;5/10/19aremeasurednative(Wf-Wi)/Wiadd-onsNOTbathdoseorcompositefraction;applicationrepeatcountunreported. OwnQ500N2air10C/min50-800Cabout10mgopenaluminapans60mL/min. NativeTonset10percentdefined10percentweightlossmapsT10NOTgenericTonset. TmaxfromderivativeTG,at-peakresiduesdistinctfromR600;R600not800methodendpoint. AircontrolR6000explicitvalid0;dashesblank. SeparateTable1R350footfromisothermaltestsAIRramp50-35010C/minthen350C1h:13/30/35/42forCOT/DNA5/10/19;fouradditionalprotocolfactrecordsretainedoutsideverifiedconditionsbecauseexistingconditionidentityonlygas/ratecannotdistinguishramp-onlyandholdprotocols;canonicalTGblank,rawR350/60minnotdynamicR600. PureDNA2dynamicgasplus1isothermalreferenceheldnontextile/noLOI. LOIASTMD2863FIREinstrument;dimensions/repeatsunreported,horizontal25x100mm3repandcone50x50x0.5mm4repseparate. Generalflammability/combustionconditioning23+/-1C48h50percentRH. HorizontalTable2residues12.5/67/98andconeTable3residuesNOTTG;Table4thermocoupleTmaxNOTDTG. NativeFig1captionp19threepanels5/10/19versusprosep9fourincludingcontrol/nativefigurep25fourpanelsconflictretainednotusedforTG/LOImapping;Table1/ownLOIcodesunambiguous. Fig3annotationt35min/ramp50to35010notusedtocalculateholdtime;methodandexplicitfigure350C60minretained. ISO6330coatingcomesoffqualitativelimitwithoutwashedTGLOIorreportedwashcount,nofabricatedwashstates. PriorDNApaper10.1039/C3TA00107Ecitedbutnumericprofilesauditedacrossallsourceswith/withoutLOI. Fourstates8dynamicconditionsplus7heldfacts.",,Pureherring-spermDNApowder;nontextile,,,DNA,held_source_facts,,held_pure_DNA_nontextile_TG_without_own_LOI,journal_article,OwnExperimental/DOIcoverandallprimarypagesreviewed,,,,,,,held_outside_verified_target,,PureDNA-reference,,,,,,,,,,,,,,,,,,,,,,"Publisheracceptedmanuscript32PDFpages,PIIS0144861713003160",,,,,,,,Materials/methodp6-7;Table1p20printed19;nontextilereferencenotpaired,,,,,,,,,"[180, 226, 333]",,49,171,,,,,air,10,"[90, 85, 69]",Intrinsic intumescent-like flame retardant properties of DNA-treated cotton fabrics,https://doi.org/10.1016/j.carbpol.2013.03.066,,,,NoSIcitedallprimarypages,,Purecompoundreference,Notapplicable,2013
10.1016/j.carbpol.2013.03.066,,,,,,,,,,,,,,,,,,,,,,,OwnTable1p20lastcolumnfoot**isothermal;methodp7,,,,,,,,,,,,PureDNApowder,Rawsourcefactonly,2026-10-02,Codexcompleteprimarynative/textpages;oneprimaryreviewer,,Carbohydrate Polymers,"All32native/textaccepted-manuscriptpagesreviewed,noSIcited;PDFpage=printedmanuscriptpage+1;coverPDFp1. OwnTable1PDFp20printed19reportsfourcottonstatesinN2andair;LOIownprosePDFp12printed11COT18andDNA5/10/19add-on23/25/28. Materials200gm2cottonFratelliBallesio;herring-spermDNApowderSigmaAldrichstored4CbeforeapplicationNOTfabricaging. Allbath2.5wtpercentDNApH5.5stir300rpm30C30min;impregnation1min30C30percentRH,rotarydrumremoveexcess,climaticdryconstantmass/30Covernight;5/10/19aremeasurednative(Wf-Wi)/Wiadd-onsNOTbathdoseorcompositefraction;applicationrepeatcountunreported. OwnQ500N2air10C/min50-800Cabout10mgopenaluminapans60mL/min. NativeTonset10percentdefined10percentweightlossmapsT10NOTgenericTonset. TmaxfromderivativeTG,at-peakresiduesdistinctfromR600;R600not800methodendpoint. AircontrolR6000explicitvalid0;dashesblank. SeparateTable1R350footfromisothermaltestsAIRramp50-35010C/minthen350C1h:13/30/35/42forCOT/DNA5/10/19;fouradditionalprotocolfactrecordsretainedoutsideverifiedconditionsbecauseexistingconditionidentityonlygas/ratecannotdistinguishramp-onlyandholdprotocols;canonicalTGblank,rawR350/60minnotdynamicR600. PureDNA2dynamicgasplus1isothermalreferenceheldnontextile/noLOI. LOIASTMD2863FIREinstrument;dimensions/repeatsunreported,horizontal25x100mm3repandcone50x50x0.5mm4repseparate. Generalflammability/combustionconditioning23+/-1C48h50percentRH. HorizontalTable2residues12.5/67/98andconeTable3residuesNOTTG;Table4thermocoupleTmaxNOTDTG. NativeFig1captionp19threepanels5/10/19versusprosep9fourincludingcontrol/nativefigurep25fourpanelsconflictretainednotusedforTG/LOImapping;Table1/ownLOIcodesunambiguous. Fig3annotationt35min/ramp50to35010notusedtocalculateholdtime;methodandexplicitfigure350C60minretained. ISO6330coatingcomesoffqualitativelimitwithoutwashedTGLOIorreportedwashcount,nofabricatedwashstates. PriorDNApaper10.1039/C3TA00107Ecitedbutnumericprofilesauditedacrossallsourceswith/withoutLOI. Fourstates8dynamicconditionsplus7heldfacts.",,Pureherring-spermDNApowder;nontextile,,,DNA,held_source_facts,,held_pure_DNA_nontextile_isothermal_without_own_LOI,journal_article,OwnExperimental/DOIcoverandallprimarypagesreviewed,,,,,,,held_outside_verified_target,,PureDNA-isothermal-reference,,,,,,,,,,,,,,,,,,,,,,"Publisheracceptedmanuscript32PDFpages,PIIS0144861713003160",,66,350,60,350,10,50,OwnTable1p20printed19;thermalp10-11,,,,,,,,,,,,,,,,,air,,,Intrinsic intumescent-like flame retardant properties of DNA-treated cotton fabrics,https://doi.org/10.1016/j.carbpol.2013.03.066,,,,NoSIcitedallprimarypages,,Purecompoundreference,Notapplicable,2013
