DOI,observation_key,sample_id,sample_state,treatment_state,washing_state,material,composition,material_form_TGA,material_form_LOI,source_title,source_version,source_url,source_location,TG_locator,LOI_locator,conditions_locator,treatment_method,source_preparation,source_preparation_scope_note,source_original_sample_label,source_original_TG_method_note,source_original_LOI_method_note,source_metric_holds_note,source_limits_note,source_correspondence_status,source_correspondence_pending_note,source_LOI_observation_id,LOI_pct,LOI_original,source_LOI_entry_raw,source_LOI_uncertainty_statistic,source_LOI_uncertainty_amplitude_raw,source_LOI_uncertainty_glyph_raw,atmosphere,heating_rate_C_min,gas_flow_mL_min,numeric_evidence_type,physical_condition,pairing_status,pairing_evidence,evidence_reviewed_by,evidence_reviewed_at,material_scope_class,source_textile_scope_status,source_material_scope_evidence,source_material_scope_locator,material_scope_reviewed_by,material_scope_reviewed_at,source_approved,reuse_approved,schema_approved,root_approved,publication,direct_numeric_use,proposal_only,T5_C,R400_pct,R500_pct,sample_state_id,pair_key,reviewed_measurement_fingerprint,reviewed_material_scope_fingerprint,source_scope_identity_sha256,Tmax_unnumbered_C,R700_pct,R600_pct,source_heating_rate_unit_note,T20_C,source_file,source_row
10.1016/j.polymdegradstab.2011.06.012,B1822-S01-R006,PLA-FR1#-20,PLA-FR1#-20; source reported initial material state,source reported initial material state,initial; no washing durability claim,PLA based composite,"{""matrix"":""commercial PLA"",""reactive_FR"":""IFR-PLA1"",""loading_literal"":""20%"",""denominator"":""based on weight of virgin PLA (PDF2 §2.4); no recalculation""}",reported common prepared PLA-FR1#-20 material state,reported common prepared PLA-FR1#-20 material state,Inherent flame retardation of bio-based poly(lactic acid) by incorporating phosphorus linked pendent group into the backbone,Publisher article,https://doi.org/10.1016/j.polymdegradstab.2011.06.012,PDF2 §2.4; PDF3 Table2/§2.5; PDF6 Tables4/5,PDF2 §2.4; PDF3 Table2/§2.5; PDF6 Tables4/5,PDF2 §2.4; PDF3 Table2/§2.5; PDF6 Tables4/5,PDF3 §2.5,"Counter-rotation Coperion twin-screw; original speed 60 prad/min; die and zones 160,160,165,170,165,160°C; pellets then hot-press10MPa170°C5min into sheets according to corresponding standards (§2.4). Loading20/30wt% based on weight of virgin PLA, not recomputed as total-composite wt%.",,"11 source-label/recipe proposals retained for root; six blends have explicit extrusion then hotpress. Pure commercial PLA and four synthesized IFR polymers have same named TG/LOI test series, no demonstrated competing final-molding route; however final sheet-making allocation remains unreported. Do not assign blend extrusion/hotpress to IFR or virgin control and do not reject solely for TG cutting geometry. TG aliquot geometry and physical specimen identity are not asserted.",PLA-FR1#-20,"{""assay"":""ordinary TGA"",""instrument"":""TA Q100 thermogravimetric analyzer (as reported)"",""atmosphere"":""nitrogen"",""heating_rate"":""10 °C/min"",""sample_mass"":""5–10 mg"",""flow"":null,""locator"":""PDF3 §2.5""}","{""instrument"":""JF-3 oxygen index meter (Jiangning, China)"",""standard"":""GB2406-80"",""sheet_dimensions"":""130 mm × 6.5 mm × 3 mm"",""locator"":""PDF3 §2.5""}","[{""source_field"":""Tmax_C"",""literal"":""304"",""reason"":""Original stage ordinal retained; source maximum degradation temperature has no explicit maximum-rate criterion""}]; R375/R450 source-defined residues preserved in alias ledger; current production TG_FIELDS lacks those fixed-coordinate columns; no generic-temperature substitution.","[""Dose denominator kept as explicitly reported; no conversion to whole-blend wt%."",""Body PLA-IFR2# etc label variants remain textual history; Table2/4/5 PLA-FR labels used.""]",root_approved_reported_recipe_state,Six reported PLA/reactive-IFR blends explicitly extruded160–170C with source speed literal60prad/min then170C10MPa5min hotpress. Additive20/30% is based on virgin PLA weight; no invented final dry-weight normalization. Commercial pure/four reactive polymers remain held for final-sheet allocation; maximum-stage temperatures without rate definition remain raw.,10.1016/j.polymdegradstab.2011.06.012|PLA-FR1#-20|reportedLOI,25,25,25,not reported,,,N2,10,,tabulated,yes,verified_exact,"11 source-label/recipe proposals retained for root; six blends have explicit extrusion then hotpress. Pure commercial PLA and four synthesized IFR polymers have same named TG/LOI test series, no demonstrated competing final-molding route; however final sheet-making allocation remains unreported. Do not assign blend extrusion/hotpress to IFR or virgin control and do not reject solely for TG cutting geometry.","Root B1861 final bounded source/schema/family/scope adjudication; independent BEFORE/informed AFTER, B1845 andB1850 technical gates, completeB1851 actual query family",2026-10-10,fiber_forming_polymer_composite,root_scope_approved_reported_material,Reported PLA polymer/precursor composite; no claim of fabricated textile specimen; scope proposal only,PDF2 §2.4; PDF3 Table2/§2.5; PDF6 Tables4/5,Root B1861 fibre-forming polymer/precursor scope adjudication,2026-10-10,true,true,true,true,false,yes,false,262,3.9,0.8,794db88d6d1cfca94b09,10.1016/j.polymdegradstab.2011.06.012||pla-fr1#-20; source reported initial material state||initial; no washing durability claim||n2||10,e9c4ea90aefa9d3635a19d71ac774af548513ab7646820bd173deed76805d235,1f164739119dc96547d0c75e407c9aa22d36e115de2ead3e0933b3d46248eea7,e9b9993f71e04c292f86821b24c2e3e22397e19ea3524ea62281b6102ca6fe48,,,,,,data/incoming/verified_source_batch_20261010_b1852_materials.csv,2
10.1016/j.polymdegradstab.2011.06.012,B1822-S01-R007,PLA-FR1#-30,PLA-FR1#-30; source reported initial material state,source reported initial material state,initial; no washing durability claim,PLA based composite,"{""matrix"":""commercial PLA"",""reactive_FR"":""IFR-PLA1"",""loading_literal"":""30%"",""denominator"":""based on weight of virgin PLA (PDF2 §2.4); no recalculation""}",reported common prepared PLA-FR1#-30 material state,reported common prepared PLA-FR1#-30 material state,Inherent flame retardation of bio-based poly(lactic acid) by incorporating phosphorus linked pendent group into the backbone,Publisher article,https://doi.org/10.1016/j.polymdegradstab.2011.06.012,PDF2 §2.4; PDF3 Table2/§2.5; PDF6 Tables4/5,PDF2 §2.4; PDF3 Table2/§2.5; PDF6 Tables4/5,PDF2 §2.4; PDF3 Table2/§2.5; PDF6 Tables4/5,PDF3 §2.5,"Counter-rotation Coperion twin-screw; original speed 60 prad/min; die and zones 160,160,165,170,165,160°C; pellets then hot-press10MPa170°C5min into sheets according to corresponding standards (§2.4). Loading20/30wt% based on weight of virgin PLA, not recomputed as total-composite wt%.",,"11 source-label/recipe proposals retained for root; six blends have explicit extrusion then hotpress. Pure commercial PLA and four synthesized IFR polymers have same named TG/LOI test series, no demonstrated competing final-molding route; however final sheet-making allocation remains unreported. Do not assign blend extrusion/hotpress to IFR or virgin control and do not reject solely for TG cutting geometry. TG aliquot geometry and physical specimen identity are not asserted.",PLA-FR1#-30,"{""assay"":""ordinary TGA"",""instrument"":""TA Q100 thermogravimetric analyzer (as reported)"",""atmosphere"":""nitrogen"",""heating_rate"":""10 °C/min"",""sample_mass"":""5–10 mg"",""flow"":null,""locator"":""PDF3 §2.5""}","{""instrument"":""JF-3 oxygen index meter (Jiangning, China)"",""standard"":""GB2406-80"",""sheet_dimensions"":""130 mm × 6.5 mm × 3 mm"",""locator"":""PDF3 §2.5""}","[{""source_field"":""Tmax_C"",""literal"":""297"",""reason"":""Original stage ordinal retained; source maximum degradation temperature has no explicit maximum-rate criterion""}]; R375/R450 source-defined residues preserved in alias ledger; current production TG_FIELDS lacks those fixed-coordinate columns; no generic-temperature substitution.","[""Dose denominator kept as explicitly reported; no conversion to whole-blend wt%."",""Body PLA-IFR2# etc label variants remain textual history; Table2/4/5 PLA-FR labels used.""]",root_approved_reported_recipe_state,Six reported PLA/reactive-IFR blends explicitly extruded160–170C with source speed literal60prad/min then170C10MPa5min hotpress. Additive20/30% is based on virgin PLA weight; no invented final dry-weight normalization. Commercial pure/four reactive polymers remain held for final-sheet allocation; maximum-stage temperatures without rate definition remain raw.,10.1016/j.polymdegradstab.2011.06.012|PLA-FR1#-30|reportedLOI,25,25,25,not reported,,,N2,10,,tabulated,yes,verified_exact,"11 source-label/recipe proposals retained for root; six blends have explicit extrusion then hotpress. Pure commercial PLA and four synthesized IFR polymers have same named TG/LOI test series, no demonstrated competing final-molding route; however final sheet-making allocation remains unreported. Do not assign blend extrusion/hotpress to IFR or virgin control and do not reject solely for TG cutting geometry.","Root B1861 final bounded source/schema/family/scope adjudication; independent BEFORE/informed AFTER, B1845 andB1850 technical gates, completeB1851 actual query family",2026-10-10,fiber_forming_polymer_composite,root_scope_approved_reported_material,Reported PLA polymer/precursor composite; no claim of fabricated textile specimen; scope proposal only,PDF2 §2.4; PDF3 Table2/§2.5; PDF6 Tables4/5,Root B1861 fibre-forming polymer/precursor scope adjudication,2026-10-10,true,true,true,true,false,yes,false,260,1.9,0.6,250a5b239e5872916434,10.1016/j.polymdegradstab.2011.06.012||pla-fr1#-30; source reported initial material state||initial; no washing durability claim||n2||10,ea7f2418ae1244655f44d3dd1af66f7d23377d51bf7b505483ff374c0de9ecf8,fe73f7cb1a4d45b0cd25e9e8b309d5addaa9753361b21dfc08f0a6df2e35fcd0,cf2c257d69c59a201a308ddbcb35088532d1a0fa2fb12c187137f7ccb61e8919,,,,,,data/incoming/verified_source_batch_20261010_b1852_materials.csv,3
10.1016/j.polymdegradstab.2011.06.012,B1822-S01-R008,PLA-FR2#-20,PLA-FR2#-20; source reported initial material state,source reported initial material state,initial; no washing durability claim,PLA based composite,"{""matrix"":""commercial PLA"",""reactive_FR"":""IFR-PLA2"",""loading_literal"":""20%"",""denominator"":""based on weight of virgin PLA (PDF2 §2.4); no recalculation""}",reported common prepared PLA-FR2#-20 material state,reported common prepared PLA-FR2#-20 material state,Inherent flame retardation of bio-based poly(lactic acid) by incorporating phosphorus linked pendent group into the backbone,Publisher article,https://doi.org/10.1016/j.polymdegradstab.2011.06.012,PDF2 §2.4; PDF3 Table2/§2.5; PDF6 Tables4/5,PDF2 §2.4; PDF3 Table2/§2.5; PDF6 Tables4/5,PDF2 §2.4; PDF3 Table2/§2.5; PDF6 Tables4/5,PDF3 §2.5,"Counter-rotation Coperion twin-screw; original speed 60 prad/min; die and zones 160,160,165,170,165,160°C; pellets then hot-press10MPa170°C5min into sheets according to corresponding standards (§2.4). Loading20/30wt% based on weight of virgin PLA, not recomputed as total-composite wt%.",,"11 source-label/recipe proposals retained for root; six blends have explicit extrusion then hotpress. Pure commercial PLA and four synthesized IFR polymers have same named TG/LOI test series, no demonstrated competing final-molding route; however final sheet-making allocation remains unreported. Do not assign blend extrusion/hotpress to IFR or virgin control and do not reject solely for TG cutting geometry. TG aliquot geometry and physical specimen identity are not asserted.",PLA-FR2#-20,"{""assay"":""ordinary TGA"",""instrument"":""TA Q100 thermogravimetric analyzer (as reported)"",""atmosphere"":""nitrogen"",""heating_rate"":""10 °C/min"",""sample_mass"":""5–10 mg"",""flow"":null,""locator"":""PDF3 §2.5""}","{""instrument"":""JF-3 oxygen index meter (Jiangning, China)"",""standard"":""GB2406-80"",""sheet_dimensions"":""130 mm × 6.5 mm × 3 mm"",""locator"":""PDF3 §2.5""}","[{""source_field"":""Tmax_C"",""literal"":""312"",""reason"":""Original stage ordinal retained; source maximum degradation temperature has no explicit maximum-rate criterion""}]; R375/R450 source-defined residues preserved in alias ledger; current production TG_FIELDS lacks those fixed-coordinate columns; no generic-temperature substitution.","[""Dose denominator kept as explicitly reported; no conversion to whole-blend wt%."",""Body PLA-IFR2# etc label variants remain textual history; Table2/4/5 PLA-FR labels used.""]",root_approved_reported_recipe_state,Six reported PLA/reactive-IFR blends explicitly extruded160–170C with source speed literal60prad/min then170C10MPa5min hotpress. Additive20/30% is based on virgin PLA weight; no invented final dry-weight normalization. Commercial pure/four reactive polymers remain held for final-sheet allocation; maximum-stage temperatures without rate definition remain raw.,10.1016/j.polymdegradstab.2011.06.012|PLA-FR2#-20|reportedLOI,26,26,26,not reported,,,N2,10,,tabulated,yes,verified_exact,"11 source-label/recipe proposals retained for root; six blends have explicit extrusion then hotpress. Pure commercial PLA and four synthesized IFR polymers have same named TG/LOI test series, no demonstrated competing final-molding route; however final sheet-making allocation remains unreported. Do not assign blend extrusion/hotpress to IFR or virgin control and do not reject solely for TG cutting geometry.","Root B1861 final bounded source/schema/family/scope adjudication; independent BEFORE/informed AFTER, B1845 andB1850 technical gates, completeB1851 actual query family",2026-10-10,fiber_forming_polymer_composite,root_scope_approved_reported_material,Reported PLA polymer/precursor composite; no claim of fabricated textile specimen; scope proposal only,PDF2 §2.4; PDF3 Table2/§2.5; PDF6 Tables4/5,Root B1861 fibre-forming polymer/precursor scope adjudication,2026-10-10,true,true,true,true,false,yes,false,273,2.0,1.2,eb129ce258f69efefed0,10.1016/j.polymdegradstab.2011.06.012||pla-fr2#-20; source reported initial material state||initial; no washing durability claim||n2||10,58ff8aa7501f0d6c8992a12a31f6433715c1a2ec15348311a46a77f720a7c4f9,0571fd12789d4ae940c2f756733cb018f4fa6c9b77aaec5a13380bb231fdb694,aa4a9c21b76b7b61117a2c85105969eb3b1d6b97fe3522909427f50d29ce4503,,,,,,data/incoming/verified_source_batch_20261010_b1852_materials.csv,4
10.1016/j.polymdegradstab.2011.06.012,B1822-S01-R009,PLA-FR3#-20,PLA-FR3#-20; source reported initial material state,source reported initial material state,initial; no washing durability claim,PLA based composite,"{""matrix"":""commercial PLA"",""reactive_FR"":""IFR-PLA3"",""loading_literal"":""20%"",""denominator"":""based on weight of virgin PLA (PDF2 §2.4); no recalculation""}",reported common prepared PLA-FR3#-20 material state,reported common prepared PLA-FR3#-20 material state,Inherent flame retardation of bio-based poly(lactic acid) by incorporating phosphorus linked pendent group into the backbone,Publisher article,https://doi.org/10.1016/j.polymdegradstab.2011.06.012,PDF2 §2.4; PDF3 Table2/§2.5; PDF6 Tables4/5,PDF2 §2.4; PDF3 Table2/§2.5; PDF6 Tables4/5,PDF2 §2.4; PDF3 Table2/§2.5; PDF6 Tables4/5,PDF3 §2.5,"Counter-rotation Coperion twin-screw; original speed 60 prad/min; die and zones 160,160,165,170,165,160°C; pellets then hot-press10MPa170°C5min into sheets according to corresponding standards (§2.4). Loading20/30wt% based on weight of virgin PLA, not recomputed as total-composite wt%.",,"11 source-label/recipe proposals retained for root; six blends have explicit extrusion then hotpress. Pure commercial PLA and four synthesized IFR polymers have same named TG/LOI test series, no demonstrated competing final-molding route; however final sheet-making allocation remains unreported. Do not assign blend extrusion/hotpress to IFR or virgin control and do not reject solely for TG cutting geometry. TG aliquot geometry and physical specimen identity are not asserted.",PLA-FR3#-20,"{""assay"":""ordinary TGA"",""instrument"":""TA Q100 thermogravimetric analyzer (as reported)"",""atmosphere"":""nitrogen"",""heating_rate"":""10 °C/min"",""sample_mass"":""5–10 mg"",""flow"":null,""locator"":""PDF3 §2.5""}","{""instrument"":""JF-3 oxygen index meter (Jiangning, China)"",""standard"":""GB2406-80"",""sheet_dimensions"":""130 mm × 6.5 mm × 3 mm"",""locator"":""PDF3 §2.5""}","[{""source_field"":""Tmax_C"",""literal"":""305"",""reason"":""Original stage ordinal retained; source maximum degradation temperature has no explicit maximum-rate criterion""}]; R375/R450 source-defined residues preserved in alias ledger; current production TG_FIELDS lacks those fixed-coordinate columns; no generic-temperature substitution.","[""Dose denominator kept as explicitly reported; no conversion to whole-blend wt%."",""Body PLA-IFR2# etc label variants remain textual history; Table2/4/5 PLA-FR labels used.""]",root_approved_reported_recipe_state,Six reported PLA/reactive-IFR blends explicitly extruded160–170C with source speed literal60prad/min then170C10MPa5min hotpress. Additive20/30% is based on virgin PLA weight; no invented final dry-weight normalization. Commercial pure/four reactive polymers remain held for final-sheet allocation; maximum-stage temperatures without rate definition remain raw.,10.1016/j.polymdegradstab.2011.06.012|PLA-FR3#-20|reportedLOI,26,26,26,not reported,,,N2,10,,tabulated,yes,verified_exact,"11 source-label/recipe proposals retained for root; six blends have explicit extrusion then hotpress. Pure commercial PLA and four synthesized IFR polymers have same named TG/LOI test series, no demonstrated competing final-molding route; however final sheet-making allocation remains unreported. Do not assign blend extrusion/hotpress to IFR or virgin control and do not reject solely for TG cutting geometry.","Root B1861 final bounded source/schema/family/scope adjudication; independent BEFORE/informed AFTER, B1845 andB1850 technical gates, completeB1851 actual query family",2026-10-10,fiber_forming_polymer_composite,root_scope_approved_reported_material,Reported PLA polymer/precursor composite; no claim of fabricated textile specimen; scope proposal only,PDF2 §2.4; PDF3 Table2/§2.5; PDF6 Tables4/5,Root B1861 fibre-forming polymer/precursor scope adjudication,2026-10-10,true,true,true,true,false,yes,false,269,1.8,1.2,83940924761df9dc8ff5,10.1016/j.polymdegradstab.2011.06.012||pla-fr3#-20; source reported initial material state||initial; no washing durability claim||n2||10,39ae64d11f7818114fa1faf21fe6a0f9e3e1b9093c561399fa8796c4e81f5b5f,8946341844f71c51a5eec6ce664328cd7b6c69442adf7a91f08d7f520e4a8312,e516169ac03808477d81f864201ce1eb088e2e6c1fd5d533f76ca80dc8ba6fdb,,,,,,data/incoming/verified_source_batch_20261010_b1852_materials.csv,5
10.1016/j.polymdegradstab.2011.06.012,B1822-S01-R010,PLA-FR4#-20,PLA-FR4#-20; source reported initial material state,source reported initial material state,initial; no washing durability claim,PLA based composite,"{""matrix"":""commercial PLA"",""reactive_FR"":""IFR-PLA4"",""loading_literal"":""20%"",""denominator"":""based on weight of virgin PLA (PDF2 §2.4); no recalculation""}",reported common prepared PLA-FR4#-20 material state,reported common prepared PLA-FR4#-20 material state,Inherent flame retardation of bio-based poly(lactic acid) by incorporating phosphorus linked pendent group into the backbone,Publisher article,https://doi.org/10.1016/j.polymdegradstab.2011.06.012,PDF2 §2.4; PDF3 Table2/§2.5; PDF6 Tables4/5,PDF2 §2.4; PDF3 Table2/§2.5; PDF6 Tables4/5,PDF2 §2.4; PDF3 Table2/§2.5; PDF6 Tables4/5,PDF3 §2.5,"Counter-rotation Coperion twin-screw; original speed 60 prad/min; die and zones 160,160,165,170,165,160°C; pellets then hot-press10MPa170°C5min into sheets according to corresponding standards (§2.4). Loading20/30wt% based on weight of virgin PLA, not recomputed as total-composite wt%.",,"11 source-label/recipe proposals retained for root; six blends have explicit extrusion then hotpress. Pure commercial PLA and four synthesized IFR polymers have same named TG/LOI test series, no demonstrated competing final-molding route; however final sheet-making allocation remains unreported. Do not assign blend extrusion/hotpress to IFR or virgin control and do not reject solely for TG cutting geometry. TG aliquot geometry and physical specimen identity are not asserted.",PLA-FR4#-20,"{""assay"":""ordinary TGA"",""instrument"":""TA Q100 thermogravimetric analyzer (as reported)"",""atmosphere"":""nitrogen"",""heating_rate"":""10 °C/min"",""sample_mass"":""5–10 mg"",""flow"":null,""locator"":""PDF3 §2.5""}","{""instrument"":""JF-3 oxygen index meter (Jiangning, China)"",""standard"":""GB2406-80"",""sheet_dimensions"":""130 mm × 6.5 mm × 3 mm"",""locator"":""PDF3 §2.5""}","[{""source_field"":""Tmax_C"",""literal"":""300"",""reason"":""Original stage ordinal retained; source maximum degradation temperature has no explicit maximum-rate criterion""}]; R375/R450 source-defined residues preserved in alias ledger; current production TG_FIELDS lacks those fixed-coordinate columns; no generic-temperature substitution.","[""Dose denominator kept as explicitly reported; no conversion to whole-blend wt%."",""Body PLA-IFR2# etc label variants remain textual history; Table2/4/5 PLA-FR labels used.""]",root_approved_reported_recipe_state,Six reported PLA/reactive-IFR blends explicitly extruded160–170C with source speed literal60prad/min then170C10MPa5min hotpress. Additive20/30% is based on virgin PLA weight; no invented final dry-weight normalization. Commercial pure/four reactive polymers remain held for final-sheet allocation; maximum-stage temperatures without rate definition remain raw.,10.1016/j.polymdegradstab.2011.06.012|PLA-FR4#-20|reportedLOI,26,26,26,not reported,,,N2,10,,tabulated,yes,verified_exact,"11 source-label/recipe proposals retained for root; six blends have explicit extrusion then hotpress. Pure commercial PLA and four synthesized IFR polymers have same named TG/LOI test series, no demonstrated competing final-molding route; however final sheet-making allocation remains unreported. Do not assign blend extrusion/hotpress to IFR or virgin control and do not reject solely for TG cutting geometry.","Root B1861 final bounded source/schema/family/scope adjudication; independent BEFORE/informed AFTER, B1845 andB1850 technical gates, completeB1851 actual query family",2026-10-10,fiber_forming_polymer_composite,root_scope_approved_reported_material,Reported PLA polymer/precursor composite; no claim of fabricated textile specimen; scope proposal only,PDF2 §2.4; PDF3 Table2/§2.5; PDF6 Tables4/5,Root B1861 fibre-forming polymer/precursor scope adjudication,2026-10-10,true,true,true,true,false,yes,false,268,1.5,0.7,b367fa6cbf5e82aef5de,10.1016/j.polymdegradstab.2011.06.012||pla-fr4#-20; source reported initial material state||initial; no washing durability claim||n2||10,ccafefbf744c2b761dfd3415478861e70bb83a2e178ce972151f49931b5b4558,55b4a61d1d39d5a442b52ec45780b0ceca5d1216c7be885fafe1e6eb179bcb1e,7707090c9138bd45ab9dab70d015cc2db52639187cba0345ff9e5795e7184fb2,,,,,,data/incoming/verified_source_batch_20261010_b1852_materials.csv,6
10.1016/j.polymdegradstab.2011.06.012,B1822-S01-R011,PLA-FR4#-30,PLA-FR4#-30; source reported initial material state,source reported initial material state,initial; no washing durability claim,PLA based composite,"{""matrix"":""commercial PLA"",""reactive_FR"":""IFR-PLA4"",""loading_literal"":""30%"",""denominator"":""based on weight of virgin PLA (PDF2 §2.4); no recalculation""}",reported common prepared PLA-FR4#-30 material state,reported common prepared PLA-FR4#-30 material state,Inherent flame retardation of bio-based poly(lactic acid) by incorporating phosphorus linked pendent group into the backbone,Publisher article,https://doi.org/10.1016/j.polymdegradstab.2011.06.012,PDF2 §2.4; PDF3 Table2/§2.5; PDF6 Tables4/5,PDF2 §2.4; PDF3 Table2/§2.5; PDF6 Tables4/5,PDF2 §2.4; PDF3 Table2/§2.5; PDF6 Tables4/5,PDF3 §2.5,"Counter-rotation Coperion twin-screw; original speed 60 prad/min; die and zones 160,160,165,170,165,160°C; pellets then hot-press10MPa170°C5min into sheets according to corresponding standards (§2.4). Loading20/30wt% based on weight of virgin PLA, not recomputed as total-composite wt%.",,"11 source-label/recipe proposals retained for root; six blends have explicit extrusion then hotpress. Pure commercial PLA and four synthesized IFR polymers have same named TG/LOI test series, no demonstrated competing final-molding route; however final sheet-making allocation remains unreported. Do not assign blend extrusion/hotpress to IFR or virgin control and do not reject solely for TG cutting geometry. TG aliquot geometry and physical specimen identity are not asserted.",PLA-FR4#-30,"{""assay"":""ordinary TGA"",""instrument"":""TA Q100 thermogravimetric analyzer (as reported)"",""atmosphere"":""nitrogen"",""heating_rate"":""10 °C/min"",""sample_mass"":""5–10 mg"",""flow"":null,""locator"":""PDF3 §2.5""}","{""instrument"":""JF-3 oxygen index meter (Jiangning, China)"",""standard"":""GB2406-80"",""sheet_dimensions"":""130 mm × 6.5 mm × 3 mm"",""locator"":""PDF3 §2.5""}","[{""source_field"":""Tmax_C"",""literal"":""296"",""reason"":""Original stage ordinal retained; source maximum degradation temperature has no explicit maximum-rate criterion""}]; R375/R450 source-defined residues preserved in alias ledger; current production TG_FIELDS lacks those fixed-coordinate columns; no generic-temperature substitution.","[""Dose denominator kept as explicitly reported; no conversion to whole-blend wt%."",""Body PLA-IFR2# etc label variants remain textual history; Table2/4/5 PLA-FR labels used.""]",root_approved_reported_recipe_state,Six reported PLA/reactive-IFR blends explicitly extruded160–170C with source speed literal60prad/min then170C10MPa5min hotpress. Additive20/30% is based on virgin PLA weight; no invented final dry-weight normalization. Commercial pure/four reactive polymers remain held for final-sheet allocation; maximum-stage temperatures without rate definition remain raw.,10.1016/j.polymdegradstab.2011.06.012|PLA-FR4#-30|reportedLOI,25,25,25,not reported,,,N2,10,,tabulated,yes,verified_exact,"11 source-label/recipe proposals retained for root; six blends have explicit extrusion then hotpress. Pure commercial PLA and four synthesized IFR polymers have same named TG/LOI test series, no demonstrated competing final-molding route; however final sheet-making allocation remains unreported. Do not assign blend extrusion/hotpress to IFR or virgin control and do not reject solely for TG cutting geometry.","Root B1861 final bounded source/schema/family/scope adjudication; independent BEFORE/informed AFTER, B1845 andB1850 technical gates, completeB1851 actual query family",2026-10-10,fiber_forming_polymer_composite,root_scope_approved_reported_material,Reported PLA polymer/precursor composite; no claim of fabricated textile specimen; scope proposal only,PDF2 §2.4; PDF3 Table2/§2.5; PDF6 Tables4/5,Root B1861 fibre-forming polymer/precursor scope adjudication,2026-10-10,true,true,true,true,false,yes,false,265,1.7,1.0,f0a025d6d022abc426fb,10.1016/j.polymdegradstab.2011.06.012||pla-fr4#-30; source reported initial material state||initial; no washing durability claim||n2||10,40d2d3d862a13f39a0e4688aa4c9e1ecbea60a07e83d6466477b30baae51d16c,d2a058124442ee1252d73066cec594e038f99840cc30ec362d99fda87e8d930c,142727d929ed382aeca0e659698ca23083479040956adb33372e05db072e1be5,,,,,,data/incoming/verified_source_batch_20261010_b1852_materials.csv,7
10.1016/j.compositesb.2020.108192,B1822-S02-R002,PLA/IL1/APP3-3wt%,PLA/IL1/APP3-3wt%; source reported initial material state,source reported initial material state,initial; no washing durability claim,PLA based composite,"{""PLA_4032D_wt_pct"":""97"",""TBP_BF4_wt_pct"":""0.75"",""APP_TypeII_wt_pct"":""2.25"",""suppliers"":{""PLA"":""NatureWorks LLC"",""APP"":""Taifeng New Flame-Retardant Co., Ltd.""},""loading_basis"":""Table1 whole material wt%""}",reported common prepared PLA/IL1/APP3-3wt% material state,reported common prepared PLA/IL1/APP3-3wt% material state,Synergy effect between quaternary phosphonium ionic liquid and ammonium polyphosphate toward flame retardant PLA with improved toughness,Publisher article,https://doi.org/10.1016/j.compositesb.2020.108192,PDF2 Table1/§2.3–2.4; PDF4 Table2; PDF5 §3.4; PDF6 Table4,PDF2 Table1/§2.3–2.4; PDF4 Table2; PDF5 §3.4; PDF6 Table4,PDF2 Table1/§2.3–2.4; PDF4 Table2; PDF5 §3.4; PDF6 Table4,PDF2 §2.4,PLA/APP/[TBP][BF4] dried80°C vacuum12h; Kechuang XSS300 melt-blend190°C100rpm about9min until torque stable; Haake MiniJet Pro injection cylinder190°C/mold25°C (§2.3). Pure PLA receives no invented additional treatment; common prepared-series statement retained.,,"Six source candidates; explicit common meltblend/injection series for filled formulations. Pure control shares grade and TG/LOI labels/method series, but Table1 has no separate pure formulation row. Retain this limitation for root; no evidence of a competing final route, no assertion of manufacturing lot independence. TG aliquot geometry and physical specimen identity are not asserted.",PLA/IL1/APP3-3wt%,"{""assay"":""ordinary TG"",""instrument"":""NETZSCH209F1"",""gas"":""nitrogen"",""rate"":""10 °C min−1"",""range"":""40–700°C"",""flow"":null,""locator"":""PDF2 §2.4""}","{""instrument"":""HC-2C"",""standard"":""ASTM D2863-19"",""dimensions"":""130 × 6.5 × 3.2 mm3"",""locator"":""PDF2 §2.4""}",[],"[""No compound peak ordinal invented; DSC/CONE/theoretical metrics are separate assays.""]",root_approved_reported_recipe_state,"Five own3wt% PLA4032D/APP/[TBP][BF4] filled states,190C100rpm approximately9min then190C/25C injection. Direct Ref18 prior APP15/20wt% and/orBUP/DCP chemistry,composition/process differs; pure control held for direct-prior cohort/preparation. APP3 T5Table331/body330 remains blank/metric-held; ordinary10C/min notTGIR20C/min.",10.1016/j.compositesb.2020.108192|PLA/IL1/APP3-3wt%|reportedLOI,27.5,27.5,27.5,not reported,,,N2,10,,tabulated,yes,verified_exact,"Six source candidates; explicit common meltblend/injection series for filled formulations. Pure control shares grade and TG/LOI labels/method series, but Table1 has no separate pure formulation row. Retain this limitation for root; no evidence of a competing final route, no assertion of manufacturing lot independence.","Root B1861 final bounded source/schema/family/scope adjudication; independent BEFORE/informed AFTER, B1845 andB1850 technical gates, completeB1851 actual query family",2026-10-10,fiber_forming_polymer_composite,root_scope_approved_reported_material,Reported PLA polymer/precursor composite; no claim of fabricated textile specimen; scope proposal only,PDF2 Table1/§2.3–2.4; PDF4 Table2; PDF5 §3.4; PDF6 Table4,Root B1861 fibre-forming polymer/precursor scope adjudication,2026-10-10,true,true,true,true,false,yes,false,321,,,96ee72327cfc11b8940e,10.1016/j.compositesb.2020.108192||pla/il1/app3-3wt%; source reported initial material state||initial; no washing durability claim||n2||10,cba4fd5f2ffae2b8b65d1ed2ca99944066518a43ecb435b40d7e6567f935efc0,8e1091b25aac23c624f7d3d344074867c2e68e775f97abb1dfcb51dde9558ade,f7588c9bafe9475446e9b119d8ac8dd7187974d86e5237c69b4905eee47a460b,365,2.5,,,,data/incoming/verified_source_batch_20261010_b1852_materials.csv,8
10.1016/j.compositesb.2020.108192,B1822-S02-R003,PLA/IL1/APP2-3wt%,PLA/IL1/APP2-3wt%; source reported initial material state,source reported initial material state,initial; no washing durability claim,PLA based composite,"{""PLA_4032D_wt_pct"":""97"",""TBP_BF4_wt_pct"":""1"",""APP_TypeII_wt_pct"":""2"",""suppliers"":{""PLA"":""NatureWorks LLC"",""APP"":""Taifeng New Flame-Retardant Co., Ltd.""},""loading_basis"":""Table1 whole material wt%""}",reported common prepared PLA/IL1/APP2-3wt% material state,reported common prepared PLA/IL1/APP2-3wt% material state,Synergy effect between quaternary phosphonium ionic liquid and ammonium polyphosphate toward flame retardant PLA with improved toughness,Publisher article,https://doi.org/10.1016/j.compositesb.2020.108192,PDF2 Table1/§2.3–2.4; PDF4 Table2; PDF5 §3.4; PDF6 Table4,PDF2 Table1/§2.3–2.4; PDF4 Table2; PDF5 §3.4; PDF6 Table4,PDF2 Table1/§2.3–2.4; PDF4 Table2; PDF5 §3.4; PDF6 Table4,PDF2 §2.4,PLA/APP/[TBP][BF4] dried80°C vacuum12h; Kechuang XSS300 melt-blend190°C100rpm about9min until torque stable; Haake MiniJet Pro injection cylinder190°C/mold25°C (§2.3). Pure PLA receives no invented additional treatment; common prepared-series statement retained.,,"Six source candidates; explicit common meltblend/injection series for filled formulations. Pure control shares grade and TG/LOI labels/method series, but Table1 has no separate pure formulation row. Retain this limitation for root; no evidence of a competing final route, no assertion of manufacturing lot independence. TG aliquot geometry and physical specimen identity are not asserted.",PLA/IL1/APP2-3wt%,"{""assay"":""ordinary TG"",""instrument"":""NETZSCH209F1"",""gas"":""nitrogen"",""rate"":""10 °C min−1"",""range"":""40–700°C"",""flow"":null,""locator"":""PDF2 §2.4""}","{""instrument"":""HC-2C"",""standard"":""ASTM D2863-19"",""dimensions"":""130 × 6.5 × 3.2 mm3"",""locator"":""PDF2 §2.4""}",[],"[""No compound peak ordinal invented; DSC/CONE/theoretical metrics are separate assays.""]",root_approved_reported_recipe_state,"Five own3wt% PLA4032D/APP/[TBP][BF4] filled states,190C100rpm approximately9min then190C/25C injection. Direct Ref18 prior APP15/20wt% and/orBUP/DCP chemistry,composition/process differs; pure control held for direct-prior cohort/preparation. APP3 T5Table331/body330 remains blank/metric-held; ordinary10C/min notTGIR20C/min.",10.1016/j.compositesb.2020.108192|PLA/IL1/APP2-3wt%|reportedLOI,27.2,27.2,27.2,not reported,,,N2,10,,tabulated,yes,verified_exact,"Six source candidates; explicit common meltblend/injection series for filled formulations. Pure control shares grade and TG/LOI labels/method series, but Table1 has no separate pure formulation row. Retain this limitation for root; no evidence of a competing final route, no assertion of manufacturing lot independence.","Root B1861 final bounded source/schema/family/scope adjudication; independent BEFORE/informed AFTER, B1845 andB1850 technical gates, completeB1851 actual query family",2026-10-10,fiber_forming_polymer_composite,root_scope_approved_reported_material,Reported PLA polymer/precursor composite; no claim of fabricated textile specimen; scope proposal only,PDF2 Table1/§2.3–2.4; PDF4 Table2; PDF5 §3.4; PDF6 Table4,Root B1861 fibre-forming polymer/precursor scope adjudication,2026-10-10,true,true,true,true,false,yes,false,315,,,480c36e572de5ac46714,10.1016/j.compositesb.2020.108192||pla/il1/app2-3wt%; source reported initial material state||initial; no washing durability claim||n2||10,31b6bfba7b514fee227234cfb9e7bc879dc479e80899876779f817f6c7bb3d60,1b7aaeade251098e259aac72aa32ca201429f115ef7a829175be6db4b64923f2,2aded1919ca1b01b814b14dc631c1a3a4eb36fbfdbe1c89df5cd507ca91ee719,365,2.4,,,,data/incoming/verified_source_batch_20261010_b1852_materials.csv,9
10.1016/j.compositesb.2020.108192,B1822-S02-R004,PLA/IL1/APP1-3wt%,PLA/IL1/APP1-3wt%; source reported initial material state,source reported initial material state,initial; no washing durability claim,PLA based composite,"{""PLA_4032D_wt_pct"":""97"",""TBP_BF4_wt_pct"":""1.5"",""APP_TypeII_wt_pct"":""1.5"",""suppliers"":{""PLA"":""NatureWorks LLC"",""APP"":""Taifeng New Flame-Retardant Co., Ltd.""},""loading_basis"":""Table1 whole material wt%""}",reported common prepared PLA/IL1/APP1-3wt% material state,reported common prepared PLA/IL1/APP1-3wt% material state,Synergy effect between quaternary phosphonium ionic liquid and ammonium polyphosphate toward flame retardant PLA with improved toughness,Publisher article,https://doi.org/10.1016/j.compositesb.2020.108192,PDF2 Table1/§2.3–2.4; PDF4 Table2; PDF5 §3.4; PDF6 Table4,PDF2 Table1/§2.3–2.4; PDF4 Table2; PDF5 §3.4; PDF6 Table4,PDF2 Table1/§2.3–2.4; PDF4 Table2; PDF5 §3.4; PDF6 Table4,PDF2 §2.4,PLA/APP/[TBP][BF4] dried80°C vacuum12h; Kechuang XSS300 melt-blend190°C100rpm about9min until torque stable; Haake MiniJet Pro injection cylinder190°C/mold25°C (§2.3). Pure PLA receives no invented additional treatment; common prepared-series statement retained.,,"Six source candidates; explicit common meltblend/injection series for filled formulations. Pure control shares grade and TG/LOI labels/method series, but Table1 has no separate pure formulation row. Retain this limitation for root; no evidence of a competing final route, no assertion of manufacturing lot independence. TG aliquot geometry and physical specimen identity are not asserted.",PLA/IL1/APP1-3wt%,"{""assay"":""ordinary TG"",""instrument"":""NETZSCH209F1"",""gas"":""nitrogen"",""rate"":""10 °C min−1"",""range"":""40–700°C"",""flow"":null,""locator"":""PDF2 §2.4""}","{""instrument"":""HC-2C"",""standard"":""ASTM D2863-19"",""dimensions"":""130 × 6.5 × 3.2 mm3"",""locator"":""PDF2 §2.4""}",[],"[""No compound peak ordinal invented; DSC/CONE/theoretical metrics are separate assays.""]",root_approved_reported_recipe_state,"Five own3wt% PLA4032D/APP/[TBP][BF4] filled states,190C100rpm approximately9min then190C/25C injection. Direct Ref18 prior APP15/20wt% and/orBUP/DCP chemistry,composition/process differs; pure control held for direct-prior cohort/preparation. APP3 T5Table331/body330 remains blank/metric-held; ordinary10C/min notTGIR20C/min.",10.1016/j.compositesb.2020.108192|PLA/IL1/APP1-3wt%|reportedLOI,27.2,27.2,27.2,not reported,,,N2,10,,tabulated,yes,verified_exact,"Six source candidates; explicit common meltblend/injection series for filled formulations. Pure control shares grade and TG/LOI labels/method series, but Table1 has no separate pure formulation row. Retain this limitation for root; no evidence of a competing final route, no assertion of manufacturing lot independence.","Root B1861 final bounded source/schema/family/scope adjudication; independent BEFORE/informed AFTER, B1845 andB1850 technical gates, completeB1851 actual query family",2026-10-10,fiber_forming_polymer_composite,root_scope_approved_reported_material,Reported PLA polymer/precursor composite; no claim of fabricated textile specimen; scope proposal only,PDF2 Table1/§2.3–2.4; PDF4 Table2; PDF5 §3.4; PDF6 Table4,Root B1861 fibre-forming polymer/precursor scope adjudication,2026-10-10,true,true,true,true,false,yes,false,311,,,03f53baa6283c520811a,10.1016/j.compositesb.2020.108192||pla/il1/app1-3wt%; source reported initial material state||initial; no washing durability claim||n2||10,dee937b204519d479cd6847631bd895d485f80d14d15169402dab39d6fa28d9a,887018828581f7e726e301510f85141b5a6cbb83a063d81e232270b0a3335cae,4d28c251b9c9f6b026175dbed6eeb6e1e9068bbbdc4443dbf0914b27f61470a5,363,2.2,,,,data/incoming/verified_source_batch_20261010_b1852_materials.csv,10
10.1016/j.compositesb.2020.108192,B1822-S02-R005,PLA/APP-3wt%,PLA/APP-3wt%; source reported initial material state,source reported initial material state,initial; no washing durability claim,PLA based composite,"{""PLA_4032D_wt_pct"":""97"",""TBP_BF4_wt_pct"":""0"",""APP_TypeII_wt_pct"":""3"",""suppliers"":{""PLA"":""NatureWorks LLC"",""APP"":""Taifeng New Flame-Retardant Co., Ltd.""},""loading_basis"":""Table1 whole material wt%""}",reported common prepared PLA/APP-3wt% material state,reported common prepared PLA/APP-3wt% material state,Synergy effect between quaternary phosphonium ionic liquid and ammonium polyphosphate toward flame retardant PLA with improved toughness,Publisher article,https://doi.org/10.1016/j.compositesb.2020.108192,PDF2 Table1/§2.3–2.4; PDF4 Table2; PDF5 §3.4; PDF6 Table4,PDF2 Table1/§2.3–2.4; PDF4 Table2; PDF5 §3.4; PDF6 Table4,PDF2 Table1/§2.3–2.4; PDF4 Table2; PDF5 §3.4; PDF6 Table4,PDF2 §2.4,PLA/APP/[TBP][BF4] dried80°C vacuum12h; Kechuang XSS300 melt-blend190°C100rpm about9min until torque stable; Haake MiniJet Pro injection cylinder190°C/mold25°C (§2.3). Pure PLA receives no invented additional treatment; common prepared-series statement retained.,,"Six source candidates; explicit common meltblend/injection series for filled formulations. Pure control shares grade and TG/LOI labels/method series, but Table1 has no separate pure formulation row. Retain this limitation for root; no evidence of a competing final route, no assertion of manufacturing lot independence. TG aliquot geometry and physical specimen identity are not asserted.",PLA/APP-3wt%,"{""assay"":""ordinary TG"",""instrument"":""NETZSCH209F1"",""gas"":""nitrogen"",""rate"":""10 °C min−1"",""range"":""40–700°C"",""flow"":null,""locator"":""PDF2 §2.4""}","{""instrument"":""HC-2C"",""standard"":""ASTM D2863-19"",""dimensions"":""130 × 6.5 × 3.2 mm3"",""locator"":""PDF2 §2.4""}","[{""source_field"":""T5_C"",""literal"":""331"",""conflicting_field"":""T5_body_conflicting_C"",""conflicting_literal"":""330"",""reason"":""331/330 metric conflict held""}]","[""No compound peak ordinal invented; DSC/CONE/theoretical metrics are separate assays."",""APP3 T5 Table4/previous prose331 vs later experimental prose330 conflict: this metric raw-held; Tmax/R700 unaffected.""]",root_approved_reported_recipe_state,"Five own3wt% PLA4032D/APP/[TBP][BF4] filled states,190C100rpm approximately9min then190C/25C injection. Direct Ref18 prior APP15/20wt% and/orBUP/DCP chemistry,composition/process differs; pure control held for direct-prior cohort/preparation. APP3 T5Table331/body330 remains blank/metric-held; ordinary10C/min notTGIR20C/min.",10.1016/j.compositesb.2020.108192|PLA/APP-3wt%|reportedLOI,24.8,24.8,24.8,not reported,,,N2,10,,tabulated,yes,verified_exact,"Six source candidates; explicit common meltblend/injection series for filled formulations. Pure control shares grade and TG/LOI labels/method series, but Table1 has no separate pure formulation row. Retain this limitation for root; no evidence of a competing final route, no assertion of manufacturing lot independence.","Root B1861 final bounded source/schema/family/scope adjudication; independent BEFORE/informed AFTER, B1845 andB1850 technical gates, completeB1851 actual query family",2026-10-10,fiber_forming_polymer_composite,root_scope_approved_reported_material,Reported PLA polymer/precursor composite; no claim of fabricated textile specimen; scope proposal only,PDF2 Table1/§2.3–2.4; PDF4 Table2; PDF5 §3.4; PDF6 Table4,Root B1861 fibre-forming polymer/precursor scope adjudication,2026-10-10,true,true,true,true,false,yes,false,,,,34fc6472f7b62464d0ca,10.1016/j.compositesb.2020.108192||pla/app-3wt%; source reported initial material state||initial; no washing durability claim||n2||10,4d4bd56c0d2a6c16c69821cfd9c7e816428fc9ac198d5dd74ce664d08e116899,9956247fe30975db7ecfd000b585a6048bcb16e6182263db32174ca2909fa4ae,cfa8bad2e0e313c9c34dac52db20d7344175237098145a7f9bc92d9e74e52b1a,368,2.2,,,,data/incoming/verified_source_batch_20261010_b1852_materials.csv,11
10.1016/j.compositesb.2020.108192,B1822-S02-R006,PLA/IL-3wt%,PLA/IL-3wt%; source reported initial material state,source reported initial material state,initial; no washing durability claim,PLA based composite,"{""PLA_4032D_wt_pct"":""97"",""TBP_BF4_wt_pct"":""3"",""APP_TypeII_wt_pct"":""0"",""suppliers"":{""PLA"":""NatureWorks LLC"",""APP"":""Taifeng New Flame-Retardant Co., Ltd.""},""loading_basis"":""Table1 whole material wt%""}",reported common prepared PLA/IL-3wt% material state,reported common prepared PLA/IL-3wt% material state,Synergy effect between quaternary phosphonium ionic liquid and ammonium polyphosphate toward flame retardant PLA with improved toughness,Publisher article,https://doi.org/10.1016/j.compositesb.2020.108192,PDF2 Table1/§2.3–2.4; PDF4 Table2; PDF5 §3.4; PDF6 Table4,PDF2 Table1/§2.3–2.4; PDF4 Table2; PDF5 §3.4; PDF6 Table4,PDF2 Table1/§2.3–2.4; PDF4 Table2; PDF5 §3.4; PDF6 Table4,PDF2 §2.4,PLA/APP/[TBP][BF4] dried80°C vacuum12h; Kechuang XSS300 melt-blend190°C100rpm about9min until torque stable; Haake MiniJet Pro injection cylinder190°C/mold25°C (§2.3). Pure PLA receives no invented additional treatment; common prepared-series statement retained.,,"Six source candidates; explicit common meltblend/injection series for filled formulations. Pure control shares grade and TG/LOI labels/method series, but Table1 has no separate pure formulation row. Retain this limitation for root; no evidence of a competing final route, no assertion of manufacturing lot independence. TG aliquot geometry and physical specimen identity are not asserted.",PLA/IL-3wt%,"{""assay"":""ordinary TG"",""instrument"":""NETZSCH209F1"",""gas"":""nitrogen"",""rate"":""10 °C min−1"",""range"":""40–700°C"",""flow"":null,""locator"":""PDF2 §2.4""}","{""instrument"":""HC-2C"",""standard"":""ASTM D2863-19"",""dimensions"":""130 × 6.5 × 3.2 mm3"",""locator"":""PDF2 §2.4""}",[],"[""No compound peak ordinal invented; DSC/CONE/theoretical metrics are separate assays.""]",root_approved_reported_recipe_state,"Five own3wt% PLA4032D/APP/[TBP][BF4] filled states,190C100rpm approximately9min then190C/25C injection. Direct Ref18 prior APP15/20wt% and/orBUP/DCP chemistry,composition/process differs; pure control held for direct-prior cohort/preparation. APP3 T5Table331/body330 remains blank/metric-held; ordinary10C/min notTGIR20C/min.",10.1016/j.compositesb.2020.108192|PLA/IL-3wt%|reportedLOI,20.0,20.0,20.0,not reported,,,N2,10,,tabulated,yes,verified_exact,"Six source candidates; explicit common meltblend/injection series for filled formulations. Pure control shares grade and TG/LOI labels/method series, but Table1 has no separate pure formulation row. Retain this limitation for root; no evidence of a competing final route, no assertion of manufacturing lot independence.","Root B1861 final bounded source/schema/family/scope adjudication; independent BEFORE/informed AFTER, B1845 andB1850 technical gates, completeB1851 actual query family",2026-10-10,fiber_forming_polymer_composite,root_scope_approved_reported_material,Reported PLA polymer/precursor composite; no claim of fabricated textile specimen; scope proposal only,PDF2 Table1/§2.3–2.4; PDF4 Table2; PDF5 §3.4; PDF6 Table4,Root B1861 fibre-forming polymer/precursor scope adjudication,2026-10-10,true,true,true,true,false,yes,false,306,,,98cef4e3b879d669224c,10.1016/j.compositesb.2020.108192||pla/il-3wt%; source reported initial material state||initial; no washing durability claim||n2||10,630b23f6e53660c71ab28dab050535f85155c4d81d0d61ae1a264045bcd46aa7,03ac46b2d0283cb117eaa5ed04464ff9cd901855089715612bf73798e5387aab,60024a06dd9efbb01f0cfe05a733eda80c725c05908c525a4eec3ff8e7580fdd,341,1.1,,,,data/incoming/verified_source_batch_20261010_b1852_materials.csv,12
10.1016/j.cej.2020.126209,B1822-S03-R003,PLA/BMC 0.5%,PLA/BMC 0.5%; source reported initial material state,source reported initial material state,initial; no washing durability claim,PLA based composite,"{""matrix"":""PLA Bioplus grade6201D NatureWorks"",""BMC_loading_wt_pct"":""0.5"",""BMC"":""4-formylphenylboronic acid/pentaerythritol/tris(2-aminoethyl)amine macrocycle"",""mother_label"":""PLA/BMC 0.5%"",""whole_material_dose_literal"":""0.5wt%""}",reported common prepared PLA/BMC 0.5% material state,reported common prepared PLA/BMC 0.5% material state,Microporous boron based intumescent macrocycle flame retardant for poly(lactic acid) with excellent UV protection,Publisher article,https://doi.org/10.1016/j.cej.2020.126209,PDF3 §2.3–2.4; PDF6 Table1/§3.5; PDF7 Table3; PDF1 abstract/PDF13 conclusion,PDF3 §2.3–2.4; PDF6 Table1/§3.5; PDF7 Table3; PDF1 abstract/PDF13 conclusion,PDF3 §2.3–2.4; PDF6 Table1/§3.5; PDF7 Table3; PDF1 abstract/PDF13 conclusion,PDF3 §2.4,"Haake MiniLab3 co-rotating two-screw160–170°C60rpm; pristinePLA explicitly same manner without additive; hotplate180°C2min,10bar1min,degassing,15bar1min,coolingpress1min; neatPLA explicitly same program (PDF3 §2.3). No TG aliquot geometry invented.",,Five mothers in two atmospheres yield ten original ordinaryTG conditions. Eight proposed conditions from four mothers; BMC3% two conditions stay whole-held because LOI31.5 vs abstract30.5. Pure commonprepared series explicitly present. TG aliquot geometry and physical specimen identity are not asserted.,PLA/BMC 0.5% [air],"{""assay"":""ordinary TG"",""instrument"":""Mettler Toledo TGA/DSC1 Star System"",""range"":""50–600°C"",""rate"":""20°C/min"",""sample_mass"":""4–5mg"",""flow"":null,""locator"":""PDF3 §2.4"",""gas"":""air""}","{""instrument"":""ZR-1 Intelligent Oxygen Index Analyzer"",""standard"":""ASTM D2863-97"",""dimensions"":""130×6.5×3mm"",""replicates"":""five each composition"",""locator"":""PDF3 §2.4""}","[{""source_field"":""T5_percent_label_C"",""literal"":""296"",""reason"":""No source operational criterion/rate unit/ordinal;80%decomposition is not fixed temperature""},{""source_field"":""Tmax_percent_label_C"",""literal"":""356"",""reason"":""No source operational criterion/rate unit/ordinal;80%decomposition is not fixed temperature""},{""source_field"":""MML_at_Tmax"",""literal"":""1.62"",""reason"":""No source operational criterion/rate unit/ordinal;80%decomposition is not fixed temperature""},{""source_field"":""char_at80percent_decomposition_pct"",""literal"":""20.32"",""reason"":""No source operational criterion/rate unit/ordinal;80%decomposition is not fixed temperature""}]","[""80% decomposition char is not a fixed-temperature residue."",""M.M.L unit not reported; no mass-loss-rate conversion."",""Shared LOI acrossgas belongs one mother datum, not two independent LOIs.""]",root_approved_reported_recipe_state,"Own6201D/BMC0.5,1,2wt% common extrusion160–170C60rpm and180C pressing series. Air and nitrogen20C/min are two records per mother, with one source LOI. Only explicitR600 normalized; rawT-5 onset/Tmax%/MML not redefined. Pure two gas records held for specific Carbon donor SI/cohort; BMC3LOI conflict held.",10.1016/j.cej.2020.126209|PLA/BMC 0.5%|reportedLOI,22.3,22.3,22.3,not reported,,,air,20,,tabulated,yes,verified_exact,Five mothers in two atmospheres yield ten original ordinaryTG conditions. Eight proposed conditions from four mothers; BMC3% two conditions stay whole-held because LOI31.5 vs abstract30.5. Pure commonprepared series explicitly present.,"Root B1861 final bounded source/schema/family/scope adjudication; independent BEFORE/informed AFTER, B1845 andB1850 technical gates, completeB1851 actual query family",2026-10-10,fiber_forming_polymer_composite,root_scope_approved_reported_material,Reported PLA polymer/precursor composite; no claim of fabricated textile specimen; scope proposal only,PDF3 §2.3–2.4; PDF6 Table1/§3.5; PDF7 Table3; PDF1 abstract/PDF13 conclusion,Root B1861 fibre-forming polymer/precursor scope adjudication,2026-10-10,true,true,true,true,false,yes,false,,,,09d5b5333ca8aff8e99d,10.1016/j.cej.2020.126209||pla/bmc 0.5%; source reported initial material state||initial; no washing durability claim||air||20,0c2bd408e30ca82ed4f850addc47c230cc148d08daa5af032e09190a6608f560,6b4a4c5c0d3bd0aac508df4cab42f1de469df05abc3f83a1b18f68461813b3ed,c7888b86cd5e4c632039fb3662fbc8dca4afaee441c5dc79f857d2b3f6b60698,,,1.24,,,data/incoming/verified_source_batch_20261010_b1852_materials.csv,13
10.1016/j.cej.2020.126209,B1822-S03-R004,PLA/BMC 0.5%,PLA/BMC 0.5%; source reported initial material state,source reported initial material state,initial; no washing durability claim,PLA based composite,"{""matrix"":""PLA Bioplus grade6201D NatureWorks"",""BMC_loading_wt_pct"":""0.5"",""BMC"":""4-formylphenylboronic acid/pentaerythritol/tris(2-aminoethyl)amine macrocycle"",""mother_label"":""PLA/BMC 0.5%"",""whole_material_dose_literal"":""0.5wt%""}",reported common prepared PLA/BMC 0.5% material state,reported common prepared PLA/BMC 0.5% material state,Microporous boron based intumescent macrocycle flame retardant for poly(lactic acid) with excellent UV protection,Publisher article,https://doi.org/10.1016/j.cej.2020.126209,PDF3 §2.3–2.4; PDF6 Table1/§3.5; PDF7 Table3; PDF1 abstract/PDF13 conclusion,PDF3 §2.3–2.4; PDF6 Table1/§3.5; PDF7 Table3; PDF1 abstract/PDF13 conclusion,PDF3 §2.3–2.4; PDF6 Table1/§3.5; PDF7 Table3; PDF1 abstract/PDF13 conclusion,PDF3 §2.4,"Haake MiniLab3 co-rotating two-screw160–170°C60rpm; pristinePLA explicitly same manner without additive; hotplate180°C2min,10bar1min,degassing,15bar1min,coolingpress1min; neatPLA explicitly same program (PDF3 §2.3). No TG aliquot geometry invented.",,Five mothers in two atmospheres yield ten original ordinaryTG conditions. Eight proposed conditions from four mothers; BMC3% two conditions stay whole-held because LOI31.5 vs abstract30.5. Pure commonprepared series explicitly present. TG aliquot geometry and physical specimen identity are not asserted.,PLA/BMC 0.5% [N2],"{""assay"":""ordinary TG"",""instrument"":""Mettler Toledo TGA/DSC1 Star System"",""range"":""50–600°C"",""rate"":""20°C/min"",""sample_mass"":""4–5mg"",""flow"":null,""locator"":""PDF3 §2.4"",""gas"":""N2""}","{""instrument"":""ZR-1 Intelligent Oxygen Index Analyzer"",""standard"":""ASTM D2863-97"",""dimensions"":""130×6.5×3mm"",""replicates"":""five each composition"",""locator"":""PDF3 §2.4""}","[{""source_field"":""T5_percent_label_C"",""literal"":""275"",""reason"":""No source operational criterion/rate unit/ordinal;80%decomposition is not fixed temperature""},{""source_field"":""Tmax_percent_label_C"",""literal"":""341"",""reason"":""No source operational criterion/rate unit/ordinal;80%decomposition is not fixed temperature""},{""source_field"":""MML_at_Tmax"",""literal"":""191"",""reason"":""No source operational criterion/rate unit/ordinal;80%decomposition is not fixed temperature""},{""source_field"":""char_at80percent_decomposition_pct"",""literal"":""19.83"",""reason"":""No source operational criterion/rate unit/ordinal;80%decomposition is not fixed temperature""}]","[""80% decomposition char is not a fixed-temperature residue."",""M.M.L unit not reported; no mass-loss-rate conversion."",""Shared LOI acrossgas belongs one mother datum, not two independent LOIs."",""N2 M.M.L literal191 retained; not silently repaired to1.91.""]",root_approved_reported_recipe_state,"Own6201D/BMC0.5,1,2wt% common extrusion160–170C60rpm and180C pressing series. Air and nitrogen20C/min are two records per mother, with one source LOI. Only explicitR600 normalized; rawT-5 onset/Tmax%/MML not redefined. Pure two gas records held for specific Carbon donor SI/cohort; BMC3LOI conflict held.",10.1016/j.cej.2020.126209|PLA/BMC 0.5%|reportedLOI,22.3,22.3,22.3,not reported,,,N2,20,,tabulated,yes,verified_exact,Five mothers in two atmospheres yield ten original ordinaryTG conditions. Eight proposed conditions from four mothers; BMC3% two conditions stay whole-held because LOI31.5 vs abstract30.5. Pure commonprepared series explicitly present.,"Root B1861 final bounded source/schema/family/scope adjudication; independent BEFORE/informed AFTER, B1845 andB1850 technical gates, completeB1851 actual query family",2026-10-10,fiber_forming_polymer_composite,root_scope_approved_reported_material,Reported PLA polymer/precursor composite; no claim of fabricated textile specimen; scope proposal only,PDF3 §2.3–2.4; PDF6 Table1/§3.5; PDF7 Table3; PDF1 abstract/PDF13 conclusion,Root B1861 fibre-forming polymer/precursor scope adjudication,2026-10-10,true,true,true,true,false,yes,false,,,,09d5b5333ca8aff8e99d,10.1016/j.cej.2020.126209||pla/bmc 0.5%; source reported initial material state||initial; no washing durability claim||n2||20,a0097e99cb4ca82d02907ac880df38bd0d9c8c43a25bfe897682ca2ab44afe29,6b4a4c5c0d3bd0aac508df4cab42f1de469df05abc3f83a1b18f68461813b3ed,c7888b86cd5e4c632039fb3662fbc8dca4afaee441c5dc79f857d2b3f6b60698,,,2.23,,,data/incoming/verified_source_batch_20261010_b1852_materials.csv,14
10.1016/j.cej.2020.126209,B1822-S03-R005,PLA/BMC 1%,PLA/BMC 1%; source reported initial material state,source reported initial material state,initial; no washing durability claim,PLA based composite,"{""matrix"":""PLA Bioplus grade6201D NatureWorks"",""BMC_loading_wt_pct"":""1"",""BMC"":""4-formylphenylboronic acid/pentaerythritol/tris(2-aminoethyl)amine macrocycle"",""mother_label"":""PLA/BMC 1%"",""whole_material_dose_literal"":""1wt%""}",reported common prepared PLA/BMC 1% material state,reported common prepared PLA/BMC 1% material state,Microporous boron based intumescent macrocycle flame retardant for poly(lactic acid) with excellent UV protection,Publisher article,https://doi.org/10.1016/j.cej.2020.126209,PDF3 §2.3–2.4; PDF6 Table1/§3.5; PDF7 Table3; PDF1 abstract/PDF13 conclusion,PDF3 §2.3–2.4; PDF6 Table1/§3.5; PDF7 Table3; PDF1 abstract/PDF13 conclusion,PDF3 §2.3–2.4; PDF6 Table1/§3.5; PDF7 Table3; PDF1 abstract/PDF13 conclusion,PDF3 §2.4,"Haake MiniLab3 co-rotating two-screw160–170°C60rpm; pristinePLA explicitly same manner without additive; hotplate180°C2min,10bar1min,degassing,15bar1min,coolingpress1min; neatPLA explicitly same program (PDF3 §2.3). No TG aliquot geometry invented.",,Five mothers in two atmospheres yield ten original ordinaryTG conditions. Eight proposed conditions from four mothers; BMC3% two conditions stay whole-held because LOI31.5 vs abstract30.5. Pure commonprepared series explicitly present. TG aliquot geometry and physical specimen identity are not asserted.,PLA/BMC 1% [air],"{""assay"":""ordinary TG"",""instrument"":""Mettler Toledo TGA/DSC1 Star System"",""range"":""50–600°C"",""rate"":""20°C/min"",""sample_mass"":""4–5mg"",""flow"":null,""locator"":""PDF3 §2.4"",""gas"":""air""}","{""instrument"":""ZR-1 Intelligent Oxygen Index Analyzer"",""standard"":""ASTM D2863-97"",""dimensions"":""130×6.5×3mm"",""replicates"":""five each composition"",""locator"":""PDF3 §2.4""}","[{""source_field"":""T5_percent_label_C"",""literal"":""305"",""reason"":""No source operational criterion/rate unit/ordinal;80%decomposition is not fixed temperature""},{""source_field"":""Tmax_percent_label_C"",""literal"":""354"",""reason"":""No source operational criterion/rate unit/ordinal;80%decomposition is not fixed temperature""},{""source_field"":""MML_at_Tmax"",""literal"":""1.50"",""reason"":""No source operational criterion/rate unit/ordinal;80%decomposition is not fixed temperature""},{""source_field"":""char_at80percent_decomposition_pct"",""literal"":""20.35"",""reason"":""No source operational criterion/rate unit/ordinal;80%decomposition is not fixed temperature""}]","[""80% decomposition char is not a fixed-temperature residue."",""M.M.L unit not reported; no mass-loss-rate conversion."",""Shared LOI acrossgas belongs one mother datum, not two independent LOIs.""]",root_approved_reported_recipe_state,"Own6201D/BMC0.5,1,2wt% common extrusion160–170C60rpm and180C pressing series. Air and nitrogen20C/min are two records per mother, with one source LOI. Only explicitR600 normalized; rawT-5 onset/Tmax%/MML not redefined. Pure two gas records held for specific Carbon donor SI/cohort; BMC3LOI conflict held.",10.1016/j.cej.2020.126209|PLA/BMC 1%|reportedLOI,25.5,25.5,25.5,not reported,,,air,20,,tabulated,yes,verified_exact,Five mothers in two atmospheres yield ten original ordinaryTG conditions. Eight proposed conditions from four mothers; BMC3% two conditions stay whole-held because LOI31.5 vs abstract30.5. Pure commonprepared series explicitly present.,"Root B1861 final bounded source/schema/family/scope adjudication; independent BEFORE/informed AFTER, B1845 andB1850 technical gates, completeB1851 actual query family",2026-10-10,fiber_forming_polymer_composite,root_scope_approved_reported_material,Reported PLA polymer/precursor composite; no claim of fabricated textile specimen; scope proposal only,PDF3 §2.3–2.4; PDF6 Table1/§3.5; PDF7 Table3; PDF1 abstract/PDF13 conclusion,Root B1861 fibre-forming polymer/precursor scope adjudication,2026-10-10,true,true,true,true,false,yes,false,,,,40730961bb2173e2986a,10.1016/j.cej.2020.126209||pla/bmc 1%; source reported initial material state||initial; no washing durability claim||air||20,2d92d8dd0a4c895585f768462b87024c8659e2ac09278703566c8000249f6891,f39031038781d211ed820d46225290ece84fd47bd274401325bf02ef5d7b4c45,e17014dfecc768a42d5260a07358c88df5927e0d86d61a6406e851e3fade4f11,,,3.33,,,data/incoming/verified_source_batch_20261010_b1852_materials.csv,15
10.1016/j.cej.2020.126209,B1822-S03-R006,PLA/BMC 1%,PLA/BMC 1%; source reported initial material state,source reported initial material state,initial; no washing durability claim,PLA based composite,"{""matrix"":""PLA Bioplus grade6201D NatureWorks"",""BMC_loading_wt_pct"":""1"",""BMC"":""4-formylphenylboronic acid/pentaerythritol/tris(2-aminoethyl)amine macrocycle"",""mother_label"":""PLA/BMC 1%"",""whole_material_dose_literal"":""1wt%""}",reported common prepared PLA/BMC 1% material state,reported common prepared PLA/BMC 1% material state,Microporous boron based intumescent macrocycle flame retardant for poly(lactic acid) with excellent UV protection,Publisher article,https://doi.org/10.1016/j.cej.2020.126209,PDF3 §2.3–2.4; PDF6 Table1/§3.5; PDF7 Table3; PDF1 abstract/PDF13 conclusion,PDF3 §2.3–2.4; PDF6 Table1/§3.5; PDF7 Table3; PDF1 abstract/PDF13 conclusion,PDF3 §2.3–2.4; PDF6 Table1/§3.5; PDF7 Table3; PDF1 abstract/PDF13 conclusion,PDF3 §2.4,"Haake MiniLab3 co-rotating two-screw160–170°C60rpm; pristinePLA explicitly same manner without additive; hotplate180°C2min,10bar1min,degassing,15bar1min,coolingpress1min; neatPLA explicitly same program (PDF3 §2.3). No TG aliquot geometry invented.",,Five mothers in two atmospheres yield ten original ordinaryTG conditions. Eight proposed conditions from four mothers; BMC3% two conditions stay whole-held because LOI31.5 vs abstract30.5. Pure commonprepared series explicitly present. TG aliquot geometry and physical specimen identity are not asserted.,PLA/BMC 1% [N2],"{""assay"":""ordinary TG"",""instrument"":""Mettler Toledo TGA/DSC1 Star System"",""range"":""50–600°C"",""rate"":""20°C/min"",""sample_mass"":""4–5mg"",""flow"":null,""locator"":""PDF3 §2.4"",""gas"":""N2""}","{""instrument"":""ZR-1 Intelligent Oxygen Index Analyzer"",""standard"":""ASTM D2863-97"",""dimensions"":""130×6.5×3mm"",""replicates"":""five each composition"",""locator"":""PDF3 §2.4""}","[{""source_field"":""T5_percent_label_C"",""literal"":""268"",""reason"":""No source operational criterion/rate unit/ordinal;80%decomposition is not fixed temperature""},{""source_field"":""Tmax_percent_label_C"",""literal"":""352"",""reason"":""No source operational criterion/rate unit/ordinal;80%decomposition is not fixed temperature""},{""source_field"":""MML_at_Tmax"",""literal"":""1.72"",""reason"":""No source operational criterion/rate unit/ordinal;80%decomposition is not fixed temperature""},{""source_field"":""char_at80percent_decomposition_pct"",""literal"":""19.83"",""reason"":""No source operational criterion/rate unit/ordinal;80%decomposition is not fixed temperature""}]","[""80% decomposition char is not a fixed-temperature residue."",""M.M.L unit not reported; no mass-loss-rate conversion."",""Shared LOI acrossgas belongs one mother datum, not two independent LOIs.""]",root_approved_reported_recipe_state,"Own6201D/BMC0.5,1,2wt% common extrusion160–170C60rpm and180C pressing series. Air and nitrogen20C/min are two records per mother, with one source LOI. Only explicitR600 normalized; rawT-5 onset/Tmax%/MML not redefined. Pure two gas records held for specific Carbon donor SI/cohort; BMC3LOI conflict held.",10.1016/j.cej.2020.126209|PLA/BMC 1%|reportedLOI,25.5,25.5,25.5,not reported,,,N2,20,,tabulated,yes,verified_exact,Five mothers in two atmospheres yield ten original ordinaryTG conditions. Eight proposed conditions from four mothers; BMC3% two conditions stay whole-held because LOI31.5 vs abstract30.5. Pure commonprepared series explicitly present.,"Root B1861 final bounded source/schema/family/scope adjudication; independent BEFORE/informed AFTER, B1845 andB1850 technical gates, completeB1851 actual query family",2026-10-10,fiber_forming_polymer_composite,root_scope_approved_reported_material,Reported PLA polymer/precursor composite; no claim of fabricated textile specimen; scope proposal only,PDF3 §2.3–2.4; PDF6 Table1/§3.5; PDF7 Table3; PDF1 abstract/PDF13 conclusion,Root B1861 fibre-forming polymer/precursor scope adjudication,2026-10-10,true,true,true,true,false,yes,false,,,,40730961bb2173e2986a,10.1016/j.cej.2020.126209||pla/bmc 1%; source reported initial material state||initial; no washing durability claim||n2||20,4effabf320955bba5c5cacf74e074173b8b76b89eaad53fff607bae6b5f99004,f39031038781d211ed820d46225290ece84fd47bd274401325bf02ef5d7b4c45,e17014dfecc768a42d5260a07358c88df5927e0d86d61a6406e851e3fade4f11,,,3.01,,,data/incoming/verified_source_batch_20261010_b1852_materials.csv,16
10.1016/j.cej.2020.126209,B1822-S03-R007,PLA/BMC 2%,PLA/BMC 2%; source reported initial material state,source reported initial material state,initial; no washing durability claim,PLA based composite,"{""matrix"":""PLA Bioplus grade6201D NatureWorks"",""BMC_loading_wt_pct"":""2"",""BMC"":""4-formylphenylboronic acid/pentaerythritol/tris(2-aminoethyl)amine macrocycle"",""mother_label"":""PLA/BMC 2%"",""whole_material_dose_literal"":""2wt%""}",reported common prepared PLA/BMC 2% material state,reported common prepared PLA/BMC 2% material state,Microporous boron based intumescent macrocycle flame retardant for poly(lactic acid) with excellent UV protection,Publisher article,https://doi.org/10.1016/j.cej.2020.126209,PDF3 §2.3–2.4; PDF6 Table1/§3.5; PDF7 Table3; PDF1 abstract/PDF13 conclusion,PDF3 §2.3–2.4; PDF6 Table1/§3.5; PDF7 Table3; PDF1 abstract/PDF13 conclusion,PDF3 §2.3–2.4; PDF6 Table1/§3.5; PDF7 Table3; PDF1 abstract/PDF13 conclusion,PDF3 §2.4,"Haake MiniLab3 co-rotating two-screw160–170°C60rpm; pristinePLA explicitly same manner without additive; hotplate180°C2min,10bar1min,degassing,15bar1min,coolingpress1min; neatPLA explicitly same program (PDF3 §2.3). No TG aliquot geometry invented.",,Five mothers in two atmospheres yield ten original ordinaryTG conditions. Eight proposed conditions from four mothers; BMC3% two conditions stay whole-held because LOI31.5 vs abstract30.5. Pure commonprepared series explicitly present. TG aliquot geometry and physical specimen identity are not asserted.,PLA/BMC 2% [air],"{""assay"":""ordinary TG"",""instrument"":""Mettler Toledo TGA/DSC1 Star System"",""range"":""50–600°C"",""rate"":""20°C/min"",""sample_mass"":""4–5mg"",""flow"":null,""locator"":""PDF3 §2.4"",""gas"":""air""}","{""instrument"":""ZR-1 Intelligent Oxygen Index Analyzer"",""standard"":""ASTM D2863-97"",""dimensions"":""130×6.5×3mm"",""replicates"":""five each composition"",""locator"":""PDF3 §2.4""}","[{""source_field"":""T5_percent_label_C"",""literal"":""279"",""reason"":""No source operational criterion/rate unit/ordinal;80%decomposition is not fixed temperature""},{""source_field"":""Tmax_percent_label_C"",""literal"":""356"",""reason"":""No source operational criterion/rate unit/ordinal;80%decomposition is not fixed temperature""},{""source_field"":""MML_at_Tmax"",""literal"":""1.28"",""reason"":""No source operational criterion/rate unit/ordinal;80%decomposition is not fixed temperature""},{""source_field"":""char_at80percent_decomposition_pct"",""literal"":""20.36"",""reason"":""No source operational criterion/rate unit/ordinal;80%decomposition is not fixed temperature""}]","[""80% decomposition char is not a fixed-temperature residue."",""M.M.L unit not reported; no mass-loss-rate conversion."",""Shared LOI acrossgas belongs one mother datum, not two independent LOIs.""]",root_approved_reported_recipe_state,"Own6201D/BMC0.5,1,2wt% common extrusion160–170C60rpm and180C pressing series. Air and nitrogen20C/min are two records per mother, with one source LOI. Only explicitR600 normalized; rawT-5 onset/Tmax%/MML not redefined. Pure two gas records held for specific Carbon donor SI/cohort; BMC3LOI conflict held.",10.1016/j.cej.2020.126209|PLA/BMC 2%|reportedLOI,28.2,28.2,28.2,not reported,,,air,20,,tabulated,yes,verified_exact,Five mothers in two atmospheres yield ten original ordinaryTG conditions. Eight proposed conditions from four mothers; BMC3% two conditions stay whole-held because LOI31.5 vs abstract30.5. Pure commonprepared series explicitly present.,"Root B1861 final bounded source/schema/family/scope adjudication; independent BEFORE/informed AFTER, B1845 andB1850 technical gates, completeB1851 actual query family",2026-10-10,fiber_forming_polymer_composite,root_scope_approved_reported_material,Reported PLA polymer/precursor composite; no claim of fabricated textile specimen; scope proposal only,PDF3 §2.3–2.4; PDF6 Table1/§3.5; PDF7 Table3; PDF1 abstract/PDF13 conclusion,Root B1861 fibre-forming polymer/precursor scope adjudication,2026-10-10,true,true,true,true,false,yes,false,,,,64fbc6d9120f86385ec0,10.1016/j.cej.2020.126209||pla/bmc 2%; source reported initial material state||initial; no washing durability claim||air||20,abb86e4feb52d3d52ae97326d5b4627f530f6514e8aa20640084d23a48b3667b,553fc30d6498c76d4b48818402bbf3422ca5c494db8cb87ce8c20346c76b3591,40340dac8dbb8ba6e6d90b091cd9b51968ae2205d49c0baaf8acf44ec61bd362,,,4.42,,,data/incoming/verified_source_batch_20261010_b1852_materials.csv,17
10.1016/j.cej.2020.126209,B1822-S03-R008,PLA/BMC 2%,PLA/BMC 2%; source reported initial material state,source reported initial material state,initial; no washing durability claim,PLA based composite,"{""matrix"":""PLA Bioplus grade6201D NatureWorks"",""BMC_loading_wt_pct"":""2"",""BMC"":""4-formylphenylboronic acid/pentaerythritol/tris(2-aminoethyl)amine macrocycle"",""mother_label"":""PLA/BMC 2%"",""whole_material_dose_literal"":""2wt%""}",reported common prepared PLA/BMC 2% material state,reported common prepared PLA/BMC 2% material state,Microporous boron based intumescent macrocycle flame retardant for poly(lactic acid) with excellent UV protection,Publisher article,https://doi.org/10.1016/j.cej.2020.126209,PDF3 §2.3–2.4; PDF6 Table1/§3.5; PDF7 Table3; PDF1 abstract/PDF13 conclusion,PDF3 §2.3–2.4; PDF6 Table1/§3.5; PDF7 Table3; PDF1 abstract/PDF13 conclusion,PDF3 §2.3–2.4; PDF6 Table1/§3.5; PDF7 Table3; PDF1 abstract/PDF13 conclusion,PDF3 §2.4,"Haake MiniLab3 co-rotating two-screw160–170°C60rpm; pristinePLA explicitly same manner without additive; hotplate180°C2min,10bar1min,degassing,15bar1min,coolingpress1min; neatPLA explicitly same program (PDF3 §2.3). No TG aliquot geometry invented.",,Five mothers in two atmospheres yield ten original ordinaryTG conditions. Eight proposed conditions from four mothers; BMC3% two conditions stay whole-held because LOI31.5 vs abstract30.5. Pure commonprepared series explicitly present. TG aliquot geometry and physical specimen identity are not asserted.,PLA/BMC 2% [N2],"{""assay"":""ordinary TG"",""instrument"":""Mettler Toledo TGA/DSC1 Star System"",""range"":""50–600°C"",""rate"":""20°C/min"",""sample_mass"":""4–5mg"",""flow"":null,""locator"":""PDF3 §2.4"",""gas"":""N2""}","{""instrument"":""ZR-1 Intelligent Oxygen Index Analyzer"",""standard"":""ASTM D2863-97"",""dimensions"":""130×6.5×3mm"",""replicates"":""five each composition"",""locator"":""PDF3 §2.4""}","[{""source_field"":""T5_percent_label_C"",""literal"":""290"",""reason"":""No source operational criterion/rate unit/ordinal;80%decomposition is not fixed temperature""},{""source_field"":""Tmax_percent_label_C"",""literal"":""351"",""reason"":""No source operational criterion/rate unit/ordinal;80%decomposition is not fixed temperature""},{""source_field"":""MML_at_Tmax"",""literal"":""1.66"",""reason"":""No source operational criterion/rate unit/ordinal;80%decomposition is not fixed temperature""},{""source_field"":""char_at80percent_decomposition_pct"",""literal"":""19.97"",""reason"":""No source operational criterion/rate unit/ordinal;80%decomposition is not fixed temperature""}]","[""80% decomposition char is not a fixed-temperature residue."",""M.M.L unit not reported; no mass-loss-rate conversion."",""Shared LOI acrossgas belongs one mother datum, not two independent LOIs.""]",root_approved_reported_recipe_state,"Own6201D/BMC0.5,1,2wt% common extrusion160–170C60rpm and180C pressing series. Air and nitrogen20C/min are two records per mother, with one source LOI. Only explicitR600 normalized; rawT-5 onset/Tmax%/MML not redefined. Pure two gas records held for specific Carbon donor SI/cohort; BMC3LOI conflict held.",10.1016/j.cej.2020.126209|PLA/BMC 2%|reportedLOI,28.2,28.2,28.2,not reported,,,N2,20,,tabulated,yes,verified_exact,Five mothers in two atmospheres yield ten original ordinaryTG conditions. Eight proposed conditions from four mothers; BMC3% two conditions stay whole-held because LOI31.5 vs abstract30.5. Pure commonprepared series explicitly present.,"Root B1861 final bounded source/schema/family/scope adjudication; independent BEFORE/informed AFTER, B1845 andB1850 technical gates, completeB1851 actual query family",2026-10-10,fiber_forming_polymer_composite,root_scope_approved_reported_material,Reported PLA polymer/precursor composite; no claim of fabricated textile specimen; scope proposal only,PDF3 §2.3–2.4; PDF6 Table1/§3.5; PDF7 Table3; PDF1 abstract/PDF13 conclusion,Root B1861 fibre-forming polymer/precursor scope adjudication,2026-10-10,true,true,true,true,false,yes,false,,,,64fbc6d9120f86385ec0,10.1016/j.cej.2020.126209||pla/bmc 2%; source reported initial material state||initial; no washing durability claim||n2||20,dd2fd7cf6977dd0bfeb8275921e2cb15eb057690c66c20774fc7af084c68e4fd,553fc30d6498c76d4b48818402bbf3422ca5c494db8cb87ce8c20346c76b3591,40340dac8dbb8ba6e6d90b091cd9b51968ae2205d49c0baaf8acf44ec61bd362,,,3.76,,,data/incoming/verified_source_batch_20261010_b1852_materials.csv,18
10.1016/j.carbpol.2016.11.035,B1822-S04-R001,PLA,PLA; source reported initial material state,source reported initial material state,initial; no washing durability claim,PLA polymer control,"{""PLA_wt_pct"":""100"",""CS_wt_pct"":""0"",""APP_wt_pct"":""0"",""PLA"":""NatureWorks3052D"",""CS"":""Sinopharm biochemical reagent deacetylation80–95%"",""APP"":""phaseII Shandong Yingtai""}",reported common prepared PLA material state,reported common prepared PLA material state,The effect of chitosan on the flammability and thermal stability of polylactic acid/ammonium polyphosphate biocomposites,Accepted Manuscript cover and article,https://doi.org/10.1016/j.carbpol.2016.11.035,PDF27 Table1; PDF28 Table2; PDF30 Table4; PDF31 Table5,PDF27 Table1; PDF28 Table2; PDF30 Table4; PDF31 Table5,PDF27 Table1; PDF28 Table2; PDF30 Table4; PDF31 Table5,PDF6 §2.3,"All materials dried80°C12h; Wuhan Rayzong Ming micro twin-screw40rpm,185/190/190°C hopper-to-die; pelletized and hotpressed190°C10MPa25min into standard plates100×100×3,100×10×3,125×13×3.2mm³ (PDF5–6 §2.2). Individual dimensions not assigned to TG aliquots.",,Three proposed source states PLA/C7/A7 share common extrusion and hotpressed plate preparation. C2A5 whole-held by LOI33.1 vs33.0; four other formulations LOI-only. Unknown TG cutting geometry is not a competing route. TG aliquot geometry and physical specimen identity are not asserted.,PLA,"{""assay"":""ordinary TG"",""instrument"":""TA SDT Q500"",""gas"":""air"",""rate"":""10°C/min"",""temperature"":""ambient–600°C"",""sample_mass"":""approximately5mg"",""flow"":null,""locator"":""PDF6 §2.3""}","{""instrument"":""JF-3"",""standard"":""ISO4589"",""specimen_dimension"":null,""locator"":""PDF6 §2.3"",""UL94"":""CZF-3/ISO9773 thickness3.2mm; separate assay""}",[],"[""No curve-derived TG temperatures or residues."",""CONE600s residue and DSC peaks are not ordinary TG."",""Common extrusion/plate preparation retained; TG specimen geometry not invented.""]",root_approved_reported_recipe_state,"Three reported PLA3052D/CS/APP states including common-prepared pure,40rpm185/190/190C extrusion and190C10MPa25min hotpress. Actual source recipes and direct-prior identities/roles reviewed; use explicitR600air10C/min with ownLOI. C2A5LOI33.1/33.0 remains whole-held; CONE600seconds notTG600C.",10.1016/j.carbpol.2016.11.035|PLA|reportedLOI,20.0,20.0,20.0,not reported,,,air,10,,tabulated,yes,verified_exact,Three proposed source states PLA/C7/A7 share common extrusion and hotpressed plate preparation. C2A5 whole-held by LOI33.1 vs33.0; four other formulations LOI-only. Unknown TG cutting geometry is not a competing route.,"Root B1861 final bounded source/schema/family/scope adjudication; independent BEFORE/informed AFTER, B1845 andB1850 technical gates, completeB1851 actual query family",2026-10-10,fiber_forming_polymer,root_scope_approved_reported_material,Reported PLA polymer/precursor composite; no claim of fabricated textile specimen; scope proposal only,PDF27 Table1; PDF28 Table2; PDF30 Table4; PDF31 Table5,Root B1861 fibre-forming polymer/precursor scope adjudication,2026-10-10,true,true,true,true,false,yes,false,,,,a8cd6c4ce9eab38fcb2e,10.1016/j.carbpol.2016.11.035||pla; source reported initial material state||initial; no washing durability claim||air||10,ec7ed738fdacbc18a22c6d7498131a46569f84beab6861ab93ce9d3019957850,56e8bf230e2cfc46d2f037c1f1962a82b5a0bea44db89d674d390982411e45e2,a09830cce90e69a24f89ed81017319dfb3dfc4182302edcd27eaeb5cfb47d992,,,1.8,,,data/incoming/verified_source_batch_20261010_b1852_materials.csv,19
10.1016/j.carbpol.2016.11.035,B1822-S04-R003,PLA-C7,PLA-C7; source reported initial material state,source reported initial material state,initial; no washing durability claim,PLA based composite,"{""PLA_wt_pct"":""93"",""CS_wt_pct"":""7"",""APP_wt_pct"":""0"",""PLA"":""NatureWorks3052D"",""CS"":""Sinopharm biochemical reagent deacetylation80–95%"",""APP"":""phaseII Shandong Yingtai""}",reported common prepared PLA-C7 material state,reported common prepared PLA-C7 material state,The effect of chitosan on the flammability and thermal stability of polylactic acid/ammonium polyphosphate biocomposites,Accepted Manuscript cover and article,https://doi.org/10.1016/j.carbpol.2016.11.035,PDF27 Table1; PDF28 Table2; PDF30 Table4; PDF31 Table5,PDF27 Table1; PDF28 Table2; PDF30 Table4; PDF31 Table5,PDF27 Table1; PDF28 Table2; PDF30 Table4; PDF31 Table5,PDF6 §2.3,"All materials dried80°C12h; Wuhan Rayzong Ming micro twin-screw40rpm,185/190/190°C hopper-to-die; pelletized and hotpressed190°C10MPa25min into standard plates100×100×3,100×10×3,125×13×3.2mm³ (PDF5–6 §2.2). Individual dimensions not assigned to TG aliquots.",,Three proposed source states PLA/C7/A7 share common extrusion and hotpressed plate preparation. C2A5 whole-held by LOI33.1 vs33.0; four other formulations LOI-only. Unknown TG cutting geometry is not a competing route. TG aliquot geometry and physical specimen identity are not asserted.,PLA-C7,"{""assay"":""ordinary TG"",""instrument"":""TA SDT Q500"",""gas"":""air"",""rate"":""10°C/min"",""temperature"":""ambient–600°C"",""sample_mass"":""approximately5mg"",""flow"":null,""locator"":""PDF6 §2.3""}","{""instrument"":""JF-3"",""standard"":""ISO4589"",""specimen_dimension"":null,""locator"":""PDF6 §2.3"",""UL94"":""CZF-3/ISO9773 thickness3.2mm; separate assay""}",[],"[""No curve-derived TG temperatures or residues."",""CONE600s residue and DSC peaks are not ordinary TG."",""Common extrusion/plate preparation retained; TG specimen geometry not invented.""]",root_approved_reported_recipe_state,"Three reported PLA3052D/CS/APP states including common-prepared pure,40rpm185/190/190C extrusion and190C10MPa25min hotpress. Actual source recipes and direct-prior identities/roles reviewed; use explicitR600air10C/min with ownLOI. C2A5LOI33.1/33.0 remains whole-held; CONE600seconds notTG600C.",10.1016/j.carbpol.2016.11.035|PLA-C7|reportedLOI,24.3,24.3,24.3,not reported,,,air,10,,tabulated,yes,verified_exact,Three proposed source states PLA/C7/A7 share common extrusion and hotpressed plate preparation. C2A5 whole-held by LOI33.1 vs33.0; four other formulations LOI-only. Unknown TG cutting geometry is not a competing route.,"Root B1861 final bounded source/schema/family/scope adjudication; independent BEFORE/informed AFTER, B1845 andB1850 technical gates, completeB1851 actual query family",2026-10-10,fiber_forming_polymer_composite,root_scope_approved_reported_material,Reported PLA polymer/precursor composite; no claim of fabricated textile specimen; scope proposal only,PDF27 Table1; PDF28 Table2; PDF30 Table4; PDF31 Table5,Root B1861 fibre-forming polymer/precursor scope adjudication,2026-10-10,true,true,true,true,false,yes,false,,,,8c3aac577d1b2036787c,10.1016/j.carbpol.2016.11.035||pla-c7; source reported initial material state||initial; no washing durability claim||air||10,55b2ba089841c28478d8254ac4b3720f7b0880c7fe4986cde4063f6f2eae993b,970df146a6adf3ebebb8999e5e1e7f1708297f9a20ee6572aff2b6e7e8d92d89,28458cfddc0b9d66717ce786f554bc61249410e49e24d7cbf6f2c40315597701,,,1.9,,,data/incoming/verified_source_batch_20261010_b1852_materials.csv,20
10.1016/j.carbpol.2016.11.035,B1822-S04-R008,PLA-A7,PLA-A7; source reported initial material state,source reported initial material state,initial; no washing durability claim,PLA based composite,"{""PLA_wt_pct"":""93"",""CS_wt_pct"":""0"",""APP_wt_pct"":""7"",""PLA"":""NatureWorks3052D"",""CS"":""Sinopharm biochemical reagent deacetylation80–95%"",""APP"":""phaseII Shandong Yingtai""}",reported common prepared PLA-A7 material state,reported common prepared PLA-A7 material state,The effect of chitosan on the flammability and thermal stability of polylactic acid/ammonium polyphosphate biocomposites,Accepted Manuscript cover and article,https://doi.org/10.1016/j.carbpol.2016.11.035,PDF27 Table1; PDF28 Table2; PDF30 Table4; PDF31 Table5,PDF27 Table1; PDF28 Table2; PDF30 Table4; PDF31 Table5,PDF27 Table1; PDF28 Table2; PDF30 Table4; PDF31 Table5,PDF6 §2.3,"All materials dried80°C12h; Wuhan Rayzong Ming micro twin-screw40rpm,185/190/190°C hopper-to-die; pelletized and hotpressed190°C10MPa25min into standard plates100×100×3,100×10×3,125×13×3.2mm³ (PDF5–6 §2.2). Individual dimensions not assigned to TG aliquots.",,Three proposed source states PLA/C7/A7 share common extrusion and hotpressed plate preparation. C2A5 whole-held by LOI33.1 vs33.0; four other formulations LOI-only. Unknown TG cutting geometry is not a competing route. TG aliquot geometry and physical specimen identity are not asserted.,PLA-A7,"{""assay"":""ordinary TG"",""instrument"":""TA SDT Q500"",""gas"":""air"",""rate"":""10°C/min"",""temperature"":""ambient–600°C"",""sample_mass"":""approximately5mg"",""flow"":null,""locator"":""PDF6 §2.3""}","{""instrument"":""JF-3"",""standard"":""ISO4589"",""specimen_dimension"":null,""locator"":""PDF6 §2.3"",""UL94"":""CZF-3/ISO9773 thickness3.2mm; separate assay""}",[],"[""No curve-derived TG temperatures or residues."",""CONE600s residue and DSC peaks are not ordinary TG."",""Common extrusion/plate preparation retained; TG specimen geometry not invented.""]",root_approved_reported_recipe_state,"Three reported PLA3052D/CS/APP states including common-prepared pure,40rpm185/190/190C extrusion and190C10MPa25min hotpress. Actual source recipes and direct-prior identities/roles reviewed; use explicitR600air10C/min with ownLOI. C2A5LOI33.1/33.0 remains whole-held; CONE600seconds notTG600C.",10.1016/j.carbpol.2016.11.035|PLA-A7|reportedLOI,27.0,27.0,27.0,not reported,,,air,10,,tabulated,yes,verified_exact,Three proposed source states PLA/C7/A7 share common extrusion and hotpressed plate preparation. C2A5 whole-held by LOI33.1 vs33.0; four other formulations LOI-only. Unknown TG cutting geometry is not a competing route.,"Root B1861 final bounded source/schema/family/scope adjudication; independent BEFORE/informed AFTER, B1845 andB1850 technical gates, completeB1851 actual query family",2026-10-10,fiber_forming_polymer_composite,root_scope_approved_reported_material,Reported PLA polymer/precursor composite; no claim of fabricated textile specimen; scope proposal only,PDF27 Table1; PDF28 Table2; PDF30 Table4; PDF31 Table5,Root B1861 fibre-forming polymer/precursor scope adjudication,2026-10-10,true,true,true,true,false,yes,false,,,,4b6b926c6e5bb5dadf2f,10.1016/j.carbpol.2016.11.035||pla-a7; source reported initial material state||initial; no washing durability claim||air||10,f574a361bbcb20af66a47c23e9b30b017f59cd4e4729b98e59eb6d97c5f6a283,f2f7dd6b002ef38d145555eff3247dfb9814280e64069ce41e1b7db10a87f130,c75b767b6744d366f73ff6c00c5587111bc7fcbf312f3dda6d778998de38ea1a,,,5.9,,,data/incoming/verified_source_batch_20261010_b1852_materials.csv,21
10.1039/c8ra08531e,B1822-S06-R001,PLA,PLA; source reported initial material state,source reported initial material state,initial; no washing durability claim,PLA polymer control,"{""PLA"":""NatureWorks Ingeo6202D"",""additive"":""none"",""loading_wt_pct"":""0"",""VP"":""bis(5-formyl-2-methoxyphenyl)phenylphosphonate"",""VA"":""vanillin TCI Deutschland""}",reported common prepared PLA material state,reported common prepared PLA material state,Renewable vanillin based flame retardant for poly(lactic acid): a way to enhance flame retardancy and toughness simultaneously,Publisher article,https://doi.org/10.1039/c8ra08531e,PDF2 Preparation/Characterization; PDF4 Table1; PDF5 Table2; PDF6 Table3; PDF9 Table4,PDF2 Preparation/Characterization; PDF4 Table1; PDF5 Table2; PDF6 Table3; PDF9 Table4,PDF2 Preparation/Characterization; PDF4 Table1; PDF5 Table2; PDF6 Table3; PDF9 Table4,PDF3 Thermal decomposition/PDF4 Table1,"Allmaterials vacuum40°Covernight; Brabender plasticorder160°C60rpm6min,meltcompounded,pelletized and injectionmolded into specimens. PurePLA andPLA10VA explicitly sameprocessing/heat history(PDF2 Preparation). Injection temperature/geometry forTG not separately invented.",,Four proposed source states pure/5VP/10VP/10VA share reported mixing/injection series;1VP/2VP have ordinaryTG only. No evidence of competing final routes. PureTG R500literal0 preserved. TG aliquot geometry and physical specimen identity are not asserted.,PLA,"{""assay"":""ordinary TG"",""instrument"":null,""gas"":""nitrogen"",""rate"":""10K/min"",""flow"":null,""temperature_range"":null,""locator"":""PDF3 Thermal decomposition/PDF4 Table1"",""instrument_limit"":""TGAQ5000 belongs explicitTGFTIR method; not borrowed to ordinaryTG""}","{""instrument"":""FTT UK oxygen indexmeter"",""standard"":""ASTM D2863-97"",""dimensions"":""130×6.5×3mm³"",""locator"":""PDF2 Characterization"",""UL94"":""ASTM D3901 asreported;130×13×3.2mm³ five percomposition""}",[],"[""No ordinal assigned to unnumbered Tmax."",""OrdinaryTG instrument/flow/range not inferred fromTGFTIR."",""No manufacturing-lot independence claim.""]",root_approved_reported_recipe_state,"Four reported PLA6202D/VP orVA states including explicit same-processing pure and10VA,160C60rpm6min followed by injection. OrdinaryTG source10K/min N2 with explicitT5/T20/maxrate-unnumbered/R500; original units preserved. TGFTIR instrument/flow not borrowed;1/2VP TG-only and SI boundaries retained.",10.1039/c8ra08531e|PLA|reportedLOI,21.4,21.4,21.4,not reported,,,N2,10,,tabulated,yes,verified_exact,Four proposed source states pure/5VP/10VP/10VA share reported mixing/injection series;1VP/2VP have ordinaryTG only. No evidence of competing final routes. PureTG R500literal0 preserved.,"Root B1861 final bounded source/schema/family/scope adjudication; independent BEFORE/informed AFTER, B1845 andB1850 technical gates, completeB1851 actual query family",2026-10-10,fiber_forming_polymer,root_scope_approved_reported_material,Reported PLA polymer/precursor composite; no claim of fabricated textile specimen; scope proposal only,PDF2 Preparation/Characterization; PDF4 Table1; PDF5 Table2; PDF6 Table3; PDF9 Table4,Root B1861 fibre-forming polymer/precursor scope adjudication,2026-10-10,true,true,true,true,false,yes,false,326,,0,258c140c0792932ad879,10.1039/c8ra08531e||pla; source reported initial material state||initial; no washing durability claim||n2||10,8c6a234fd757ae13c5da3801c110346e6addf52d1b54f26498d51d6c7c277184,e71ad1d738ef12403af89c2a36466e92749bd4b031741d725ff20622a344baab,f7e61a2610e054e932a725818b37109195586b9dffc6a8054e2f5baf9aae11ac,363,,,"Native10K/min retained in original method; temperature-increment rate10°C/min is exact unit equivalence, no273.15 offset.",344,data/incoming/verified_source_batch_20261010_b1852_materials.csv,22
10.1039/c8ra08531e,B1822-S06-R004,PLA5VP,PLA5VP; source reported initial material state,source reported initial material state,initial; no washing durability claim,PLA based composite,"{""PLA"":""NatureWorks Ingeo6202D"",""additive"":""VP"",""loading_wt_pct"":""5"",""VP"":""bis(5-formyl-2-methoxyphenyl)phenylphosphonate"",""VA"":""vanillin TCI Deutschland""}",reported common prepared PLA5VP material state,reported common prepared PLA5VP material state,Renewable vanillin based flame retardant for poly(lactic acid): a way to enhance flame retardancy and toughness simultaneously,Publisher article,https://doi.org/10.1039/c8ra08531e,PDF2 Preparation/Characterization; PDF4 Table1; PDF5 Table2; PDF6 Table3; PDF9 Table4,PDF2 Preparation/Characterization; PDF4 Table1; PDF5 Table2; PDF6 Table3; PDF9 Table4,PDF2 Preparation/Characterization; PDF4 Table1; PDF5 Table2; PDF6 Table3; PDF9 Table4,PDF3 Thermal decomposition/PDF4 Table1,"Allmaterials vacuum40°Covernight; Brabender plasticorder160°C60rpm6min,meltcompounded,pelletized and injectionmolded into specimens. PurePLA andPLA10VA explicitly sameprocessing/heat history(PDF2 Preparation). Injection temperature/geometry forTG not separately invented.",,Four proposed source states pure/5VP/10VP/10VA share reported mixing/injection series;1VP/2VP have ordinaryTG only. No evidence of competing final routes. PureTG R500literal0 preserved. TG aliquot geometry and physical specimen identity are not asserted.,PLA5VP,"{""assay"":""ordinary TG"",""instrument"":null,""gas"":""nitrogen"",""rate"":""10K/min"",""flow"":null,""temperature_range"":null,""locator"":""PDF3 Thermal decomposition/PDF4 Table1"",""instrument_limit"":""TGAQ5000 belongs explicitTGFTIR method; not borrowed to ordinaryTG""}","{""instrument"":""FTT UK oxygen indexmeter"",""standard"":""ASTM D2863-97"",""dimensions"":""130×6.5×3mm³"",""locator"":""PDF2 Characterization"",""UL94"":""ASTM D3901 asreported;130×13×3.2mm³ five percomposition""}",[],"[""No ordinal assigned to unnumbered Tmax."",""OrdinaryTG instrument/flow/range not inferred fromTGFTIR."",""No manufacturing-lot independence claim."",""Table3 CONE THR62.8\u00051.1 versus body62.8\u00051.7 retained asother-assay uncertainty conflict, notordinaryTG/LOI.""]",root_approved_reported_recipe_state,"Four reported PLA6202D/VP orVA states including explicit same-processing pure and10VA,160C60rpm6min followed by injection. OrdinaryTG source10K/min N2 with explicitT5/T20/maxrate-unnumbered/R500; original units preserved. TGFTIR instrument/flow not borrowed;1/2VP TG-only and SI boundaries retained.",10.1039/c8ra08531e|PLA5VP|reportedLOI,25.8,25.8,25.8,not reported,,,N2,10,,tabulated,yes,verified_exact,Four proposed source states pure/5VP/10VP/10VA share reported mixing/injection series;1VP/2VP have ordinaryTG only. No evidence of competing final routes. PureTG R500literal0 preserved.,"Root B1861 final bounded source/schema/family/scope adjudication; independent BEFORE/informed AFTER, B1845 andB1850 technical gates, completeB1851 actual query family",2026-10-10,fiber_forming_polymer_composite,root_scope_approved_reported_material,Reported PLA polymer/precursor composite; no claim of fabricated textile specimen; scope proposal only,PDF2 Preparation/Characterization; PDF4 Table1; PDF5 Table2; PDF6 Table3; PDF9 Table4,Root B1861 fibre-forming polymer/precursor scope adjudication,2026-10-10,true,true,true,true,false,yes,false,325,,0.3,211196a63518eeaa62a7,10.1039/c8ra08531e||pla5vp; source reported initial material state||initial; no washing durability claim||n2||10,9152d2adfc86480112499652f989237c14647ec0bf70e1cf2c1d40722777c9b7,05b70f2570ae8ae5d15f8e9538304d2e81b2e2a22a9b8787fe14f51c963b25ac,1cc8311a353c6e846a3c778d18924ad670a1c10aed11f8b7ff1d246f14500c05,373,,,"Native10K/min retained in original method; temperature-increment rate10°C/min is exact unit equivalence, no273.15 offset.",357,data/incoming/verified_source_batch_20261010_b1852_materials.csv,23
10.1039/c8ra08531e,B1822-S06-R005,PLA10VP,PLA10VP; source reported initial material state,source reported initial material state,initial; no washing durability claim,PLA based composite,"{""PLA"":""NatureWorks Ingeo6202D"",""additive"":""VP"",""loading_wt_pct"":""10"",""VP"":""bis(5-formyl-2-methoxyphenyl)phenylphosphonate"",""VA"":""vanillin TCI Deutschland""}",reported common prepared PLA10VP material state,reported common prepared PLA10VP material state,Renewable vanillin based flame retardant for poly(lactic acid): a way to enhance flame retardancy and toughness simultaneously,Publisher article,https://doi.org/10.1039/c8ra08531e,PDF2 Preparation/Characterization; PDF4 Table1; PDF5 Table2; PDF6 Table3; PDF9 Table4,PDF2 Preparation/Characterization; PDF4 Table1; PDF5 Table2; PDF6 Table3; PDF9 Table4,PDF2 Preparation/Characterization; PDF4 Table1; PDF5 Table2; PDF6 Table3; PDF9 Table4,PDF3 Thermal decomposition/PDF4 Table1,"Allmaterials vacuum40°Covernight; Brabender plasticorder160°C60rpm6min,meltcompounded,pelletized and injectionmolded into specimens. PurePLA andPLA10VA explicitly sameprocessing/heat history(PDF2 Preparation). Injection temperature/geometry forTG not separately invented.",,Four proposed source states pure/5VP/10VP/10VA share reported mixing/injection series;1VP/2VP have ordinaryTG only. No evidence of competing final routes. PureTG R500literal0 preserved. TG aliquot geometry and physical specimen identity are not asserted.,PLA10VP,"{""assay"":""ordinary TG"",""instrument"":null,""gas"":""nitrogen"",""rate"":""10K/min"",""flow"":null,""temperature_range"":null,""locator"":""PDF3 Thermal decomposition/PDF4 Table1"",""instrument_limit"":""TGAQ5000 belongs explicitTGFTIR method; not borrowed to ordinaryTG""}","{""instrument"":""FTT UK oxygen indexmeter"",""standard"":""ASTM D2863-97"",""dimensions"":""130×6.5×3mm³"",""locator"":""PDF2 Characterization"",""UL94"":""ASTM D3901 asreported;130×13×3.2mm³ five percomposition""}",[],"[""No ordinal assigned to unnumbered Tmax."",""OrdinaryTG instrument/flow/range not inferred fromTGFTIR."",""No manufacturing-lot independence claim.""]",root_approved_reported_recipe_state,"Four reported PLA6202D/VP orVA states including explicit same-processing pure and10VA,160C60rpm6min followed by injection. OrdinaryTG source10K/min N2 with explicitT5/T20/maxrate-unnumbered/R500; original units preserved. TGFTIR instrument/flow not borrowed;1/2VP TG-only and SI boundaries retained.",10.1039/c8ra08531e|PLA10VP|reportedLOI,26.3,26.3,26.3,not reported,,,N2,10,,tabulated,yes,verified_exact,Four proposed source states pure/5VP/10VP/10VA share reported mixing/injection series;1VP/2VP have ordinaryTG only. No evidence of competing final routes. PureTG R500literal0 preserved.,"Root B1861 final bounded source/schema/family/scope adjudication; independent BEFORE/informed AFTER, B1845 andB1850 technical gates, completeB1851 actual query family",2026-10-10,fiber_forming_polymer_composite,root_scope_approved_reported_material,Reported PLA polymer/precursor composite; no claim of fabricated textile specimen; scope proposal only,PDF2 Preparation/Characterization; PDF4 Table1; PDF5 Table2; PDF6 Table3; PDF9 Table4,Root B1861 fibre-forming polymer/precursor scope adjudication,2026-10-10,true,true,true,true,false,yes,false,324,,0.7,e105450d289b6fac1b64,10.1039/c8ra08531e||pla10vp; source reported initial material state||initial; no washing durability claim||n2||10,dbe6bbb32367f61032312ef572c604c0f3fe0ce4298fa8394dae79b683851abb,635fb9b5422b826e8315e5bf664fa4b7e3a9baa4b1bbd78c20d3fb0fa6d0df7a,0fa1a54fbecfd20a1e8a482cb6c2f082236720b6a0bf4d8e9afff21588ff1d72,380,,,"Native10K/min retained in original method; temperature-increment rate10°C/min is exact unit equivalence, no273.15 offset.",357,data/incoming/verified_source_batch_20261010_b1852_materials.csv,24
10.1039/c8ra08531e,B1822-S06-R006,PLA10VA,PLA10VA; source reported initial material state,source reported initial material state,initial; no washing durability claim,PLA based composite,"{""PLA"":""NatureWorks Ingeo6202D"",""additive"":""VA"",""loading_wt_pct"":""10"",""VP"":""bis(5-formyl-2-methoxyphenyl)phenylphosphonate"",""VA"":""vanillin TCI Deutschland""}",reported common prepared PLA10VA material state,reported common prepared PLA10VA material state,Renewable vanillin based flame retardant for poly(lactic acid): a way to enhance flame retardancy and toughness simultaneously,Publisher article,https://doi.org/10.1039/c8ra08531e,PDF2 Preparation/Characterization; PDF4 Table1; PDF5 Table2; PDF6 Table3; PDF9 Table4,PDF2 Preparation/Characterization; PDF4 Table1; PDF5 Table2; PDF6 Table3; PDF9 Table4,PDF2 Preparation/Characterization; PDF4 Table1; PDF5 Table2; PDF6 Table3; PDF9 Table4,PDF3 Thermal decomposition/PDF4 Table1,"Allmaterials vacuum40°Covernight; Brabender plasticorder160°C60rpm6min,meltcompounded,pelletized and injectionmolded into specimens. PurePLA andPLA10VA explicitly sameprocessing/heat history(PDF2 Preparation). Injection temperature/geometry forTG not separately invented.",,Four proposed source states pure/5VP/10VP/10VA share reported mixing/injection series;1VP/2VP have ordinaryTG only. No evidence of competing final routes. PureTG R500literal0 preserved. TG aliquot geometry and physical specimen identity are not asserted.,PLA10VA,"{""assay"":""ordinary TG"",""instrument"":null,""gas"":""nitrogen"",""rate"":""10K/min"",""flow"":null,""temperature_range"":null,""locator"":""PDF3 Thermal decomposition/PDF4 Table1"",""instrument_limit"":""TGAQ5000 belongs explicitTGFTIR method; not borrowed to ordinaryTG""}","{""instrument"":""FTT UK oxygen indexmeter"",""standard"":""ASTM D2863-97"",""dimensions"":""130×6.5×3mm³"",""locator"":""PDF2 Characterization"",""UL94"":""ASTM D3901 asreported;130×13×3.2mm³ five percomposition""}",[],"[""No ordinal assigned to unnumbered Tmax."",""OrdinaryTG instrument/flow/range not inferred fromTGFTIR."",""No manufacturing-lot independence claim."",""VolatileVA processing/decomposition explicitly discussed; stage loss is not a new threshold/independent residue.""]",root_approved_reported_recipe_state,"Four reported PLA6202D/VP orVA states including explicit same-processing pure and10VA,160C60rpm6min followed by injection. OrdinaryTG source10K/min N2 with explicitT5/T20/maxrate-unnumbered/R500; original units preserved. TGFTIR instrument/flow not borrowed;1/2VP TG-only and SI boundaries retained.",10.1039/c8ra08531e|PLA10VA|reportedLOI,19.5,19.5,19.5,not reported,,,N2,10,,tabulated,yes,verified_exact,Four proposed source states pure/5VP/10VP/10VA share reported mixing/injection series;1VP/2VP have ordinaryTG only. No evidence of competing final routes. PureTG R500literal0 preserved.,"Root B1861 final bounded source/schema/family/scope adjudication; independent BEFORE/informed AFTER, B1845 andB1850 technical gates, completeB1851 actual query family",2026-10-10,fiber_forming_polymer_composite,root_scope_approved_reported_material,Reported PLA polymer/precursor composite; no claim of fabricated textile specimen; scope proposal only,PDF2 Preparation/Characterization; PDF4 Table1; PDF5 Table2; PDF6 Table3; PDF9 Table4,Root B1861 fibre-forming polymer/precursor scope adjudication,2026-10-10,true,true,true,true,false,yes,false,225,,0.6,a37c54fe19a1d5c8e9d9,10.1039/c8ra08531e||pla10va; source reported initial material state||initial; no washing durability claim||n2||10,9081d471cd3344a5c72062465778e935a2003e744ed4b9662a65a0b0c253f901,5039d57908445f85e34f8a6c74fa95ea4a9ae9b75a13b3e8904d91cbff5ba2e5,53c4c60bf3307d5358e2970e400fe8ac8dec537303334c624239ed7076d54b65,362,,,"Native10K/min retained in original method; temperature-increment rate10°C/min is exact unit equivalence, no273.15 offset.",334,data/incoming/verified_source_batch_20261010_b1852_materials.csv,25
