DOI,LOI_instrument,LOI_locator,LOI_pct,LOI_sample_dimensions_mm,LOI_standard,R400_pct,R500_pct,R550_pct,R600_pct,R650_pct,R700_pct,R750_pct,R800_pct,T10_C,T1_C,T20_C,T40_C,T50_C,T5_C,T80_C,TGA_instrument,TG_end_C,TG_locator,Tmax1_C,Tmax2_C,Tmax3_C,Tmax4_C,Tonset_C,atmosphere,composition,conditions_locator,direct_numeric_use,evidence_reviewed_at,evidence_reviewed_by,heating_rate_C_min,journal,limitations,material_category,material_form,material_form_LOI,material_form_TGA,native_sample_label,numeric_evidence_type,pairing_evidence,pairing_status,publication_type,publication_type_evidence,residue_at_Tmax1_pct,residue_at_Tmax2_pct,residue_at_Tmax3_pct,residue_at_Tmax_pct,residue_pct,residue_temp_C,review_disposition,reviewed_measurement_fingerprint,sample_state,source_AAm_bath_wt_pct,source_LBL_WG_reported_pct,source_LOI_Table3_reported_pct,source_LOI_prose_reported_pct,source_MCC_condition_guard,source_PDC_WG_reported_pct,source_PG_reported_pct,source_R600_reported_pct,source_R700_reported_pct,source_T5_reported_C,source_TG_atmosphere,source_TG_endpoint_C,source_TG_flow_guard,source_TG_flow_mL_min,source_TG_guard,source_TG_heating_rate_C_min,source_TG_instrument,source_TG_mass_mg,source_TG_pan,source_TG_start,source_TG_start_C,source_Tmax1_reported_C,source_Tmax2_reported_C,source_Tmax2_role,source_Tmax3_reported_C,source_Tmax_reported_C,source_Tonset_Table1_reported_C,source_Tonset_guard,source_Tonset_prose_reported_C,source_VPA_bath_wt_pct,source_bilayers,source_bulk_N_pct,source_bulk_P_pct,source_crosslinker,source_crosslinker_native_pct,source_document_version,source_initial_addon_pct,source_location,source_native_Table1_label,source_native_addon_formula_guard,source_preparation,source_preparation_CS_GO,source_preparation_LBL,source_preparation_graft,source_residue_at_Tmax_guard,source_residue_at_Tmax_reported_pct,source_title,source_url,source_washing_cycles,supplement_review_status,treatment_method,treatment_state,washing_state,year
10.1007/s12221-017-7628-3,Limitingoxygendetector;YasudaSeikiSeisakushoJapan,Tables1/2PDFp5(printed2332),20,,ISO4589:2000,,,,,,,,,,,,,,,,,,Table2PDFp5(printed2332),,,,,,,Cotton;VPA0wtpercent;AAm0wtpercentnativebath,OwnTG/LOIPDFp2;washPDFp3;crosslinkerconflictprosep5/Table3p6,Rawsourcefactsnotapprovedpair,2026-10-02,Codexall6nativepublisher/textpages;oneprimaryreviewer,,Fibers and Polymers,"All6native/textpagesreviewed. Table2PDFp5(printed2332) reports sixinitialfabricstates[Tmax,R600,LOI]:Control350/7.3/20,VPA20 283/10.3/24,VPA20AAm10 280/22.6/26,VPA20AAm20 279/35.5/32,VPA20AAm30 257/36.5/40,VPA20AAm40 256/36.9/43. MethodPDFp2 Q50020C/minroomtemp-600C omits atmosphere/mass/flow/repeats;noN2orairinferredfromcharpyrolysis. Nr isdimensionlessresiduenumbernotTGresidue;Fweightfractionnotresidue. Table3PDFp6 washLOI14statesnoownwashedTG. Prosep5misrefersTable4butnativewashingtableisTable3. CrosslinkerinitialTable3LOI43conflictswithprosep5MBA34/TAHT36;doNOTresolvebyguess. Fig2othermonomerratiosareunlabelledLOIcurves,nodigitization. All26factsheldincluding6missinggasTGstates;0verifiedpairs. NoSIcitedall6pages. VPA20AAm50hasownaddonnofinalLOI/TGpairandismentionedincoverageonly. Table1P/Nbulkpercentnotbathcomposition.",cotton,Scoured and bleached plain-weave cotton fabric 115 g/m2;warp35threads16.5tex/cm;weft31threads14tex/cm,Scoured and bleached plain-weave cotton fabric 115 g/m2;warp35threads16.5tex/cm;weft31threads14tex/cm,,Cotton,held_source_facts,,held_TG_atmosphere_unreported,journal_article,OwnDOI/authors/titlePDFp1,,,,,,,held_outside_verified_target,,Cotton,0,,,,,,,7.3,,,,600,,,Atmosphereunreported;canonicalTGblank;Nr/FnotTGresidue,20,TAQ500,,,roomtemperature,,,,,,350,,,,0,,,,,,NativepublishedjournaloriginalPDF,0,MethodsPDFp2(printed2329);Table1/2PDFp5(printed2332);Table3PDFp6(printed2333);Fig2PDFp3,,,AqueousVPA/AAmnativewtpercentbaths;API180photoinitiator7percentofcomonomermass;TritonX1001g/L;dipandpad95percentwetpickup;395nmLED25J/cm2UVcure;preparativewaterrinse. DurabilitywashingseparateISO105-A01LaunderOmeter;washT/time/liquor/detergent/postdryunreported,,,,,,Synergistic UV-curable flame-retardant finish of cotton using comonomers of vinylphosphonic acid and acrylamide,https://doi.org/10.1007/s12221-017-7628-3,,NoSIcitedall6pages,Controlasreported,Initialpreparedfabric,InitialUVcuredfabricafterpreparativewaterrinse,2017
10.1007/s12221-017-7628-3,Limitingoxygendetector;YasudaSeikiSeisakushoJapan,Tables1/2PDFp5(printed2332),24,,ISO4589:2000,,,,,,,,,,,,,,,,,,Table2PDFp5(printed2332),,,,,,,Cotton;VPA20wtpercent;AAm0wtpercentnativebath,OwnTG/LOIPDFp2;washPDFp3;crosslinkerconflictprosep5/Table3p6,Rawsourcefactsnotapprovedpair,2026-10-02,Codexall6nativepublisher/textpages;oneprimaryreviewer,,Fibers and Polymers,"All6native/textpagesreviewed. Table2PDFp5(printed2332) reports sixinitialfabricstates[Tmax,R600,LOI]:Control350/7.3/20,VPA20 283/10.3/24,VPA20AAm10 280/22.6/26,VPA20AAm20 279/35.5/32,VPA20AAm30 257/36.5/40,VPA20AAm40 256/36.9/43. MethodPDFp2 Q50020C/minroomtemp-600C omits atmosphere/mass/flow/repeats;noN2orairinferredfromcharpyrolysis. Nr isdimensionlessresiduenumbernotTGresidue;Fweightfractionnotresidue. Table3PDFp6 washLOI14statesnoownwashedTG. Prosep5misrefersTable4butnativewashingtableisTable3. CrosslinkerinitialTable3LOI43conflictswithprosep5MBA34/TAHT36;doNOTresolvebyguess. Fig2othermonomerratiosareunlabelledLOIcurves,nodigitization. All26factsheldincluding6missinggasTGstates;0verifiedpairs. NoSIcitedall6pages. VPA20AAm50hasownaddonnofinalLOI/TGpairandismentionedincoverageonly. Table1P/Nbulkpercentnotbathcomposition.",cotton,Scoured and bleached plain-weave cotton fabric 115 g/m2;warp35threads16.5tex/cm;weft31threads14tex/cm,Scoured and bleached plain-weave cotton fabric 115 g/m2;warp35threads16.5tex/cm;weft31threads14tex/cm,,VPA20,held_source_facts,,held_TG_atmosphere_unreported,journal_article,OwnDOI/authors/titlePDFp1,,,,,,,held_outside_verified_target,,VPA20,0,,,,,,,10.3,,,,600,,,Atmosphereunreported;canonicalTGblank;Nr/FnotTGresidue,20,TAQ500,,,roomtemperature,,,,,,283,,,,20,,,3.3,,,NativepublishedjournaloriginalPDF,7.3,MethodsPDFp2(printed2329);Table1/2PDFp5(printed2332);Table3PDFp6(printed2333);Fig2PDFp3,,,AqueousVPA/AAmnativewtpercentbaths;API180photoinitiator7percentofcomonomermass;TritonX1001g/L;dipandpad95percentwetpickup;395nmLED25J/cm2UVcure;preparativewaterrinse. DurabilitywashingseparateISO105-A01LaunderOmeter;washT/time/liquor/detergent/postdryunreported,,,,,,Synergistic UV-curable flame-retardant finish of cotton using comonomers of vinylphosphonic acid and acrylamide,https://doi.org/10.1007/s12221-017-7628-3,,NoSIcitedall6pages,AqueousVPA/AAmnativewtpercentbaths;API180photoinitiator7percentofcomonomermass;TritonX1001g/L;dipandpad95percentwetpickup;395nmLED25J/cm2UVcure;preparativewaterrinse. DurabilitywashingseparateISO105-A01LaunderOmeter;washT/time/liquor/detergent/postdryunreported,Initialpreparedfabric,InitialUVcuredfabricafterpreparativewaterrinse,2017
10.1007/s12221-017-7628-3,Limitingoxygendetector;YasudaSeikiSeisakushoJapan,Tables1/2PDFp5(printed2332),26,,ISO4589:2000,,,,,,,,,,,,,,,,,,Table2PDFp5(printed2332),,,,,,,Cotton;VPA20wtpercent;AAm10wtpercentnativebath,OwnTG/LOIPDFp2;washPDFp3;crosslinkerconflictprosep5/Table3p6,Rawsourcefactsnotapprovedpair,2026-10-02,Codexall6nativepublisher/textpages;oneprimaryreviewer,,Fibers and Polymers,"All6native/textpagesreviewed. Table2PDFp5(printed2332) reports sixinitialfabricstates[Tmax,R600,LOI]:Control350/7.3/20,VPA20 283/10.3/24,VPA20AAm10 280/22.6/26,VPA20AAm20 279/35.5/32,VPA20AAm30 257/36.5/40,VPA20AAm40 256/36.9/43. MethodPDFp2 Q50020C/minroomtemp-600C omits atmosphere/mass/flow/repeats;noN2orairinferredfromcharpyrolysis. Nr isdimensionlessresiduenumbernotTGresidue;Fweightfractionnotresidue. Table3PDFp6 washLOI14statesnoownwashedTG. Prosep5misrefersTable4butnativewashingtableisTable3. CrosslinkerinitialTable3LOI43conflictswithprosep5MBA34/TAHT36;doNOTresolvebyguess. Fig2othermonomerratiosareunlabelledLOIcurves,nodigitization. All26factsheldincluding6missinggasTGstates;0verifiedpairs. NoSIcitedall6pages. VPA20AAm50hasownaddonnofinalLOI/TGpairandismentionedincoverageonly. Table1P/Nbulkpercentnotbathcomposition.",cotton,Scoured and bleached plain-weave cotton fabric 115 g/m2;warp35threads16.5tex/cm;weft31threads14tex/cm,Scoured and bleached plain-weave cotton fabric 115 g/m2;warp35threads16.5tex/cm;weft31threads14tex/cm,,VPA20_AAm10,held_source_facts,,held_TG_atmosphere_unreported,journal_article,OwnDOI/authors/titlePDFp1,,,,,,,held_outside_verified_target,,VPA20_AAm10,10,,,,,,,22.6,,,,600,,,Atmosphereunreported;canonicalTGblank;Nr/FnotTGresidue,20,TAQ500,,,roomtemperature,,,,,,280,,,,20,,4.8,3.9,,,NativepublishedjournaloriginalPDF,22.2,MethodsPDFp2(printed2329);Table1/2PDFp5(printed2332);Table3PDFp6(printed2333);Fig2PDFp3,,,AqueousVPA/AAmnativewtpercentbaths;API180photoinitiator7percentofcomonomermass;TritonX1001g/L;dipandpad95percentwetpickup;395nmLED25J/cm2UVcure;preparativewaterrinse. DurabilitywashingseparateISO105-A01LaunderOmeter;washT/time/liquor/detergent/postdryunreported,,,,,,Synergistic UV-curable flame-retardant finish of cotton using comonomers of vinylphosphonic acid and acrylamide,https://doi.org/10.1007/s12221-017-7628-3,,NoSIcitedall6pages,AqueousVPA/AAmnativewtpercentbaths;API180photoinitiator7percentofcomonomermass;TritonX1001g/L;dipandpad95percentwetpickup;395nmLED25J/cm2UVcure;preparativewaterrinse. DurabilitywashingseparateISO105-A01LaunderOmeter;washT/time/liquor/detergent/postdryunreported,Initialpreparedfabric,InitialUVcuredfabricafterpreparativewaterrinse,2017
10.1007/s12221-017-7628-3,Limitingoxygendetector;YasudaSeikiSeisakushoJapan,Tables1/2PDFp5(printed2332),32,,ISO4589:2000,,,,,,,,,,,,,,,,,,Table2PDFp5(printed2332),,,,,,,Cotton;VPA20wtpercent;AAm20wtpercentnativebath,OwnTG/LOIPDFp2;washPDFp3;crosslinkerconflictprosep5/Table3p6,Rawsourcefactsnotapprovedpair,2026-10-02,Codexall6nativepublisher/textpages;oneprimaryreviewer,,Fibers and Polymers,"All6native/textpagesreviewed. Table2PDFp5(printed2332) reports sixinitialfabricstates[Tmax,R600,LOI]:Control350/7.3/20,VPA20 283/10.3/24,VPA20AAm10 280/22.6/26,VPA20AAm20 279/35.5/32,VPA20AAm30 257/36.5/40,VPA20AAm40 256/36.9/43. MethodPDFp2 Q50020C/minroomtemp-600C omits atmosphere/mass/flow/repeats;noN2orairinferredfromcharpyrolysis. Nr isdimensionlessresiduenumbernotTGresidue;Fweightfractionnotresidue. Table3PDFp6 washLOI14statesnoownwashedTG. Prosep5misrefersTable4butnativewashingtableisTable3. CrosslinkerinitialTable3LOI43conflictswithprosep5MBA34/TAHT36;doNOTresolvebyguess. Fig2othermonomerratiosareunlabelledLOIcurves,nodigitization. All26factsheldincluding6missinggasTGstates;0verifiedpairs. NoSIcitedall6pages. VPA20AAm50hasownaddonnofinalLOI/TGpairandismentionedincoverageonly. Table1P/Nbulkpercentnotbathcomposition.",cotton,Scoured and bleached plain-weave cotton fabric 115 g/m2;warp35threads16.5tex/cm;weft31threads14tex/cm,Scoured and bleached plain-weave cotton fabric 115 g/m2;warp35threads16.5tex/cm;weft31threads14tex/cm,,VPA20_AAm20,held_source_facts,,held_TG_atmosphere_unreported,journal_article,OwnDOI/authors/titlePDFp1,,,,,,,held_outside_verified_target,,VPA20_AAm20,20,,,,,,,35.5,,,,600,,,Atmosphereunreported;canonicalTGblank;Nr/FnotTGresidue,20,TAQ500,,,roomtemperature,,,,,,279,,,,20,,6.4,4.3,,,NativepublishedjournaloriginalPDF,35.9,MethodsPDFp2(printed2329);Table1/2PDFp5(printed2332);Table3PDFp6(printed2333);Fig2PDFp3,,,AqueousVPA/AAmnativewtpercentbaths;API180photoinitiator7percentofcomonomermass;TritonX1001g/L;dipandpad95percentwetpickup;395nmLED25J/cm2UVcure;preparativewaterrinse. DurabilitywashingseparateISO105-A01LaunderOmeter;washT/time/liquor/detergent/postdryunreported,,,,,,Synergistic UV-curable flame-retardant finish of cotton using comonomers of vinylphosphonic acid and acrylamide,https://doi.org/10.1007/s12221-017-7628-3,,NoSIcitedall6pages,AqueousVPA/AAmnativewtpercentbaths;API180photoinitiator7percentofcomonomermass;TritonX1001g/L;dipandpad95percentwetpickup;395nmLED25J/cm2UVcure;preparativewaterrinse. DurabilitywashingseparateISO105-A01LaunderOmeter;washT/time/liquor/detergent/postdryunreported,Initialpreparedfabric,InitialUVcuredfabricafterpreparativewaterrinse,2017
10.1007/s12221-017-7628-3,Limitingoxygendetector;YasudaSeikiSeisakushoJapan,Tables1/2PDFp5(printed2332),40,,ISO4589:2000,,,,,,,,,,,,,,,,,,Table2PDFp5(printed2332),,,,,,,Cotton;VPA20wtpercent;AAm30wtpercentnativebath,OwnTG/LOIPDFp2;washPDFp3;crosslinkerconflictprosep5/Table3p6,Rawsourcefactsnotapprovedpair,2026-10-02,Codexall6nativepublisher/textpages;oneprimaryreviewer,,Fibers and Polymers,"All6native/textpagesreviewed. Table2PDFp5(printed2332) reports sixinitialfabricstates[Tmax,R600,LOI]:Control350/7.3/20,VPA20 283/10.3/24,VPA20AAm10 280/22.6/26,VPA20AAm20 279/35.5/32,VPA20AAm30 257/36.5/40,VPA20AAm40 256/36.9/43. MethodPDFp2 Q50020C/minroomtemp-600C omits atmosphere/mass/flow/repeats;noN2orairinferredfromcharpyrolysis. Nr isdimensionlessresiduenumbernotTGresidue;Fweightfractionnotresidue. Table3PDFp6 washLOI14statesnoownwashedTG. Prosep5misrefersTable4butnativewashingtableisTable3. CrosslinkerinitialTable3LOI43conflictswithprosep5MBA34/TAHT36;doNOTresolvebyguess. Fig2othermonomerratiosareunlabelledLOIcurves,nodigitization. All26factsheldincluding6missinggasTGstates;0verifiedpairs. NoSIcitedall6pages. VPA20AAm50hasownaddonnofinalLOI/TGpairandismentionedincoverageonly. Table1P/Nbulkpercentnotbathcomposition.",cotton,Scoured and bleached plain-weave cotton fabric 115 g/m2;warp35threads16.5tex/cm;weft31threads14tex/cm,Scoured and bleached plain-weave cotton fabric 115 g/m2;warp35threads16.5tex/cm;weft31threads14tex/cm,,VPA20_AAm30,held_source_facts,,held_TG_atmosphere_unreported,journal_article,OwnDOI/authors/titlePDFp1,,,,,,,held_outside_verified_target,,VPA20_AAm30,30,,,,,,,36.5,,,,600,,,Atmosphereunreported;canonicalTGblank;Nr/FnotTGresidue,20,TAQ500,,,roomtemperature,,,,,,257,,,,20,,8.5,5.1,,,NativepublishedjournaloriginalPDF,65.9,MethodsPDFp2(printed2329);Table1/2PDFp5(printed2332);Table3PDFp6(printed2333);Fig2PDFp3,,,AqueousVPA/AAmnativewtpercentbaths;API180photoinitiator7percentofcomonomermass;TritonX1001g/L;dipandpad95percentwetpickup;395nmLED25J/cm2UVcure;preparativewaterrinse. DurabilitywashingseparateISO105-A01LaunderOmeter;washT/time/liquor/detergent/postdryunreported,,,,,,Synergistic UV-curable flame-retardant finish of cotton using comonomers of vinylphosphonic acid and acrylamide,https://doi.org/10.1007/s12221-017-7628-3,,NoSIcitedall6pages,AqueousVPA/AAmnativewtpercentbaths;API180photoinitiator7percentofcomonomermass;TritonX1001g/L;dipandpad95percentwetpickup;395nmLED25J/cm2UVcure;preparativewaterrinse. DurabilitywashingseparateISO105-A01LaunderOmeter;washT/time/liquor/detergent/postdryunreported,Initialpreparedfabric,InitialUVcuredfabricafterpreparativewaterrinse,2017
10.1007/s12221-017-7628-3,Limitingoxygendetector;YasudaSeikiSeisakushoJapan,Tables1/2PDFp5(printed2332),43,,ISO4589:2000,,,,,,,,,,,,,,,,,,Table2PDFp5(printed2332),,,,,,,Cotton;VPA20wtpercent;AAm40wtpercentnativebath,OwnTG/LOIPDFp2;washPDFp3;crosslinkerconflictprosep5/Table3p6,Rawsourcefactsnotapprovedpair,2026-10-02,Codexall6nativepublisher/textpages;oneprimaryreviewer,,Fibers and Polymers,"All6native/textpagesreviewed. Table2PDFp5(printed2332) reports sixinitialfabricstates[Tmax,R600,LOI]:Control350/7.3/20,VPA20 283/10.3/24,VPA20AAm10 280/22.6/26,VPA20AAm20 279/35.5/32,VPA20AAm30 257/36.5/40,VPA20AAm40 256/36.9/43. MethodPDFp2 Q50020C/minroomtemp-600C omits atmosphere/mass/flow/repeats;noN2orairinferredfromcharpyrolysis. Nr isdimensionlessresiduenumbernotTGresidue;Fweightfractionnotresidue. Table3PDFp6 washLOI14statesnoownwashedTG. Prosep5misrefersTable4butnativewashingtableisTable3. CrosslinkerinitialTable3LOI43conflictswithprosep5MBA34/TAHT36;doNOTresolvebyguess. Fig2othermonomerratiosareunlabelledLOIcurves,nodigitization. All26factsheldincluding6missinggasTGstates;0verifiedpairs. NoSIcitedall6pages. VPA20AAm50hasownaddonnofinalLOI/TGpairandismentionedincoverageonly. Table1P/Nbulkpercentnotbathcomposition.",cotton,Scoured and bleached plain-weave cotton fabric 115 g/m2;warp35threads16.5tex/cm;weft31threads14tex/cm,Scoured and bleached plain-weave cotton fabric 115 g/m2;warp35threads16.5tex/cm;weft31threads14tex/cm,,VPA20_AAm40,held_source_facts,,held_TG_atmosphere_unreported,journal_article,OwnDOI/authors/titlePDFp1,,,,,,,held_outside_verified_target,,VPA20_AAm40,40,,,,,,,36.9,,,,600,,,Atmosphereunreported;canonicalTGblank;Nr/FnotTGresidue,20,TAQ500,,,roomtemperature,,,,,,256,,,,20,,11.7,3.9,,,NativepublishedjournaloriginalPDF,75.2,MethodsPDFp2(printed2329);Table1/2PDFp5(printed2332);Table3PDFp6(printed2333);Fig2PDFp3,,,AqueousVPA/AAmnativewtpercentbaths;API180photoinitiator7percentofcomonomermass;TritonX1001g/L;dipandpad95percentwetpickup;395nmLED25J/cm2UVcure;preparativewaterrinse. DurabilitywashingseparateISO105-A01LaunderOmeter;washT/time/liquor/detergent/postdryunreported,,,,,,Synergistic UV-curable flame-retardant finish of cotton using comonomers of vinylphosphonic acid and acrylamide,https://doi.org/10.1007/s12221-017-7628-3,,NoSIcitedall6pages,AqueousVPA/AAmnativewtpercentbaths;API180photoinitiator7percentofcomonomermass;TritonX1001g/L;dipandpad95percentwetpickup;395nmLED25J/cm2UVcure;preparativewaterrinse. DurabilitywashingseparateISO105-A01LaunderOmeter;washT/time/liquor/detergent/postdryunreported,Initialpreparedfabric,InitialUVcuredfabricafterpreparativewaterrinse,2017
10.1007/s12221-017-7628-3,Limitingoxygendetector;YasudaSeikiSeisakushoJapan,OwnprosePDFp3(printed2330);conclusionPDFp6,29,,ISO4589:2000,,,,,,,,,,,,,,,,,,NoownTG,,,,,,,Cotton;VPA40wtpercent;AAm0wtpercentnativebath,OwnTG/LOIPDFp2;washPDFp3;crosslinkerconflictprosep5/Table3p6,Rawsourcefactsnotapprovedpair,2026-10-02,Codexall6nativepublisher/textpages;oneprimaryreviewer,,Fibers and Polymers,"All6native/textpagesreviewed. Table2PDFp5(printed2332) reports sixinitialfabricstates[Tmax,R600,LOI]:Control350/7.3/20,VPA20 283/10.3/24,VPA20AAm10 280/22.6/26,VPA20AAm20 279/35.5/32,VPA20AAm30 257/36.5/40,VPA20AAm40 256/36.9/43. MethodPDFp2 Q50020C/minroomtemp-600C omits atmosphere/mass/flow/repeats;noN2orairinferredfromcharpyrolysis. Nr isdimensionlessresiduenumbernotTGresidue;Fweightfractionnotresidue. Table3PDFp6 washLOI14statesnoownwashedTG. Prosep5misrefersTable4butnativewashingtableisTable3. CrosslinkerinitialTable3LOI43conflictswithprosep5MBA34/TAHT36;doNOTresolvebyguess. Fig2othermonomerratiosareunlabelledLOIcurves,nodigitization. All26factsheldincluding6missinggasTGstates;0verifiedpairs. NoSIcitedall6pages. VPA20AAm50hasownaddonnofinalLOI/TGpairandismentionedincoverageonly. Table1P/Nbulkpercentnotbathcomposition.",cotton,Scoured and bleached plain-weave cotton fabric 115 g/m2;warp35threads16.5tex/cm;weft31threads14tex/cm,Scoured and bleached plain-weave cotton fabric 115 g/m2;warp35threads16.5tex/cm;weft31threads14tex/cm,,VPA40,held_source_facts,,held_LOI_no_own_TG,journal_article,OwnDOI/authors/titlePDFp1,,,,,,,held_outside_verified_target,,VPA40,0,,,,,,,,,,,,,,,,TAQ500,,,,,,,,,,,,,40,,,,,,NativepublishedjournaloriginalPDF,,MethodsPDFp2(printed2329);Table1/2PDFp5(printed2332);Table3PDFp6(printed2333);Fig2PDFp3,,,AqueousVPA/AAmnativewtpercentbaths;API180photoinitiator7percentofcomonomermass;TritonX1001g/L;dipandpad95percentwetpickup;395nmLED25J/cm2UVcure;preparativewaterrinse. DurabilitywashingseparateISO105-A01LaunderOmeter;washT/time/liquor/detergent/postdryunreported,,,,,,Synergistic UV-curable flame-retardant finish of cotton using comonomers of vinylphosphonic acid and acrylamide,https://doi.org/10.1007/s12221-017-7628-3,,NoSIcitedall6pages,AqueousVPA/AAmnativewtpercentbaths;API180photoinitiator7percentofcomonomermass;TritonX1001g/L;dipandpad95percentwetpickup;395nmLED25J/cm2UVcure;preparativewaterrinse. DurabilitywashingseparateISO105-A01LaunderOmeter;washT/time/liquor/detergent/postdryunreported,Initialpreparedfabric,InitialUVcuredfabricafterpreparativewaterrinse,2017
10.1007/s12221-017-7628-3,Limitingoxygendetector;YasudaSeikiSeisakushoJapan,Table3PDFp6(printed2333);ownprosep3,24,,ISO4589:2000,,,,,,,,,,,,,,,,,,NoownTG,,,,,,,Cotton;VPA0wtpercent;AAm40wtpercentnativebath,OwnTG/LOIPDFp2;washPDFp3;crosslinkerconflictprosep5/Table3p6,Rawsourcefactsnotapprovedpair,2026-10-02,Codexall6nativepublisher/textpages;oneprimaryreviewer,,Fibers and Polymers,"All6native/textpagesreviewed. Table2PDFp5(printed2332) reports sixinitialfabricstates[Tmax,R600,LOI]:Control350/7.3/20,VPA20 283/10.3/24,VPA20AAm10 280/22.6/26,VPA20AAm20 279/35.5/32,VPA20AAm30 257/36.5/40,VPA20AAm40 256/36.9/43. MethodPDFp2 Q50020C/minroomtemp-600C omits atmosphere/mass/flow/repeats;noN2orairinferredfromcharpyrolysis. Nr isdimensionlessresiduenumbernotTGresidue;Fweightfractionnotresidue. Table3PDFp6 washLOI14statesnoownwashedTG. Prosep5misrefersTable4butnativewashingtableisTable3. CrosslinkerinitialTable3LOI43conflictswithprosep5MBA34/TAHT36;doNOTresolvebyguess. Fig2othermonomerratiosareunlabelledLOIcurves,nodigitization. All26factsheldincluding6missinggasTGstates;0verifiedpairs. NoSIcitedall6pages. VPA20AAm50hasownaddonnofinalLOI/TGpairandismentionedincoverageonly. Table1P/Nbulkpercentnotbathcomposition.",cotton,Scoured and bleached plain-weave cotton fabric 115 g/m2;warp35threads16.5tex/cm;weft31threads14tex/cm,Scoured and bleached plain-weave cotton fabric 115 g/m2;warp35threads16.5tex/cm;weft31threads14tex/cm,,AAm40,held_source_facts,,held_LOI_no_own_TG,journal_article,OwnDOI/authors/titlePDFp1,,,,,,,held_outside_verified_target,,AAm40,40,,,,,,,,,,,,,,,,TAQ500,,,,,,,,,,,,,0,,,,,,NativepublishedjournaloriginalPDF,,MethodsPDFp2(printed2329);Table1/2PDFp5(printed2332);Table3PDFp6(printed2333);Fig2PDFp3,,,AqueousVPA/AAmnativewtpercentbaths;API180photoinitiator7percentofcomonomermass;TritonX1001g/L;dipandpad95percentwetpickup;395nmLED25J/cm2UVcure;preparativewaterrinse. DurabilitywashingseparateISO105-A01LaunderOmeter;washT/time/liquor/detergent/postdryunreported,,,,,,Synergistic UV-curable flame-retardant finish of cotton using comonomers of vinylphosphonic acid and acrylamide,https://doi.org/10.1007/s12221-017-7628-3,,NoSIcitedall6pages,AqueousVPA/AAmnativewtpercentbaths;API180photoinitiator7percentofcomonomermass;TritonX1001g/L;dipandpad95percentwetpickup;395nmLED25J/cm2UVcure;preparativewaterrinse. DurabilitywashingseparateISO105-A01LaunderOmeter;washT/time/liquor/detergent/postdryunreported,Initialpreparedfabric,InitialUVcuredfabricafterpreparativewaterrinse,2017
10.1007/s12221-017-7628-3,Limitingoxygendetector;YasudaSeikiSeisakushoJapan,UnlabelledFig2PDFp3(printed2330);notdigitized,,,ISO4589:2000,,,,,,,,,,,,,,,,,,NoownTG,,,,,,,Cotton;VPA30wtpercent;AAm10wtpercentnativebath,OwnTG/LOIPDFp2;washPDFp3;crosslinkerconflictprosep5/Table3p6,Rawsourcefactsnotapprovedpair,2026-10-02,Codexall6nativepublisher/textpages;oneprimaryreviewer,,Fibers and Polymers,"All6native/textpagesreviewed. Table2PDFp5(printed2332) reports sixinitialfabricstates[Tmax,R600,LOI]:Control350/7.3/20,VPA20 283/10.3/24,VPA20AAm10 280/22.6/26,VPA20AAm20 279/35.5/32,VPA20AAm30 257/36.5/40,VPA20AAm40 256/36.9/43. MethodPDFp2 Q50020C/minroomtemp-600C omits atmosphere/mass/flow/repeats;noN2orairinferredfromcharpyrolysis. Nr isdimensionlessresiduenumbernotTGresidue;Fweightfractionnotresidue. Table3PDFp6 washLOI14statesnoownwashedTG. Prosep5misrefersTable4butnativewashingtableisTable3. CrosslinkerinitialTable3LOI43conflictswithprosep5MBA34/TAHT36;doNOTresolvebyguess. Fig2othermonomerratiosareunlabelledLOIcurves,nodigitization. All26factsheldincluding6missinggasTGstates;0verifiedpairs. NoSIcitedall6pages. VPA20AAm50hasownaddonnofinalLOI/TGpairandismentionedincoverageonly. Table1P/Nbulkpercentnotbathcomposition.",cotton,Scoured and bleached plain-weave cotton fabric 115 g/m2;warp35threads16.5tex/cm;weft31threads14tex/cm,Scoured and bleached plain-weave cotton fabric 115 g/m2;warp35threads16.5tex/cm;weft31threads14tex/cm,,VPA30_AAm10,held_source_facts,,held_curve_LOI_no_own_TG,journal_article,OwnDOI/authors/titlePDFp1,,,,,,,held_outside_verified_target,,VPA30_AAm10,10,,,,,,,,,,,,,,,,TAQ500,,,,,,,,,,,,,30,,,,,,NativepublishedjournaloriginalPDF,,MethodsPDFp2(printed2329);Table1/2PDFp5(printed2332);Table3PDFp6(printed2333);Fig2PDFp3,,,AqueousVPA/AAmnativewtpercentbaths;API180photoinitiator7percentofcomonomermass;TritonX1001g/L;dipandpad95percentwetpickup;395nmLED25J/cm2UVcure;preparativewaterrinse. DurabilitywashingseparateISO105-A01LaunderOmeter;washT/time/liquor/detergent/postdryunreported,,,,,,Synergistic UV-curable flame-retardant finish of cotton using comonomers of vinylphosphonic acid and acrylamide,https://doi.org/10.1007/s12221-017-7628-3,,NoSIcitedall6pages,AqueousVPA/AAmnativewtpercentbaths;API180photoinitiator7percentofcomonomermass;TritonX1001g/L;dipandpad95percentwetpickup;395nmLED25J/cm2UVcure;preparativewaterrinse. DurabilitywashingseparateISO105-A01LaunderOmeter;washT/time/liquor/detergent/postdryunreported,Initialpreparedfabric,InitialUVcuredfabricafterpreparativewaterrinse,2017
10.1007/s12221-017-7628-3,Limitingoxygendetector;YasudaSeikiSeisakushoJapan,UnlabelledFig2PDFp3(printed2330);notdigitized,,,ISO4589:2000,,,,,,,,,,,,,,,,,,NoownTG,,,,,,,Cotton;VPA10wtpercent;AAm30wtpercentnativebath,OwnTG/LOIPDFp2;washPDFp3;crosslinkerconflictprosep5/Table3p6,Rawsourcefactsnotapprovedpair,2026-10-02,Codexall6nativepublisher/textpages;oneprimaryreviewer,,Fibers and Polymers,"All6native/textpagesreviewed. Table2PDFp5(printed2332) reports sixinitialfabricstates[Tmax,R600,LOI]:Control350/7.3/20,VPA20 283/10.3/24,VPA20AAm10 280/22.6/26,VPA20AAm20 279/35.5/32,VPA20AAm30 257/36.5/40,VPA20AAm40 256/36.9/43. MethodPDFp2 Q50020C/minroomtemp-600C omits atmosphere/mass/flow/repeats;noN2orairinferredfromcharpyrolysis. Nr isdimensionlessresiduenumbernotTGresidue;Fweightfractionnotresidue. Table3PDFp6 washLOI14statesnoownwashedTG. Prosep5misrefersTable4butnativewashingtableisTable3. CrosslinkerinitialTable3LOI43conflictswithprosep5MBA34/TAHT36;doNOTresolvebyguess. Fig2othermonomerratiosareunlabelledLOIcurves,nodigitization. All26factsheldincluding6missinggasTGstates;0verifiedpairs. NoSIcitedall6pages. VPA20AAm50hasownaddonnofinalLOI/TGpairandismentionedincoverageonly. Table1P/Nbulkpercentnotbathcomposition.",cotton,Scoured and bleached plain-weave cotton fabric 115 g/m2;warp35threads16.5tex/cm;weft31threads14tex/cm,Scoured and bleached plain-weave cotton fabric 115 g/m2;warp35threads16.5tex/cm;weft31threads14tex/cm,,VPA10_AAm30,held_source_facts,,held_curve_LOI_no_own_TG,journal_article,OwnDOI/authors/titlePDFp1,,,,,,,held_outside_verified_target,,VPA10_AAm30,30,,,,,,,,,,,,,,,,TAQ500,,,,,,,,,,,,,10,,,,,,NativepublishedjournaloriginalPDF,,MethodsPDFp2(printed2329);Table1/2PDFp5(printed2332);Table3PDFp6(printed2333);Fig2PDFp3,,,AqueousVPA/AAmnativewtpercentbaths;API180photoinitiator7percentofcomonomermass;TritonX1001g/L;dipandpad95percentwetpickup;395nmLED25J/cm2UVcure;preparativewaterrinse. DurabilitywashingseparateISO105-A01LaunderOmeter;washT/time/liquor/detergent/postdryunreported,,,,,,Synergistic UV-curable flame-retardant finish of cotton using comonomers of vinylphosphonic acid and acrylamide,https://doi.org/10.1007/s12221-017-7628-3,,NoSIcitedall6pages,AqueousVPA/AAmnativewtpercentbaths;API180photoinitiator7percentofcomonomermass;TritonX1001g/L;dipandpad95percentwetpickup;395nmLED25J/cm2UVcure;preparativewaterrinse. DurabilitywashingseparateISO105-A01LaunderOmeter;washT/time/liquor/detergent/postdryunreported,Initialpreparedfabric,InitialUVcuredfabricafterpreparativewaterrinse,2017
10.1007/s12221-017-7628-3,Limitingoxygendetector;YasudaSeikiSeisakushoJapan,ConflictingTable3PDFp6zero-cycle43/prosep5crosslinker34,,,ISO4589:2000,,,,,,,,,,,,,,,,,,NoowncrosslinkedTG,,,,,,,Cotton;VPA20wtpercent;AAm40wtpercentnativebath,OwnTG/LOIPDFp2;washPDFp3;crosslinkerconflictprosep5/Table3p6,Rawsourcefactsnotapprovedpair,2026-10-02,Codexall6nativepublisher/textpages;oneprimaryreviewer,,Fibers and Polymers,"All6native/textpagesreviewed. Table2PDFp5(printed2332) reports sixinitialfabricstates[Tmax,R600,LOI]:Control350/7.3/20,VPA20 283/10.3/24,VPA20AAm10 280/22.6/26,VPA20AAm20 279/35.5/32,VPA20AAm30 257/36.5/40,VPA20AAm40 256/36.9/43. MethodPDFp2 Q50020C/minroomtemp-600C omits atmosphere/mass/flow/repeats;noN2orairinferredfromcharpyrolysis. Nr isdimensionlessresiduenumbernotTGresidue;Fweightfractionnotresidue. Table3PDFp6 washLOI14statesnoownwashedTG. Prosep5misrefersTable4butnativewashingtableisTable3. CrosslinkerinitialTable3LOI43conflictswithprosep5MBA34/TAHT36;doNOTresolvebyguess. Fig2othermonomerratiosareunlabelledLOIcurves,nodigitization. All26factsheldincluding6missinggasTGstates;0verifiedpairs. NoSIcitedall6pages. VPA20AAm50hasownaddonnofinalLOI/TGpairandismentionedincoverageonly. Table1P/Nbulkpercentnotbathcomposition.",cotton,Scoured and bleached plain-weave cotton fabric 115 g/m2;warp35threads16.5tex/cm;weft31threads14tex/cm,Scoured and bleached plain-weave cotton fabric 115 g/m2;warp35threads16.5tex/cm;weft31threads14tex/cm,,VPA20_AAm40_MBAAm,held_source_facts,,held_crosslinker_LOI_conflict_no_own_TG,journal_article,OwnDOI/authors/titlePDFp1,,,,,,,held_outside_verified_target,,VPA20_AAm40_MBAAm,40,,43,34,,,,,,,,,,,,,TAQ500,,,,,,,,,,,,,20,,,,MBAAm,10,NativepublishedjournaloriginalPDF,,MethodsPDFp2(printed2329);Table1/2PDFp5(printed2332);Table3PDFp6(printed2333);Fig2PDFp3,,,AqueousVPA/AAmnativewtpercentbaths;API180photoinitiator7percentofcomonomermass;TritonX1001g/L;dipandpad95percentwetpickup;395nmLED25J/cm2UVcure;preparativewaterrinse. DurabilitywashingseparateISO105-A01LaunderOmeter;washT/time/liquor/detergent/postdryunreported,,,,,,Synergistic UV-curable flame-retardant finish of cotton using comonomers of vinylphosphonic acid and acrylamide,https://doi.org/10.1007/s12221-017-7628-3,,NoSIcitedall6pages,AqueousVPA/AAmnativewtpercentbaths;API180photoinitiator7percentofcomonomermass;TritonX1001g/L;dipandpad95percentwetpickup;395nmLED25J/cm2UVcure;preparativewaterrinse. DurabilitywashingseparateISO105-A01LaunderOmeter;washT/time/liquor/detergent/postdryunreported,Initialpreparedfabric,InitialUVcuredfabricafterpreparativewaterrinse,2017
10.1007/s12221-017-7628-3,Limitingoxygendetector;YasudaSeikiSeisakushoJapan,ConflictingTable3PDFp6zero-cycle43/prosep5crosslinker36,,,ISO4589:2000,,,,,,,,,,,,,,,,,,NoowncrosslinkedTG,,,,,,,Cotton;VPA20wtpercent;AAm40wtpercentnativebath,OwnTG/LOIPDFp2;washPDFp3;crosslinkerconflictprosep5/Table3p6,Rawsourcefactsnotapprovedpair,2026-10-02,Codexall6nativepublisher/textpages;oneprimaryreviewer,,Fibers and Polymers,"All6native/textpagesreviewed. Table2PDFp5(printed2332) reports sixinitialfabricstates[Tmax,R600,LOI]:Control350/7.3/20,VPA20 283/10.3/24,VPA20AAm10 280/22.6/26,VPA20AAm20 279/35.5/32,VPA20AAm30 257/36.5/40,VPA20AAm40 256/36.9/43. MethodPDFp2 Q50020C/minroomtemp-600C omits atmosphere/mass/flow/repeats;noN2orairinferredfromcharpyrolysis. Nr isdimensionlessresiduenumbernotTGresidue;Fweightfractionnotresidue. Table3PDFp6 washLOI14statesnoownwashedTG. Prosep5misrefersTable4butnativewashingtableisTable3. CrosslinkerinitialTable3LOI43conflictswithprosep5MBA34/TAHT36;doNOTresolvebyguess. Fig2othermonomerratiosareunlabelledLOIcurves,nodigitization. All26factsheldincluding6missinggasTGstates;0verifiedpairs. NoSIcitedall6pages. VPA20AAm50hasownaddonnofinalLOI/TGpairandismentionedincoverageonly. Table1P/Nbulkpercentnotbathcomposition.",cotton,Scoured and bleached plain-weave cotton fabric 115 g/m2;warp35threads16.5tex/cm;weft31threads14tex/cm,Scoured and bleached plain-weave cotton fabric 115 g/m2;warp35threads16.5tex/cm;weft31threads14tex/cm,,VPA20_AAm40_TAHT,held_source_facts,,held_crosslinker_LOI_conflict_no_own_TG,journal_article,OwnDOI/authors/titlePDFp1,,,,,,,held_outside_verified_target,,VPA20_AAm40_TAHT,40,,43,36,,,,,,,,,,,,,TAQ500,,,,,,,,,,,,,20,,,,TAHT,7.5,NativepublishedjournaloriginalPDF,,MethodsPDFp2(printed2329);Table1/2PDFp5(printed2332);Table3PDFp6(printed2333);Fig2PDFp3,,,AqueousVPA/AAmnativewtpercentbaths;API180photoinitiator7percentofcomonomermass;TritonX1001g/L;dipandpad95percentwetpickup;395nmLED25J/cm2UVcure;preparativewaterrinse. DurabilitywashingseparateISO105-A01LaunderOmeter;washT/time/liquor/detergent/postdryunreported,,,,,,Synergistic UV-curable flame-retardant finish of cotton using comonomers of vinylphosphonic acid and acrylamide,https://doi.org/10.1007/s12221-017-7628-3,,NoSIcitedall6pages,AqueousVPA/AAmnativewtpercentbaths;API180photoinitiator7percentofcomonomermass;TritonX1001g/L;dipandpad95percentwetpickup;395nmLED25J/cm2UVcure;preparativewaterrinse. DurabilitywashingseparateISO105-A01LaunderOmeter;washT/time/liquor/detergent/postdryunreported,Initialpreparedfabric,InitialUVcuredfabricafterpreparativewaterrinse,2017
10.1007/s12221-017-7628-3,Limitingoxygendetector;YasudaSeikiSeisakushoJapan,Table3PDFp6(printed2333),21,,ISO4589:2000,,,,,,,,,,,,,,,,,,NoownwashedTG,,,,,,,Cotton;VPA20wtpercent;AAm0wtpercentnativebath,OwnTG/LOIPDFp2;washPDFp3;crosslinkerconflictprosep5/Table3p6,Rawsourcefactsnotapprovedpair,2026-10-02,Codexall6nativepublisher/textpages;oneprimaryreviewer,,Fibers and Polymers,"All6native/textpagesreviewed. Table2PDFp5(printed2332) reports sixinitialfabricstates[Tmax,R600,LOI]:Control350/7.3/20,VPA20 283/10.3/24,VPA20AAm10 280/22.6/26,VPA20AAm20 279/35.5/32,VPA20AAm30 257/36.5/40,VPA20AAm40 256/36.9/43. MethodPDFp2 Q50020C/minroomtemp-600C omits atmosphere/mass/flow/repeats;noN2orairinferredfromcharpyrolysis. Nr isdimensionlessresiduenumbernotTGresidue;Fweightfractionnotresidue. Table3PDFp6 washLOI14statesnoownwashedTG. Prosep5misrefersTable4butnativewashingtableisTable3. CrosslinkerinitialTable3LOI43conflictswithprosep5MBA34/TAHT36;doNOTresolvebyguess. Fig2othermonomerratiosareunlabelledLOIcurves,nodigitization. All26factsheldincluding6missinggasTGstates;0verifiedpairs. NoSIcitedall6pages. VPA20AAm50hasownaddonnofinalLOI/TGpairandismentionedincoverageonly. Table1P/Nbulkpercentnotbathcomposition.",cotton,Scoured and bleached plain-weave cotton fabric 115 g/m2;warp35threads16.5tex/cm;weft31threads14tex/cm,Scoured and bleached plain-weave cotton fabric 115 g/m2;warp35threads16.5tex/cm;weft31threads14tex/cm,,VPA20,held_source_facts,,held_washed_LOI_no_own_TG,journal_article,OwnDOI/authors/titlePDFp1,,,,,,,held_outside_verified_target,,VPA20,0,,,,,,,,,,,,,,,,TAQ500,,,,,,,,,,,,,20,,,,,,NativepublishedjournaloriginalPDF,,MethodsPDFp2(printed2329);Table1/2PDFp5(printed2332);Table3PDFp6(printed2333);Fig2PDFp3,,,AqueousVPA/AAmnativewtpercentbaths;API180photoinitiator7percentofcomonomermass;TritonX1001g/L;dipandpad95percentwetpickup;395nmLED25J/cm2UVcure;preparativewaterrinse. DurabilitywashingseparateISO105-A01LaunderOmeter;washT/time/liquor/detergent/postdryunreported,,,,,,Synergistic UV-curable flame-retardant finish of cotton using comonomers of vinylphosphonic acid and acrylamide,https://doi.org/10.1007/s12221-017-7628-3,1,NoSIcitedall6pages,AqueousVPA/AAmnativewtpercentbaths;API180photoinitiator7percentofcomonomermass;TritonX1001g/L;dipandpad95percentwetpickup;395nmLED25J/cm2UVcure;preparativewaterrinse. DurabilitywashingseparateISO105-A01LaunderOmeter;washT/time/liquor/detergent/postdryunreported,After1washingcycles,After1nativeISO105-A01washcycles,2017
10.1007/s12221-017-7628-3,Limitingoxygendetector;YasudaSeikiSeisakushoJapan,Table3PDFp6(printed2333),20,,ISO4589:2000,,,,,,,,,,,,,,,,,,NoownwashedTG,,,,,,,Cotton;VPA20wtpercent;AAm0wtpercentnativebath,OwnTG/LOIPDFp2;washPDFp3;crosslinkerconflictprosep5/Table3p6,Rawsourcefactsnotapprovedpair,2026-10-02,Codexall6nativepublisher/textpages;oneprimaryreviewer,,Fibers and Polymers,"All6native/textpagesreviewed. Table2PDFp5(printed2332) reports sixinitialfabricstates[Tmax,R600,LOI]:Control350/7.3/20,VPA20 283/10.3/24,VPA20AAm10 280/22.6/26,VPA20AAm20 279/35.5/32,VPA20AAm30 257/36.5/40,VPA20AAm40 256/36.9/43. MethodPDFp2 Q50020C/minroomtemp-600C omits atmosphere/mass/flow/repeats;noN2orairinferredfromcharpyrolysis. Nr isdimensionlessresiduenumbernotTGresidue;Fweightfractionnotresidue. Table3PDFp6 washLOI14statesnoownwashedTG. Prosep5misrefersTable4butnativewashingtableisTable3. CrosslinkerinitialTable3LOI43conflictswithprosep5MBA34/TAHT36;doNOTresolvebyguess. Fig2othermonomerratiosareunlabelledLOIcurves,nodigitization. All26factsheldincluding6missinggasTGstates;0verifiedpairs. NoSIcitedall6pages. VPA20AAm50hasownaddonnofinalLOI/TGpairandismentionedincoverageonly. Table1P/Nbulkpercentnotbathcomposition.",cotton,Scoured and bleached plain-weave cotton fabric 115 g/m2;warp35threads16.5tex/cm;weft31threads14tex/cm,Scoured and bleached plain-weave cotton fabric 115 g/m2;warp35threads16.5tex/cm;weft31threads14tex/cm,,VPA20,held_source_facts,,held_washed_LOI_no_own_TG,journal_article,OwnDOI/authors/titlePDFp1,,,,,,,held_outside_verified_target,,VPA20,0,,,,,,,,,,,,,,,,TAQ500,,,,,,,,,,,,,20,,,,,,NativepublishedjournaloriginalPDF,,MethodsPDFp2(printed2329);Table1/2PDFp5(printed2332);Table3PDFp6(printed2333);Fig2PDFp3,,,AqueousVPA/AAmnativewtpercentbaths;API180photoinitiator7percentofcomonomermass;TritonX1001g/L;dipandpad95percentwetpickup;395nmLED25J/cm2UVcure;preparativewaterrinse. DurabilitywashingseparateISO105-A01LaunderOmeter;washT/time/liquor/detergent/postdryunreported,,,,,,Synergistic UV-curable flame-retardant finish of cotton using comonomers of vinylphosphonic acid and acrylamide,https://doi.org/10.1007/s12221-017-7628-3,5,NoSIcitedall6pages,AqueousVPA/AAmnativewtpercentbaths;API180photoinitiator7percentofcomonomermass;TritonX1001g/L;dipandpad95percentwetpickup;395nmLED25J/cm2UVcure;preparativewaterrinse. DurabilitywashingseparateISO105-A01LaunderOmeter;washT/time/liquor/detergent/postdryunreported,After5washingcycles,After5nativeISO105-A01washcycles,2017
10.1007/s12221-017-7628-3,Limitingoxygendetector;YasudaSeikiSeisakushoJapan,Table3PDFp6(printed2333),20,,ISO4589:2000,,,,,,,,,,,,,,,,,,NoownwashedTG,,,,,,,Cotton;VPA0wtpercent;AAm40wtpercentnativebath,OwnTG/LOIPDFp2;washPDFp3;crosslinkerconflictprosep5/Table3p6,Rawsourcefactsnotapprovedpair,2026-10-02,Codexall6nativepublisher/textpages;oneprimaryreviewer,,Fibers and Polymers,"All6native/textpagesreviewed. Table2PDFp5(printed2332) reports sixinitialfabricstates[Tmax,R600,LOI]:Control350/7.3/20,VPA20 283/10.3/24,VPA20AAm10 280/22.6/26,VPA20AAm20 279/35.5/32,VPA20AAm30 257/36.5/40,VPA20AAm40 256/36.9/43. MethodPDFp2 Q50020C/minroomtemp-600C omits atmosphere/mass/flow/repeats;noN2orairinferredfromcharpyrolysis. Nr isdimensionlessresiduenumbernotTGresidue;Fweightfractionnotresidue. Table3PDFp6 washLOI14statesnoownwashedTG. Prosep5misrefersTable4butnativewashingtableisTable3. CrosslinkerinitialTable3LOI43conflictswithprosep5MBA34/TAHT36;doNOTresolvebyguess. Fig2othermonomerratiosareunlabelledLOIcurves,nodigitization. All26factsheldincluding6missinggasTGstates;0verifiedpairs. NoSIcitedall6pages. VPA20AAm50hasownaddonnofinalLOI/TGpairandismentionedincoverageonly. Table1P/Nbulkpercentnotbathcomposition.",cotton,Scoured and bleached plain-weave cotton fabric 115 g/m2;warp35threads16.5tex/cm;weft31threads14tex/cm,Scoured and bleached plain-weave cotton fabric 115 g/m2;warp35threads16.5tex/cm;weft31threads14tex/cm,,AAm40,held_source_facts,,held_washed_LOI_no_own_TG,journal_article,OwnDOI/authors/titlePDFp1,,,,,,,held_outside_verified_target,,AAm40,40,,,,,,,,,,,,,,,,TAQ500,,,,,,,,,,,,,0,,,,,,NativepublishedjournaloriginalPDF,,MethodsPDFp2(printed2329);Table1/2PDFp5(printed2332);Table3PDFp6(printed2333);Fig2PDFp3,,,AqueousVPA/AAmnativewtpercentbaths;API180photoinitiator7percentofcomonomermass;TritonX1001g/L;dipandpad95percentwetpickup;395nmLED25J/cm2UVcure;preparativewaterrinse. DurabilitywashingseparateISO105-A01LaunderOmeter;washT/time/liquor/detergent/postdryunreported,,,,,,Synergistic UV-curable flame-retardant finish of cotton using comonomers of vinylphosphonic acid and acrylamide,https://doi.org/10.1007/s12221-017-7628-3,1,NoSIcitedall6pages,AqueousVPA/AAmnativewtpercentbaths;API180photoinitiator7percentofcomonomermass;TritonX1001g/L;dipandpad95percentwetpickup;395nmLED25J/cm2UVcure;preparativewaterrinse. DurabilitywashingseparateISO105-A01LaunderOmeter;washT/time/liquor/detergent/postdryunreported,After1washingcycles,After1nativeISO105-A01washcycles,2017
10.1007/s12221-017-7628-3,Limitingoxygendetector;YasudaSeikiSeisakushoJapan,Table3PDFp6(printed2333),20,,ISO4589:2000,,,,,,,,,,,,,,,,,,NoownwashedTG,,,,,,,Cotton;VPA0wtpercent;AAm40wtpercentnativebath,OwnTG/LOIPDFp2;washPDFp3;crosslinkerconflictprosep5/Table3p6,Rawsourcefactsnotapprovedpair,2026-10-02,Codexall6nativepublisher/textpages;oneprimaryreviewer,,Fibers and Polymers,"All6native/textpagesreviewed. Table2PDFp5(printed2332) reports sixinitialfabricstates[Tmax,R600,LOI]:Control350/7.3/20,VPA20 283/10.3/24,VPA20AAm10 280/22.6/26,VPA20AAm20 279/35.5/32,VPA20AAm30 257/36.5/40,VPA20AAm40 256/36.9/43. MethodPDFp2 Q50020C/minroomtemp-600C omits atmosphere/mass/flow/repeats;noN2orairinferredfromcharpyrolysis. Nr isdimensionlessresiduenumbernotTGresidue;Fweightfractionnotresidue. Table3PDFp6 washLOI14statesnoownwashedTG. Prosep5misrefersTable4butnativewashingtableisTable3. CrosslinkerinitialTable3LOI43conflictswithprosep5MBA34/TAHT36;doNOTresolvebyguess. Fig2othermonomerratiosareunlabelledLOIcurves,nodigitization. All26factsheldincluding6missinggasTGstates;0verifiedpairs. NoSIcitedall6pages. VPA20AAm50hasownaddonnofinalLOI/TGpairandismentionedincoverageonly. Table1P/Nbulkpercentnotbathcomposition.",cotton,Scoured and bleached plain-weave cotton fabric 115 g/m2;warp35threads16.5tex/cm;weft31threads14tex/cm,Scoured and bleached plain-weave cotton fabric 115 g/m2;warp35threads16.5tex/cm;weft31threads14tex/cm,,AAm40,held_source_facts,,held_washed_LOI_no_own_TG,journal_article,OwnDOI/authors/titlePDFp1,,,,,,,held_outside_verified_target,,AAm40,40,,,,,,,,,,,,,,,,TAQ500,,,,,,,,,,,,,0,,,,,,NativepublishedjournaloriginalPDF,,MethodsPDFp2(printed2329);Table1/2PDFp5(printed2332);Table3PDFp6(printed2333);Fig2PDFp3,,,AqueousVPA/AAmnativewtpercentbaths;API180photoinitiator7percentofcomonomermass;TritonX1001g/L;dipandpad95percentwetpickup;395nmLED25J/cm2UVcure;preparativewaterrinse. DurabilitywashingseparateISO105-A01LaunderOmeter;washT/time/liquor/detergent/postdryunreported,,,,,,Synergistic UV-curable flame-retardant finish of cotton using comonomers of vinylphosphonic acid and acrylamide,https://doi.org/10.1007/s12221-017-7628-3,5,NoSIcitedall6pages,AqueousVPA/AAmnativewtpercentbaths;API180photoinitiator7percentofcomonomermass;TritonX1001g/L;dipandpad95percentwetpickup;395nmLED25J/cm2UVcure;preparativewaterrinse. DurabilitywashingseparateISO105-A01LaunderOmeter;washT/time/liquor/detergent/postdryunreported,After5washingcycles,After5nativeISO105-A01washcycles,2017
10.1007/s12221-017-7628-3,Limitingoxygendetector;YasudaSeikiSeisakushoJapan,Table3PDFp6(printed2333),25,,ISO4589:2000,,,,,,,,,,,,,,,,,,NoownwashedTG,,,,,,,Cotton;VPA20wtpercent;AAm20wtpercentnativebath,OwnTG/LOIPDFp2;washPDFp3;crosslinkerconflictprosep5/Table3p6,Rawsourcefactsnotapprovedpair,2026-10-02,Codexall6nativepublisher/textpages;oneprimaryreviewer,,Fibers and Polymers,"All6native/textpagesreviewed. Table2PDFp5(printed2332) reports sixinitialfabricstates[Tmax,R600,LOI]:Control350/7.3/20,VPA20 283/10.3/24,VPA20AAm10 280/22.6/26,VPA20AAm20 279/35.5/32,VPA20AAm30 257/36.5/40,VPA20AAm40 256/36.9/43. MethodPDFp2 Q50020C/minroomtemp-600C omits atmosphere/mass/flow/repeats;noN2orairinferredfromcharpyrolysis. Nr isdimensionlessresiduenumbernotTGresidue;Fweightfractionnotresidue. Table3PDFp6 washLOI14statesnoownwashedTG. Prosep5misrefersTable4butnativewashingtableisTable3. CrosslinkerinitialTable3LOI43conflictswithprosep5MBA34/TAHT36;doNOTresolvebyguess. Fig2othermonomerratiosareunlabelledLOIcurves,nodigitization. All26factsheldincluding6missinggasTGstates;0verifiedpairs. NoSIcitedall6pages. VPA20AAm50hasownaddonnofinalLOI/TGpairandismentionedincoverageonly. Table1P/Nbulkpercentnotbathcomposition.",cotton,Scoured and bleached plain-weave cotton fabric 115 g/m2;warp35threads16.5tex/cm;weft31threads14tex/cm,Scoured and bleached plain-weave cotton fabric 115 g/m2;warp35threads16.5tex/cm;weft31threads14tex/cm,,VPA20_AAm20,held_source_facts,,held_washed_LOI_no_own_TG,journal_article,OwnDOI/authors/titlePDFp1,,,,,,,held_outside_verified_target,,VPA20_AAm20,20,,,,,,,,,,,,,,,,TAQ500,,,,,,,,,,,,,20,,,,,,NativepublishedjournaloriginalPDF,,MethodsPDFp2(printed2329);Table1/2PDFp5(printed2332);Table3PDFp6(printed2333);Fig2PDFp3,,,AqueousVPA/AAmnativewtpercentbaths;API180photoinitiator7percentofcomonomermass;TritonX1001g/L;dipandpad95percentwetpickup;395nmLED25J/cm2UVcure;preparativewaterrinse. DurabilitywashingseparateISO105-A01LaunderOmeter;washT/time/liquor/detergent/postdryunreported,,,,,,Synergistic UV-curable flame-retardant finish of cotton using comonomers of vinylphosphonic acid and acrylamide,https://doi.org/10.1007/s12221-017-7628-3,1,NoSIcitedall6pages,AqueousVPA/AAmnativewtpercentbaths;API180photoinitiator7percentofcomonomermass;TritonX1001g/L;dipandpad95percentwetpickup;395nmLED25J/cm2UVcure;preparativewaterrinse. DurabilitywashingseparateISO105-A01LaunderOmeter;washT/time/liquor/detergent/postdryunreported,After1washingcycles,After1nativeISO105-A01washcycles,2017
10.1007/s12221-017-7628-3,Limitingoxygendetector;YasudaSeikiSeisakushoJapan,Table3PDFp6(printed2333),25,,ISO4589:2000,,,,,,,,,,,,,,,,,,NoownwashedTG,,,,,,,Cotton;VPA20wtpercent;AAm20wtpercentnativebath,OwnTG/LOIPDFp2;washPDFp3;crosslinkerconflictprosep5/Table3p6,Rawsourcefactsnotapprovedpair,2026-10-02,Codexall6nativepublisher/textpages;oneprimaryreviewer,,Fibers and Polymers,"All6native/textpagesreviewed. Table2PDFp5(printed2332) reports sixinitialfabricstates[Tmax,R600,LOI]:Control350/7.3/20,VPA20 283/10.3/24,VPA20AAm10 280/22.6/26,VPA20AAm20 279/35.5/32,VPA20AAm30 257/36.5/40,VPA20AAm40 256/36.9/43. MethodPDFp2 Q50020C/minroomtemp-600C omits atmosphere/mass/flow/repeats;noN2orairinferredfromcharpyrolysis. Nr isdimensionlessresiduenumbernotTGresidue;Fweightfractionnotresidue. Table3PDFp6 washLOI14statesnoownwashedTG. Prosep5misrefersTable4butnativewashingtableisTable3. CrosslinkerinitialTable3LOI43conflictswithprosep5MBA34/TAHT36;doNOTresolvebyguess. Fig2othermonomerratiosareunlabelledLOIcurves,nodigitization. All26factsheldincluding6missinggasTGstates;0verifiedpairs. NoSIcitedall6pages. VPA20AAm50hasownaddonnofinalLOI/TGpairandismentionedincoverageonly. Table1P/Nbulkpercentnotbathcomposition.",cotton,Scoured and bleached plain-weave cotton fabric 115 g/m2;warp35threads16.5tex/cm;weft31threads14tex/cm,Scoured and bleached plain-weave cotton fabric 115 g/m2;warp35threads16.5tex/cm;weft31threads14tex/cm,,VPA20_AAm20,held_source_facts,,held_washed_LOI_no_own_TG,journal_article,OwnDOI/authors/titlePDFp1,,,,,,,held_outside_verified_target,,VPA20_AAm20,20,,,,,,,,,,,,,,,,TAQ500,,,,,,,,,,,,,20,,,,,,NativepublishedjournaloriginalPDF,,MethodsPDFp2(printed2329);Table1/2PDFp5(printed2332);Table3PDFp6(printed2333);Fig2PDFp3,,,AqueousVPA/AAmnativewtpercentbaths;API180photoinitiator7percentofcomonomermass;TritonX1001g/L;dipandpad95percentwetpickup;395nmLED25J/cm2UVcure;preparativewaterrinse. DurabilitywashingseparateISO105-A01LaunderOmeter;washT/time/liquor/detergent/postdryunreported,,,,,,Synergistic UV-curable flame-retardant finish of cotton using comonomers of vinylphosphonic acid and acrylamide,https://doi.org/10.1007/s12221-017-7628-3,5,NoSIcitedall6pages,AqueousVPA/AAmnativewtpercentbaths;API180photoinitiator7percentofcomonomermass;TritonX1001g/L;dipandpad95percentwetpickup;395nmLED25J/cm2UVcure;preparativewaterrinse. DurabilitywashingseparateISO105-A01LaunderOmeter;washT/time/liquor/detergent/postdryunreported,After5washingcycles,After5nativeISO105-A01washcycles,2017
10.1007/s12221-017-7628-3,Limitingoxygendetector;YasudaSeikiSeisakushoJapan,Table3PDFp6(printed2333),35,,ISO4589:2000,,,,,,,,,,,,,,,,,,NoownwashedTG,,,,,,,Cotton;VPA20wtpercent;AAm40wtpercentnativebath,OwnTG/LOIPDFp2;washPDFp3;crosslinkerconflictprosep5/Table3p6,Rawsourcefactsnotapprovedpair,2026-10-02,Codexall6nativepublisher/textpages;oneprimaryreviewer,,Fibers and Polymers,"All6native/textpagesreviewed. Table2PDFp5(printed2332) reports sixinitialfabricstates[Tmax,R600,LOI]:Control350/7.3/20,VPA20 283/10.3/24,VPA20AAm10 280/22.6/26,VPA20AAm20 279/35.5/32,VPA20AAm30 257/36.5/40,VPA20AAm40 256/36.9/43. MethodPDFp2 Q50020C/minroomtemp-600C omits atmosphere/mass/flow/repeats;noN2orairinferredfromcharpyrolysis. Nr isdimensionlessresiduenumbernotTGresidue;Fweightfractionnotresidue. Table3PDFp6 washLOI14statesnoownwashedTG. Prosep5misrefersTable4butnativewashingtableisTable3. CrosslinkerinitialTable3LOI43conflictswithprosep5MBA34/TAHT36;doNOTresolvebyguess. Fig2othermonomerratiosareunlabelledLOIcurves,nodigitization. All26factsheldincluding6missinggasTGstates;0verifiedpairs. NoSIcitedall6pages. VPA20AAm50hasownaddonnofinalLOI/TGpairandismentionedincoverageonly. Table1P/Nbulkpercentnotbathcomposition.",cotton,Scoured and bleached plain-weave cotton fabric 115 g/m2;warp35threads16.5tex/cm;weft31threads14tex/cm,Scoured and bleached plain-weave cotton fabric 115 g/m2;warp35threads16.5tex/cm;weft31threads14tex/cm,,VPA20_AAm40,held_source_facts,,held_washed_LOI_no_own_TG,journal_article,OwnDOI/authors/titlePDFp1,,,,,,,held_outside_verified_target,,VPA20_AAm40,40,,,,,,,,,,,,,,,,TAQ500,,,,,,,,,,,,,20,,,,,,NativepublishedjournaloriginalPDF,,MethodsPDFp2(printed2329);Table1/2PDFp5(printed2332);Table3PDFp6(printed2333);Fig2PDFp3,,,AqueousVPA/AAmnativewtpercentbaths;API180photoinitiator7percentofcomonomermass;TritonX1001g/L;dipandpad95percentwetpickup;395nmLED25J/cm2UVcure;preparativewaterrinse. DurabilitywashingseparateISO105-A01LaunderOmeter;washT/time/liquor/detergent/postdryunreported,,,,,,Synergistic UV-curable flame-retardant finish of cotton using comonomers of vinylphosphonic acid and acrylamide,https://doi.org/10.1007/s12221-017-7628-3,1,NoSIcitedall6pages,AqueousVPA/AAmnativewtpercentbaths;API180photoinitiator7percentofcomonomermass;TritonX1001g/L;dipandpad95percentwetpickup;395nmLED25J/cm2UVcure;preparativewaterrinse. DurabilitywashingseparateISO105-A01LaunderOmeter;washT/time/liquor/detergent/postdryunreported,After1washingcycles,After1nativeISO105-A01washcycles,2017
10.1007/s12221-017-7628-3,Limitingoxygendetector;YasudaSeikiSeisakushoJapan,Table3PDFp6(printed2333),28,,ISO4589:2000,,,,,,,,,,,,,,,,,,NoownwashedTG,,,,,,,Cotton;VPA20wtpercent;AAm40wtpercentnativebath,OwnTG/LOIPDFp2;washPDFp3;crosslinkerconflictprosep5/Table3p6,Rawsourcefactsnotapprovedpair,2026-10-02,Codexall6nativepublisher/textpages;oneprimaryreviewer,,Fibers and Polymers,"All6native/textpagesreviewed. Table2PDFp5(printed2332) reports sixinitialfabricstates[Tmax,R600,LOI]:Control350/7.3/20,VPA20 283/10.3/24,VPA20AAm10 280/22.6/26,VPA20AAm20 279/35.5/32,VPA20AAm30 257/36.5/40,VPA20AAm40 256/36.9/43. MethodPDFp2 Q50020C/minroomtemp-600C omits atmosphere/mass/flow/repeats;noN2orairinferredfromcharpyrolysis. Nr isdimensionlessresiduenumbernotTGresidue;Fweightfractionnotresidue. Table3PDFp6 washLOI14statesnoownwashedTG. Prosep5misrefersTable4butnativewashingtableisTable3. CrosslinkerinitialTable3LOI43conflictswithprosep5MBA34/TAHT36;doNOTresolvebyguess. Fig2othermonomerratiosareunlabelledLOIcurves,nodigitization. All26factsheldincluding6missinggasTGstates;0verifiedpairs. NoSIcitedall6pages. VPA20AAm50hasownaddonnofinalLOI/TGpairandismentionedincoverageonly. Table1P/Nbulkpercentnotbathcomposition.",cotton,Scoured and bleached plain-weave cotton fabric 115 g/m2;warp35threads16.5tex/cm;weft31threads14tex/cm,Scoured and bleached plain-weave cotton fabric 115 g/m2;warp35threads16.5tex/cm;weft31threads14tex/cm,,VPA20_AAm40,held_source_facts,,held_washed_LOI_no_own_TG,journal_article,OwnDOI/authors/titlePDFp1,,,,,,,held_outside_verified_target,,VPA20_AAm40,40,,,,,,,,,,,,,,,,TAQ500,,,,,,,,,,,,,20,,,,,,NativepublishedjournaloriginalPDF,,MethodsPDFp2(printed2329);Table1/2PDFp5(printed2332);Table3PDFp6(printed2333);Fig2PDFp3,,,AqueousVPA/AAmnativewtpercentbaths;API180photoinitiator7percentofcomonomermass;TritonX1001g/L;dipandpad95percentwetpickup;395nmLED25J/cm2UVcure;preparativewaterrinse. DurabilitywashingseparateISO105-A01LaunderOmeter;washT/time/liquor/detergent/postdryunreported,,,,,,Synergistic UV-curable flame-retardant finish of cotton using comonomers of vinylphosphonic acid and acrylamide,https://doi.org/10.1007/s12221-017-7628-3,5,NoSIcitedall6pages,AqueousVPA/AAmnativewtpercentbaths;API180photoinitiator7percentofcomonomermass;TritonX1001g/L;dipandpad95percentwetpickup;395nmLED25J/cm2UVcure;preparativewaterrinse. DurabilitywashingseparateISO105-A01LaunderOmeter;washT/time/liquor/detergent/postdryunreported,After5washingcycles,After5nativeISO105-A01washcycles,2017
10.1007/s12221-017-7628-3,Limitingoxygendetector;YasudaSeikiSeisakushoJapan,Table3PDFp6(printed2333),37,,ISO4589:2000,,,,,,,,,,,,,,,,,,NoownwashedTG,,,,,,,Cotton;VPA20wtpercent;AAm40wtpercentnativebath,OwnTG/LOIPDFp2;washPDFp3;crosslinkerconflictprosep5/Table3p6,Rawsourcefactsnotapprovedpair,2026-10-02,Codexall6nativepublisher/textpages;oneprimaryreviewer,,Fibers and Polymers,"All6native/textpagesreviewed. Table2PDFp5(printed2332) reports sixinitialfabricstates[Tmax,R600,LOI]:Control350/7.3/20,VPA20 283/10.3/24,VPA20AAm10 280/22.6/26,VPA20AAm20 279/35.5/32,VPA20AAm30 257/36.5/40,VPA20AAm40 256/36.9/43. MethodPDFp2 Q50020C/minroomtemp-600C omits atmosphere/mass/flow/repeats;noN2orairinferredfromcharpyrolysis. Nr isdimensionlessresiduenumbernotTGresidue;Fweightfractionnotresidue. Table3PDFp6 washLOI14statesnoownwashedTG. Prosep5misrefersTable4butnativewashingtableisTable3. CrosslinkerinitialTable3LOI43conflictswithprosep5MBA34/TAHT36;doNOTresolvebyguess. Fig2othermonomerratiosareunlabelledLOIcurves,nodigitization. All26factsheldincluding6missinggasTGstates;0verifiedpairs. NoSIcitedall6pages. VPA20AAm50hasownaddonnofinalLOI/TGpairandismentionedincoverageonly. Table1P/Nbulkpercentnotbathcomposition.",cotton,Scoured and bleached plain-weave cotton fabric 115 g/m2;warp35threads16.5tex/cm;weft31threads14tex/cm,Scoured and bleached plain-weave cotton fabric 115 g/m2;warp35threads16.5tex/cm;weft31threads14tex/cm,,VPA20_AAm40_MBAAm,held_source_facts,,held_washed_LOI_no_own_TG,journal_article,OwnDOI/authors/titlePDFp1,,,,,,,held_outside_verified_target,,VPA20_AAm40_MBAAm,40,,,,,,,,,,,,,,,,TAQ500,,,,,,,,,,,,,20,,,,,,NativepublishedjournaloriginalPDF,,MethodsPDFp2(printed2329);Table1/2PDFp5(printed2332);Table3PDFp6(printed2333);Fig2PDFp3,,,AqueousVPA/AAmnativewtpercentbaths;API180photoinitiator7percentofcomonomermass;TritonX1001g/L;dipandpad95percentwetpickup;395nmLED25J/cm2UVcure;preparativewaterrinse. DurabilitywashingseparateISO105-A01LaunderOmeter;washT/time/liquor/detergent/postdryunreported,,,,,,Synergistic UV-curable flame-retardant finish of cotton using comonomers of vinylphosphonic acid and acrylamide,https://doi.org/10.1007/s12221-017-7628-3,1,NoSIcitedall6pages,AqueousVPA/AAmnativewtpercentbaths;API180photoinitiator7percentofcomonomermass;TritonX1001g/L;dipandpad95percentwetpickup;395nmLED25J/cm2UVcure;preparativewaterrinse. DurabilitywashingseparateISO105-A01LaunderOmeter;washT/time/liquor/detergent/postdryunreported,After1washingcycles,After1nativeISO105-A01washcycles,2017
10.1007/s12221-017-7628-3,Limitingoxygendetector;YasudaSeikiSeisakushoJapan,Table3PDFp6(printed2333),34,,ISO4589:2000,,,,,,,,,,,,,,,,,,NoownwashedTG,,,,,,,Cotton;VPA20wtpercent;AAm40wtpercentnativebath,OwnTG/LOIPDFp2;washPDFp3;crosslinkerconflictprosep5/Table3p6,Rawsourcefactsnotapprovedpair,2026-10-02,Codexall6nativepublisher/textpages;oneprimaryreviewer,,Fibers and Polymers,"All6native/textpagesreviewed. Table2PDFp5(printed2332) reports sixinitialfabricstates[Tmax,R600,LOI]:Control350/7.3/20,VPA20 283/10.3/24,VPA20AAm10 280/22.6/26,VPA20AAm20 279/35.5/32,VPA20AAm30 257/36.5/40,VPA20AAm40 256/36.9/43. MethodPDFp2 Q50020C/minroomtemp-600C omits atmosphere/mass/flow/repeats;noN2orairinferredfromcharpyrolysis. Nr isdimensionlessresiduenumbernotTGresidue;Fweightfractionnotresidue. Table3PDFp6 washLOI14statesnoownwashedTG. Prosep5misrefersTable4butnativewashingtableisTable3. CrosslinkerinitialTable3LOI43conflictswithprosep5MBA34/TAHT36;doNOTresolvebyguess. Fig2othermonomerratiosareunlabelledLOIcurves,nodigitization. All26factsheldincluding6missinggasTGstates;0verifiedpairs. NoSIcitedall6pages. VPA20AAm50hasownaddonnofinalLOI/TGpairandismentionedincoverageonly. Table1P/Nbulkpercentnotbathcomposition.",cotton,Scoured and bleached plain-weave cotton fabric 115 g/m2;warp35threads16.5tex/cm;weft31threads14tex/cm,Scoured and bleached plain-weave cotton fabric 115 g/m2;warp35threads16.5tex/cm;weft31threads14tex/cm,,VPA20_AAm40_MBAAm,held_source_facts,,held_washed_LOI_no_own_TG,journal_article,OwnDOI/authors/titlePDFp1,,,,,,,held_outside_verified_target,,VPA20_AAm40_MBAAm,40,,,,,,,,,,,,,,,,TAQ500,,,,,,,,,,,,,20,,,,,,NativepublishedjournaloriginalPDF,,MethodsPDFp2(printed2329);Table1/2PDFp5(printed2332);Table3PDFp6(printed2333);Fig2PDFp3,,,AqueousVPA/AAmnativewtpercentbaths;API180photoinitiator7percentofcomonomermass;TritonX1001g/L;dipandpad95percentwetpickup;395nmLED25J/cm2UVcure;preparativewaterrinse. DurabilitywashingseparateISO105-A01LaunderOmeter;washT/time/liquor/detergent/postdryunreported,,,,,,Synergistic UV-curable flame-retardant finish of cotton using comonomers of vinylphosphonic acid and acrylamide,https://doi.org/10.1007/s12221-017-7628-3,5,NoSIcitedall6pages,AqueousVPA/AAmnativewtpercentbaths;API180photoinitiator7percentofcomonomermass;TritonX1001g/L;dipandpad95percentwetpickup;395nmLED25J/cm2UVcure;preparativewaterrinse. DurabilitywashingseparateISO105-A01LaunderOmeter;washT/time/liquor/detergent/postdryunreported,After5washingcycles,After5nativeISO105-A01washcycles,2017
10.1007/s12221-017-7628-3,Limitingoxygendetector;YasudaSeikiSeisakushoJapan,Table3PDFp6(printed2333),38,,ISO4589:2000,,,,,,,,,,,,,,,,,,NoownwashedTG,,,,,,,Cotton;VPA20wtpercent;AAm40wtpercentnativebath,OwnTG/LOIPDFp2;washPDFp3;crosslinkerconflictprosep5/Table3p6,Rawsourcefactsnotapprovedpair,2026-10-02,Codexall6nativepublisher/textpages;oneprimaryreviewer,,Fibers and Polymers,"All6native/textpagesreviewed. Table2PDFp5(printed2332) reports sixinitialfabricstates[Tmax,R600,LOI]:Control350/7.3/20,VPA20 283/10.3/24,VPA20AAm10 280/22.6/26,VPA20AAm20 279/35.5/32,VPA20AAm30 257/36.5/40,VPA20AAm40 256/36.9/43. MethodPDFp2 Q50020C/minroomtemp-600C omits atmosphere/mass/flow/repeats;noN2orairinferredfromcharpyrolysis. Nr isdimensionlessresiduenumbernotTGresidue;Fweightfractionnotresidue. Table3PDFp6 washLOI14statesnoownwashedTG. Prosep5misrefersTable4butnativewashingtableisTable3. CrosslinkerinitialTable3LOI43conflictswithprosep5MBA34/TAHT36;doNOTresolvebyguess. Fig2othermonomerratiosareunlabelledLOIcurves,nodigitization. All26factsheldincluding6missinggasTGstates;0verifiedpairs. NoSIcitedall6pages. VPA20AAm50hasownaddonnofinalLOI/TGpairandismentionedincoverageonly. Table1P/Nbulkpercentnotbathcomposition.",cotton,Scoured and bleached plain-weave cotton fabric 115 g/m2;warp35threads16.5tex/cm;weft31threads14tex/cm,Scoured and bleached plain-weave cotton fabric 115 g/m2;warp35threads16.5tex/cm;weft31threads14tex/cm,,VPA20_AAm40_TAHT,held_source_facts,,held_washed_LOI_no_own_TG,journal_article,OwnDOI/authors/titlePDFp1,,,,,,,held_outside_verified_target,,VPA20_AAm40_TAHT,40,,,,,,,,,,,,,,,,TAQ500,,,,,,,,,,,,,20,,,,,,NativepublishedjournaloriginalPDF,,MethodsPDFp2(printed2329);Table1/2PDFp5(printed2332);Table3PDFp6(printed2333);Fig2PDFp3,,,AqueousVPA/AAmnativewtpercentbaths;API180photoinitiator7percentofcomonomermass;TritonX1001g/L;dipandpad95percentwetpickup;395nmLED25J/cm2UVcure;preparativewaterrinse. DurabilitywashingseparateISO105-A01LaunderOmeter;washT/time/liquor/detergent/postdryunreported,,,,,,Synergistic UV-curable flame-retardant finish of cotton using comonomers of vinylphosphonic acid and acrylamide,https://doi.org/10.1007/s12221-017-7628-3,1,NoSIcitedall6pages,AqueousVPA/AAmnativewtpercentbaths;API180photoinitiator7percentofcomonomermass;TritonX1001g/L;dipandpad95percentwetpickup;395nmLED25J/cm2UVcure;preparativewaterrinse. DurabilitywashingseparateISO105-A01LaunderOmeter;washT/time/liquor/detergent/postdryunreported,After1washingcycles,After1nativeISO105-A01washcycles,2017
10.1007/s12221-017-7628-3,Limitingoxygendetector;YasudaSeikiSeisakushoJapan,Table3PDFp6(printed2333),36,,ISO4589:2000,,,,,,,,,,,,,,,,,,NoownwashedTG,,,,,,,Cotton;VPA20wtpercent;AAm40wtpercentnativebath,OwnTG/LOIPDFp2;washPDFp3;crosslinkerconflictprosep5/Table3p6,Rawsourcefactsnotapprovedpair,2026-10-02,Codexall6nativepublisher/textpages;oneprimaryreviewer,,Fibers and Polymers,"All6native/textpagesreviewed. Table2PDFp5(printed2332) reports sixinitialfabricstates[Tmax,R600,LOI]:Control350/7.3/20,VPA20 283/10.3/24,VPA20AAm10 280/22.6/26,VPA20AAm20 279/35.5/32,VPA20AAm30 257/36.5/40,VPA20AAm40 256/36.9/43. MethodPDFp2 Q50020C/minroomtemp-600C omits atmosphere/mass/flow/repeats;noN2orairinferredfromcharpyrolysis. Nr isdimensionlessresiduenumbernotTGresidue;Fweightfractionnotresidue. Table3PDFp6 washLOI14statesnoownwashedTG. Prosep5misrefersTable4butnativewashingtableisTable3. CrosslinkerinitialTable3LOI43conflictswithprosep5MBA34/TAHT36;doNOTresolvebyguess. Fig2othermonomerratiosareunlabelledLOIcurves,nodigitization. All26factsheldincluding6missinggasTGstates;0verifiedpairs. NoSIcitedall6pages. VPA20AAm50hasownaddonnofinalLOI/TGpairandismentionedincoverageonly. Table1P/Nbulkpercentnotbathcomposition.",cotton,Scoured and bleached plain-weave cotton fabric 115 g/m2;warp35threads16.5tex/cm;weft31threads14tex/cm,Scoured and bleached plain-weave cotton fabric 115 g/m2;warp35threads16.5tex/cm;weft31threads14tex/cm,,VPA20_AAm40_TAHT,held_source_facts,,held_washed_LOI_no_own_TG,journal_article,OwnDOI/authors/titlePDFp1,,,,,,,held_outside_verified_target,,VPA20_AAm40_TAHT,40,,,,,,,,,,,,,,,,TAQ500,,,,,,,,,,,,,20,,,,,,NativepublishedjournaloriginalPDF,,MethodsPDFp2(printed2329);Table1/2PDFp5(printed2332);Table3PDFp6(printed2333);Fig2PDFp3,,,AqueousVPA/AAmnativewtpercentbaths;API180photoinitiator7percentofcomonomermass;TritonX1001g/L;dipandpad95percentwetpickup;395nmLED25J/cm2UVcure;preparativewaterrinse. DurabilitywashingseparateISO105-A01LaunderOmeter;washT/time/liquor/detergent/postdryunreported,,,,,,Synergistic UV-curable flame-retardant finish of cotton using comonomers of vinylphosphonic acid and acrylamide,https://doi.org/10.1007/s12221-017-7628-3,5,NoSIcitedall6pages,AqueousVPA/AAmnativewtpercentbaths;API180photoinitiator7percentofcomonomermass;TritonX1001g/L;dipandpad95percentwetpickup;395nmLED25J/cm2UVcure;preparativewaterrinse. DurabilitywashingseparateISO105-A01LaunderOmeter;washT/time/liquor/detergent/postdryunreported,After5washingcycles,After5nativeISO105-A01washcycles,2017
10.1007/s12221-017-7628-3,Limitingoxygendetector;YasudaSeikiSeisakushoJapan,Table3PDFp6(printed2333),30,,ISO4589:2000,,,,,,,,,,,,,,,,,,NoownwashedTG,,,,,,,Cotton;VPA20wtpercent;AAm40wtpercentnativebath,OwnTG/LOIPDFp2;washPDFp3;crosslinkerconflictprosep5/Table3p6,Rawsourcefactsnotapprovedpair,2026-10-02,Codexall6nativepublisher/textpages;oneprimaryreviewer,,Fibers and Polymers,"All6native/textpagesreviewed. Table2PDFp5(printed2332) reports sixinitialfabricstates[Tmax,R600,LOI]:Control350/7.3/20,VPA20 283/10.3/24,VPA20AAm10 280/22.6/26,VPA20AAm20 279/35.5/32,VPA20AAm30 257/36.5/40,VPA20AAm40 256/36.9/43. MethodPDFp2 Q50020C/minroomtemp-600C omits atmosphere/mass/flow/repeats;noN2orairinferredfromcharpyrolysis. Nr isdimensionlessresiduenumbernotTGresidue;Fweightfractionnotresidue. Table3PDFp6 washLOI14statesnoownwashedTG. Prosep5misrefersTable4butnativewashingtableisTable3. CrosslinkerinitialTable3LOI43conflictswithprosep5MBA34/TAHT36;doNOTresolvebyguess. Fig2othermonomerratiosareunlabelledLOIcurves,nodigitization. All26factsheldincluding6missinggasTGstates;0verifiedpairs. NoSIcitedall6pages. VPA20AAm50hasownaddonnofinalLOI/TGpairandismentionedincoverageonly. Table1P/Nbulkpercentnotbathcomposition.",cotton,Scoured and bleached plain-weave cotton fabric 115 g/m2;warp35threads16.5tex/cm;weft31threads14tex/cm,Scoured and bleached plain-weave cotton fabric 115 g/m2;warp35threads16.5tex/cm;weft31threads14tex/cm,,VPA20_AAm40_TAHT,held_source_facts,,held_washed_LOI_no_own_TG,journal_article,OwnDOI/authors/titlePDFp1,,,,,,,held_outside_verified_target,,VPA20_AAm40_TAHT,40,,,,,,,,,,,,,,,,TAQ500,,,,,,,,,,,,,20,,,,,,NativepublishedjournaloriginalPDF,,MethodsPDFp2(printed2329);Table1/2PDFp5(printed2332);Table3PDFp6(printed2333);Fig2PDFp3,,,AqueousVPA/AAmnativewtpercentbaths;API180photoinitiator7percentofcomonomermass;TritonX1001g/L;dipandpad95percentwetpickup;395nmLED25J/cm2UVcure;preparativewaterrinse. DurabilitywashingseparateISO105-A01LaunderOmeter;washT/time/liquor/detergent/postdryunreported,,,,,,Synergistic UV-curable flame-retardant finish of cotton using comonomers of vinylphosphonic acid and acrylamide,https://doi.org/10.1007/s12221-017-7628-3,10,NoSIcitedall6pages,AqueousVPA/AAmnativewtpercentbaths;API180photoinitiator7percentofcomonomermass;TritonX1001g/L;dipandpad95percentwetpickup;395nmLED25J/cm2UVcure;preparativewaterrinse. DurabilitywashingseparateISO105-A01LaunderOmeter;washT/time/liquor/detergent/postdryunreported,After10washingcycles,After10nativeISO105-A01washcycles,2017
10.1007/s12221-017-7628-3,Limitingoxygendetector;YasudaSeikiSeisakushoJapan,Table3PDFp6(printed2333),26,,ISO4589:2000,,,,,,,,,,,,,,,,,,NoownwashedTG,,,,,,,Cotton;VPA20wtpercent;AAm40wtpercentnativebath,OwnTG/LOIPDFp2;washPDFp3;crosslinkerconflictprosep5/Table3p6,Rawsourcefactsnotapprovedpair,2026-10-02,Codexall6nativepublisher/textpages;oneprimaryreviewer,,Fibers and Polymers,"All6native/textpagesreviewed. Table2PDFp5(printed2332) reports sixinitialfabricstates[Tmax,R600,LOI]:Control350/7.3/20,VPA20 283/10.3/24,VPA20AAm10 280/22.6/26,VPA20AAm20 279/35.5/32,VPA20AAm30 257/36.5/40,VPA20AAm40 256/36.9/43. MethodPDFp2 Q50020C/minroomtemp-600C omits atmosphere/mass/flow/repeats;noN2orairinferredfromcharpyrolysis. Nr isdimensionlessresiduenumbernotTGresidue;Fweightfractionnotresidue. Table3PDFp6 washLOI14statesnoownwashedTG. Prosep5misrefersTable4butnativewashingtableisTable3. CrosslinkerinitialTable3LOI43conflictswithprosep5MBA34/TAHT36;doNOTresolvebyguess. Fig2othermonomerratiosareunlabelledLOIcurves,nodigitization. All26factsheldincluding6missinggasTGstates;0verifiedpairs. NoSIcitedall6pages. VPA20AAm50hasownaddonnofinalLOI/TGpairandismentionedincoverageonly. Table1P/Nbulkpercentnotbathcomposition.",cotton,Scoured and bleached plain-weave cotton fabric 115 g/m2;warp35threads16.5tex/cm;weft31threads14tex/cm,Scoured and bleached plain-weave cotton fabric 115 g/m2;warp35threads16.5tex/cm;weft31threads14tex/cm,,VPA20_AAm40_TAHT,held_source_facts,,held_washed_LOI_no_own_TG,journal_article,OwnDOI/authors/titlePDFp1,,,,,,,held_outside_verified_target,,VPA20_AAm40_TAHT,40,,,,,,,,,,,,,,,,TAQ500,,,,,,,,,,,,,20,,,,,,NativepublishedjournaloriginalPDF,,MethodsPDFp2(printed2329);Table1/2PDFp5(printed2332);Table3PDFp6(printed2333);Fig2PDFp3,,,AqueousVPA/AAmnativewtpercentbaths;API180photoinitiator7percentofcomonomermass;TritonX1001g/L;dipandpad95percentwetpickup;395nmLED25J/cm2UVcure;preparativewaterrinse. DurabilitywashingseparateISO105-A01LaunderOmeter;washT/time/liquor/detergent/postdryunreported,,,,,,Synergistic UV-curable flame-retardant finish of cotton using comonomers of vinylphosphonic acid and acrylamide,https://doi.org/10.1007/s12221-017-7628-3,15,NoSIcitedall6pages,AqueousVPA/AAmnativewtpercentbaths;API180photoinitiator7percentofcomonomermass;TritonX1001g/L;dipandpad95percentwetpickup;395nmLED25J/cm2UVcure;preparativewaterrinse. DurabilitywashingseparateISO105-A01LaunderOmeter;washT/time/liquor/detergent/postdryunreported,After15washingcycles,After15nativeISO105-A01washcycles,2017
10.1016/j.porgcoat.2020.105640,HC2;JiangningChina,Table4PDFp8,18.5,150x58,ASTMD2863,,,,,,,,,,,,,,,,,,Table5PDFp9;Fig7PDFp9,,,,,,,PA6.6;PA6.6_Control,Material/graftPDFp2;LBL/pdc/TG/LOIPDFp3;SIcitedPDFp13,OwnprimaryfactsheldpendingcitedSIreview,2026-10-02,Codex14nativepublisher/textprimarypages;oneprimaryreviewer;SIunread,,Progress in Organic Coatings,"All14native/textprimarypagesreviewed. SixinitialfabricTable4LOI18.5/19.5/20.5/23/21.5/25 and Table5air/N2TG areexplicit. MethodQ5000IR20C/min3-5mgopenaluminapan;regularTGflow/start/end/repeatsunknown;55mL/minonlyTGFTIR nottransferred. Table5R700notmuffle600C10minchar;T5masslossnotgenericTonset;multipleDTGpeaksretainnativeorder. Table1GO/CSnamesversusCS/GOlaterareonecoatedstateeach;method2wtCS/1wtGOhasexplicitmaterialorder. PGandWGformulasprintedwithreversedweightsnotrecomputed;nativeTable1valuesretained. Table5exactair5BLR7004.73/5BLCSGOR7003.67notroundedprose4.7/3.7. WashedTable6isverticalburningonlynoLOI/TG;notpaired. SupplementcitedAppendixAp13butnotpresentexactcachedElsevierDOIinventorynoractualyearfolder;primaryDOIredirect500/ScienceDirect403;threeconventionalpublicmmc1doc/docx/pdfendpoint404notdocumentedlinks. EntireSIcoverageunverified;all12ownprimaryTGconditionsheldpendingSIreview,zeroapprovedpairs. NoSIcontentsassumed.",polyamide,100percentPA6.6wovenfabric100g/m2;SuzhouXinganlingJiangsuChina;weavetypeunreported,100percentPA6.6wovenfabric100g/m2;SuzhouXinganlingJiangsuChina;weavetypeunreported,,PA6.6_Control,held_source_facts,,held_cited_official_SI_unreviewed,journal_article,OwnDOI/authors/titlePDFp1,,,,,,,held_outside_verified_target,,PA6.6_Control,,0,,,,0,0,,1.71,368.2,air,,55mL/minonlyTGFTIRnotregularTG,,,20,TAQ5000IR,3-5,openalumina,,,451.1,568.4,,,,,,,,,,,,,NativepublisheroriginalresearchPDF;officialSIcitedunavailable,,Table1PDFp2;Table4PDFp8;Table5PDFp9;methodsPDFpp2-3,PA6.6_Control,NativePG/WGweightsformulaappearsreversed;noformula-derivedrecalculation;reportedTable1valuesonly,,,,Scourremovesadditives;dry80C20min.5wtpercentBPOinbenzene15min;2dip2nip80percentpickup;AA15wtpercentdropwiseinDIwater70C2hN2;RTwaterwashscrub20minthen80C60min;dry80C20min,,,Hybrid coatings for durable flame retardant and hydrophilic treatment of Polyamide 6.6 fabrics,https://doi.org/10.1016/j.porgcoat.2020.105640,,OfficialSIcitedAppendixAPDFp13;localnotfound;publisher403;conventionalCDNcandidates404;coverageunverified,Controlasreported,Initialasprepared,Initialpreparedfabric;graft/LBLrinseisnotdurabilitywash,2020
10.1016/j.porgcoat.2020.105640,HC2;JiangningChina,Table4PDFp8,18.5,150x58,ASTMD2863,,,,,,,,,,,,,,,,,,Table5PDFp9;Fig7PDFp9,,,,,,,PA6.6;PA6.6_Control,Material/graftPDFp2;LBL/pdc/TG/LOIPDFp3;SIcitedPDFp13,OwnprimaryfactsheldpendingcitedSIreview,2026-10-02,Codex14nativepublisher/textprimarypages;oneprimaryreviewer;SIunread,,Progress in Organic Coatings,"All14native/textprimarypagesreviewed. SixinitialfabricTable4LOI18.5/19.5/20.5/23/21.5/25 and Table5air/N2TG areexplicit. MethodQ5000IR20C/min3-5mgopenaluminapan;regularTGflow/start/end/repeatsunknown;55mL/minonlyTGFTIR nottransferred. Table5R700notmuffle600C10minchar;T5masslossnotgenericTonset;multipleDTGpeaksretainnativeorder. Table1GO/CSnamesversusCS/GOlaterareonecoatedstateeach;method2wtCS/1wtGOhasexplicitmaterialorder. PGandWGformulasprintedwithreversedweightsnotrecomputed;nativeTable1valuesretained. Table5exactair5BLR7004.73/5BLCSGOR7003.67notroundedprose4.7/3.7. WashedTable6isverticalburningonlynoLOI/TG;notpaired. SupplementcitedAppendixAp13butnotpresentexactcachedElsevierDOIinventorynoractualyearfolder;primaryDOIredirect500/ScienceDirect403;threeconventionalpublicmmc1doc/docx/pdfendpoint404notdocumentedlinks. EntireSIcoverageunverified;all12ownprimaryTGconditionsheldpendingSIreview,zeroapprovedpairs. NoSIcontentsassumed.",polyamide,100percentPA6.6wovenfabric100g/m2;SuzhouXinganlingJiangsuChina;weavetypeunreported,100percentPA6.6wovenfabric100g/m2;SuzhouXinganlingJiangsuChina;weavetypeunreported,,PA6.6_Control,held_source_facts,,held_cited_official_SI_unreviewed,journal_article,OwnDOI/authors/titlePDFp1,,,,,,,held_outside_verified_target,,PA6.6_Control,,0,,,,0,0,,3.25,391.9,N2,,55mL/minonlyTGFTIRnotregularTG,,,20,TAQ5000IR,3-5,openalumina,,,438,,,,,,,,,,,,,,NativepublisheroriginalresearchPDF;officialSIcitedunavailable,,Table1PDFp2;Table4PDFp8;Table5PDFp9;methodsPDFpp2-3,PA6.6_Control,NativePG/WGweightsformulaappearsreversed;noformula-derivedrecalculation;reportedTable1valuesonly,,,,Scourremovesadditives;dry80C20min.5wtpercentBPOinbenzene15min;2dip2nip80percentpickup;AA15wtpercentdropwiseinDIwater70C2hN2;RTwaterwashscrub20minthen80C60min;dry80C20min,,,Hybrid coatings for durable flame retardant and hydrophilic treatment of Polyamide 6.6 fabrics,https://doi.org/10.1016/j.porgcoat.2020.105640,,OfficialSIcitedAppendixAPDFp13;localnotfound;publisher403;conventionalCDNcandidates404;coverageunverified,Controlasreported,Initialasprepared,Initialpreparedfabric;graft/LBLrinseisnotdurabilitywash,2020
10.1016/j.porgcoat.2020.105640,HC2;JiangningChina,Table4PDFp8,19.5,150x58,ASTMD2863,,,,,,,,,,,,,,,,,,Table5PDFp9;Fig7PDFp9,,,,,,,PA6.6;PA6.6-g-AA,Material/graftPDFp2;LBL/pdc/TG/LOIPDFp3;SIcitedPDFp13,OwnprimaryfactsheldpendingcitedSIreview,2026-10-02,Codex14nativepublisher/textprimarypages;oneprimaryreviewer;SIunread,,Progress in Organic Coatings,"All14native/textprimarypagesreviewed. SixinitialfabricTable4LOI18.5/19.5/20.5/23/21.5/25 and Table5air/N2TG areexplicit. MethodQ5000IR20C/min3-5mgopenaluminapan;regularTGflow/start/end/repeatsunknown;55mL/minonlyTGFTIR nottransferred. Table5R700notmuffle600C10minchar;T5masslossnotgenericTonset;multipleDTGpeaksretainnativeorder. Table1GO/CSnamesversusCS/GOlaterareonecoatedstateeach;method2wtCS/1wtGOhasexplicitmaterialorder. PGandWGformulasprintedwithreversedweightsnotrecomputed;nativeTable1valuesretained. Table5exactair5BLR7004.73/5BLCSGOR7003.67notroundedprose4.7/3.7. WashedTable6isverticalburningonlynoLOI/TG;notpaired. SupplementcitedAppendixAp13butnotpresentexactcachedElsevierDOIinventorynoractualyearfolder;primaryDOIredirect500/ScienceDirect403;threeconventionalpublicmmc1doc/docx/pdfendpoint404notdocumentedlinks. EntireSIcoverageunverified;all12ownprimaryTGconditionsheldpendingSIreview,zeroapprovedpairs. NoSIcontentsassumed.",polyamide,100percentPA6.6wovenfabric100g/m2;SuzhouXinganlingJiangsuChina;weavetypeunreported,100percentPA6.6wovenfabric100g/m2;SuzhouXinganlingJiangsuChina;weavetypeunreported,,PA6.6-g-AA,held_source_facts,,held_cited_official_SI_unreviewed,journal_article,OwnDOI/authors/titlePDFp1,,,,,,,held_outside_verified_target,,PA6.6-g-AA,,0,,,,0,12,,2.33,274.2,air,,55mL/minonlyTGFTIRnotregularTG,,,20,TAQ5000IR,3-5,openalumina,,,331.2,431.4,,555,,,,,,,,,,,NativepublisheroriginalresearchPDF;officialSIcitedunavailable,,Table1PDFp2;Table4PDFp8;Table5PDFp9;methodsPDFpp2-3,PA6.6-g-AA,NativePG/WGweightsformulaappearsreversed;noformula-derivedrecalculation;reportedTable1valuesonly,,,,Scourremovesadditives;dry80C20min.5wtpercentBPOinbenzene15min;2dip2nip80percentpickup;AA15wtpercentdropwiseinDIwater70C2hN2;RTwaterwashscrub20minthen80C60min;dry80C20min,,,Hybrid coatings for durable flame retardant and hydrophilic treatment of Polyamide 6.6 fabrics,https://doi.org/10.1016/j.porgcoat.2020.105640,,OfficialSIcitedAppendixAPDFp13;localnotfound;publisher403;conventionalCDNcandidates404;coverageunverified,Scourremovesadditives;dry80C20min.5wtpercentBPOinbenzene15min;2dip2nip80percentpickup;AA15wtpercentdropwiseinDIwater70C2hN2;RTwaterwashscrub20minthen80C60min;dry80C20min,Initialasprepared,Initialpreparedfabric;graft/LBLrinseisnotdurabilitywash,2020
10.1016/j.porgcoat.2020.105640,HC2;JiangningChina,Table4PDFp8,19.5,150x58,ASTMD2863,,,,,,,,,,,,,,,,,,Table5PDFp9;Fig7PDFp9,,,,,,,PA6.6;PA6.6-g-AA,Material/graftPDFp2;LBL/pdc/TG/LOIPDFp3;SIcitedPDFp13,OwnprimaryfactsheldpendingcitedSIreview,2026-10-02,Codex14nativepublisher/textprimarypages;oneprimaryreviewer;SIunread,,Progress in Organic Coatings,"All14native/textprimarypagesreviewed. SixinitialfabricTable4LOI18.5/19.5/20.5/23/21.5/25 and Table5air/N2TG areexplicit. MethodQ5000IR20C/min3-5mgopenaluminapan;regularTGflow/start/end/repeatsunknown;55mL/minonlyTGFTIR nottransferred. Table5R700notmuffle600C10minchar;T5masslossnotgenericTonset;multipleDTGpeaksretainnativeorder. Table1GO/CSnamesversusCS/GOlaterareonecoatedstateeach;method2wtCS/1wtGOhasexplicitmaterialorder. PGandWGformulasprintedwithreversedweightsnotrecomputed;nativeTable1valuesretained. Table5exactair5BLR7004.73/5BLCSGOR7003.67notroundedprose4.7/3.7. WashedTable6isverticalburningonlynoLOI/TG;notpaired. SupplementcitedAppendixAp13butnotpresentexactcachedElsevierDOIinventorynoractualyearfolder;primaryDOIredirect500/ScienceDirect403;threeconventionalpublicmmc1doc/docx/pdfendpoint404notdocumentedlinks. EntireSIcoverageunverified;all12ownprimaryTGconditionsheldpendingSIreview,zeroapprovedpairs. NoSIcontentsassumed.",polyamide,100percentPA6.6wovenfabric100g/m2;SuzhouXinganlingJiangsuChina;weavetypeunreported,100percentPA6.6wovenfabric100g/m2;SuzhouXinganlingJiangsuChina;weavetypeunreported,,PA6.6-g-AA,held_source_facts,,held_cited_official_SI_unreviewed,journal_article,OwnDOI/authors/titlePDFp1,,,,,,,held_outside_verified_target,,PA6.6-g-AA,,0,,,,0,12,,6.16,279,N2,,55mL/minonlyTGFTIRnotregularTG,,,20,TAQ5000IR,3-5,openalumina,,,451.8,,,,,,,,,,,,,,NativepublisheroriginalresearchPDF;officialSIcitedunavailable,,Table1PDFp2;Table4PDFp8;Table5PDFp9;methodsPDFpp2-3,PA6.6-g-AA,NativePG/WGweightsformulaappearsreversed;noformula-derivedrecalculation;reportedTable1valuesonly,,,,Scourremovesadditives;dry80C20min.5wtpercentBPOinbenzene15min;2dip2nip80percentpickup;AA15wtpercentdropwiseinDIwater70C2hN2;RTwaterwashscrub20minthen80C60min;dry80C20min,,,Hybrid coatings for durable flame retardant and hydrophilic treatment of Polyamide 6.6 fabrics,https://doi.org/10.1016/j.porgcoat.2020.105640,,OfficialSIcitedAppendixAPDFp13;localnotfound;publisher403;conventionalCDNcandidates404;coverageunverified,Scourremovesadditives;dry80C20min.5wtpercentBPOinbenzene15min;2dip2nip80percentpickup;AA15wtpercentdropwiseinDIwater70C2hN2;RTwaterwashscrub20minthen80C60min;dry80C20min,Initialasprepared,Initialpreparedfabric;graft/LBLrinseisnotdurabilitywash,2020
10.1016/j.porgcoat.2020.105640,HC2;JiangningChina,Table4PDFp8,20.5,150x58,ASTMD2863,,,,,,,,,,,,,,,,,,Table5PDFp9;Fig7PDFp9,,,,,,,PA6.6;PA6.6-g-AA-2BL,Material/graftPDFp2;LBL/pdc/TG/LOIPDFp3;SIcitedPDFp13,OwnprimaryfactsheldpendingcitedSIreview,2026-10-02,Codex14nativepublisher/textprimarypages;oneprimaryreviewer;SIunread,,Progress in Organic Coatings,"All14native/textprimarypagesreviewed. SixinitialfabricTable4LOI18.5/19.5/20.5/23/21.5/25 and Table5air/N2TG areexplicit. MethodQ5000IR20C/min3-5mgopenaluminapan;regularTGflow/start/end/repeatsunknown;55mL/minonlyTGFTIR nottransferred. Table5R700notmuffle600C10minchar;T5masslossnotgenericTonset;multipleDTGpeaksretainnativeorder. Table1GO/CSnamesversusCS/GOlaterareonecoatedstateeach;method2wtCS/1wtGOhasexplicitmaterialorder. PGandWGformulasprintedwithreversedweightsnotrecomputed;nativeTable1valuesretained. Table5exactair5BLR7004.73/5BLCSGOR7003.67notroundedprose4.7/3.7. WashedTable6isverticalburningonlynoLOI/TG;notpaired. SupplementcitedAppendixAp13butnotpresentexactcachedElsevierDOIinventorynoractualyearfolder;primaryDOIredirect500/ScienceDirect403;threeconventionalpublicmmc1doc/docx/pdfendpoint404notdocumentedlinks. EntireSIcoverageunverified;all12ownprimaryTGconditionsheldpendingSIreview,zeroapprovedpairs. NoSIcontentsassumed.",polyamide,100percentPA6.6wovenfabric100g/m2;SuzhouXinganlingJiangsuChina;weavetypeunreported,100percentPA6.6wovenfabric100g/m2;SuzhouXinganlingJiangsuChina;weavetypeunreported,,PA6.6-g-AA-2BL,held_source_facts,,held_cited_official_SI_unreviewed,journal_article,OwnDOI/authors/titlePDFp1,,,,,,,held_outside_verified_target,,PA6.6-g-AA-2BL,,3.3,,,,0,5.8,,2.95,289.6,air,,55mL/minonlyTGFTIRnotregularTG,,,20,TAQ5000IR,3-5,openalumina,,,395.1,440.1,,558,,,,,,,,,,,NativepublisheroriginalresearchPDF;officialSIcitedunavailable,,Table1PDFp2;Table4PDFp8;Table5PDFp9;methodsPDFpp2-3,PA6.6-g-AA-2BL,NativePG/WGweightsformulaappearsreversed;noformula-derivedrecalculation;reportedTable1valuesonly,,,"PEI1wtpercentpH10.5fiveMin;DIrinse70C10mindry;PAACM1wtpercentpH3fiveMin;DIrinse70C10mindry;alternateCS0.5/ME1/urea5wtpercentandPA2wtpercentpH4first5mineachlater1min,rinsebetween;nobetweenBLdry;finalrinse80C20mindry",Scourremovesadditives;dry80C20min.5wtpercentBPOinbenzene15min;2dip2nip80percentpickup;AA15wtpercentdropwiseinDIwater70C2hN2;RTwaterwashscrub20minthen80C60min;dry80C20min,,,Hybrid coatings for durable flame retardant and hydrophilic treatment of Polyamide 6.6 fabrics,https://doi.org/10.1016/j.porgcoat.2020.105640,,OfficialSIcitedAppendixAPDFp13;localnotfound;publisher403;conventionalCDNcandidates404;coverageunverified,"Scourremovesadditives;dry80C20min.5wtpercentBPOinbenzene15min;2dip2nip80percentpickup;AA15wtpercentdropwiseinDIwater70C2hN2;RTwaterwashscrub20minthen80C60min;dry80C20min ;PEI1wtpercentpH10.5fiveMin;DIrinse70C10mindry;PAACM1wtpercentpH3fiveMin;DIrinse70C10mindry;alternateCS0.5/ME1/urea5wtpercentandPA2wtpercentpH4first5mineachlater1min,rinsebetween;nobetweenBLdry;finalrinse80C20mindry",Initialasprepared,Initialpreparedfabric;graft/LBLrinseisnotdurabilitywash,2020
10.1016/j.porgcoat.2020.105640,HC2;JiangningChina,Table4PDFp8,20.5,150x58,ASTMD2863,,,,,,,,,,,,,,,,,,Table5PDFp9;Fig7PDFp9,,,,,,,PA6.6;PA6.6-g-AA-2BL,Material/graftPDFp2;LBL/pdc/TG/LOIPDFp3;SIcitedPDFp13,OwnprimaryfactsheldpendingcitedSIreview,2026-10-02,Codex14nativepublisher/textprimarypages;oneprimaryreviewer;SIunread,,Progress in Organic Coatings,"All14native/textprimarypagesreviewed. SixinitialfabricTable4LOI18.5/19.5/20.5/23/21.5/25 and Table5air/N2TG areexplicit. MethodQ5000IR20C/min3-5mgopenaluminapan;regularTGflow/start/end/repeatsunknown;55mL/minonlyTGFTIR nottransferred. Table5R700notmuffle600C10minchar;T5masslossnotgenericTonset;multipleDTGpeaksretainnativeorder. Table1GO/CSnamesversusCS/GOlaterareonecoatedstateeach;method2wtCS/1wtGOhasexplicitmaterialorder. PGandWGformulasprintedwithreversedweightsnotrecomputed;nativeTable1valuesretained. Table5exactair5BLR7004.73/5BLCSGOR7003.67notroundedprose4.7/3.7. WashedTable6isverticalburningonlynoLOI/TG;notpaired. SupplementcitedAppendixAp13butnotpresentexactcachedElsevierDOIinventorynoractualyearfolder;primaryDOIredirect500/ScienceDirect403;threeconventionalpublicmmc1doc/docx/pdfendpoint404notdocumentedlinks. EntireSIcoverageunverified;all12ownprimaryTGconditionsheldpendingSIreview,zeroapprovedpairs. NoSIcontentsassumed.",polyamide,100percentPA6.6wovenfabric100g/m2;SuzhouXinganlingJiangsuChina;weavetypeunreported,100percentPA6.6wovenfabric100g/m2;SuzhouXinganlingJiangsuChina;weavetypeunreported,,PA6.6-g-AA-2BL,held_source_facts,,held_cited_official_SI_unreviewed,journal_article,OwnDOI/authors/titlePDFp1,,,,,,,held_outside_verified_target,,PA6.6-g-AA-2BL,,3.3,,,,0,5.8,,7.54,323.4,N2,,55mL/minonlyTGFTIRnotregularTG,,,20,TAQ5000IR,3-5,openalumina,,,392.2,439.3,,,,,,,,,,,,,NativepublisheroriginalresearchPDF;officialSIcitedunavailable,,Table1PDFp2;Table4PDFp8;Table5PDFp9;methodsPDFpp2-3,PA6.6-g-AA-2BL,NativePG/WGweightsformulaappearsreversed;noformula-derivedrecalculation;reportedTable1valuesonly,,,"PEI1wtpercentpH10.5fiveMin;DIrinse70C10mindry;PAACM1wtpercentpH3fiveMin;DIrinse70C10mindry;alternateCS0.5/ME1/urea5wtpercentandPA2wtpercentpH4first5mineachlater1min,rinsebetween;nobetweenBLdry;finalrinse80C20mindry",Scourremovesadditives;dry80C20min.5wtpercentBPOinbenzene15min;2dip2nip80percentpickup;AA15wtpercentdropwiseinDIwater70C2hN2;RTwaterwashscrub20minthen80C60min;dry80C20min,,,Hybrid coatings for durable flame retardant and hydrophilic treatment of Polyamide 6.6 fabrics,https://doi.org/10.1016/j.porgcoat.2020.105640,,OfficialSIcitedAppendixAPDFp13;localnotfound;publisher403;conventionalCDNcandidates404;coverageunverified,"Scourremovesadditives;dry80C20min.5wtpercentBPOinbenzene15min;2dip2nip80percentpickup;AA15wtpercentdropwiseinDIwater70C2hN2;RTwaterwashscrub20minthen80C60min;dry80C20min ;PEI1wtpercentpH10.5fiveMin;DIrinse70C10mindry;PAACM1wtpercentpH3fiveMin;DIrinse70C10mindry;alternateCS0.5/ME1/urea5wtpercentandPA2wtpercentpH4first5mineachlater1min,rinsebetween;nobetweenBLdry;finalrinse80C20mindry",Initialasprepared,Initialpreparedfabric;graft/LBLrinseisnotdurabilitywash,2020
10.1016/j.porgcoat.2020.105640,HC2;JiangningChina,Table4PDFp8,23,150x58,ASTMD2863,,,,,,,,,,,,,,,,,,Table5PDFp9;Fig7PDFp9,,,,,,,PA6.6;PA6.6-g-AA-5BL,Material/graftPDFp2;LBL/pdc/TG/LOIPDFp3;SIcitedPDFp13,OwnprimaryfactsheldpendingcitedSIreview,2026-10-02,Codex14nativepublisher/textprimarypages;oneprimaryreviewer;SIunread,,Progress in Organic Coatings,"All14native/textprimarypagesreviewed. SixinitialfabricTable4LOI18.5/19.5/20.5/23/21.5/25 and Table5air/N2TG areexplicit. MethodQ5000IR20C/min3-5mgopenaluminapan;regularTGflow/start/end/repeatsunknown;55mL/minonlyTGFTIR nottransferred. Table5R700notmuffle600C10minchar;T5masslossnotgenericTonset;multipleDTGpeaksretainnativeorder. Table1GO/CSnamesversusCS/GOlaterareonecoatedstateeach;method2wtCS/1wtGOhasexplicitmaterialorder. PGandWGformulasprintedwithreversedweightsnotrecomputed;nativeTable1valuesretained. Table5exactair5BLR7004.73/5BLCSGOR7003.67notroundedprose4.7/3.7. WashedTable6isverticalburningonlynoLOI/TG;notpaired. SupplementcitedAppendixAp13butnotpresentexactcachedElsevierDOIinventorynoractualyearfolder;primaryDOIredirect500/ScienceDirect403;threeconventionalpublicmmc1doc/docx/pdfendpoint404notdocumentedlinks. EntireSIcoverageunverified;all12ownprimaryTGconditionsheldpendingSIreview,zeroapprovedpairs. NoSIcontentsassumed.",polyamide,100percentPA6.6wovenfabric100g/m2;SuzhouXinganlingJiangsuChina;weavetypeunreported,100percentPA6.6wovenfabric100g/m2;SuzhouXinganlingJiangsuChina;weavetypeunreported,,PA6.6-g-AA-5BL,held_source_facts,,held_cited_official_SI_unreviewed,journal_article,OwnDOI/authors/titlePDFp1,,,,,,,held_outside_verified_target,,PA6.6-g-AA-5BL,,10.45,,,,0,10,,4.73,252.8,air,,55mL/minonlyTGFTIRnotregularTG,,,20,TAQ5000IR,3-5,openalumina,,,369.1,437.2,,581,,,,,,,,,,,NativepublisheroriginalresearchPDF;officialSIcitedunavailable,,Table1PDFp2;Table4PDFp8;Table5PDFp9;methodsPDFpp2-3,PA6.6-g-AA-5BL,NativePG/WGweightsformulaappearsreversed;noformula-derivedrecalculation;reportedTable1valuesonly,,,"PEI1wtpercentpH10.5fiveMin;DIrinse70C10mindry;PAACM1wtpercentpH3fiveMin;DIrinse70C10mindry;alternateCS0.5/ME1/urea5wtpercentandPA2wtpercentpH4first5mineachlater1min,rinsebetween;nobetweenBLdry;finalrinse80C20mindry",Scourremovesadditives;dry80C20min.5wtpercentBPOinbenzene15min;2dip2nip80percentpickup;AA15wtpercentdropwiseinDIwater70C2hN2;RTwaterwashscrub20minthen80C60min;dry80C20min,,,Hybrid coatings for durable flame retardant and hydrophilic treatment of Polyamide 6.6 fabrics,https://doi.org/10.1016/j.porgcoat.2020.105640,,OfficialSIcitedAppendixAPDFp13;localnotfound;publisher403;conventionalCDNcandidates404;coverageunverified,"Scourremovesadditives;dry80C20min.5wtpercentBPOinbenzene15min;2dip2nip80percentpickup;AA15wtpercentdropwiseinDIwater70C2hN2;RTwaterwashscrub20minthen80C60min;dry80C20min ;PEI1wtpercentpH10.5fiveMin;DIrinse70C10mindry;PAACM1wtpercentpH3fiveMin;DIrinse70C10mindry;alternateCS0.5/ME1/urea5wtpercentandPA2wtpercentpH4first5mineachlater1min,rinsebetween;nobetweenBLdry;finalrinse80C20mindry",Initialasprepared,Initialpreparedfabric;graft/LBLrinseisnotdurabilitywash,2020
10.1016/j.porgcoat.2020.105640,HC2;JiangningChina,Table4PDFp8,23,150x58,ASTMD2863,,,,,,,,,,,,,,,,,,Table5PDFp9;Fig7PDFp9,,,,,,,PA6.6;PA6.6-g-AA-5BL,Material/graftPDFp2;LBL/pdc/TG/LOIPDFp3;SIcitedPDFp13,OwnprimaryfactsheldpendingcitedSIreview,2026-10-02,Codex14nativepublisher/textprimarypages;oneprimaryreviewer;SIunread,,Progress in Organic Coatings,"All14native/textprimarypagesreviewed. SixinitialfabricTable4LOI18.5/19.5/20.5/23/21.5/25 and Table5air/N2TG areexplicit. MethodQ5000IR20C/min3-5mgopenaluminapan;regularTGflow/start/end/repeatsunknown;55mL/minonlyTGFTIR nottransferred. Table5R700notmuffle600C10minchar;T5masslossnotgenericTonset;multipleDTGpeaksretainnativeorder. Table1GO/CSnamesversusCS/GOlaterareonecoatedstateeach;method2wtCS/1wtGOhasexplicitmaterialorder. PGandWGformulasprintedwithreversedweightsnotrecomputed;nativeTable1valuesretained. Table5exactair5BLR7004.73/5BLCSGOR7003.67notroundedprose4.7/3.7. WashedTable6isverticalburningonlynoLOI/TG;notpaired. SupplementcitedAppendixAp13butnotpresentexactcachedElsevierDOIinventorynoractualyearfolder;primaryDOIredirect500/ScienceDirect403;threeconventionalpublicmmc1doc/docx/pdfendpoint404notdocumentedlinks. EntireSIcoverageunverified;all12ownprimaryTGconditionsheldpendingSIreview,zeroapprovedpairs. NoSIcontentsassumed.",polyamide,100percentPA6.6wovenfabric100g/m2;SuzhouXinganlingJiangsuChina;weavetypeunreported,100percentPA6.6wovenfabric100g/m2;SuzhouXinganlingJiangsuChina;weavetypeunreported,,PA6.6-g-AA-5BL,held_source_facts,,held_cited_official_SI_unreviewed,journal_article,OwnDOI/authors/titlePDFp1,,,,,,,held_outside_verified_target,,PA6.6-g-AA-5BL,,10.45,,,,0,10,,12.01,305.1,N2,,55mL/minonlyTGFTIRnotregularTG,,,20,TAQ5000IR,3-5,openalumina,,,369.3,433,,,,,,,,,,,,,NativepublisheroriginalresearchPDF;officialSIcitedunavailable,,Table1PDFp2;Table4PDFp8;Table5PDFp9;methodsPDFpp2-3,PA6.6-g-AA-5BL,NativePG/WGweightsformulaappearsreversed;noformula-derivedrecalculation;reportedTable1valuesonly,,,"PEI1wtpercentpH10.5fiveMin;DIrinse70C10mindry;PAACM1wtpercentpH3fiveMin;DIrinse70C10mindry;alternateCS0.5/ME1/urea5wtpercentandPA2wtpercentpH4first5mineachlater1min,rinsebetween;nobetweenBLdry;finalrinse80C20mindry",Scourremovesadditives;dry80C20min.5wtpercentBPOinbenzene15min;2dip2nip80percentpickup;AA15wtpercentdropwiseinDIwater70C2hN2;RTwaterwashscrub20minthen80C60min;dry80C20min,,,Hybrid coatings for durable flame retardant and hydrophilic treatment of Polyamide 6.6 fabrics,https://doi.org/10.1016/j.porgcoat.2020.105640,,OfficialSIcitedAppendixAPDFp13;localnotfound;publisher403;conventionalCDNcandidates404;coverageunverified,"Scourremovesadditives;dry80C20min.5wtpercentBPOinbenzene15min;2dip2nip80percentpickup;AA15wtpercentdropwiseinDIwater70C2hN2;RTwaterwashscrub20minthen80C60min;dry80C20min ;PEI1wtpercentpH10.5fiveMin;DIrinse70C10mindry;PAACM1wtpercentpH3fiveMin;DIrinse70C10mindry;alternateCS0.5/ME1/urea5wtpercentandPA2wtpercentpH4first5mineachlater1min,rinsebetween;nobetweenBLdry;finalrinse80C20mindry",Initialasprepared,Initialpreparedfabric;graft/LBLrinseisnotdurabilitywash,2020
10.1016/j.porgcoat.2020.105640,HC2;JiangningChina,Table4PDFp8,21.5,150x58,ASTMD2863,,,,,,,,,,,,,,,,,,Table5PDFp9;Fig7PDFp9,,,,,,,PA6.6;PA6.6-g-AA-2BL-CS/GO,Material/graftPDFp2;LBL/pdc/TG/LOIPDFp3;SIcitedPDFp13,OwnprimaryfactsheldpendingcitedSIreview,2026-10-02,Codex14nativepublisher/textprimarypages;oneprimaryreviewer;SIunread,,Progress in Organic Coatings,"All14native/textprimarypagesreviewed. SixinitialfabricTable4LOI18.5/19.5/20.5/23/21.5/25 and Table5air/N2TG areexplicit. MethodQ5000IR20C/min3-5mgopenaluminapan;regularTGflow/start/end/repeatsunknown;55mL/minonlyTGFTIR nottransferred. Table5R700notmuffle600C10minchar;T5masslossnotgenericTonset;multipleDTGpeaksretainnativeorder. Table1GO/CSnamesversusCS/GOlaterareonecoatedstateeach;method2wtCS/1wtGOhasexplicitmaterialorder. PGandWGformulasprintedwithreversedweightsnotrecomputed;nativeTable1valuesretained. Table5exactair5BLR7004.73/5BLCSGOR7003.67notroundedprose4.7/3.7. WashedTable6isverticalburningonlynoLOI/TG;notpaired. SupplementcitedAppendixAp13butnotpresentexactcachedElsevierDOIinventorynoractualyearfolder;primaryDOIredirect500/ScienceDirect403;threeconventionalpublicmmc1doc/docx/pdfendpoint404notdocumentedlinks. EntireSIcoverageunverified;all12ownprimaryTGconditionsheldpendingSIreview,zeroapprovedpairs. NoSIcontentsassumed.",polyamide,100percentPA6.6wovenfabric100g/m2;SuzhouXinganlingJiangsuChina;weavetypeunreported,100percentPA6.6wovenfabric100g/m2;SuzhouXinganlingJiangsuChina;weavetypeunreported,,PA6.6-g-AA-2BL-CS/GO,held_source_facts,,held_cited_official_SI_unreviewed,journal_article,OwnDOI/authors/titlePDFp1,,,,,,,held_outside_verified_target,,PA6.6-g-AA-2BL-CS/GO,,5.25,,,,6.8,8.3,,2.9,270.2,air,,55mL/minonlyTGFTIRnotregularTG,,,20,TAQ5000IR,3-5,openalumina,,,396.9,439.1,,578,,,,,,,,,,,NativepublisheroriginalresearchPDF;officialSIcitedunavailable,,Table1PDFp2;Table4PDFp8;Table5PDFp9;methodsPDFpp2-3,PA6.6-g-AA-2BL-GO/CS,NativePG/WGweightsformulaappearsreversed;noformula-derivedrecalculation;reportedTable1valuesonly,,CS2wtpercentin2volpercentaceticacidpH4+GO1wtpercentstirovernight;fabricsoak5hpad85percentpickup;rinseunbound;dry80C10mincure120C10min,"PEI1wtpercentpH10.5fiveMin;DIrinse70C10mindry;PAACM1wtpercentpH3fiveMin;DIrinse70C10mindry;alternateCS0.5/ME1/urea5wtpercentandPA2wtpercentpH4first5mineachlater1min,rinsebetween;nobetweenBLdry;finalrinse80C20mindry",Scourremovesadditives;dry80C20min.5wtpercentBPOinbenzene15min;2dip2nip80percentpickup;AA15wtpercentdropwiseinDIwater70C2hN2;RTwaterwashscrub20minthen80C60min;dry80C20min,,,Hybrid coatings for durable flame retardant and hydrophilic treatment of Polyamide 6.6 fabrics,https://doi.org/10.1016/j.porgcoat.2020.105640,,OfficialSIcitedAppendixAPDFp13;localnotfound;publisher403;conventionalCDNcandidates404;coverageunverified,"Scourremovesadditives;dry80C20min.5wtpercentBPOinbenzene15min;2dip2nip80percentpickup;AA15wtpercentdropwiseinDIwater70C2hN2;RTwaterwashscrub20minthen80C60min;dry80C20min ;PEI1wtpercentpH10.5fiveMin;DIrinse70C10mindry;PAACM1wtpercentpH3fiveMin;DIrinse70C10mindry;alternateCS0.5/ME1/urea5wtpercentandPA2wtpercentpH4first5mineachlater1min,rinsebetween;nobetweenBLdry;finalrinse80C20mindry ;CS2wtpercentin2volpercentaceticacidpH4+GO1wtpercentstirovernight;fabricsoak5hpad85percentpickup;rinseunbound;dry80C10mincure120C10min",Initialasprepared,Initialpreparedfabric;graft/LBLrinseisnotdurabilitywash,2020
10.1016/j.porgcoat.2020.105640,HC2;JiangningChina,Table4PDFp8,21.5,150x58,ASTMD2863,,,,,,,,,,,,,,,,,,Table5PDFp9;Fig7PDFp9,,,,,,,PA6.6;PA6.6-g-AA-2BL-CS/GO,Material/graftPDFp2;LBL/pdc/TG/LOIPDFp3;SIcitedPDFp13,OwnprimaryfactsheldpendingcitedSIreview,2026-10-02,Codex14nativepublisher/textprimarypages;oneprimaryreviewer;SIunread,,Progress in Organic Coatings,"All14native/textprimarypagesreviewed. SixinitialfabricTable4LOI18.5/19.5/20.5/23/21.5/25 and Table5air/N2TG areexplicit. MethodQ5000IR20C/min3-5mgopenaluminapan;regularTGflow/start/end/repeatsunknown;55mL/minonlyTGFTIR nottransferred. Table5R700notmuffle600C10minchar;T5masslossnotgenericTonset;multipleDTGpeaksretainnativeorder. Table1GO/CSnamesversusCS/GOlaterareonecoatedstateeach;method2wtCS/1wtGOhasexplicitmaterialorder. PGandWGformulasprintedwithreversedweightsnotrecomputed;nativeTable1valuesretained. Table5exactair5BLR7004.73/5BLCSGOR7003.67notroundedprose4.7/3.7. WashedTable6isverticalburningonlynoLOI/TG;notpaired. SupplementcitedAppendixAp13butnotpresentexactcachedElsevierDOIinventorynoractualyearfolder;primaryDOIredirect500/ScienceDirect403;threeconventionalpublicmmc1doc/docx/pdfendpoint404notdocumentedlinks. EntireSIcoverageunverified;all12ownprimaryTGconditionsheldpendingSIreview,zeroapprovedpairs. NoSIcontentsassumed.",polyamide,100percentPA6.6wovenfabric100g/m2;SuzhouXinganlingJiangsuChina;weavetypeunreported,100percentPA6.6wovenfabric100g/m2;SuzhouXinganlingJiangsuChina;weavetypeunreported,,PA6.6-g-AA-2BL-CS/GO,held_source_facts,,held_cited_official_SI_unreviewed,journal_article,OwnDOI/authors/titlePDFp1,,,,,,,held_outside_verified_target,,PA6.6-g-AA-2BL-CS/GO,,5.25,,,,6.8,8.3,,10.24,319.2,N2,,55mL/minonlyTGFTIRnotregularTG,,,20,TAQ5000IR,3-5,openalumina,,,392.3,442.4,,,,,,,,,,,,,NativepublisheroriginalresearchPDF;officialSIcitedunavailable,,Table1PDFp2;Table4PDFp8;Table5PDFp9;methodsPDFpp2-3,PA6.6-g-AA-2BL-GO/CS,NativePG/WGweightsformulaappearsreversed;noformula-derivedrecalculation;reportedTable1valuesonly,,CS2wtpercentin2volpercentaceticacidpH4+GO1wtpercentstirovernight;fabricsoak5hpad85percentpickup;rinseunbound;dry80C10mincure120C10min,"PEI1wtpercentpH10.5fiveMin;DIrinse70C10mindry;PAACM1wtpercentpH3fiveMin;DIrinse70C10mindry;alternateCS0.5/ME1/urea5wtpercentandPA2wtpercentpH4first5mineachlater1min,rinsebetween;nobetweenBLdry;finalrinse80C20mindry",Scourremovesadditives;dry80C20min.5wtpercentBPOinbenzene15min;2dip2nip80percentpickup;AA15wtpercentdropwiseinDIwater70C2hN2;RTwaterwashscrub20minthen80C60min;dry80C20min,,,Hybrid coatings for durable flame retardant and hydrophilic treatment of Polyamide 6.6 fabrics,https://doi.org/10.1016/j.porgcoat.2020.105640,,OfficialSIcitedAppendixAPDFp13;localnotfound;publisher403;conventionalCDNcandidates404;coverageunverified,"Scourremovesadditives;dry80C20min.5wtpercentBPOinbenzene15min;2dip2nip80percentpickup;AA15wtpercentdropwiseinDIwater70C2hN2;RTwaterwashscrub20minthen80C60min;dry80C20min ;PEI1wtpercentpH10.5fiveMin;DIrinse70C10mindry;PAACM1wtpercentpH3fiveMin;DIrinse70C10mindry;alternateCS0.5/ME1/urea5wtpercentandPA2wtpercentpH4first5mineachlater1min,rinsebetween;nobetweenBLdry;finalrinse80C20mindry ;CS2wtpercentin2volpercentaceticacidpH4+GO1wtpercentstirovernight;fabricsoak5hpad85percentpickup;rinseunbound;dry80C10mincure120C10min",Initialasprepared,Initialpreparedfabric;graft/LBLrinseisnotdurabilitywash,2020
10.1016/j.porgcoat.2020.105640,HC2;JiangningChina,Table4PDFp8,25,150x58,ASTMD2863,,,,,,,,,,,,,,,,,,Table5PDFp9;Fig7PDFp9,,,,,,,PA6.6;PA6.6-g-AA-5BL-CS/GO,Material/graftPDFp2;LBL/pdc/TG/LOIPDFp3;SIcitedPDFp13,OwnprimaryfactsheldpendingcitedSIreview,2026-10-02,Codex14nativepublisher/textprimarypages;oneprimaryreviewer;SIunread,,Progress in Organic Coatings,"All14native/textprimarypagesreviewed. SixinitialfabricTable4LOI18.5/19.5/20.5/23/21.5/25 and Table5air/N2TG areexplicit. MethodQ5000IR20C/min3-5mgopenaluminapan;regularTGflow/start/end/repeatsunknown;55mL/minonlyTGFTIR nottransferred. Table5R700notmuffle600C10minchar;T5masslossnotgenericTonset;multipleDTGpeaksretainnativeorder. Table1GO/CSnamesversusCS/GOlaterareonecoatedstateeach;method2wtCS/1wtGOhasexplicitmaterialorder. PGandWGformulasprintedwithreversedweightsnotrecomputed;nativeTable1valuesretained. Table5exactair5BLR7004.73/5BLCSGOR7003.67notroundedprose4.7/3.7. WashedTable6isverticalburningonlynoLOI/TG;notpaired. SupplementcitedAppendixAp13butnotpresentexactcachedElsevierDOIinventorynoractualyearfolder;primaryDOIredirect500/ScienceDirect403;threeconventionalpublicmmc1doc/docx/pdfendpoint404notdocumentedlinks. EntireSIcoverageunverified;all12ownprimaryTGconditionsheldpendingSIreview,zeroapprovedpairs. NoSIcontentsassumed.",polyamide,100percentPA6.6wovenfabric100g/m2;SuzhouXinganlingJiangsuChina;weavetypeunreported,100percentPA6.6wovenfabric100g/m2;SuzhouXinganlingJiangsuChina;weavetypeunreported,,PA6.6-g-AA-5BL-CS/GO,held_source_facts,,held_cited_official_SI_unreviewed,journal_article,OwnDOI/authors/titlePDFp1,,,,,,,held_outside_verified_target,,PA6.6-g-AA-5BL-CS/GO,,10.5,,,,15.7,8.8,,3.67,237.8,air,,55mL/minonlyTGFTIRnotregularTG,,,20,TAQ5000IR,3-5,openalumina,,,391.2,444,,584,,,,,,,,,,,NativepublisheroriginalresearchPDF;officialSIcitedunavailable,,Table1PDFp2;Table4PDFp8;Table5PDFp9;methodsPDFpp2-3,PA6.6-g-AA-5BL-GO/CS,NativePG/WGweightsformulaappearsreversed;noformula-derivedrecalculation;reportedTable1valuesonly,,CS2wtpercentin2volpercentaceticacidpH4+GO1wtpercentstirovernight;fabricsoak5hpad85percentpickup;rinseunbound;dry80C10mincure120C10min,"PEI1wtpercentpH10.5fiveMin;DIrinse70C10mindry;PAACM1wtpercentpH3fiveMin;DIrinse70C10mindry;alternateCS0.5/ME1/urea5wtpercentandPA2wtpercentpH4first5mineachlater1min,rinsebetween;nobetweenBLdry;finalrinse80C20mindry",Scourremovesadditives;dry80C20min.5wtpercentBPOinbenzene15min;2dip2nip80percentpickup;AA15wtpercentdropwiseinDIwater70C2hN2;RTwaterwashscrub20minthen80C60min;dry80C20min,,,Hybrid coatings for durable flame retardant and hydrophilic treatment of Polyamide 6.6 fabrics,https://doi.org/10.1016/j.porgcoat.2020.105640,,OfficialSIcitedAppendixAPDFp13;localnotfound;publisher403;conventionalCDNcandidates404;coverageunverified,"Scourremovesadditives;dry80C20min.5wtpercentBPOinbenzene15min;2dip2nip80percentpickup;AA15wtpercentdropwiseinDIwater70C2hN2;RTwaterwashscrub20minthen80C60min;dry80C20min ;PEI1wtpercentpH10.5fiveMin;DIrinse70C10mindry;PAACM1wtpercentpH3fiveMin;DIrinse70C10mindry;alternateCS0.5/ME1/urea5wtpercentandPA2wtpercentpH4first5mineachlater1min,rinsebetween;nobetweenBLdry;finalrinse80C20mindry ;CS2wtpercentin2volpercentaceticacidpH4+GO1wtpercentstirovernight;fabricsoak5hpad85percentpickup;rinseunbound;dry80C10mincure120C10min",Initialasprepared,Initialpreparedfabric;graft/LBLrinseisnotdurabilitywash,2020
10.1016/j.porgcoat.2020.105640,HC2;JiangningChina,Table4PDFp8,25,150x58,ASTMD2863,,,,,,,,,,,,,,,,,,Table5PDFp9;Fig7PDFp9,,,,,,,PA6.6;PA6.6-g-AA-5BL-CS/GO,Material/graftPDFp2;LBL/pdc/TG/LOIPDFp3;SIcitedPDFp13,OwnprimaryfactsheldpendingcitedSIreview,2026-10-02,Codex14nativepublisher/textprimarypages;oneprimaryreviewer;SIunread,,Progress in Organic Coatings,"All14native/textprimarypagesreviewed. SixinitialfabricTable4LOI18.5/19.5/20.5/23/21.5/25 and Table5air/N2TG areexplicit. MethodQ5000IR20C/min3-5mgopenaluminapan;regularTGflow/start/end/repeatsunknown;55mL/minonlyTGFTIR nottransferred. Table5R700notmuffle600C10minchar;T5masslossnotgenericTonset;multipleDTGpeaksretainnativeorder. Table1GO/CSnamesversusCS/GOlaterareonecoatedstateeach;method2wtCS/1wtGOhasexplicitmaterialorder. PGandWGformulasprintedwithreversedweightsnotrecomputed;nativeTable1valuesretained. Table5exactair5BLR7004.73/5BLCSGOR7003.67notroundedprose4.7/3.7. WashedTable6isverticalburningonlynoLOI/TG;notpaired. SupplementcitedAppendixAp13butnotpresentexactcachedElsevierDOIinventorynoractualyearfolder;primaryDOIredirect500/ScienceDirect403;threeconventionalpublicmmc1doc/docx/pdfendpoint404notdocumentedlinks. EntireSIcoverageunverified;all12ownprimaryTGconditionsheldpendingSIreview,zeroapprovedpairs. NoSIcontentsassumed.",polyamide,100percentPA6.6wovenfabric100g/m2;SuzhouXinganlingJiangsuChina;weavetypeunreported,100percentPA6.6wovenfabric100g/m2;SuzhouXinganlingJiangsuChina;weavetypeunreported,,PA6.6-g-AA-5BL-CS/GO,held_source_facts,,held_cited_official_SI_unreviewed,journal_article,OwnDOI/authors/titlePDFp1,,,,,,,held_outside_verified_target,,PA6.6-g-AA-5BL-CS/GO,,10.5,,,,15.7,8.8,,11.5,242.9,N2,,55mL/minonlyTGFTIRnotregularTG,,,20,TAQ5000IR,3-5,openalumina,,,387.9,441.7,,,,,,,,,,,,,NativepublisheroriginalresearchPDF;officialSIcitedunavailable,,Table1PDFp2;Table4PDFp8;Table5PDFp9;methodsPDFpp2-3,PA6.6-g-AA-5BL-GO/CS,NativePG/WGweightsformulaappearsreversed;noformula-derivedrecalculation;reportedTable1valuesonly,,CS2wtpercentin2volpercentaceticacidpH4+GO1wtpercentstirovernight;fabricsoak5hpad85percentpickup;rinseunbound;dry80C10mincure120C10min,"PEI1wtpercentpH10.5fiveMin;DIrinse70C10mindry;PAACM1wtpercentpH3fiveMin;DIrinse70C10mindry;alternateCS0.5/ME1/urea5wtpercentandPA2wtpercentpH4first5mineachlater1min,rinsebetween;nobetweenBLdry;finalrinse80C20mindry",Scourremovesadditives;dry80C20min.5wtpercentBPOinbenzene15min;2dip2nip80percentpickup;AA15wtpercentdropwiseinDIwater70C2hN2;RTwaterwashscrub20minthen80C60min;dry80C20min,,,Hybrid coatings for durable flame retardant and hydrophilic treatment of Polyamide 6.6 fabrics,https://doi.org/10.1016/j.porgcoat.2020.105640,,OfficialSIcitedAppendixAPDFp13;localnotfound;publisher403;conventionalCDNcandidates404;coverageunverified,"Scourremovesadditives;dry80C20min.5wtpercentBPOinbenzene15min;2dip2nip80percentpickup;AA15wtpercentdropwiseinDIwater70C2hN2;RTwaterwashscrub20minthen80C60min;dry80C20min ;PEI1wtpercentpH10.5fiveMin;DIrinse70C10mindry;PAACM1wtpercentpH3fiveMin;DIrinse70C10mindry;alternateCS0.5/ME1/urea5wtpercentandPA2wtpercentpH4first5mineachlater1min,rinsebetween;nobetweenBLdry;finalrinse80C20mindry ;CS2wtpercentin2volpercentaceticacidpH4+GO1wtpercentstirovernight;fabricsoak5hpad85percentpickup;rinseunbound;dry80C10mincure120C10min",Initialasprepared,Initialpreparedfabric;graft/LBLrinseisnotdurabilitywash,2020
10.1007/s10570-016-0928-8,JF3;JiangningNanjingChina,Table3PDFp8(printed2168);prosep8,18.5,,ASTMD2863,,,,6.6,,,,,,,,,,,,Pyris1PerkinElmer,600,Table1PDFp6(printed2166);Fig3/4PDFp6,377,,,,359,N2,Cottoncontrol,Methods/materialsPDFp3(printed2163),TG+LOI,2026-10-02,Codex12nativepublisher/textpages;oneprimaryreviewer,10,Cellulose,"All12native/textpagesreviewed. FourinitialTable1TG/Table3LOIownfabricstatesControl/5BL/10BL/20BL:LOI18.5/24.5/29/41. Pyris1TG50-600C10C/minN2/air;TGflow/mass/repeats/LOIdimsunknown;MCC60C/min80mL/minnotTG. Table1N2Tonset359/329/317/309,mainTmax377/355/351/344,R6006.6/29.9/33.4/38.6. AirTable1Tonset360/334/314/311,Tmax1 384/360/356/332,Tmax2 556/555/537/blank,R6001.1/10.4/16.6/23.5. AircontrolTonset360Table1conflictswith358prosep5;canonicalaircontrolTonsetblank,butownpeaks/R600valid. GenericTonsetnotdefined5percent;notconvertedT5/T10. N2residuesatvariableTmax52.5/60.3/62.2/70.1remainrawdistinctfromR600. Table3VFT/HFTchar54.8-98.7notTG;noafterwash/agedownLOI/TG. NoSIcitedall12pages. NativeFig7captionVFTbutprosediscussesHFTnotusedTG. SurfaceSEMfibersdonotchangeownTGfabricmaterialform. Fourstates8conditionsnot8independentpairs;noestimatedcurves.",cotton,"White woven cotton fabric,230 g/m2;onlineTaobaostore;weavegeometry/purityunreported","White woven cotton fabric,230 g/m2;onlineTaobaostore;weavegeometry/purityunreported","White woven cotton fabric,230 g/m2;onlineTaobaostore;weavegeometry/purityunreported",Untreated,explicit_text,"Ownsameinitialwhitewoven230gm2cottonUntreated Table1TGnamedN2/airrowsandTable3LOI;bothfabricnotpowder/coatingalone. Method50-600C10C/minbothgases. NativeTonsetstaysgenericonsetnotT5;aircontrol358/360conflictonsetblankbutownTmax384/556/R6001.1exact. R600notVFT/HFTcharorvariableTmaxresidue. 12allnative/textpagesreviewed;noborrowedMCCflow/rate,washstateordigitizedcurves. Fourstates8conditions.",verified_exact,journal_article,"OriginalPaperdesignation,DOI/authors/titlePDFp1",,,,,6.6,600,source_review_approved,78e9ca494e94062da59eb0837bf83a83319bbeebeda8c0825f48ea3e970fc74e,Untreated,,,,,MCC60C/min80mL/minnotTGmethod,,,,,,,,,,,,,,,,50,,,,,,359,NativegenericTonsetnotdefinedmasslossthreshold;notT5/T10,,,0,,,,,NativepublisheroriginalresearchPDF,0,MethodsPDFp3;Table1PDFp6;Table3PDFp8;aironsetconflictprosePDFp5,,,"CottonDIwater24hremoveimpurities,dry60C40min. AlternatePHMGPandSPB0.5wtpercentaqueousfirst5mineachtosurfaceactivate,subsequent1mineachdipuntil5/10/20bilayers;eachimmersionfollowed1minwaterwashand60C40mindry. PHMGP25wtpercentstockDP>60;SPB0.22Na2O.B2O3.nH2O;nativebath0.5wtpercentnotstock",,,,VariablepeaktemperatureresiduenotfixedR600,52.5,Boron-containing intumescent multilayer nanocoating for extinguishing flame on cotton fabric,https://doi.org/10.1007/s10570-016-0928-8,,NoSIcitedall12pages,ControlcleanedDIwater24hdry60C40min,Initialpreparedstate,Initialpreparedfabric;depositionwaterwashnotdurabilitywash,2016
10.1007/s10570-016-0928-8,JF3;JiangningNanjingChina,Table3PDFp8(printed2168);prosep8,18.5,,ASTMD2863,,,,1.1,,,,,,,,,,,,Pyris1PerkinElmer,600,Table1PDFp6(printed2166);Fig3/4PDFp6,384,556,,,,air,Cottoncontrol,Methods/materialsPDFp3(printed2163),TG+LOI,2026-10-02,Codex12nativepublisher/textpages;oneprimaryreviewer,10,Cellulose,"All12native/textpagesreviewed. FourinitialTable1TG/Table3LOIownfabricstatesControl/5BL/10BL/20BL:LOI18.5/24.5/29/41. Pyris1TG50-600C10C/minN2/air;TGflow/mass/repeats/LOIdimsunknown;MCC60C/min80mL/minnotTG. Table1N2Tonset359/329/317/309,mainTmax377/355/351/344,R6006.6/29.9/33.4/38.6. AirTable1Tonset360/334/314/311,Tmax1 384/360/356/332,Tmax2 556/555/537/blank,R6001.1/10.4/16.6/23.5. AircontrolTonset360Table1conflictswith358prosep5;canonicalaircontrolTonsetblank,butownpeaks/R600valid. GenericTonsetnotdefined5percent;notconvertedT5/T10. N2residuesatvariableTmax52.5/60.3/62.2/70.1remainrawdistinctfromR600. Table3VFT/HFTchar54.8-98.7notTG;noafterwash/agedownLOI/TG. NoSIcitedall12pages. NativeFig7captionVFTbutprosediscussesHFTnotusedTG. SurfaceSEMfibersdonotchangeownTGfabricmaterialform. Fourstates8conditionsnot8independentpairs;noestimatedcurves.",cotton,"White woven cotton fabric,230 g/m2;onlineTaobaostore;weavegeometry/purityunreported","White woven cotton fabric,230 g/m2;onlineTaobaostore;weavegeometry/purityunreported","White woven cotton fabric,230 g/m2;onlineTaobaostore;weavegeometry/purityunreported",Untreated,explicit_text,"Ownsameinitialwhitewoven230gm2cottonUntreated Table1TGnamedN2/airrowsandTable3LOI;bothfabricnotpowder/coatingalone. Method50-600C10C/minbothgases. NativeTonsetstaysgenericonsetnotT5;aircontrol358/360conflictonsetblankbutownTmax384/556/R6001.1exact. R600notVFT/HFTcharorvariableTmaxresidue. 12allnative/textpagesreviewed;noborrowedMCCflow/rate,washstateordigitizedcurves. Fourstates8conditions.",verified_exact,journal_article,"OriginalPaperdesignation,DOI/authors/titlePDFp1",,,,,1.1,600,source_review_approved,2736b9cfc6508feca29430cec31e19da95c672bafcc13fb32644cc57ef8a3f84,Untreated,,,,,MCC60C/min80mL/minnotTGmethod,,,,,,,,,,,,,,,,50,,,Laterairchartransformation/oxidationstage;notwaterpeak,,,360,AircontrolTable360versusprose358conflictcanonicalonsetblank;otherownpeaks/R600valid,358,,0,,,,,NativepublisheroriginalresearchPDF,0,MethodsPDFp3;Table1PDFp6;Table3PDFp8;aironsetconflictprosePDFp5,,,"CottonDIwater24hremoveimpurities,dry60C40min. AlternatePHMGPandSPB0.5wtpercentaqueousfirst5mineachtosurfaceactivate,subsequent1mineachdipuntil5/10/20bilayers;eachimmersionfollowed1minwaterwashand60C40mindry. PHMGP25wtpercentstockDP>60;SPB0.22Na2O.B2O3.nH2O;nativebath0.5wtpercentnotstock",,,,VariablepeaktemperatureresiduenotfixedR600,,Boron-containing intumescent multilayer nanocoating for extinguishing flame on cotton fabric,https://doi.org/10.1007/s10570-016-0928-8,,NoSIcitedall12pages,ControlcleanedDIwater24hdry60C40min,Initialpreparedstate,Initialpreparedfabric;depositionwaterwashnotdurabilitywash,2016
10.1007/s10570-016-0928-8,JF3;JiangningNanjingChina,Table3PDFp8(printed2168);prosep8,24.5,,ASTMD2863,,,,29.9,,,,,,,,,,,,Pyris1PerkinElmer,600,Table1PDFp6(printed2166);Fig3/4PDFp6,355,,,,329,N2,Cotton;5PHMGP-SPBbilayers;0.5wtpercenteachnativebath,Methods/materialsPDFp3(printed2163),TG+LOI,2026-10-02,Codex12nativepublisher/textpages;oneprimaryreviewer,10,Cellulose,"All12native/textpagesreviewed. FourinitialTable1TG/Table3LOIownfabricstatesControl/5BL/10BL/20BL:LOI18.5/24.5/29/41. Pyris1TG50-600C10C/minN2/air;TGflow/mass/repeats/LOIdimsunknown;MCC60C/min80mL/minnotTG. Table1N2Tonset359/329/317/309,mainTmax377/355/351/344,R6006.6/29.9/33.4/38.6. AirTable1Tonset360/334/314/311,Tmax1 384/360/356/332,Tmax2 556/555/537/blank,R6001.1/10.4/16.6/23.5. AircontrolTonset360Table1conflictswith358prosep5;canonicalaircontrolTonsetblank,butownpeaks/R600valid. GenericTonsetnotdefined5percent;notconvertedT5/T10. N2residuesatvariableTmax52.5/60.3/62.2/70.1remainrawdistinctfromR600. Table3VFT/HFTchar54.8-98.7notTG;noafterwash/agedownLOI/TG. NoSIcitedall12pages. NativeFig7captionVFTbutprosediscussesHFTnotusedTG. SurfaceSEMfibersdonotchangeownTGfabricmaterialform. Fourstates8conditionsnot8independentpairs;noestimatedcurves.",cotton,"White woven cotton fabric,230 g/m2;onlineTaobaostore;weavegeometry/purityunreported","White woven cotton fabric,230 g/m2;onlineTaobaostore;weavegeometry/purityunreported","White woven cotton fabric,230 g/m2;onlineTaobaostore;weavegeometry/purityunreported",5BL,explicit_text,"Ownsameinitialwhitewoven230gm2cotton5BL Table1TGnamedN2/airrowsandTable3LOI;bothfabricnotpowder/coatingalone. Method50-600C10C/minbothgases. NativeTonsetstaysgenericonsetnotT5;aircontrol358/360conflictonsetblankbutownTmax384/556/R6001.1exact. R600notVFT/HFTcharorvariableTmaxresidue. 12allnative/textpagesreviewed;noborrowedMCCflow/rate,washstateordigitizedcurves. Fourstates8conditions.",verified_exact,journal_article,"OriginalPaperdesignation,DOI/authors/titlePDFp1",,,,,29.9,600,source_review_approved,360ebac71bd235e96e8348ab8886947f4d9fcc453d86a5c79d195bbc2bbd4604,5BL,,,,,MCC60C/min80mL/minnotTGmethod,,,,,,,,,,,,,,,,50,,,,,,329,NativegenericTonsetnotdefinedmasslossthreshold;notT5/T10,,,5,,,,,NativepublisheroriginalresearchPDF,3.6,MethodsPDFp3;Table1PDFp6;Table3PDFp8;aironsetconflictprosePDFp5,,,"CottonDIwater24hremoveimpurities,dry60C40min. AlternatePHMGPandSPB0.5wtpercentaqueousfirst5mineachtosurfaceactivate,subsequent1mineachdipuntil5/10/20bilayers;eachimmersionfollowed1minwaterwashand60C40mindry. PHMGP25wtpercentstockDP>60;SPB0.22Na2O.B2O3.nH2O;nativebath0.5wtpercentnotstock",,,,VariablepeaktemperatureresiduenotfixedR600,60.3,Boron-containing intumescent multilayer nanocoating for extinguishing flame on cotton fabric,https://doi.org/10.1007/s10570-016-0928-8,,NoSIcitedall12pages,"CottonDIwater24hremoveimpurities,dry60C40min. AlternatePHMGPandSPB0.5wtpercentaqueousfirst5mineachtosurfaceactivate,subsequent1mineachdipuntil5/10/20bilayers;eachimmersionfollowed1minwaterwashand60C40mindry. PHMGP25wtpercentstockDP>60;SPB0.22Na2O.B2O3.nH2O;nativebath0.5wtpercentnotstock",Initialpreparedstate,Initialpreparedfabric;depositionwaterwashnotdurabilitywash,2016
10.1007/s10570-016-0928-8,JF3;JiangningNanjingChina,Table3PDFp8(printed2168);prosep8,24.5,,ASTMD2863,,,,10.4,,,,,,,,,,,,Pyris1PerkinElmer,600,Table1PDFp6(printed2166);Fig3/4PDFp6,360,555,,,334,air,Cotton;5PHMGP-SPBbilayers;0.5wtpercenteachnativebath,Methods/materialsPDFp3(printed2163),TG+LOI,2026-10-02,Codex12nativepublisher/textpages;oneprimaryreviewer,10,Cellulose,"All12native/textpagesreviewed. FourinitialTable1TG/Table3LOIownfabricstatesControl/5BL/10BL/20BL:LOI18.5/24.5/29/41. Pyris1TG50-600C10C/minN2/air;TGflow/mass/repeats/LOIdimsunknown;MCC60C/min80mL/minnotTG. Table1N2Tonset359/329/317/309,mainTmax377/355/351/344,R6006.6/29.9/33.4/38.6. AirTable1Tonset360/334/314/311,Tmax1 384/360/356/332,Tmax2 556/555/537/blank,R6001.1/10.4/16.6/23.5. AircontrolTonset360Table1conflictswith358prosep5;canonicalaircontrolTonsetblank,butownpeaks/R600valid. GenericTonsetnotdefined5percent;notconvertedT5/T10. N2residuesatvariableTmax52.5/60.3/62.2/70.1remainrawdistinctfromR600. Table3VFT/HFTchar54.8-98.7notTG;noafterwash/agedownLOI/TG. NoSIcitedall12pages. NativeFig7captionVFTbutprosediscussesHFTnotusedTG. SurfaceSEMfibersdonotchangeownTGfabricmaterialform. Fourstates8conditionsnot8independentpairs;noestimatedcurves.",cotton,"White woven cotton fabric,230 g/m2;onlineTaobaostore;weavegeometry/purityunreported","White woven cotton fabric,230 g/m2;onlineTaobaostore;weavegeometry/purityunreported","White woven cotton fabric,230 g/m2;onlineTaobaostore;weavegeometry/purityunreported",5BL,explicit_text,"Ownsameinitialwhitewoven230gm2cotton5BL Table1TGnamedN2/airrowsandTable3LOI;bothfabricnotpowder/coatingalone. Method50-600C10C/minbothgases. NativeTonsetstaysgenericonsetnotT5;aircontrol358/360conflictonsetblankbutownTmax384/556/R6001.1exact. R600notVFT/HFTcharorvariableTmaxresidue. 12allnative/textpagesreviewed;noborrowedMCCflow/rate,washstateordigitizedcurves. Fourstates8conditions.",verified_exact,journal_article,"OriginalPaperdesignation,DOI/authors/titlePDFp1",,,,,10.4,600,source_review_approved,1aa25c7fd2248ccff1042925f8ad3de06811581fde3b7625c7dc00199dc83cb0,5BL,,,,,MCC60C/min80mL/minnotTGmethod,,,,,,,,,,,,,,,,50,,,Laterairchartransformation/oxidationstage;notwaterpeak,,,334,NativegenericTonsetnotdefinedmasslossthreshold;notT5/T10,,,5,,,,,NativepublisheroriginalresearchPDF,3.6,MethodsPDFp3;Table1PDFp6;Table3PDFp8;aironsetconflictprosePDFp5,,,"CottonDIwater24hremoveimpurities,dry60C40min. AlternatePHMGPandSPB0.5wtpercentaqueousfirst5mineachtosurfaceactivate,subsequent1mineachdipuntil5/10/20bilayers;eachimmersionfollowed1minwaterwashand60C40mindry. PHMGP25wtpercentstockDP>60;SPB0.22Na2O.B2O3.nH2O;nativebath0.5wtpercentnotstock",,,,VariablepeaktemperatureresiduenotfixedR600,,Boron-containing intumescent multilayer nanocoating for extinguishing flame on cotton fabric,https://doi.org/10.1007/s10570-016-0928-8,,NoSIcitedall12pages,"CottonDIwater24hremoveimpurities,dry60C40min. AlternatePHMGPandSPB0.5wtpercentaqueousfirst5mineachtosurfaceactivate,subsequent1mineachdipuntil5/10/20bilayers;eachimmersionfollowed1minwaterwashand60C40mindry. PHMGP25wtpercentstockDP>60;SPB0.22Na2O.B2O3.nH2O;nativebath0.5wtpercentnotstock",Initialpreparedstate,Initialpreparedfabric;depositionwaterwashnotdurabilitywash,2016
10.1007/s10570-016-0928-8,JF3;JiangningNanjingChina,Table3PDFp8(printed2168);prosep8,29,,ASTMD2863,,,,33.4,,,,,,,,,,,,Pyris1PerkinElmer,600,Table1PDFp6(printed2166);Fig3/4PDFp6,351,,,,317,N2,Cotton;10PHMGP-SPBbilayers;0.5wtpercenteachnativebath,Methods/materialsPDFp3(printed2163),TG+LOI,2026-10-02,Codex12nativepublisher/textpages;oneprimaryreviewer,10,Cellulose,"All12native/textpagesreviewed. FourinitialTable1TG/Table3LOIownfabricstatesControl/5BL/10BL/20BL:LOI18.5/24.5/29/41. Pyris1TG50-600C10C/minN2/air;TGflow/mass/repeats/LOIdimsunknown;MCC60C/min80mL/minnotTG. Table1N2Tonset359/329/317/309,mainTmax377/355/351/344,R6006.6/29.9/33.4/38.6. AirTable1Tonset360/334/314/311,Tmax1 384/360/356/332,Tmax2 556/555/537/blank,R6001.1/10.4/16.6/23.5. AircontrolTonset360Table1conflictswith358prosep5;canonicalaircontrolTonsetblank,butownpeaks/R600valid. GenericTonsetnotdefined5percent;notconvertedT5/T10. N2residuesatvariableTmax52.5/60.3/62.2/70.1remainrawdistinctfromR600. Table3VFT/HFTchar54.8-98.7notTG;noafterwash/agedownLOI/TG. NoSIcitedall12pages. NativeFig7captionVFTbutprosediscussesHFTnotusedTG. SurfaceSEMfibersdonotchangeownTGfabricmaterialform. Fourstates8conditionsnot8independentpairs;noestimatedcurves.",cotton,"White woven cotton fabric,230 g/m2;onlineTaobaostore;weavegeometry/purityunreported","White woven cotton fabric,230 g/m2;onlineTaobaostore;weavegeometry/purityunreported","White woven cotton fabric,230 g/m2;onlineTaobaostore;weavegeometry/purityunreported",10BL,explicit_text,"Ownsameinitialwhitewoven230gm2cotton10BL Table1TGnamedN2/airrowsandTable3LOI;bothfabricnotpowder/coatingalone. Method50-600C10C/minbothgases. NativeTonsetstaysgenericonsetnotT5;aircontrol358/360conflictonsetblankbutownTmax384/556/R6001.1exact. R600notVFT/HFTcharorvariableTmaxresidue. 12allnative/textpagesreviewed;noborrowedMCCflow/rate,washstateordigitizedcurves. Fourstates8conditions.",verified_exact,journal_article,"OriginalPaperdesignation,DOI/authors/titlePDFp1",,,,,33.4,600,source_review_approved,b68fced12792042444432a2a3233f86e1abd1bef140f33f685f99caddfa5a683,10BL,,,,,MCC60C/min80mL/minnotTGmethod,,,,,,,,,,,,,,,,50,,,,,,317,NativegenericTonsetnotdefinedmasslossthreshold;notT5/T10,,,10,,,,,NativepublisheroriginalresearchPDF,7.5,MethodsPDFp3;Table1PDFp6;Table3PDFp8;aironsetconflictprosePDFp5,,,"CottonDIwater24hremoveimpurities,dry60C40min. AlternatePHMGPandSPB0.5wtpercentaqueousfirst5mineachtosurfaceactivate,subsequent1mineachdipuntil5/10/20bilayers;eachimmersionfollowed1minwaterwashand60C40mindry. PHMGP25wtpercentstockDP>60;SPB0.22Na2O.B2O3.nH2O;nativebath0.5wtpercentnotstock",,,,VariablepeaktemperatureresiduenotfixedR600,62.2,Boron-containing intumescent multilayer nanocoating for extinguishing flame on cotton fabric,https://doi.org/10.1007/s10570-016-0928-8,,NoSIcitedall12pages,"CottonDIwater24hremoveimpurities,dry60C40min. AlternatePHMGPandSPB0.5wtpercentaqueousfirst5mineachtosurfaceactivate,subsequent1mineachdipuntil5/10/20bilayers;eachimmersionfollowed1minwaterwashand60C40mindry. PHMGP25wtpercentstockDP>60;SPB0.22Na2O.B2O3.nH2O;nativebath0.5wtpercentnotstock",Initialpreparedstate,Initialpreparedfabric;depositionwaterwashnotdurabilitywash,2016
10.1007/s10570-016-0928-8,JF3;JiangningNanjingChina,Table3PDFp8(printed2168);prosep8,29,,ASTMD2863,,,,16.6,,,,,,,,,,,,Pyris1PerkinElmer,600,Table1PDFp6(printed2166);Fig3/4PDFp6,356,537,,,314,air,Cotton;10PHMGP-SPBbilayers;0.5wtpercenteachnativebath,Methods/materialsPDFp3(printed2163),TG+LOI,2026-10-02,Codex12nativepublisher/textpages;oneprimaryreviewer,10,Cellulose,"All12native/textpagesreviewed. FourinitialTable1TG/Table3LOIownfabricstatesControl/5BL/10BL/20BL:LOI18.5/24.5/29/41. Pyris1TG50-600C10C/minN2/air;TGflow/mass/repeats/LOIdimsunknown;MCC60C/min80mL/minnotTG. Table1N2Tonset359/329/317/309,mainTmax377/355/351/344,R6006.6/29.9/33.4/38.6. AirTable1Tonset360/334/314/311,Tmax1 384/360/356/332,Tmax2 556/555/537/blank,R6001.1/10.4/16.6/23.5. AircontrolTonset360Table1conflictswith358prosep5;canonicalaircontrolTonsetblank,butownpeaks/R600valid. GenericTonsetnotdefined5percent;notconvertedT5/T10. N2residuesatvariableTmax52.5/60.3/62.2/70.1remainrawdistinctfromR600. Table3VFT/HFTchar54.8-98.7notTG;noafterwash/agedownLOI/TG. NoSIcitedall12pages. NativeFig7captionVFTbutprosediscussesHFTnotusedTG. SurfaceSEMfibersdonotchangeownTGfabricmaterialform. Fourstates8conditionsnot8independentpairs;noestimatedcurves.",cotton,"White woven cotton fabric,230 g/m2;onlineTaobaostore;weavegeometry/purityunreported","White woven cotton fabric,230 g/m2;onlineTaobaostore;weavegeometry/purityunreported","White woven cotton fabric,230 g/m2;onlineTaobaostore;weavegeometry/purityunreported",10BL,explicit_text,"Ownsameinitialwhitewoven230gm2cotton10BL Table1TGnamedN2/airrowsandTable3LOI;bothfabricnotpowder/coatingalone. Method50-600C10C/minbothgases. NativeTonsetstaysgenericonsetnotT5;aircontrol358/360conflictonsetblankbutownTmax384/556/R6001.1exact. R600notVFT/HFTcharorvariableTmaxresidue. 12allnative/textpagesreviewed;noborrowedMCCflow/rate,washstateordigitizedcurves. Fourstates8conditions.",verified_exact,journal_article,"OriginalPaperdesignation,DOI/authors/titlePDFp1",,,,,16.6,600,source_review_approved,f972ff8689efbe62810af742997da1cad58279257c949d567161e8c2a056b5a8,10BL,,,,,MCC60C/min80mL/minnotTGmethod,,,,,,,,,,,,,,,,50,,,Laterairchartransformation/oxidationstage;notwaterpeak,,,314,NativegenericTonsetnotdefinedmasslossthreshold;notT5/T10,,,10,,,,,NativepublisheroriginalresearchPDF,7.5,MethodsPDFp3;Table1PDFp6;Table3PDFp8;aironsetconflictprosePDFp5,,,"CottonDIwater24hremoveimpurities,dry60C40min. AlternatePHMGPandSPB0.5wtpercentaqueousfirst5mineachtosurfaceactivate,subsequent1mineachdipuntil5/10/20bilayers;eachimmersionfollowed1minwaterwashand60C40mindry. PHMGP25wtpercentstockDP>60;SPB0.22Na2O.B2O3.nH2O;nativebath0.5wtpercentnotstock",,,,VariablepeaktemperatureresiduenotfixedR600,,Boron-containing intumescent multilayer nanocoating for extinguishing flame on cotton fabric,https://doi.org/10.1007/s10570-016-0928-8,,NoSIcitedall12pages,"CottonDIwater24hremoveimpurities,dry60C40min. AlternatePHMGPandSPB0.5wtpercentaqueousfirst5mineachtosurfaceactivate,subsequent1mineachdipuntil5/10/20bilayers;eachimmersionfollowed1minwaterwashand60C40mindry. PHMGP25wtpercentstockDP>60;SPB0.22Na2O.B2O3.nH2O;nativebath0.5wtpercentnotstock",Initialpreparedstate,Initialpreparedfabric;depositionwaterwashnotdurabilitywash,2016
10.1007/s10570-016-0928-8,JF3;JiangningNanjingChina,Table3PDFp8(printed2168);prosep8,41,,ASTMD2863,,,,38.6,,,,,,,,,,,,Pyris1PerkinElmer,600,Table1PDFp6(printed2166);Fig3/4PDFp6,344,,,,309,N2,Cotton;20PHMGP-SPBbilayers;0.5wtpercenteachnativebath,Methods/materialsPDFp3(printed2163),TG+LOI,2026-10-02,Codex12nativepublisher/textpages;oneprimaryreviewer,10,Cellulose,"All12native/textpagesreviewed. FourinitialTable1TG/Table3LOIownfabricstatesControl/5BL/10BL/20BL:LOI18.5/24.5/29/41. Pyris1TG50-600C10C/minN2/air;TGflow/mass/repeats/LOIdimsunknown;MCC60C/min80mL/minnotTG. Table1N2Tonset359/329/317/309,mainTmax377/355/351/344,R6006.6/29.9/33.4/38.6. AirTable1Tonset360/334/314/311,Tmax1 384/360/356/332,Tmax2 556/555/537/blank,R6001.1/10.4/16.6/23.5. AircontrolTonset360Table1conflictswith358prosep5;canonicalaircontrolTonsetblank,butownpeaks/R600valid. GenericTonsetnotdefined5percent;notconvertedT5/T10. N2residuesatvariableTmax52.5/60.3/62.2/70.1remainrawdistinctfromR600. Table3VFT/HFTchar54.8-98.7notTG;noafterwash/agedownLOI/TG. NoSIcitedall12pages. NativeFig7captionVFTbutprosediscussesHFTnotusedTG. SurfaceSEMfibersdonotchangeownTGfabricmaterialform. Fourstates8conditionsnot8independentpairs;noestimatedcurves.",cotton,"White woven cotton fabric,230 g/m2;onlineTaobaostore;weavegeometry/purityunreported","White woven cotton fabric,230 g/m2;onlineTaobaostore;weavegeometry/purityunreported","White woven cotton fabric,230 g/m2;onlineTaobaostore;weavegeometry/purityunreported",20BL,explicit_text,"Ownsameinitialwhitewoven230gm2cotton20BL Table1TGnamedN2/airrowsandTable3LOI;bothfabricnotpowder/coatingalone. Method50-600C10C/minbothgases. NativeTonsetstaysgenericonsetnotT5;aircontrol358/360conflictonsetblankbutownTmax384/556/R6001.1exact. R600notVFT/HFTcharorvariableTmaxresidue. 12allnative/textpagesreviewed;noborrowedMCCflow/rate,washstateordigitizedcurves. Fourstates8conditions.",verified_exact,journal_article,"OriginalPaperdesignation,DOI/authors/titlePDFp1",,,,,38.6,600,source_review_approved,059b85eb894d192ca87ad0c515d0b73fbb94e2a96cb20657b1895dfec2d45971,20BL,,,,,MCC60C/min80mL/minnotTGmethod,,,,,,,,,,,,,,,,50,,,,,,309,NativegenericTonsetnotdefinedmasslossthreshold;notT5/T10,,,20,,,,,NativepublisheroriginalresearchPDF,12.9,MethodsPDFp3;Table1PDFp6;Table3PDFp8;aironsetconflictprosePDFp5,,,"CottonDIwater24hremoveimpurities,dry60C40min. AlternatePHMGPandSPB0.5wtpercentaqueousfirst5mineachtosurfaceactivate,subsequent1mineachdipuntil5/10/20bilayers;eachimmersionfollowed1minwaterwashand60C40mindry. PHMGP25wtpercentstockDP>60;SPB0.22Na2O.B2O3.nH2O;nativebath0.5wtpercentnotstock",,,,VariablepeaktemperatureresiduenotfixedR600,70.1,Boron-containing intumescent multilayer nanocoating for extinguishing flame on cotton fabric,https://doi.org/10.1007/s10570-016-0928-8,,NoSIcitedall12pages,"CottonDIwater24hremoveimpurities,dry60C40min. AlternatePHMGPandSPB0.5wtpercentaqueousfirst5mineachtosurfaceactivate,subsequent1mineachdipuntil5/10/20bilayers;eachimmersionfollowed1minwaterwashand60C40mindry. PHMGP25wtpercentstockDP>60;SPB0.22Na2O.B2O3.nH2O;nativebath0.5wtpercentnotstock",Initialpreparedstate,Initialpreparedfabric;depositionwaterwashnotdurabilitywash,2016
10.1007/s10570-016-0928-8,JF3;JiangningNanjingChina,Table3PDFp8(printed2168);prosep8,41,,ASTMD2863,,,,23.5,,,,,,,,,,,,Pyris1PerkinElmer,600,Table1PDFp6(printed2166);Fig3/4PDFp6,332,,,,311,air,Cotton;20PHMGP-SPBbilayers;0.5wtpercenteachnativebath,Methods/materialsPDFp3(printed2163),TG+LOI,2026-10-02,Codex12nativepublisher/textpages;oneprimaryreviewer,10,Cellulose,"All12native/textpagesreviewed. FourinitialTable1TG/Table3LOIownfabricstatesControl/5BL/10BL/20BL:LOI18.5/24.5/29/41. Pyris1TG50-600C10C/minN2/air;TGflow/mass/repeats/LOIdimsunknown;MCC60C/min80mL/minnotTG. Table1N2Tonset359/329/317/309,mainTmax377/355/351/344,R6006.6/29.9/33.4/38.6. AirTable1Tonset360/334/314/311,Tmax1 384/360/356/332,Tmax2 556/555/537/blank,R6001.1/10.4/16.6/23.5. AircontrolTonset360Table1conflictswith358prosep5;canonicalaircontrolTonsetblank,butownpeaks/R600valid. GenericTonsetnotdefined5percent;notconvertedT5/T10. N2residuesatvariableTmax52.5/60.3/62.2/70.1remainrawdistinctfromR600. Table3VFT/HFTchar54.8-98.7notTG;noafterwash/agedownLOI/TG. NoSIcitedall12pages. NativeFig7captionVFTbutprosediscussesHFTnotusedTG. SurfaceSEMfibersdonotchangeownTGfabricmaterialform. Fourstates8conditionsnot8independentpairs;noestimatedcurves.",cotton,"White woven cotton fabric,230 g/m2;onlineTaobaostore;weavegeometry/purityunreported","White woven cotton fabric,230 g/m2;onlineTaobaostore;weavegeometry/purityunreported","White woven cotton fabric,230 g/m2;onlineTaobaostore;weavegeometry/purityunreported",20BL,explicit_text,"Ownsameinitialwhitewoven230gm2cotton20BL Table1TGnamedN2/airrowsandTable3LOI;bothfabricnotpowder/coatingalone. Method50-600C10C/minbothgases. NativeTonsetstaysgenericonsetnotT5;aircontrol358/360conflictonsetblankbutownTmax384/556/R6001.1exact. R600notVFT/HFTcharorvariableTmaxresidue. 12allnative/textpagesreviewed;noborrowedMCCflow/rate,washstateordigitizedcurves. Fourstates8conditions.",verified_exact,journal_article,"OriginalPaperdesignation,DOI/authors/titlePDFp1",,,,,23.5,600,source_review_approved,92a9eb83f833a23ffad7d84b56d42faa5081453ebb028ff362578f3a4639e8f0,20BL,,,,,MCC60C/min80mL/minnotTGmethod,,,,,,,,,,,,,,,,50,,,,,,311,NativegenericTonsetnotdefinedmasslossthreshold;notT5/T10,,,20,,,,,NativepublisheroriginalresearchPDF,12.9,MethodsPDFp3;Table1PDFp6;Table3PDFp8;aironsetconflictprosePDFp5,,,"CottonDIwater24hremoveimpurities,dry60C40min. AlternatePHMGPandSPB0.5wtpercentaqueousfirst5mineachtosurfaceactivate,subsequent1mineachdipuntil5/10/20bilayers;eachimmersionfollowed1minwaterwashand60C40mindry. PHMGP25wtpercentstockDP>60;SPB0.22Na2O.B2O3.nH2O;nativebath0.5wtpercentnotstock",,,,VariablepeaktemperatureresiduenotfixedR600,,Boron-containing intumescent multilayer nanocoating for extinguishing flame on cotton fabric,https://doi.org/10.1007/s10570-016-0928-8,,NoSIcitedall12pages,"CottonDIwater24hremoveimpurities,dry60C40min. AlternatePHMGPandSPB0.5wtpercentaqueousfirst5mineachtosurfaceactivate,subsequent1mineachdipuntil5/10/20bilayers;eachimmersionfollowed1minwaterwashand60C40mindry. PHMGP25wtpercentstockDP>60;SPB0.22Na2O.B2O3.nH2O;nativebath0.5wtpercentnotstock",Initialpreparedstate,Initialpreparedfabric;depositionwaterwashnotdurabilitywash,2016
