DOI,LOI_instrument,LOI_locator,LOI_pct,LOI_standard,R400_pct,R500_pct,R550_pct,R600_pct,R650_pct,R700_pct,R750_pct,R800_pct,T10_C,T1_C,T20_C,T40_C,T50_C,T5_C,T80_C,TGA_instrument,TG_end_C,TG_locator,TG_start_C,Tmax1_C,Tmax2_C,Tmax3_C,Tmax4_C,Tonset_C,atmosphere,char_pct,char_temp_C,composition,direct_numeric_use,evidence_reviewed_at,evidence_reviewed_by,heating_rate_C_min,journal,limitations,material_category,material_form,material_form_LOI,material_form_TGA,native_sample_label,numeric_evidence_type,pairing_evidence,pairing_status,publication_type,publication_type_evidence,residue_at_Tmax1_pct,residue_at_Tmax2_pct,residue_at_Tmax3_pct,residue_at_Tmax_pct,residue_pct,residue_temp_C,review_disposition,reviewed_measurement_fingerprint,sample_state,source_BTCA_wt_bath_pct,source_ChitP_wt_bath_pct,source_LOI_dimensions_cm,source_LOI_dimensions_mm,source_LOI_dimensions_repeats,source_LOI_instrument,source_LOI_repeats,source_SHP_wt_bath_pct,source_TG_atmosphere,source_TG_mass_mg,source_TG_method,source_TG_native_label,source_TG_pan,source_TG_pan_flow,source_TG_specimen_preparation,source_TiO2_wt_bath_pct,source_addon_definition,source_addon_pct,source_bath_concentration_limit,source_document_version,source_location,source_metric_limit,source_raw_LOI,source_raw_MLR_pct_per_C,source_raw_TG,source_raw_Table2_R700_pct,source_raw_Table2_Td1_pct_C,source_raw_Table2_Tmax_C,source_raw_Table5_Td1_pct_C,source_raw_Table5_Tmax_C,source_raw_Tmax_C,source_raw_generic_decomposition_C,source_raw_generic_onset_C,source_raw_loss750_pct,source_raw_weight_loss_pct,source_raw_weight_loss_temperature,source_second_loss_approx_C,source_thickness_limit,source_title,source_url,source_water_loss_interval_C,supplement_review_status,treatment_method,treatment_state,washing_state,year
10.1002/pat.6162,"Dynisco300800,ConceptEquipmentUK",OwnTable3PDFp6printed3622,20,ASTMD2863-97,,,,,,6.5,,,,,,,,,,"STA8000,PerkinElmer",730,OwnTable5PDFp10printed3626/controlR700prosep10;maincompositeTGp4printed3620,50,,,,,,N2,6.5,700,Own100gPLA+15gjute;noconversiontopresumedcompositewtpercent,TG+LOI,2026-10-03,Codex complete primary text review;one primary reviewer,20,Polymers for Advanced Technologies,"Complete14primarytextpages;2023vol34p3617-3630. Own4filmstackedPLA/jutecompositesLOI20/35.5/23.5/34.1Table3p6joinownTable5p10T1nativeTd1percent/Tmax/R700. CONTROLTableT1292vsprosep9Td1373CONFLICT:canonicalcontrolT1/Tmaxblank,explicitR7006.5only;other3T1281/280/265,Tmax370/379/375,R70017.3/6/19.3. MethodcompositesN220C/min50-730CSTA80005-10mgliquidN2cutmaintainstackedform;panunreportedNOTborrowedfiberaluminapan;700charnot730end;MLR2.6/1.6/2.5/1.3percentperCnotheatingrate. 3layers114gsmplainjuteXitaotao/10PLAfilms;matrix100gPLAor80gPLA20gIFR(APP:triazine4:1);fiber15g;PCOC1.5gwhenmodified,10percentfibermassnotcompositewtfraction. PCOCethanol1:5spray70C1hvacuummethodsynthesisref30recipeunreported. Film185C0.2mm/stack185C6mincool8min3mmfinalmold. LOIASTMD2863-97130x6.5x3.2mmDynisco300800;LOIrepsunknownUL94fiveatleastnotborrowed;native3mmmoldvs3.2mmtestsizesretained. TwofreefabricTGTable2groupsheldNOLOI;fiberTd1/TmaxprosemisdescribesdirectionandvaluesnotjoinedtocompositeLOI. Table4CCTchar1.9/18.2/4/18.6notR700. Noestimatednumbers. LocalHTMLidentifies4officialSIvideos;unviewedpertextonlypreference,noSImeasurementsused.",jute_fabric_composite,"Film-stacked PLA/jute woven fabric composite sheet,threejute/tenPLAfilmlayers;notfreefabric","Film-stacked PLA/jute woven fabric composite sheet,threejute/tenPLAfilmlayers;notfreefabric","Film-stacked PLA/jute woven fabric composite sheet,threejute/tenPLAfilmlayers;notfreefabric",PLA/F,explicit_text,Ownsamefilm-stackedPLA/jutegroupTable3LOI20/35.5/23.5/34.1joinsTable5explicitR7006.5/17.3/6/19.3;maincompositeN220C/min50-730C5-10mgliquidN2cutmaintainstackedform. ControlTd1/Tmaxlabelconflictleftcanonicalblank;otherthreeTd1/Tmaxconsistentwithprose. FiberTGnotjoined;conecharseparate;700pointnot730endpoint;compositepanunreportednotborrowed. Full14primarytextpages;4officialSIvideolinksidentifiedlocalHTMLbutunviewedandunusedpertextonlypreference.,verified_exact,journal_article,Own DOI/title/materials/all primary text pages reviewed,,,,,6.5,700,source_review_approved,294e7ef076583a92ae93186dc71f9558900bd3dcfc77cac5134f1c18e0939c19,PLA/F,,,,130x6.5x3.2,,,Unreported;UL94fiveatleastnotborrowed,,,5-10,,,,Unreportedforcomposites;notborrowedfiberaluminacrucible,LiquidN2immersion/cutmaintainstackedstructure,,,,,Complete publisher primary original,Ownpreparation/Table1PDFp2-3;LOImethodp4/Table3p6;TGmethodp4/Table5p10,ControlTableTd1=292/Tmax373versusprosep9Td1=373;canonicalcontrolT1/Tmaxblank,,2.6,,,,,292,373,,,,,,,,Nativefinalmold3mmversusLOIspecimen3.2mmreported;notcorrected,Jute woven fabric modified by phosphorus‐containing organosilicon compound reinforced flame retardant polylactic acid composites with enhanced flame retardant and mechanical properties,https://doi.org/10.1002/pat.6162,,4officialSIvideosidentifiedlocalHTML;unviewedpertextonlypreference;noSImeasurementsused,Juteplain114gsmXitaotao;PCOC10percentfibermass/ethanol1:5spray70C1hvacuumbeforestackwhenmodified;matrixPLAor80PLA20IFR(APP:triazine4:1)dry120C6h/blend190C8min60rpm;films185C0.2mm/stack185C6mincool8min3mmmold,Initial own native group,Initial0durabilitycycles;preparationwash separate,2023
10.1002/pat.6162,"Dynisco300800,ConceptEquipmentUK",OwnTable3PDFp6printed3622,35.5,ASTMD2863-97,,,,,,17.3,,,,281,,,,,,"STA8000,PerkinElmer",730,OwnTable5PDFp10printed3626/controlR700prosep10;maincompositeTGp4printed3620,50,370,,,,,N2,17.3,700,Own80gPLA+20gIFR(APP:triazine4:1)+15gjute;noconversiontopresumedcompositewtpercent,TG+LOI,2026-10-03,Codex complete primary text review;one primary reviewer,20,Polymers for Advanced Technologies,"Complete14primarytextpages;2023vol34p3617-3630. Own4filmstackedPLA/jutecompositesLOI20/35.5/23.5/34.1Table3p6joinownTable5p10T1nativeTd1percent/Tmax/R700. CONTROLTableT1292vsprosep9Td1373CONFLICT:canonicalcontrolT1/Tmaxblank,explicitR7006.5only;other3T1281/280/265,Tmax370/379/375,R70017.3/6/19.3. MethodcompositesN220C/min50-730CSTA80005-10mgliquidN2cutmaintainstackedform;panunreportedNOTborrowedfiberaluminapan;700charnot730end;MLR2.6/1.6/2.5/1.3percentperCnotheatingrate. 3layers114gsmplainjuteXitaotao/10PLAfilms;matrix100gPLAor80gPLA20gIFR(APP:triazine4:1);fiber15g;PCOC1.5gwhenmodified,10percentfibermassnotcompositewtfraction. PCOCethanol1:5spray70C1hvacuummethodsynthesisref30recipeunreported. Film185C0.2mm/stack185C6mincool8min3mmfinalmold. LOIASTMD2863-97130x6.5x3.2mmDynisco300800;LOIrepsunknownUL94fiveatleastnotborrowed;native3mmmoldvs3.2mmtestsizesretained. TwofreefabricTGTable2groupsheldNOLOI;fiberTd1/TmaxprosemisdescribesdirectionandvaluesnotjoinedtocompositeLOI. Table4CCTchar1.9/18.2/4/18.6notR700. Noestimatednumbers. LocalHTMLidentifies4officialSIvideos;unviewedpertextonlypreference,noSImeasurementsused.",jute_fabric_composite,"Film-stacked PLA/jute woven fabric composite sheet,threejute/tenPLAfilmlayers;notfreefabric","Film-stacked PLA/jute woven fabric composite sheet,threejute/tenPLAfilmlayers;notfreefabric","Film-stacked PLA/jute woven fabric composite sheet,threejute/tenPLAfilmlayers;notfreefabric",FRPLA/F,explicit_text,Ownsamefilm-stackedPLA/jutegroupTable3LOI20/35.5/23.5/34.1joinsTable5explicitR7006.5/17.3/6/19.3;maincompositeN220C/min50-730C5-10mgliquidN2cutmaintainstackedform. ControlTd1/Tmaxlabelconflictleftcanonicalblank;otherthreeTd1/Tmaxconsistentwithprose. FiberTGnotjoined;conecharseparate;700pointnot730endpoint;compositepanunreportednotborrowed. Full14primarytextpages;4officialSIvideolinksidentifiedlocalHTMLbutunviewedandunusedpertextonlypreference.,verified_exact,journal_article,Own DOI/title/materials/all primary text pages reviewed,,,,,17.3,700,source_review_approved,a1250304602f9515eb93673c9f8ce1cf9431ea840b8e5da3ff2afaa817e93d8f,FRPLA/F,,,,130x6.5x3.2,,,Unreported;UL94fiveatleastnotborrowed,,,5-10,,,,Unreportedforcomposites;notborrowedfiberaluminacrucible,LiquidN2immersion/cutmaintainstackedstructure,,,,,Complete publisher primary original,Ownpreparation/Table1PDFp2-3;LOImethodp4/Table3p6;TGmethodp4/Table5p10,NativeTd1percentrecordedT1notT5/T10/genericonset;MLRnotheatingrate,,1.6,,,,,281,370,,,,,,,,Nativefinalmold3mmversusLOIspecimen3.2mmreported;notcorrected,Jute woven fabric modified by phosphorus‐containing organosilicon compound reinforced flame retardant polylactic acid composites with enhanced flame retardant and mechanical properties,https://doi.org/10.1002/pat.6162,,4officialSIvideosidentifiedlocalHTML;unviewedpertextonlypreference;noSImeasurementsused,Juteplain114gsmXitaotao;PCOC10percentfibermass/ethanol1:5spray70C1hvacuumbeforestackwhenmodified;matrixPLAor80PLA20IFR(APP:triazine4:1)dry120C6h/blend190C8min60rpm;films185C0.2mm/stack185C6mincool8min3mmmold,Initial own native group,Initial0durabilitycycles;preparationwash separate,2023
10.1002/pat.6162,"Dynisco300800,ConceptEquipmentUK",OwnTable3PDFp6printed3622,23.5,ASTMD2863-97,,,,,,6.0,,,,280,,,,,,"STA8000,PerkinElmer",730,OwnTable5PDFp10printed3626/controlR700prosep10;maincompositeTGp4printed3620,50,379,,,,,N2,6.0,700,Own100gPLA+15gjute+1.5gPCOC;noconversiontopresumedcompositewtpercent,TG+LOI,2026-10-03,Codex complete primary text review;one primary reviewer,20,Polymers for Advanced Technologies,"Complete14primarytextpages;2023vol34p3617-3630. Own4filmstackedPLA/jutecompositesLOI20/35.5/23.5/34.1Table3p6joinownTable5p10T1nativeTd1percent/Tmax/R700. CONTROLTableT1292vsprosep9Td1373CONFLICT:canonicalcontrolT1/Tmaxblank,explicitR7006.5only;other3T1281/280/265,Tmax370/379/375,R70017.3/6/19.3. MethodcompositesN220C/min50-730CSTA80005-10mgliquidN2cutmaintainstackedform;panunreportedNOTborrowedfiberaluminapan;700charnot730end;MLR2.6/1.6/2.5/1.3percentperCnotheatingrate. 3layers114gsmplainjuteXitaotao/10PLAfilms;matrix100gPLAor80gPLA20gIFR(APP:triazine4:1);fiber15g;PCOC1.5gwhenmodified,10percentfibermassnotcompositewtfraction. PCOCethanol1:5spray70C1hvacuummethodsynthesisref30recipeunreported. Film185C0.2mm/stack185C6mincool8min3mmfinalmold. LOIASTMD2863-97130x6.5x3.2mmDynisco300800;LOIrepsunknownUL94fiveatleastnotborrowed;native3mmmoldvs3.2mmtestsizesretained. TwofreefabricTGTable2groupsheldNOLOI;fiberTd1/TmaxprosemisdescribesdirectionandvaluesnotjoinedtocompositeLOI. Table4CCTchar1.9/18.2/4/18.6notR700. Noestimatednumbers. LocalHTMLidentifies4officialSIvideos;unviewedpertextonlypreference,noSImeasurementsused.",jute_fabric_composite,"Film-stacked PLA/jute woven fabric composite sheet,threejute/tenPLAfilmlayers;notfreefabric","Film-stacked PLA/jute woven fabric composite sheet,threejute/tenPLAfilmlayers;notfreefabric","Film-stacked PLA/jute woven fabric composite sheet,threejute/tenPLAfilmlayers;notfreefabric",PLA/PC-F,explicit_text,Ownsamefilm-stackedPLA/jutegroupTable3LOI20/35.5/23.5/34.1joinsTable5explicitR7006.5/17.3/6/19.3;maincompositeN220C/min50-730C5-10mgliquidN2cutmaintainstackedform. ControlTd1/Tmaxlabelconflictleftcanonicalblank;otherthreeTd1/Tmaxconsistentwithprose. FiberTGnotjoined;conecharseparate;700pointnot730endpoint;compositepanunreportednotborrowed. Full14primarytextpages;4officialSIvideolinksidentifiedlocalHTMLbutunviewedandunusedpertextonlypreference.,verified_exact,journal_article,Own DOI/title/materials/all primary text pages reviewed,,,,,6.0,700,source_review_approved,f5d7f06878bf31ea76e540fc31871c77c0ddf653efc8b477f914a7045a3326c6,PLA/PC-F,,,,130x6.5x3.2,,,Unreported;UL94fiveatleastnotborrowed,,,5-10,,,,Unreportedforcomposites;notborrowedfiberaluminacrucible,LiquidN2immersion/cutmaintainstackedstructure,,,,,Complete publisher primary original,Ownpreparation/Table1PDFp2-3;LOImethodp4/Table3p6;TGmethodp4/Table5p10,NativeTd1percentrecordedT1notT5/T10/genericonset;MLRnotheatingrate,,2.5,,,,,280,379,,,,,,,,Nativefinalmold3mmversusLOIspecimen3.2mmreported;notcorrected,Jute woven fabric modified by phosphorus‐containing organosilicon compound reinforced flame retardant polylactic acid composites with enhanced flame retardant and mechanical properties,https://doi.org/10.1002/pat.6162,,4officialSIvideosidentifiedlocalHTML;unviewedpertextonlypreference;noSImeasurementsused,Juteplain114gsmXitaotao;PCOC10percentfibermass/ethanol1:5spray70C1hvacuumbeforestackwhenmodified;matrixPLAor80PLA20IFR(APP:triazine4:1)dry120C6h/blend190C8min60rpm;films185C0.2mm/stack185C6mincool8min3mmmold,Initial own native group,Initial0durabilitycycles;preparationwash separate,2023
10.1002/pat.6162,"Dynisco300800,ConceptEquipmentUK",OwnTable3PDFp6printed3622,34.1,ASTMD2863-97,,,,,,19.3,,,,265,,,,,,"STA8000,PerkinElmer",730,OwnTable5PDFp10printed3626/controlR700prosep10;maincompositeTGp4printed3620,50,375,,,,,N2,19.3,700,Own80gPLA+20gIFR(APP:triazine4:1)+15gjute+1.5gPCOC;noconversiontopresumedcompositewtpercent,TG+LOI,2026-10-03,Codex complete primary text review;one primary reviewer,20,Polymers for Advanced Technologies,"Complete14primarytextpages;2023vol34p3617-3630. Own4filmstackedPLA/jutecompositesLOI20/35.5/23.5/34.1Table3p6joinownTable5p10T1nativeTd1percent/Tmax/R700. CONTROLTableT1292vsprosep9Td1373CONFLICT:canonicalcontrolT1/Tmaxblank,explicitR7006.5only;other3T1281/280/265,Tmax370/379/375,R70017.3/6/19.3. MethodcompositesN220C/min50-730CSTA80005-10mgliquidN2cutmaintainstackedform;panunreportedNOTborrowedfiberaluminapan;700charnot730end;MLR2.6/1.6/2.5/1.3percentperCnotheatingrate. 3layers114gsmplainjuteXitaotao/10PLAfilms;matrix100gPLAor80gPLA20gIFR(APP:triazine4:1);fiber15g;PCOC1.5gwhenmodified,10percentfibermassnotcompositewtfraction. PCOCethanol1:5spray70C1hvacuummethodsynthesisref30recipeunreported. Film185C0.2mm/stack185C6mincool8min3mmfinalmold. LOIASTMD2863-97130x6.5x3.2mmDynisco300800;LOIrepsunknownUL94fiveatleastnotborrowed;native3mmmoldvs3.2mmtestsizesretained. TwofreefabricTGTable2groupsheldNOLOI;fiberTd1/TmaxprosemisdescribesdirectionandvaluesnotjoinedtocompositeLOI. Table4CCTchar1.9/18.2/4/18.6notR700. Noestimatednumbers. LocalHTMLidentifies4officialSIvideos;unviewedpertextonlypreference,noSImeasurementsused.",jute_fabric_composite,"Film-stacked PLA/jute woven fabric composite sheet,threejute/tenPLAfilmlayers;notfreefabric","Film-stacked PLA/jute woven fabric composite sheet,threejute/tenPLAfilmlayers;notfreefabric","Film-stacked PLA/jute woven fabric composite sheet,threejute/tenPLAfilmlayers;notfreefabric",FRPLA/PC-F,explicit_text,Ownsamefilm-stackedPLA/jutegroupTable3LOI20/35.5/23.5/34.1joinsTable5explicitR7006.5/17.3/6/19.3;maincompositeN220C/min50-730C5-10mgliquidN2cutmaintainstackedform. ControlTd1/Tmaxlabelconflictleftcanonicalblank;otherthreeTd1/Tmaxconsistentwithprose. FiberTGnotjoined;conecharseparate;700pointnot730endpoint;compositepanunreportednotborrowed. Full14primarytextpages;4officialSIvideolinksidentifiedlocalHTMLbutunviewedandunusedpertextonlypreference.,verified_exact,journal_article,Own DOI/title/materials/all primary text pages reviewed,,,,,19.3,700,source_review_approved,d1432988250cb9f1531b58f5df7788560f2ca18fd648769d64aab1431558a297,FRPLA/PC-F,,,,130x6.5x3.2,,,Unreported;UL94fiveatleastnotborrowed,,,5-10,,,,Unreportedforcomposites;notborrowedfiberaluminacrucible,LiquidN2immersion/cutmaintainstackedstructure,,,,,Complete publisher primary original,Ownpreparation/Table1PDFp2-3;LOImethodp4/Table3p6;TGmethodp4/Table5p10,NativeTd1percentrecordedT1notT5/T10/genericonset;MLRnotheatingrate,,1.3,,,,,265,375,,,,,,,,Nativefinalmold3mmversusLOIspecimen3.2mmreported;notcorrected,Jute woven fabric modified by phosphorus‐containing organosilicon compound reinforced flame retardant polylactic acid composites with enhanced flame retardant and mechanical properties,https://doi.org/10.1002/pat.6162,,4officialSIvideosidentifiedlocalHTML;unviewedpertextonlypreference;noSImeasurementsused,Juteplain114gsmXitaotao;PCOC10percentfibermass/ethanol1:5spray70C1hvacuumbeforestackwhenmodified;matrixPLAor80PLA20IFR(APP:triazine4:1)dry120C6h/blend190C8min60rpm;films185C0.2mm/stack185C6mincool8min3mmmold,Initial own native group,Initial0durabilitycycles;preparationwash separate,2023
10.1002/pat.6162,,FreefabricLOIunreported;Table3compositesnotborrowed,,,,,,,,,,,,,,,,,,,,OwnTable2PDFp5printed3621,,,,,,,,,,Ownfreejute,Raw source facts only,2026-10-03,Codex complete primary text review;one primary reviewer,,Polymers for Advanced Technologies,"Complete14primarytextpages;2023vol34p3617-3630. Own4filmstackedPLA/jutecompositesLOI20/35.5/23.5/34.1Table3p6joinownTable5p10T1nativeTd1percent/Tmax/R700. CONTROLTableT1292vsprosep9Td1373CONFLICT:canonicalcontrolT1/Tmaxblank,explicitR7006.5only;other3T1281/280/265,Tmax370/379/375,R70017.3/6/19.3. MethodcompositesN220C/min50-730CSTA80005-10mgliquidN2cutmaintainstackedform;panunreportedNOTborrowedfiberaluminapan;700charnot730end;MLR2.6/1.6/2.5/1.3percentperCnotheatingrate. 3layers114gsmplainjuteXitaotao/10PLAfilms;matrix100gPLAor80gPLA20gIFR(APP:triazine4:1);fiber15g;PCOC1.5gwhenmodified,10percentfibermassnotcompositewtfraction. PCOCethanol1:5spray70C1hvacuummethodsynthesisref30recipeunreported. Film185C0.2mm/stack185C6mincool8min3mmfinalmold. LOIASTMD2863-97130x6.5x3.2mmDynisco300800;LOIrepsunknownUL94fiveatleastnotborrowed;native3mmmoldvs3.2mmtestsizesretained. TwofreefabricTGTable2groupsheldNOLOI;fiberTd1/TmaxprosemisdescribesdirectionandvaluesnotjoinedtocompositeLOI. Table4CCTchar1.9/18.2/4/18.6notR700. Noestimatednumbers. LocalHTMLidentifies4officialSIvideos;unviewedpertextonlypreference,noSImeasurementsused.",jute,"Free jute woven fabric,114g/m2,Xitaotao;notPLAcompositesheet","Free jute woven fabric,114g/m2,Xitaotao;notPLAcompositesheet","Free jute woven fabric,114g/m2,Xitaotao;notPLAcompositesheet",,held_source_facts,,held_free_jute_TG_without_own_fabric_LOI,journal_article,Own DOI/title/materials/all primary text pages reviewed,,,,,,,held_outside_verified_target,,F,,,,,,,,,,,,,Aluminacrucibleinfreefabricmethodonly,,,,,,,Complete publisher primary original,Ownfreefabricmethodp3/Table2p5,,,,,15.3,137,382,,,,,,,,,,,Jute woven fabric modified by phosphorus‐containing organosilicon compound reinforced flame retardant polylactic acid composites with enhanced flame retardant and mechanical properties,https://doi.org/10.1002/pat.6162,,4officialSIvideosidentifiedlocalHTML;unviewedpertextonlypreference;noSImeasurementsused,Ownwovenjutecontrol,Initial own native group,Initial0durabilitycycles;preparationwash separate,2023
10.1002/pat.6162,,FreefabricLOIunreported;Table3compositesnotborrowed,,,,,,,,,,,,,,,,,,,,OwnTable2PDFp5printed3621,,,,,,,,,,Ownfreejute+PCOC10percentfibermass,Raw source facts only,2026-10-03,Codex complete primary text review;one primary reviewer,,Polymers for Advanced Technologies,"Complete14primarytextpages;2023vol34p3617-3630. Own4filmstackedPLA/jutecompositesLOI20/35.5/23.5/34.1Table3p6joinownTable5p10T1nativeTd1percent/Tmax/R700. CONTROLTableT1292vsprosep9Td1373CONFLICT:canonicalcontrolT1/Tmaxblank,explicitR7006.5only;other3T1281/280/265,Tmax370/379/375,R70017.3/6/19.3. MethodcompositesN220C/min50-730CSTA80005-10mgliquidN2cutmaintainstackedform;panunreportedNOTborrowedfiberaluminapan;700charnot730end;MLR2.6/1.6/2.5/1.3percentperCnotheatingrate. 3layers114gsmplainjuteXitaotao/10PLAfilms;matrix100gPLAor80gPLA20gIFR(APP:triazine4:1);fiber15g;PCOC1.5gwhenmodified,10percentfibermassnotcompositewtfraction. PCOCethanol1:5spray70C1hvacuummethodsynthesisref30recipeunreported. Film185C0.2mm/stack185C6mincool8min3mmfinalmold. LOIASTMD2863-97130x6.5x3.2mmDynisco300800;LOIrepsunknownUL94fiveatleastnotborrowed;native3mmmoldvs3.2mmtestsizesretained. TwofreefabricTGTable2groupsheldNOLOI;fiberTd1/TmaxprosemisdescribesdirectionandvaluesnotjoinedtocompositeLOI. Table4CCTchar1.9/18.2/4/18.6notR700. Noestimatednumbers. LocalHTMLidentifies4officialSIvideos;unviewedpertextonlypreference,noSImeasurementsused.",jute,"Free jute woven fabric,114g/m2,Xitaotao;notPLAcompositesheet","Free jute woven fabric,114g/m2,Xitaotao;notPLAcompositesheet","Free jute woven fabric,114g/m2,Xitaotao;notPLAcompositesheet",,held_source_facts,,held_free_jute_TG_without_own_fabric_LOI,journal_article,Own DOI/title/materials/all primary text pages reviewed,,,,,,,held_outside_verified_target,,PC-F,,,,,,,,,,,,,Aluminacrucibleinfreefabricmethodonly,,,,,,,Complete publisher primary original,Ownfreefabricmethodp3/Table2p5,,,,,22.9,144,328,,,,,,,,,,,Jute woven fabric modified by phosphorus‐containing organosilicon compound reinforced flame retardant polylactic acid composites with enhanced flame retardant and mechanical properties,https://doi.org/10.1002/pat.6162,,4officialSIvideosidentifiedlocalHTML;unviewedpertextonlypreference;noSImeasurementsused,PCOC10percentfibermass/ethanol1:5spray70C1hvacuummethod,Initial own native group,Initial0durabilitycycles;preparationwash separate,2023
10.1016/j.carbpol.2014.11.007,,OwnLOIprosePDFp4printed86/Fig3,17.4,ASTMD2863-08,,,,,,,,,,,,,,,,,,OwnFig5/prosePDFp5printed87,,,,,,,,,,Ownplaincottoncontrol,Raw source facts only,2026-10-03,Codex complete primary text review;one primary reviewer,,Carbohydrate Polymers,"Complete8primarytextpages;2015vol118p83-90not2014online/copyrightyear. Own230gsmplaincottonMisrMehalaEgypt. Bathpercentw/wexplicit;2dip2nip100percentpickup85C3mindry/secondTi baththen160C2mincure;methodp2alltreatedpropertiesafter10homewashdrycyclesAATCC1999technicalreport,abstractmethods5cyclesconflictretainednochosenwashcount. LOIASTMD2863-085specimens5x15cm,instrumentunreported. MainPyris1N210C/min50-600C8mg100mL/minplatinumpan03190264. Fig3aTi1.5/3/5/7/9w4BTCA6ChitP4SHP;Fig3bSHP3/4/5/6/8w4BTCA4ChitP9Ti;Fig3cChitP2/3/4/5/6w4BTCA6SHP9Ti;allunannotatedLOIexceptownproseupper8SHP22.7/6ChitP23andcontrol17.4. ThoseexplicitupperLOIgroupshaveSHP8/6vsTG4andChitP4/6;notborrowedfor4SHP6ChitPTG. TGFig5labels5groupscontrol/2depChit/2depChit9Ti/6ChitP9Ti4BTCA4SHP/6ChitP4BTCA4SHP;prosep5temperaturelists300/310/290/260vslaterproseswapslabels,notdefinedT5/T10/Tonset/Tmax. Weightloss66.6/77.35/63.834/44.85/40.91TEMPunknown,notconvertedtoR600orchar. 20uniqueformulationfactsALLHELD:control1+3Fig3series15+BTCA4SHP4and6ChitP4BTCA4SHPgroups2+depChitgroups2. FulltextnoSIcited;noimageviews/noestimates.",cotton,"Desized/scoured/bleached plain cotton fabric,230g/m2,MisrMehalaElKobraEgypt","Desized/scoured/bleached plain cotton fabric,230g/m2,MisrMehalaElKobraEgypt","Desized/scoured/bleached plain cotton fabric,230g/m2,MisrMehalaElKobraEgypt",,held_source_facts,,held_control_TG_metric_definition_and_loss_temperature_unresolved,journal_article,Own DOI/title/materials/all primary text pages reviewed,,,,,,,held_outside_verified_target,,ControlCotton,,,5x15,,,Unreported,5,,,,Pyris1N210C/min50-600C8mg100mL/minplatinumpan03190264,,,,,,,,,Complete publisher primary original,Ownprep/washPDFp2printed84;LOI/TGmethodsPDFp4printed86;Figs3-5andthermalprosePDFp5printed87,Unclassifieddecompositiontemperaturesandcontradictorysampleorder;weightlosstemperatureunreportednotconvertedtoR600;curvesunannotatednotestimated,,,,,,,,,,310,,,66.6,Unreported,,,Eco-friendly finishing agent for cotton fabrics to improve flame retardant and antibacterial properties,https://doi.org/10.1016/j.carbpol.2014.11.007,,NoSIcitedincompleteprimarytext,Bathpercentw/wexplicit;2dip2nip100percentpickup85C3mindry/secondTi bath/160C2mincure;washcountsourceconflict5abstractversus10methodnotresolved,Ownmeasurementstatewashcountunresolved,Source5cyclesversus10homewashdrycyclesAATCC1999technicalreport;notchosen,2015
10.1016/j.carbpol.2014.11.007,,OwnFig3aPDFp5unannotated,,ASTMD2863-08,,,,,,,,,,,,,,,,,,OwnFig5cPDFp5onlyTi9group;otherdosesnoTG,,,,,,,,,,Own6wtpercentChitP/4wtpercentBTCA/4wtpercentSHP/1.5wtpercentTiO2bath,Raw source facts only,2026-10-03,Codex complete primary text review;one primary reviewer,,Carbohydrate Polymers,"Complete8primarytextpages;2015vol118p83-90not2014online/copyrightyear. Own230gsmplaincottonMisrMehalaEgypt. Bathpercentw/wexplicit;2dip2nip100percentpickup85C3mindry/secondTi baththen160C2mincure;methodp2alltreatedpropertiesafter10homewashdrycyclesAATCC1999technicalreport,abstractmethods5cyclesconflictretainednochosenwashcount. LOIASTMD2863-085specimens5x15cm,instrumentunreported. MainPyris1N210C/min50-600C8mg100mL/minplatinumpan03190264. Fig3aTi1.5/3/5/7/9w4BTCA6ChitP4SHP;Fig3bSHP3/4/5/6/8w4BTCA4ChitP9Ti;Fig3cChitP2/3/4/5/6w4BTCA6SHP9Ti;allunannotatedLOIexceptownproseupper8SHP22.7/6ChitP23andcontrol17.4. ThoseexplicitupperLOIgroupshaveSHP8/6vsTG4andChitP4/6;notborrowedfor4SHP6ChitPTG. TGFig5labels5groupscontrol/2depChit/2depChit9Ti/6ChitP9Ti4BTCA4SHP/6ChitP4BTCA4SHP;prosep5temperaturelists300/310/290/260vslaterproseswapslabels,notdefinedT5/T10/Tonset/Tmax. Weightloss66.6/77.35/63.834/44.85/40.91TEMPunknown,notconvertedtoR600orchar. 20uniqueformulationfactsALLHELD:control1+3Fig3series15+BTCA4SHP4and6ChitP4BTCA4SHPgroups2+depChitgroups2. FulltextnoSIcited;noimageviews/noestimates.",cotton,"Desized/scoured/bleached plain cotton fabric,230g/m2,MisrMehalaElKobraEgypt","Desized/scoured/bleached plain cotton fabric,230g/m2,MisrMehalaElKobraEgypt","Desized/scoured/bleached plain cotton fabric,230g/m2,MisrMehalaElKobraEgypt",,held_source_facts,,held_unannotated_Ti_series_LOI_and_TG_identity_or_metrics_unresolved,journal_article,Own DOI/title/materials/all primary text pages reviewed,,,,,,,held_outside_verified_target,,ChitP6BTCA4SHP4Ti1.5,4,6,5x15,,,Unreported,5,4,,,Pyris1N210C/min50-600C8mg100mL/minplatinumpan03190264,,,,,1.5,,,,Complete publisher primary original,Ownprep/washPDFp2printed84;LOI/TGmethodsPDFp4printed86;Figs3-5andthermalprosePDFp5printed87,Unclassifieddecompositiontemperaturesandcontradictorysampleorder;weightlosstemperatureunreportednotconvertedtoR600;curvesunannotatednotestimated,Unannotatedbarheightnotestimated,,,,,,,,,,,,,,,,Eco-friendly finishing agent for cotton fabrics to improve flame retardant and antibacterial properties,https://doi.org/10.1016/j.carbpol.2014.11.007,,NoSIcitedincompleteprimarytext,Bathpercentw/wexplicit;2dip2nip100percentpickup85C3mindry/secondTi bath/160C2mincure;washcountsourceconflict5abstractversus10methodnotresolved,Ownmeasurementstatewashcountunresolved,Source5cyclesversus10homewashdrycyclesAATCC1999technicalreport;notchosen,2015
10.1016/j.carbpol.2014.11.007,,OwnFig3aPDFp5unannotated,,ASTMD2863-08,,,,,,,,,,,,,,,,,,OwnFig5cPDFp5onlyTi9group;otherdosesnoTG,,,,,,,,,,Own6wtpercentChitP/4wtpercentBTCA/4wtpercentSHP/3wtpercentTiO2bath,Raw source facts only,2026-10-03,Codex complete primary text review;one primary reviewer,,Carbohydrate Polymers,"Complete8primarytextpages;2015vol118p83-90not2014online/copyrightyear. Own230gsmplaincottonMisrMehalaEgypt. Bathpercentw/wexplicit;2dip2nip100percentpickup85C3mindry/secondTi baththen160C2mincure;methodp2alltreatedpropertiesafter10homewashdrycyclesAATCC1999technicalreport,abstractmethods5cyclesconflictretainednochosenwashcount. LOIASTMD2863-085specimens5x15cm,instrumentunreported. MainPyris1N210C/min50-600C8mg100mL/minplatinumpan03190264. Fig3aTi1.5/3/5/7/9w4BTCA6ChitP4SHP;Fig3bSHP3/4/5/6/8w4BTCA4ChitP9Ti;Fig3cChitP2/3/4/5/6w4BTCA6SHP9Ti;allunannotatedLOIexceptownproseupper8SHP22.7/6ChitP23andcontrol17.4. ThoseexplicitupperLOIgroupshaveSHP8/6vsTG4andChitP4/6;notborrowedfor4SHP6ChitPTG. TGFig5labels5groupscontrol/2depChit/2depChit9Ti/6ChitP9Ti4BTCA4SHP/6ChitP4BTCA4SHP;prosep5temperaturelists300/310/290/260vslaterproseswapslabels,notdefinedT5/T10/Tonset/Tmax. Weightloss66.6/77.35/63.834/44.85/40.91TEMPunknown,notconvertedtoR600orchar. 20uniqueformulationfactsALLHELD:control1+3Fig3series15+BTCA4SHP4and6ChitP4BTCA4SHPgroups2+depChitgroups2. FulltextnoSIcited;noimageviews/noestimates.",cotton,"Desized/scoured/bleached plain cotton fabric,230g/m2,MisrMehalaElKobraEgypt","Desized/scoured/bleached plain cotton fabric,230g/m2,MisrMehalaElKobraEgypt","Desized/scoured/bleached plain cotton fabric,230g/m2,MisrMehalaElKobraEgypt",,held_source_facts,,held_unannotated_Ti_series_LOI_and_TG_identity_or_metrics_unresolved,journal_article,Own DOI/title/materials/all primary text pages reviewed,,,,,,,held_outside_verified_target,,ChitP6BTCA4SHP4Ti3,4,6,5x15,,,Unreported,5,4,,,Pyris1N210C/min50-600C8mg100mL/minplatinumpan03190264,,,,,3,,,,Complete publisher primary original,Ownprep/washPDFp2printed84;LOI/TGmethodsPDFp4printed86;Figs3-5andthermalprosePDFp5printed87,Unclassifieddecompositiontemperaturesandcontradictorysampleorder;weightlosstemperatureunreportednotconvertedtoR600;curvesunannotatednotestimated,Unannotatedbarheightnotestimated,,,,,,,,,,,,,,,,Eco-friendly finishing agent for cotton fabrics to improve flame retardant and antibacterial properties,https://doi.org/10.1016/j.carbpol.2014.11.007,,NoSIcitedincompleteprimarytext,Bathpercentw/wexplicit;2dip2nip100percentpickup85C3mindry/secondTi bath/160C2mincure;washcountsourceconflict5abstractversus10methodnotresolved,Ownmeasurementstatewashcountunresolved,Source5cyclesversus10homewashdrycyclesAATCC1999technicalreport;notchosen,2015
10.1016/j.carbpol.2014.11.007,,OwnFig3aPDFp5unannotated,,ASTMD2863-08,,,,,,,,,,,,,,,,,,OwnFig5cPDFp5onlyTi9group;otherdosesnoTG,,,,,,,,,,Own6wtpercentChitP/4wtpercentBTCA/4wtpercentSHP/5wtpercentTiO2bath,Raw source facts only,2026-10-03,Codex complete primary text review;one primary reviewer,,Carbohydrate Polymers,"Complete8primarytextpages;2015vol118p83-90not2014online/copyrightyear. Own230gsmplaincottonMisrMehalaEgypt. Bathpercentw/wexplicit;2dip2nip100percentpickup85C3mindry/secondTi baththen160C2mincure;methodp2alltreatedpropertiesafter10homewashdrycyclesAATCC1999technicalreport,abstractmethods5cyclesconflictretainednochosenwashcount. LOIASTMD2863-085specimens5x15cm,instrumentunreported. MainPyris1N210C/min50-600C8mg100mL/minplatinumpan03190264. Fig3aTi1.5/3/5/7/9w4BTCA6ChitP4SHP;Fig3bSHP3/4/5/6/8w4BTCA4ChitP9Ti;Fig3cChitP2/3/4/5/6w4BTCA6SHP9Ti;allunannotatedLOIexceptownproseupper8SHP22.7/6ChitP23andcontrol17.4. ThoseexplicitupperLOIgroupshaveSHP8/6vsTG4andChitP4/6;notborrowedfor4SHP6ChitPTG. TGFig5labels5groupscontrol/2depChit/2depChit9Ti/6ChitP9Ti4BTCA4SHP/6ChitP4BTCA4SHP;prosep5temperaturelists300/310/290/260vslaterproseswapslabels,notdefinedT5/T10/Tonset/Tmax. Weightloss66.6/77.35/63.834/44.85/40.91TEMPunknown,notconvertedtoR600orchar. 20uniqueformulationfactsALLHELD:control1+3Fig3series15+BTCA4SHP4and6ChitP4BTCA4SHPgroups2+depChitgroups2. FulltextnoSIcited;noimageviews/noestimates.",cotton,"Desized/scoured/bleached plain cotton fabric,230g/m2,MisrMehalaElKobraEgypt","Desized/scoured/bleached plain cotton fabric,230g/m2,MisrMehalaElKobraEgypt","Desized/scoured/bleached plain cotton fabric,230g/m2,MisrMehalaElKobraEgypt",,held_source_facts,,held_unannotated_Ti_series_LOI_and_TG_identity_or_metrics_unresolved,journal_article,Own DOI/title/materials/all primary text pages reviewed,,,,,,,held_outside_verified_target,,ChitP6BTCA4SHP4Ti5,4,6,5x15,,,Unreported,5,4,,,Pyris1N210C/min50-600C8mg100mL/minplatinumpan03190264,,,,,5,,,,Complete publisher primary original,Ownprep/washPDFp2printed84;LOI/TGmethodsPDFp4printed86;Figs3-5andthermalprosePDFp5printed87,Unclassifieddecompositiontemperaturesandcontradictorysampleorder;weightlosstemperatureunreportednotconvertedtoR600;curvesunannotatednotestimated,Unannotatedbarheightnotestimated,,,,,,,,,,,,,,,,Eco-friendly finishing agent for cotton fabrics to improve flame retardant and antibacterial properties,https://doi.org/10.1016/j.carbpol.2014.11.007,,NoSIcitedincompleteprimarytext,Bathpercentw/wexplicit;2dip2nip100percentpickup85C3mindry/secondTi bath/160C2mincure;washcountsourceconflict5abstractversus10methodnotresolved,Ownmeasurementstatewashcountunresolved,Source5cyclesversus10homewashdrycyclesAATCC1999technicalreport;notchosen,2015
10.1016/j.carbpol.2014.11.007,,OwnFig3aPDFp5unannotated,,ASTMD2863-08,,,,,,,,,,,,,,,,,,OwnFig5cPDFp5onlyTi9group;otherdosesnoTG,,,,,,,,,,Own6wtpercentChitP/4wtpercentBTCA/4wtpercentSHP/7wtpercentTiO2bath,Raw source facts only,2026-10-03,Codex complete primary text review;one primary reviewer,,Carbohydrate Polymers,"Complete8primarytextpages;2015vol118p83-90not2014online/copyrightyear. Own230gsmplaincottonMisrMehalaEgypt. Bathpercentw/wexplicit;2dip2nip100percentpickup85C3mindry/secondTi baththen160C2mincure;methodp2alltreatedpropertiesafter10homewashdrycyclesAATCC1999technicalreport,abstractmethods5cyclesconflictretainednochosenwashcount. LOIASTMD2863-085specimens5x15cm,instrumentunreported. MainPyris1N210C/min50-600C8mg100mL/minplatinumpan03190264. Fig3aTi1.5/3/5/7/9w4BTCA6ChitP4SHP;Fig3bSHP3/4/5/6/8w4BTCA4ChitP9Ti;Fig3cChitP2/3/4/5/6w4BTCA6SHP9Ti;allunannotatedLOIexceptownproseupper8SHP22.7/6ChitP23andcontrol17.4. ThoseexplicitupperLOIgroupshaveSHP8/6vsTG4andChitP4/6;notborrowedfor4SHP6ChitPTG. TGFig5labels5groupscontrol/2depChit/2depChit9Ti/6ChitP9Ti4BTCA4SHP/6ChitP4BTCA4SHP;prosep5temperaturelists300/310/290/260vslaterproseswapslabels,notdefinedT5/T10/Tonset/Tmax. Weightloss66.6/77.35/63.834/44.85/40.91TEMPunknown,notconvertedtoR600orchar. 20uniqueformulationfactsALLHELD:control1+3Fig3series15+BTCA4SHP4and6ChitP4BTCA4SHPgroups2+depChitgroups2. FulltextnoSIcited;noimageviews/noestimates.",cotton,"Desized/scoured/bleached plain cotton fabric,230g/m2,MisrMehalaElKobraEgypt","Desized/scoured/bleached plain cotton fabric,230g/m2,MisrMehalaElKobraEgypt","Desized/scoured/bleached plain cotton fabric,230g/m2,MisrMehalaElKobraEgypt",,held_source_facts,,held_unannotated_Ti_series_LOI_and_TG_identity_or_metrics_unresolved,journal_article,Own DOI/title/materials/all primary text pages reviewed,,,,,,,held_outside_verified_target,,ChitP6BTCA4SHP4Ti7,4,6,5x15,,,Unreported,5,4,,,Pyris1N210C/min50-600C8mg100mL/minplatinumpan03190264,,,,,7,,,,Complete publisher primary original,Ownprep/washPDFp2printed84;LOI/TGmethodsPDFp4printed86;Figs3-5andthermalprosePDFp5printed87,Unclassifieddecompositiontemperaturesandcontradictorysampleorder;weightlosstemperatureunreportednotconvertedtoR600;curvesunannotatednotestimated,Unannotatedbarheightnotestimated,,,,,,,,,,,,,,,,Eco-friendly finishing agent for cotton fabrics to improve flame retardant and antibacterial properties,https://doi.org/10.1016/j.carbpol.2014.11.007,,NoSIcitedincompleteprimarytext,Bathpercentw/wexplicit;2dip2nip100percentpickup85C3mindry/secondTi bath/160C2mincure;washcountsourceconflict5abstractversus10methodnotresolved,Ownmeasurementstatewashcountunresolved,Source5cyclesversus10homewashdrycyclesAATCC1999technicalreport;notchosen,2015
10.1016/j.carbpol.2014.11.007,,OwnFig3aPDFp5unannotated,,ASTMD2863-08,,,,,,,,,,,,,,,,,,OwnFig5cPDFp5onlyTi9group;otherdosesnoTG,,,,,,,,,,Own6wtpercentChitP/4wtpercentBTCA/4wtpercentSHP/9wtpercentTiO2bath,Raw source facts only,2026-10-03,Codex complete primary text review;one primary reviewer,,Carbohydrate Polymers,"Complete8primarytextpages;2015vol118p83-90not2014online/copyrightyear. Own230gsmplaincottonMisrMehalaEgypt. Bathpercentw/wexplicit;2dip2nip100percentpickup85C3mindry/secondTi baththen160C2mincure;methodp2alltreatedpropertiesafter10homewashdrycyclesAATCC1999technicalreport,abstractmethods5cyclesconflictretainednochosenwashcount. LOIASTMD2863-085specimens5x15cm,instrumentunreported. MainPyris1N210C/min50-600C8mg100mL/minplatinumpan03190264. Fig3aTi1.5/3/5/7/9w4BTCA6ChitP4SHP;Fig3bSHP3/4/5/6/8w4BTCA4ChitP9Ti;Fig3cChitP2/3/4/5/6w4BTCA6SHP9Ti;allunannotatedLOIexceptownproseupper8SHP22.7/6ChitP23andcontrol17.4. ThoseexplicitupperLOIgroupshaveSHP8/6vsTG4andChitP4/6;notborrowedfor4SHP6ChitPTG. TGFig5labels5groupscontrol/2depChit/2depChit9Ti/6ChitP9Ti4BTCA4SHP/6ChitP4BTCA4SHP;prosep5temperaturelists300/310/290/260vslaterproseswapslabels,notdefinedT5/T10/Tonset/Tmax. Weightloss66.6/77.35/63.834/44.85/40.91TEMPunknown,notconvertedtoR600orchar. 20uniqueformulationfactsALLHELD:control1+3Fig3series15+BTCA4SHP4and6ChitP4BTCA4SHPgroups2+depChitgroups2. FulltextnoSIcited;noimageviews/noestimates.",cotton,"Desized/scoured/bleached plain cotton fabric,230g/m2,MisrMehalaElKobraEgypt","Desized/scoured/bleached plain cotton fabric,230g/m2,MisrMehalaElKobraEgypt","Desized/scoured/bleached plain cotton fabric,230g/m2,MisrMehalaElKobraEgypt",,held_source_facts,,held_unannotated_Ti_series_LOI_and_TG_identity_or_metrics_unresolved,journal_article,Own DOI/title/materials/all primary text pages reviewed,,,,,,,held_outside_verified_target,,ChitP6BTCA4SHP4Ti9,4,6,5x15,,,Unreported,5,4,,,Pyris1N210C/min50-600C8mg100mL/minplatinumpan03190264,Fig5c6percentChitP9percentTi4percentBTCA4percentSHP,,,,9,,,,Complete publisher primary original,Ownprep/washPDFp2printed84;LOI/TGmethodsPDFp4printed86;Figs3-5andthermalprosePDFp5printed87,Unclassifieddecompositiontemperaturesandcontradictorysampleorder;weightlosstemperatureunreportednotconvertedtoR600;curvesunannotatednotestimated,Unannotatedbarheightnotestimated,,,,,,,,,Proselist290/alternateparagraph260;assignmentunresolved,,,44.85,Unreported,,,Eco-friendly finishing agent for cotton fabrics to improve flame retardant and antibacterial properties,https://doi.org/10.1016/j.carbpol.2014.11.007,,NoSIcitedincompleteprimarytext,Bathpercentw/wexplicit;2dip2nip100percentpickup85C3mindry/secondTi bath/160C2mincure;washcountsourceconflict5abstractversus10methodnotresolved,Ownmeasurementstatewashcountunresolved,Source5cyclesversus10homewashdrycyclesAATCC1999technicalreport;notchosen,2015
10.1016/j.carbpol.2014.11.007,,OwnFig3bPDFp5/prosePDFp4upperSHP8=22.7,,ASTMD2863-08,,,,,,,,,,,,,,,,,,"OwnFig5ChitP6/SHP4,notthisrecipe",,,,,,,,,,Own4wtpercentChitP/4wtpercentBTCA/3wtpercentSHP/9wtpercentTiO2bath,Raw source facts only,2026-10-03,Codex complete primary text review;one primary reviewer,,Carbohydrate Polymers,"Complete8primarytextpages;2015vol118p83-90not2014online/copyrightyear. Own230gsmplaincottonMisrMehalaEgypt. Bathpercentw/wexplicit;2dip2nip100percentpickup85C3mindry/secondTi baththen160C2mincure;methodp2alltreatedpropertiesafter10homewashdrycyclesAATCC1999technicalreport,abstractmethods5cyclesconflictretainednochosenwashcount. LOIASTMD2863-085specimens5x15cm,instrumentunreported. MainPyris1N210C/min50-600C8mg100mL/minplatinumpan03190264. Fig3aTi1.5/3/5/7/9w4BTCA6ChitP4SHP;Fig3bSHP3/4/5/6/8w4BTCA4ChitP9Ti;Fig3cChitP2/3/4/5/6w4BTCA6SHP9Ti;allunannotatedLOIexceptownproseupper8SHP22.7/6ChitP23andcontrol17.4. ThoseexplicitupperLOIgroupshaveSHP8/6vsTG4andChitP4/6;notborrowedfor4SHP6ChitPTG. TGFig5labels5groupscontrol/2depChit/2depChit9Ti/6ChitP9Ti4BTCA4SHP/6ChitP4BTCA4SHP;prosep5temperaturelists300/310/290/260vslaterproseswapslabels,notdefinedT5/T10/Tonset/Tmax. Weightloss66.6/77.35/63.834/44.85/40.91TEMPunknown,notconvertedtoR600orchar. 20uniqueformulationfactsALLHELD:control1+3Fig3series15+BTCA4SHP4and6ChitP4BTCA4SHPgroups2+depChitgroups2. FulltextnoSIcited;noimageviews/noestimates.",cotton,"Desized/scoured/bleached plain cotton fabric,230g/m2,MisrMehalaElKobraEgypt","Desized/scoured/bleached plain cotton fabric,230g/m2,MisrMehalaElKobraEgypt","Desized/scoured/bleached plain cotton fabric,230g/m2,MisrMehalaElKobraEgypt",,held_source_facts,,held_SHP_series_LOI_without_corresponding_recipe_TG,journal_article,Own DOI/title/materials/all primary text pages reviewed,,,,,,,held_outside_verified_target,,ChitP4BTCA4SHP3Ti9,4,4,5x15,,,Unreported,5,3,,,Pyris1N210C/min50-600C8mg100mL/minplatinumpan03190264,,,,,9,,,,Complete publisher primary original,Ownprep/washPDFp2printed84;LOI/TGmethodsPDFp4printed86;Figs3-5andthermalprosePDFp5printed87,Unclassifieddecompositiontemperaturesandcontradictorysampleorder;weightlosstemperatureunreportednotconvertedtoR600;curvesunannotatednotestimated,Onlyupper8SHP22.7explicit;otherunannotatedvaluesnotestimated,,,,,,,,,,,,,,,,Eco-friendly finishing agent for cotton fabrics to improve flame retardant and antibacterial properties,https://doi.org/10.1016/j.carbpol.2014.11.007,,NoSIcitedincompleteprimarytext,Bathpercentw/wexplicit;2dip2nip100percentpickup85C3mindry/secondTi bath/160C2mincure;washcountsourceconflict5abstractversus10methodnotresolved,Ownmeasurementstatewashcountunresolved,Source5cyclesversus10homewashdrycyclesAATCC1999technicalreport;notchosen,2015
10.1016/j.carbpol.2014.11.007,,OwnFig3bPDFp5/prosePDFp4upperSHP8=22.7,,ASTMD2863-08,,,,,,,,,,,,,,,,,,"OwnFig5ChitP6/SHP4,notthisrecipe",,,,,,,,,,Own4wtpercentChitP/4wtpercentBTCA/4wtpercentSHP/9wtpercentTiO2bath,Raw source facts only,2026-10-03,Codex complete primary text review;one primary reviewer,,Carbohydrate Polymers,"Complete8primarytextpages;2015vol118p83-90not2014online/copyrightyear. Own230gsmplaincottonMisrMehalaEgypt. Bathpercentw/wexplicit;2dip2nip100percentpickup85C3mindry/secondTi baththen160C2mincure;methodp2alltreatedpropertiesafter10homewashdrycyclesAATCC1999technicalreport,abstractmethods5cyclesconflictretainednochosenwashcount. LOIASTMD2863-085specimens5x15cm,instrumentunreported. MainPyris1N210C/min50-600C8mg100mL/minplatinumpan03190264. Fig3aTi1.5/3/5/7/9w4BTCA6ChitP4SHP;Fig3bSHP3/4/5/6/8w4BTCA4ChitP9Ti;Fig3cChitP2/3/4/5/6w4BTCA6SHP9Ti;allunannotatedLOIexceptownproseupper8SHP22.7/6ChitP23andcontrol17.4. ThoseexplicitupperLOIgroupshaveSHP8/6vsTG4andChitP4/6;notborrowedfor4SHP6ChitPTG. TGFig5labels5groupscontrol/2depChit/2depChit9Ti/6ChitP9Ti4BTCA4SHP/6ChitP4BTCA4SHP;prosep5temperaturelists300/310/290/260vslaterproseswapslabels,notdefinedT5/T10/Tonset/Tmax. Weightloss66.6/77.35/63.834/44.85/40.91TEMPunknown,notconvertedtoR600orchar. 20uniqueformulationfactsALLHELD:control1+3Fig3series15+BTCA4SHP4and6ChitP4BTCA4SHPgroups2+depChitgroups2. FulltextnoSIcited;noimageviews/noestimates.",cotton,"Desized/scoured/bleached plain cotton fabric,230g/m2,MisrMehalaElKobraEgypt","Desized/scoured/bleached plain cotton fabric,230g/m2,MisrMehalaElKobraEgypt","Desized/scoured/bleached plain cotton fabric,230g/m2,MisrMehalaElKobraEgypt",,held_source_facts,,held_SHP_series_LOI_without_corresponding_recipe_TG,journal_article,Own DOI/title/materials/all primary text pages reviewed,,,,,,,held_outside_verified_target,,ChitP4BTCA4SHP4Ti9,4,4,5x15,,,Unreported,5,4,,,Pyris1N210C/min50-600C8mg100mL/minplatinumpan03190264,,,,,9,,,,Complete publisher primary original,Ownprep/washPDFp2printed84;LOI/TGmethodsPDFp4printed86;Figs3-5andthermalprosePDFp5printed87,Unclassifieddecompositiontemperaturesandcontradictorysampleorder;weightlosstemperatureunreportednotconvertedtoR600;curvesunannotatednotestimated,Onlyupper8SHP22.7explicit;otherunannotatedvaluesnotestimated,,,,,,,,,,,,,,,,Eco-friendly finishing agent for cotton fabrics to improve flame retardant and antibacterial properties,https://doi.org/10.1016/j.carbpol.2014.11.007,,NoSIcitedincompleteprimarytext,Bathpercentw/wexplicit;2dip2nip100percentpickup85C3mindry/secondTi bath/160C2mincure;washcountsourceconflict5abstractversus10methodnotresolved,Ownmeasurementstatewashcountunresolved,Source5cyclesversus10homewashdrycyclesAATCC1999technicalreport;notchosen,2015
10.1016/j.carbpol.2014.11.007,,OwnFig3bPDFp5/prosePDFp4upperSHP8=22.7,,ASTMD2863-08,,,,,,,,,,,,,,,,,,"OwnFig5ChitP6/SHP4,notthisrecipe",,,,,,,,,,Own4wtpercentChitP/4wtpercentBTCA/5wtpercentSHP/9wtpercentTiO2bath,Raw source facts only,2026-10-03,Codex complete primary text review;one primary reviewer,,Carbohydrate Polymers,"Complete8primarytextpages;2015vol118p83-90not2014online/copyrightyear. Own230gsmplaincottonMisrMehalaEgypt. Bathpercentw/wexplicit;2dip2nip100percentpickup85C3mindry/secondTi baththen160C2mincure;methodp2alltreatedpropertiesafter10homewashdrycyclesAATCC1999technicalreport,abstractmethods5cyclesconflictretainednochosenwashcount. LOIASTMD2863-085specimens5x15cm,instrumentunreported. MainPyris1N210C/min50-600C8mg100mL/minplatinumpan03190264. Fig3aTi1.5/3/5/7/9w4BTCA6ChitP4SHP;Fig3bSHP3/4/5/6/8w4BTCA4ChitP9Ti;Fig3cChitP2/3/4/5/6w4BTCA6SHP9Ti;allunannotatedLOIexceptownproseupper8SHP22.7/6ChitP23andcontrol17.4. ThoseexplicitupperLOIgroupshaveSHP8/6vsTG4andChitP4/6;notborrowedfor4SHP6ChitPTG. TGFig5labels5groupscontrol/2depChit/2depChit9Ti/6ChitP9Ti4BTCA4SHP/6ChitP4BTCA4SHP;prosep5temperaturelists300/310/290/260vslaterproseswapslabels,notdefinedT5/T10/Tonset/Tmax. Weightloss66.6/77.35/63.834/44.85/40.91TEMPunknown,notconvertedtoR600orchar. 20uniqueformulationfactsALLHELD:control1+3Fig3series15+BTCA4SHP4and6ChitP4BTCA4SHPgroups2+depChitgroups2. FulltextnoSIcited;noimageviews/noestimates.",cotton,"Desized/scoured/bleached plain cotton fabric,230g/m2,MisrMehalaElKobraEgypt","Desized/scoured/bleached plain cotton fabric,230g/m2,MisrMehalaElKobraEgypt","Desized/scoured/bleached plain cotton fabric,230g/m2,MisrMehalaElKobraEgypt",,held_source_facts,,held_SHP_series_LOI_without_corresponding_recipe_TG,journal_article,Own DOI/title/materials/all primary text pages reviewed,,,,,,,held_outside_verified_target,,ChitP4BTCA4SHP5Ti9,4,4,5x15,,,Unreported,5,5,,,Pyris1N210C/min50-600C8mg100mL/minplatinumpan03190264,,,,,9,,,,Complete publisher primary original,Ownprep/washPDFp2printed84;LOI/TGmethodsPDFp4printed86;Figs3-5andthermalprosePDFp5printed87,Unclassifieddecompositiontemperaturesandcontradictorysampleorder;weightlosstemperatureunreportednotconvertedtoR600;curvesunannotatednotestimated,Onlyupper8SHP22.7explicit;otherunannotatedvaluesnotestimated,,,,,,,,,,,,,,,,Eco-friendly finishing agent for cotton fabrics to improve flame retardant and antibacterial properties,https://doi.org/10.1016/j.carbpol.2014.11.007,,NoSIcitedincompleteprimarytext,Bathpercentw/wexplicit;2dip2nip100percentpickup85C3mindry/secondTi bath/160C2mincure;washcountsourceconflict5abstractversus10methodnotresolved,Ownmeasurementstatewashcountunresolved,Source5cyclesversus10homewashdrycyclesAATCC1999technicalreport;notchosen,2015
10.1016/j.carbpol.2014.11.007,,OwnFig3bPDFp5/prosePDFp4upperSHP8=22.7,,ASTMD2863-08,,,,,,,,,,,,,,,,,,"OwnFig5ChitP6/SHP4,notthisrecipe",,,,,,,,,,Own4wtpercentChitP/4wtpercentBTCA/6wtpercentSHP/9wtpercentTiO2bath,Raw source facts only,2026-10-03,Codex complete primary text review;one primary reviewer,,Carbohydrate Polymers,"Complete8primarytextpages;2015vol118p83-90not2014online/copyrightyear. Own230gsmplaincottonMisrMehalaEgypt. Bathpercentw/wexplicit;2dip2nip100percentpickup85C3mindry/secondTi baththen160C2mincure;methodp2alltreatedpropertiesafter10homewashdrycyclesAATCC1999technicalreport,abstractmethods5cyclesconflictretainednochosenwashcount. LOIASTMD2863-085specimens5x15cm,instrumentunreported. MainPyris1N210C/min50-600C8mg100mL/minplatinumpan03190264. Fig3aTi1.5/3/5/7/9w4BTCA6ChitP4SHP;Fig3bSHP3/4/5/6/8w4BTCA4ChitP9Ti;Fig3cChitP2/3/4/5/6w4BTCA6SHP9Ti;allunannotatedLOIexceptownproseupper8SHP22.7/6ChitP23andcontrol17.4. ThoseexplicitupperLOIgroupshaveSHP8/6vsTG4andChitP4/6;notborrowedfor4SHP6ChitPTG. TGFig5labels5groupscontrol/2depChit/2depChit9Ti/6ChitP9Ti4BTCA4SHP/6ChitP4BTCA4SHP;prosep5temperaturelists300/310/290/260vslaterproseswapslabels,notdefinedT5/T10/Tonset/Tmax. Weightloss66.6/77.35/63.834/44.85/40.91TEMPunknown,notconvertedtoR600orchar. 20uniqueformulationfactsALLHELD:control1+3Fig3series15+BTCA4SHP4and6ChitP4BTCA4SHPgroups2+depChitgroups2. FulltextnoSIcited;noimageviews/noestimates.",cotton,"Desized/scoured/bleached plain cotton fabric,230g/m2,MisrMehalaElKobraEgypt","Desized/scoured/bleached plain cotton fabric,230g/m2,MisrMehalaElKobraEgypt","Desized/scoured/bleached plain cotton fabric,230g/m2,MisrMehalaElKobraEgypt",,held_source_facts,,held_SHP_series_LOI_without_corresponding_recipe_TG,journal_article,Own DOI/title/materials/all primary text pages reviewed,,,,,,,held_outside_verified_target,,ChitP4BTCA4SHP6Ti9,4,4,5x15,,,Unreported,5,6,,,Pyris1N210C/min50-600C8mg100mL/minplatinumpan03190264,,,,,9,,,,Complete publisher primary original,Ownprep/washPDFp2printed84;LOI/TGmethodsPDFp4printed86;Figs3-5andthermalprosePDFp5printed87,Unclassifieddecompositiontemperaturesandcontradictorysampleorder;weightlosstemperatureunreportednotconvertedtoR600;curvesunannotatednotestimated,Onlyupper8SHP22.7explicit;otherunannotatedvaluesnotestimated,,,,,,,,,,,,,,,,Eco-friendly finishing agent for cotton fabrics to improve flame retardant and antibacterial properties,https://doi.org/10.1016/j.carbpol.2014.11.007,,NoSIcitedincompleteprimarytext,Bathpercentw/wexplicit;2dip2nip100percentpickup85C3mindry/secondTi bath/160C2mincure;washcountsourceconflict5abstractversus10methodnotresolved,Ownmeasurementstatewashcountunresolved,Source5cyclesversus10homewashdrycyclesAATCC1999technicalreport;notchosen,2015
10.1016/j.carbpol.2014.11.007,,OwnFig3bPDFp5/prosePDFp4upperSHP8=22.7,22.7,ASTMD2863-08,,,,,,,,,,,,,,,,,,"OwnFig5ChitP6/SHP4,notthisrecipe",,,,,,,,,,Own4wtpercentChitP/4wtpercentBTCA/8wtpercentSHP/9wtpercentTiO2bath,Raw source facts only,2026-10-03,Codex complete primary text review;one primary reviewer,,Carbohydrate Polymers,"Complete8primarytextpages;2015vol118p83-90not2014online/copyrightyear. Own230gsmplaincottonMisrMehalaEgypt. Bathpercentw/wexplicit;2dip2nip100percentpickup85C3mindry/secondTi baththen160C2mincure;methodp2alltreatedpropertiesafter10homewashdrycyclesAATCC1999technicalreport,abstractmethods5cyclesconflictretainednochosenwashcount. LOIASTMD2863-085specimens5x15cm,instrumentunreported. MainPyris1N210C/min50-600C8mg100mL/minplatinumpan03190264. Fig3aTi1.5/3/5/7/9w4BTCA6ChitP4SHP;Fig3bSHP3/4/5/6/8w4BTCA4ChitP9Ti;Fig3cChitP2/3/4/5/6w4BTCA6SHP9Ti;allunannotatedLOIexceptownproseupper8SHP22.7/6ChitP23andcontrol17.4. ThoseexplicitupperLOIgroupshaveSHP8/6vsTG4andChitP4/6;notborrowedfor4SHP6ChitPTG. TGFig5labels5groupscontrol/2depChit/2depChit9Ti/6ChitP9Ti4BTCA4SHP/6ChitP4BTCA4SHP;prosep5temperaturelists300/310/290/260vslaterproseswapslabels,notdefinedT5/T10/Tonset/Tmax. Weightloss66.6/77.35/63.834/44.85/40.91TEMPunknown,notconvertedtoR600orchar. 20uniqueformulationfactsALLHELD:control1+3Fig3series15+BTCA4SHP4and6ChitP4BTCA4SHPgroups2+depChitgroups2. FulltextnoSIcited;noimageviews/noestimates.",cotton,"Desized/scoured/bleached plain cotton fabric,230g/m2,MisrMehalaElKobraEgypt","Desized/scoured/bleached plain cotton fabric,230g/m2,MisrMehalaElKobraEgypt","Desized/scoured/bleached plain cotton fabric,230g/m2,MisrMehalaElKobraEgypt",,held_source_facts,,held_SHP_series_LOI_without_corresponding_recipe_TG,journal_article,Own DOI/title/materials/all primary text pages reviewed,,,,,,,held_outside_verified_target,,ChitP4BTCA4SHP8Ti9,4,4,5x15,,,Unreported,5,8,,,Pyris1N210C/min50-600C8mg100mL/minplatinumpan03190264,,,,,9,,,,Complete publisher primary original,Ownprep/washPDFp2printed84;LOI/TGmethodsPDFp4printed86;Figs3-5andthermalprosePDFp5printed87,Unclassifieddecompositiontemperaturesandcontradictorysampleorder;weightlosstemperatureunreportednotconvertedtoR600;curvesunannotatednotestimated,Onlyupper8SHP22.7explicit;otherunannotatedvaluesnotestimated,,,,,,,,,,,,,,,,Eco-friendly finishing agent for cotton fabrics to improve flame retardant and antibacterial properties,https://doi.org/10.1016/j.carbpol.2014.11.007,,NoSIcitedincompleteprimarytext,Bathpercentw/wexplicit;2dip2nip100percentpickup85C3mindry/secondTi bath/160C2mincure;washcountsourceconflict5abstractversus10methodnotresolved,Ownmeasurementstatewashcountunresolved,Source5cyclesversus10homewashdrycyclesAATCC1999technicalreport;notchosen,2015
10.1016/j.carbpol.2014.11.007,,OwnFig3cPDFp5/prosePDFp4upperChitP6=23,,ASTMD2863-08,,,,,,,,,,,,,,,,,,OwnFig5SHP4not6;notthisrecipe,,,,,,,,,,Own2wtpercentChitP/4wtpercentBTCA/6wtpercentSHP/9wtpercentTiO2bath,Raw source facts only,2026-10-03,Codex complete primary text review;one primary reviewer,,Carbohydrate Polymers,"Complete8primarytextpages;2015vol118p83-90not2014online/copyrightyear. Own230gsmplaincottonMisrMehalaEgypt. Bathpercentw/wexplicit;2dip2nip100percentpickup85C3mindry/secondTi baththen160C2mincure;methodp2alltreatedpropertiesafter10homewashdrycyclesAATCC1999technicalreport,abstractmethods5cyclesconflictretainednochosenwashcount. LOIASTMD2863-085specimens5x15cm,instrumentunreported. MainPyris1N210C/min50-600C8mg100mL/minplatinumpan03190264. Fig3aTi1.5/3/5/7/9w4BTCA6ChitP4SHP;Fig3bSHP3/4/5/6/8w4BTCA4ChitP9Ti;Fig3cChitP2/3/4/5/6w4BTCA6SHP9Ti;allunannotatedLOIexceptownproseupper8SHP22.7/6ChitP23andcontrol17.4. ThoseexplicitupperLOIgroupshaveSHP8/6vsTG4andChitP4/6;notborrowedfor4SHP6ChitPTG. TGFig5labels5groupscontrol/2depChit/2depChit9Ti/6ChitP9Ti4BTCA4SHP/6ChitP4BTCA4SHP;prosep5temperaturelists300/310/290/260vslaterproseswapslabels,notdefinedT5/T10/Tonset/Tmax. Weightloss66.6/77.35/63.834/44.85/40.91TEMPunknown,notconvertedtoR600orchar. 20uniqueformulationfactsALLHELD:control1+3Fig3series15+BTCA4SHP4and6ChitP4BTCA4SHPgroups2+depChitgroups2. FulltextnoSIcited;noimageviews/noestimates.",cotton,"Desized/scoured/bleached plain cotton fabric,230g/m2,MisrMehalaElKobraEgypt","Desized/scoured/bleached plain cotton fabric,230g/m2,MisrMehalaElKobraEgypt","Desized/scoured/bleached plain cotton fabric,230g/m2,MisrMehalaElKobraEgypt",,held_source_facts,,held_ChitP_series_LOI_without_corresponding_SHP6_TG,journal_article,Own DOI/title/materials/all primary text pages reviewed,,,,,,,held_outside_verified_target,,ChitP2BTCA4SHP6Ti9,4,2,5x15,,,Unreported,5,6,,,Pyris1N210C/min50-600C8mg100mL/minplatinumpan03190264,,,,,9,,,,Complete publisher primary original,Ownprep/washPDFp2printed84;LOI/TGmethodsPDFp4printed86;Figs3-5andthermalprosePDFp5printed87,Unclassifieddecompositiontemperaturesandcontradictorysampleorder;weightlosstemperatureunreportednotconvertedtoR600;curvesunannotatednotestimated,OnlyupperChitP6/SHP6=23explicit;otherunannotatedvaluesnotestimated,,,,,,,,,,,,,,,,Eco-friendly finishing agent for cotton fabrics to improve flame retardant and antibacterial properties,https://doi.org/10.1016/j.carbpol.2014.11.007,,NoSIcitedincompleteprimarytext,Bathpercentw/wexplicit;2dip2nip100percentpickup85C3mindry/secondTi bath/160C2mincure;washcountsourceconflict5abstractversus10methodnotresolved,Ownmeasurementstatewashcountunresolved,Source5cyclesversus10homewashdrycyclesAATCC1999technicalreport;notchosen,2015
10.1016/j.carbpol.2014.11.007,,OwnFig3cPDFp5/prosePDFp4upperChitP6=23,,ASTMD2863-08,,,,,,,,,,,,,,,,,,OwnFig5SHP4not6;notthisrecipe,,,,,,,,,,Own3wtpercentChitP/4wtpercentBTCA/6wtpercentSHP/9wtpercentTiO2bath,Raw source facts only,2026-10-03,Codex complete primary text review;one primary reviewer,,Carbohydrate Polymers,"Complete8primarytextpages;2015vol118p83-90not2014online/copyrightyear. Own230gsmplaincottonMisrMehalaEgypt. Bathpercentw/wexplicit;2dip2nip100percentpickup85C3mindry/secondTi baththen160C2mincure;methodp2alltreatedpropertiesafter10homewashdrycyclesAATCC1999technicalreport,abstractmethods5cyclesconflictretainednochosenwashcount. LOIASTMD2863-085specimens5x15cm,instrumentunreported. MainPyris1N210C/min50-600C8mg100mL/minplatinumpan03190264. Fig3aTi1.5/3/5/7/9w4BTCA6ChitP4SHP;Fig3bSHP3/4/5/6/8w4BTCA4ChitP9Ti;Fig3cChitP2/3/4/5/6w4BTCA6SHP9Ti;allunannotatedLOIexceptownproseupper8SHP22.7/6ChitP23andcontrol17.4. ThoseexplicitupperLOIgroupshaveSHP8/6vsTG4andChitP4/6;notborrowedfor4SHP6ChitPTG. TGFig5labels5groupscontrol/2depChit/2depChit9Ti/6ChitP9Ti4BTCA4SHP/6ChitP4BTCA4SHP;prosep5temperaturelists300/310/290/260vslaterproseswapslabels,notdefinedT5/T10/Tonset/Tmax. Weightloss66.6/77.35/63.834/44.85/40.91TEMPunknown,notconvertedtoR600orchar. 20uniqueformulationfactsALLHELD:control1+3Fig3series15+BTCA4SHP4and6ChitP4BTCA4SHPgroups2+depChitgroups2. FulltextnoSIcited;noimageviews/noestimates.",cotton,"Desized/scoured/bleached plain cotton fabric,230g/m2,MisrMehalaElKobraEgypt","Desized/scoured/bleached plain cotton fabric,230g/m2,MisrMehalaElKobraEgypt","Desized/scoured/bleached plain cotton fabric,230g/m2,MisrMehalaElKobraEgypt",,held_source_facts,,held_ChitP_series_LOI_without_corresponding_SHP6_TG,journal_article,Own DOI/title/materials/all primary text pages reviewed,,,,,,,held_outside_verified_target,,ChitP3BTCA4SHP6Ti9,4,3,5x15,,,Unreported,5,6,,,Pyris1N210C/min50-600C8mg100mL/minplatinumpan03190264,,,,,9,,,,Complete publisher primary original,Ownprep/washPDFp2printed84;LOI/TGmethodsPDFp4printed86;Figs3-5andthermalprosePDFp5printed87,Unclassifieddecompositiontemperaturesandcontradictorysampleorder;weightlosstemperatureunreportednotconvertedtoR600;curvesunannotatednotestimated,OnlyupperChitP6/SHP6=23explicit;otherunannotatedvaluesnotestimated,,,,,,,,,,,,,,,,Eco-friendly finishing agent for cotton fabrics to improve flame retardant and antibacterial properties,https://doi.org/10.1016/j.carbpol.2014.11.007,,NoSIcitedincompleteprimarytext,Bathpercentw/wexplicit;2dip2nip100percentpickup85C3mindry/secondTi bath/160C2mincure;washcountsourceconflict5abstractversus10methodnotresolved,Ownmeasurementstatewashcountunresolved,Source5cyclesversus10homewashdrycyclesAATCC1999technicalreport;notchosen,2015
10.1016/j.carbpol.2014.11.007,,OwnFig3cPDFp5/prosePDFp4upperChitP6=23,,ASTMD2863-08,,,,,,,,,,,,,,,,,,OwnFig5SHP4not6;notthisrecipe,,,,,,,,,,Own4wtpercentChitP/4wtpercentBTCA/6wtpercentSHP/9wtpercentTiO2bath,Raw source facts only,2026-10-03,Codex complete primary text review;one primary reviewer,,Carbohydrate Polymers,"Complete8primarytextpages;2015vol118p83-90not2014online/copyrightyear. Own230gsmplaincottonMisrMehalaEgypt. Bathpercentw/wexplicit;2dip2nip100percentpickup85C3mindry/secondTi baththen160C2mincure;methodp2alltreatedpropertiesafter10homewashdrycyclesAATCC1999technicalreport,abstractmethods5cyclesconflictretainednochosenwashcount. LOIASTMD2863-085specimens5x15cm,instrumentunreported. MainPyris1N210C/min50-600C8mg100mL/minplatinumpan03190264. Fig3aTi1.5/3/5/7/9w4BTCA6ChitP4SHP;Fig3bSHP3/4/5/6/8w4BTCA4ChitP9Ti;Fig3cChitP2/3/4/5/6w4BTCA6SHP9Ti;allunannotatedLOIexceptownproseupper8SHP22.7/6ChitP23andcontrol17.4. ThoseexplicitupperLOIgroupshaveSHP8/6vsTG4andChitP4/6;notborrowedfor4SHP6ChitPTG. TGFig5labels5groupscontrol/2depChit/2depChit9Ti/6ChitP9Ti4BTCA4SHP/6ChitP4BTCA4SHP;prosep5temperaturelists300/310/290/260vslaterproseswapslabels,notdefinedT5/T10/Tonset/Tmax. Weightloss66.6/77.35/63.834/44.85/40.91TEMPunknown,notconvertedtoR600orchar. 20uniqueformulationfactsALLHELD:control1+3Fig3series15+BTCA4SHP4and6ChitP4BTCA4SHPgroups2+depChitgroups2. FulltextnoSIcited;noimageviews/noestimates.",cotton,"Desized/scoured/bleached plain cotton fabric,230g/m2,MisrMehalaElKobraEgypt","Desized/scoured/bleached plain cotton fabric,230g/m2,MisrMehalaElKobraEgypt","Desized/scoured/bleached plain cotton fabric,230g/m2,MisrMehalaElKobraEgypt",,held_source_facts,,held_ChitP_series_LOI_without_corresponding_SHP6_TG,journal_article,Own DOI/title/materials/all primary text pages reviewed,,,,,,,held_outside_verified_target,,ChitP4BTCA4SHP6Ti9,4,4,5x15,,,Unreported,5,6,,,Pyris1N210C/min50-600C8mg100mL/minplatinumpan03190264,,,,,9,,,,Complete publisher primary original,Ownprep/washPDFp2printed84;LOI/TGmethodsPDFp4printed86;Figs3-5andthermalprosePDFp5printed87,Unclassifieddecompositiontemperaturesandcontradictorysampleorder;weightlosstemperatureunreportednotconvertedtoR600;curvesunannotatednotestimated,OnlyupperChitP6/SHP6=23explicit;otherunannotatedvaluesnotestimated,,,,,,,,,,,,,,,,Eco-friendly finishing agent for cotton fabrics to improve flame retardant and antibacterial properties,https://doi.org/10.1016/j.carbpol.2014.11.007,,NoSIcitedincompleteprimarytext,Bathpercentw/wexplicit;2dip2nip100percentpickup85C3mindry/secondTi bath/160C2mincure;washcountsourceconflict5abstractversus10methodnotresolved,Ownmeasurementstatewashcountunresolved,Source5cyclesversus10homewashdrycyclesAATCC1999technicalreport;notchosen,2015
10.1016/j.carbpol.2014.11.007,,OwnFig3cPDFp5/prosePDFp4upperChitP6=23,,ASTMD2863-08,,,,,,,,,,,,,,,,,,OwnFig5SHP4not6;notthisrecipe,,,,,,,,,,Own5wtpercentChitP/4wtpercentBTCA/6wtpercentSHP/9wtpercentTiO2bath,Raw source facts only,2026-10-03,Codex complete primary text review;one primary reviewer,,Carbohydrate Polymers,"Complete8primarytextpages;2015vol118p83-90not2014online/copyrightyear. Own230gsmplaincottonMisrMehalaEgypt. Bathpercentw/wexplicit;2dip2nip100percentpickup85C3mindry/secondTi baththen160C2mincure;methodp2alltreatedpropertiesafter10homewashdrycyclesAATCC1999technicalreport,abstractmethods5cyclesconflictretainednochosenwashcount. LOIASTMD2863-085specimens5x15cm,instrumentunreported. MainPyris1N210C/min50-600C8mg100mL/minplatinumpan03190264. Fig3aTi1.5/3/5/7/9w4BTCA6ChitP4SHP;Fig3bSHP3/4/5/6/8w4BTCA4ChitP9Ti;Fig3cChitP2/3/4/5/6w4BTCA6SHP9Ti;allunannotatedLOIexceptownproseupper8SHP22.7/6ChitP23andcontrol17.4. ThoseexplicitupperLOIgroupshaveSHP8/6vsTG4andChitP4/6;notborrowedfor4SHP6ChitPTG. TGFig5labels5groupscontrol/2depChit/2depChit9Ti/6ChitP9Ti4BTCA4SHP/6ChitP4BTCA4SHP;prosep5temperaturelists300/310/290/260vslaterproseswapslabels,notdefinedT5/T10/Tonset/Tmax. Weightloss66.6/77.35/63.834/44.85/40.91TEMPunknown,notconvertedtoR600orchar. 20uniqueformulationfactsALLHELD:control1+3Fig3series15+BTCA4SHP4and6ChitP4BTCA4SHPgroups2+depChitgroups2. FulltextnoSIcited;noimageviews/noestimates.",cotton,"Desized/scoured/bleached plain cotton fabric,230g/m2,MisrMehalaElKobraEgypt","Desized/scoured/bleached plain cotton fabric,230g/m2,MisrMehalaElKobraEgypt","Desized/scoured/bleached plain cotton fabric,230g/m2,MisrMehalaElKobraEgypt",,held_source_facts,,held_ChitP_series_LOI_without_corresponding_SHP6_TG,journal_article,Own DOI/title/materials/all primary text pages reviewed,,,,,,,held_outside_verified_target,,ChitP5BTCA4SHP6Ti9,4,5,5x15,,,Unreported,5,6,,,Pyris1N210C/min50-600C8mg100mL/minplatinumpan03190264,,,,,9,,,,Complete publisher primary original,Ownprep/washPDFp2printed84;LOI/TGmethodsPDFp4printed86;Figs3-5andthermalprosePDFp5printed87,Unclassifieddecompositiontemperaturesandcontradictorysampleorder;weightlosstemperatureunreportednotconvertedtoR600;curvesunannotatednotestimated,OnlyupperChitP6/SHP6=23explicit;otherunannotatedvaluesnotestimated,,,,,,,,,,,,,,,,Eco-friendly finishing agent for cotton fabrics to improve flame retardant and antibacterial properties,https://doi.org/10.1016/j.carbpol.2014.11.007,,NoSIcitedincompleteprimarytext,Bathpercentw/wexplicit;2dip2nip100percentpickup85C3mindry/secondTi bath/160C2mincure;washcountsourceconflict5abstractversus10methodnotresolved,Ownmeasurementstatewashcountunresolved,Source5cyclesversus10homewashdrycyclesAATCC1999technicalreport;notchosen,2015
10.1016/j.carbpol.2014.11.007,,OwnFig3cPDFp5/prosePDFp4upperChitP6=23,23,ASTMD2863-08,,,,,,,,,,,,,,,,,,OwnFig5SHP4not6;notthisrecipe,,,,,,,,,,Own6wtpercentChitP/4wtpercentBTCA/6wtpercentSHP/9wtpercentTiO2bath,Raw source facts only,2026-10-03,Codex complete primary text review;one primary reviewer,,Carbohydrate Polymers,"Complete8primarytextpages;2015vol118p83-90not2014online/copyrightyear. Own230gsmplaincottonMisrMehalaEgypt. Bathpercentw/wexplicit;2dip2nip100percentpickup85C3mindry/secondTi baththen160C2mincure;methodp2alltreatedpropertiesafter10homewashdrycyclesAATCC1999technicalreport,abstractmethods5cyclesconflictretainednochosenwashcount. LOIASTMD2863-085specimens5x15cm,instrumentunreported. MainPyris1N210C/min50-600C8mg100mL/minplatinumpan03190264. Fig3aTi1.5/3/5/7/9w4BTCA6ChitP4SHP;Fig3bSHP3/4/5/6/8w4BTCA4ChitP9Ti;Fig3cChitP2/3/4/5/6w4BTCA6SHP9Ti;allunannotatedLOIexceptownproseupper8SHP22.7/6ChitP23andcontrol17.4. ThoseexplicitupperLOIgroupshaveSHP8/6vsTG4andChitP4/6;notborrowedfor4SHP6ChitPTG. TGFig5labels5groupscontrol/2depChit/2depChit9Ti/6ChitP9Ti4BTCA4SHP/6ChitP4BTCA4SHP;prosep5temperaturelists300/310/290/260vslaterproseswapslabels,notdefinedT5/T10/Tonset/Tmax. Weightloss66.6/77.35/63.834/44.85/40.91TEMPunknown,notconvertedtoR600orchar. 20uniqueformulationfactsALLHELD:control1+3Fig3series15+BTCA4SHP4and6ChitP4BTCA4SHPgroups2+depChitgroups2. FulltextnoSIcited;noimageviews/noestimates.",cotton,"Desized/scoured/bleached plain cotton fabric,230g/m2,MisrMehalaElKobraEgypt","Desized/scoured/bleached plain cotton fabric,230g/m2,MisrMehalaElKobraEgypt","Desized/scoured/bleached plain cotton fabric,230g/m2,MisrMehalaElKobraEgypt",,held_source_facts,,held_ChitP_series_LOI_without_corresponding_SHP6_TG,journal_article,Own DOI/title/materials/all primary text pages reviewed,,,,,,,held_outside_verified_target,,ChitP6BTCA4SHP6Ti9,4,6,5x15,,,Unreported,5,6,,,Pyris1N210C/min50-600C8mg100mL/minplatinumpan03190264,,,,,9,,,,Complete publisher primary original,Ownprep/washPDFp2printed84;LOI/TGmethodsPDFp4printed86;Figs3-5andthermalprosePDFp5printed87,Unclassifieddecompositiontemperaturesandcontradictorysampleorder;weightlosstemperatureunreportednotconvertedtoR600;curvesunannotatednotestimated,OnlyupperChitP6/SHP6=23explicit;otherunannotatedvaluesnotestimated,,,,,,,,,,,,,,,,Eco-friendly finishing agent for cotton fabrics to improve flame retardant and antibacterial properties,https://doi.org/10.1016/j.carbpol.2014.11.007,,NoSIcitedincompleteprimarytext,Bathpercentw/wexplicit;2dip2nip100percentpickup85C3mindry/secondTi bath/160C2mincure;washcountsourceconflict5abstractversus10methodnotresolved,Ownmeasurementstatewashcountunresolved,Source5cyclesversus10homewashdrycyclesAATCC1999technicalreport;notchosen,2015
10.1016/j.carbpol.2014.11.007,,OwnFig4b/cPDFp5unannotated,,ASTMD2863-08,,,,,,,,,,,,,,,,,,OwnFig5dPDFp5for6ChitP;BTCA/SHPonlyTGunreported,,,,,,,,,,Own0wtpercentChitP/4wtpercentBTCA/4wtpercentSHP/noTiO2bath,Raw source facts only,2026-10-03,Codex complete primary text review;one primary reviewer,,Carbohydrate Polymers,"Complete8primarytextpages;2015vol118p83-90not2014online/copyrightyear. Own230gsmplaincottonMisrMehalaEgypt. Bathpercentw/wexplicit;2dip2nip100percentpickup85C3mindry/secondTi baththen160C2mincure;methodp2alltreatedpropertiesafter10homewashdrycyclesAATCC1999technicalreport,abstractmethods5cyclesconflictretainednochosenwashcount. LOIASTMD2863-085specimens5x15cm,instrumentunreported. MainPyris1N210C/min50-600C8mg100mL/minplatinumpan03190264. Fig3aTi1.5/3/5/7/9w4BTCA6ChitP4SHP;Fig3bSHP3/4/5/6/8w4BTCA4ChitP9Ti;Fig3cChitP2/3/4/5/6w4BTCA6SHP9Ti;allunannotatedLOIexceptownproseupper8SHP22.7/6ChitP23andcontrol17.4. ThoseexplicitupperLOIgroupshaveSHP8/6vsTG4andChitP4/6;notborrowedfor4SHP6ChitPTG. TGFig5labels5groupscontrol/2depChit/2depChit9Ti/6ChitP9Ti4BTCA4SHP/6ChitP4BTCA4SHP;prosep5temperaturelists300/310/290/260vslaterproseswapslabels,notdefinedT5/T10/Tonset/Tmax. Weightloss66.6/77.35/63.834/44.85/40.91TEMPunknown,notconvertedtoR600orchar. 20uniqueformulationfactsALLHELD:control1+3Fig3series15+BTCA4SHP4and6ChitP4BTCA4SHPgroups2+depChitgroups2. FulltextnoSIcited;noimageviews/noestimates.",cotton,"Desized/scoured/bleached plain cotton fabric,230g/m2,MisrMehalaElKobraEgypt","Desized/scoured/bleached plain cotton fabric,230g/m2,MisrMehalaElKobraEgypt","Desized/scoured/bleached plain cotton fabric,230g/m2,MisrMehalaElKobraEgypt",,held_source_facts,,held_Fig4_unannotated_LOI_and_TG_metric_assignment_unresolved,journal_article,Own DOI/title/materials/all primary text pages reviewed,,,,,,,held_outside_verified_target,,BTCA4SHP4,4,0,5x15,,,Unreported,5,4,,,Pyris1N210C/min50-600C8mg100mL/minplatinumpan03190264,,,,,0,,,,Complete publisher primary original,Ownprep/washPDFp2printed84;LOI/TGmethodsPDFp4printed86;Figs3-5andthermalprosePDFp5printed87,Unclassifieddecompositiontemperaturesandcontradictorysampleorder;weightlosstemperatureunreportednotconvertedtoR600;curvesunannotatednotestimated,UnannotatedFig4curve,,,,,,,,,,,,,,,,Eco-friendly finishing agent for cotton fabrics to improve flame retardant and antibacterial properties,https://doi.org/10.1016/j.carbpol.2014.11.007,,NoSIcitedincompleteprimarytext,Bathpercentw/wexplicit;2dip2nip100percentpickup85C3mindry/secondTi bath/160C2mincure;washcountsourceconflict5abstractversus10methodnotresolved,Ownmeasurementstatewashcountunresolved,Source5cyclesversus10homewashdrycyclesAATCC1999technicalreport;notchosen,2015
10.1016/j.carbpol.2014.11.007,,OwnFig4b/cPDFp5unannotated,,ASTMD2863-08,,,,,,,,,,,,,,,,,,OwnFig5dPDFp5for6ChitP;BTCA/SHPonlyTGunreported,,,,,,,,,,Own6wtpercentChitP/4wtpercentBTCA/4wtpercentSHP/noTiO2bath,Raw source facts only,2026-10-03,Codex complete primary text review;one primary reviewer,,Carbohydrate Polymers,"Complete8primarytextpages;2015vol118p83-90not2014online/copyrightyear. Own230gsmplaincottonMisrMehalaEgypt. Bathpercentw/wexplicit;2dip2nip100percentpickup85C3mindry/secondTi baththen160C2mincure;methodp2alltreatedpropertiesafter10homewashdrycyclesAATCC1999technicalreport,abstractmethods5cyclesconflictretainednochosenwashcount. LOIASTMD2863-085specimens5x15cm,instrumentunreported. MainPyris1N210C/min50-600C8mg100mL/minplatinumpan03190264. Fig3aTi1.5/3/5/7/9w4BTCA6ChitP4SHP;Fig3bSHP3/4/5/6/8w4BTCA4ChitP9Ti;Fig3cChitP2/3/4/5/6w4BTCA6SHP9Ti;allunannotatedLOIexceptownproseupper8SHP22.7/6ChitP23andcontrol17.4. ThoseexplicitupperLOIgroupshaveSHP8/6vsTG4andChitP4/6;notborrowedfor4SHP6ChitPTG. TGFig5labels5groupscontrol/2depChit/2depChit9Ti/6ChitP9Ti4BTCA4SHP/6ChitP4BTCA4SHP;prosep5temperaturelists300/310/290/260vslaterproseswapslabels,notdefinedT5/T10/Tonset/Tmax. Weightloss66.6/77.35/63.834/44.85/40.91TEMPunknown,notconvertedtoR600orchar. 20uniqueformulationfactsALLHELD:control1+3Fig3series15+BTCA4SHP4and6ChitP4BTCA4SHPgroups2+depChitgroups2. FulltextnoSIcited;noimageviews/noestimates.",cotton,"Desized/scoured/bleached plain cotton fabric,230g/m2,MisrMehalaElKobraEgypt","Desized/scoured/bleached plain cotton fabric,230g/m2,MisrMehalaElKobraEgypt","Desized/scoured/bleached plain cotton fabric,230g/m2,MisrMehalaElKobraEgypt",,held_source_facts,,held_Fig4_unannotated_LOI_and_TG_metric_assignment_unresolved,journal_article,Own DOI/title/materials/all primary text pages reviewed,,,,,,,held_outside_verified_target,,ChitP6BTCA4SHP4,4,6,5x15,,,Unreported,5,4,,,Pyris1N210C/min50-600C8mg100mL/minplatinumpan03190264,,,,,0,,,,Complete publisher primary original,Ownprep/washPDFp2printed84;LOI/TGmethodsPDFp4printed86;Figs3-5andthermalprosePDFp5printed87,Unclassifieddecompositiontemperaturesandcontradictorysampleorder;weightlosstemperatureunreportednotconvertedtoR600;curvesunannotatednotestimated,UnannotatedFig4curve,,,,,,,,,Proselist260/alternateprose290;assignmentunresolved,,,40.91,Unreported,,,Eco-friendly finishing agent for cotton fabrics to improve flame retardant and antibacterial properties,https://doi.org/10.1016/j.carbpol.2014.11.007,,NoSIcitedincompleteprimarytext,Bathpercentw/wexplicit;2dip2nip100percentpickup85C3mindry/secondTi bath/160C2mincure;washcountsourceconflict5abstractversus10methodnotresolved,Ownmeasurementstatewashcountunresolved,Source5cyclesversus10homewashdrycyclesAATCC1999technicalreport;notchosen,2015
10.1016/j.carbpol.2014.11.007,,OwnLOIforDepChitgroupsunreported;ChitPnotborrowed,,ASTMD2863-08,,,,,,,,,,,,,,,,,,OwnFig5a/bPDFp5,,,,,,,,,,Own2percentdepolymerizedchitosan/0percentTiO2;otherbathingredientsunreported,Raw source facts only,2026-10-03,Codex complete primary text review;one primary reviewer,,Carbohydrate Polymers,"Complete8primarytextpages;2015vol118p83-90not2014online/copyrightyear. Own230gsmplaincottonMisrMehalaEgypt. Bathpercentw/wexplicit;2dip2nip100percentpickup85C3mindry/secondTi baththen160C2mincure;methodp2alltreatedpropertiesafter10homewashdrycyclesAATCC1999technicalreport,abstractmethods5cyclesconflictretainednochosenwashcount. LOIASTMD2863-085specimens5x15cm,instrumentunreported. MainPyris1N210C/min50-600C8mg100mL/minplatinumpan03190264. Fig3aTi1.5/3/5/7/9w4BTCA6ChitP4SHP;Fig3bSHP3/4/5/6/8w4BTCA4ChitP9Ti;Fig3cChitP2/3/4/5/6w4BTCA6SHP9Ti;allunannotatedLOIexceptownproseupper8SHP22.7/6ChitP23andcontrol17.4. ThoseexplicitupperLOIgroupshaveSHP8/6vsTG4andChitP4/6;notborrowedfor4SHP6ChitPTG. TGFig5labels5groupscontrol/2depChit/2depChit9Ti/6ChitP9Ti4BTCA4SHP/6ChitP4BTCA4SHP;prosep5temperaturelists300/310/290/260vslaterproseswapslabels,notdefinedT5/T10/Tonset/Tmax. Weightloss66.6/77.35/63.834/44.85/40.91TEMPunknown,notconvertedtoR600orchar. 20uniqueformulationfactsALLHELD:control1+3Fig3series15+BTCA4SHP4and6ChitP4BTCA4SHPgroups2+depChitgroups2. FulltextnoSIcited;noimageviews/noestimates.",cotton,"Desized/scoured/bleached plain cotton fabric,230g/m2,MisrMehalaElKobraEgypt","Desized/scoured/bleached plain cotton fabric,230g/m2,MisrMehalaElKobraEgypt","Desized/scoured/bleached plain cotton fabric,230g/m2,MisrMehalaElKobraEgypt",,held_source_facts,,held_depolymerized_chitosan_TG_without_own_LOI,journal_article,Own DOI/title/materials/all primary text pages reviewed,,,,,,,held_outside_verified_target,,DepChit2Ti0,,,5x15,,,Unreported,5,,,,Pyris1N210C/min50-600C8mg100mL/minplatinumpan03190264,,,,,,,,,Complete publisher primary original,Ownprep/washPDFp2printed84;LOI/TGmethodsPDFp4printed86;Figs3-5andthermalprosePDFp5printed87,Unclassifieddecompositiontemperaturesandcontradictorysampleorder;weightlosstemperatureunreportednotconvertedtoR600;curvesunannotatednotestimated,,,,,,,,,,Proselist300/310vsalternateproseswapped;unresolved,,,77.35,Unreported,,,Eco-friendly finishing agent for cotton fabrics to improve flame retardant and antibacterial properties,https://doi.org/10.1016/j.carbpol.2014.11.007,,NoSIcitedincompleteprimarytext,Bathpercentw/wexplicit;2dip2nip100percentpickup85C3mindry/secondTi bath/160C2mincure;washcountsourceconflict5abstractversus10methodnotresolved,Ownmeasurementstatewashcountunresolved,Source5cyclesversus10homewashdrycyclesAATCC1999technicalreport;notchosen,2015
10.1016/j.carbpol.2014.11.007,,OwnLOIforDepChitgroupsunreported;ChitPnotborrowed,,ASTMD2863-08,,,,,,,,,,,,,,,,,,OwnFig5a/bPDFp5,,,,,,,,,,Own2percentdepolymerizedchitosan/9percentTiO2;otherbathingredientsunreported,Raw source facts only,2026-10-03,Codex complete primary text review;one primary reviewer,,Carbohydrate Polymers,"Complete8primarytextpages;2015vol118p83-90not2014online/copyrightyear. Own230gsmplaincottonMisrMehalaEgypt. Bathpercentw/wexplicit;2dip2nip100percentpickup85C3mindry/secondTi baththen160C2mincure;methodp2alltreatedpropertiesafter10homewashdrycyclesAATCC1999technicalreport,abstractmethods5cyclesconflictretainednochosenwashcount. LOIASTMD2863-085specimens5x15cm,instrumentunreported. MainPyris1N210C/min50-600C8mg100mL/minplatinumpan03190264. Fig3aTi1.5/3/5/7/9w4BTCA6ChitP4SHP;Fig3bSHP3/4/5/6/8w4BTCA4ChitP9Ti;Fig3cChitP2/3/4/5/6w4BTCA6SHP9Ti;allunannotatedLOIexceptownproseupper8SHP22.7/6ChitP23andcontrol17.4. ThoseexplicitupperLOIgroupshaveSHP8/6vsTG4andChitP4/6;notborrowedfor4SHP6ChitPTG. TGFig5labels5groupscontrol/2depChit/2depChit9Ti/6ChitP9Ti4BTCA4SHP/6ChitP4BTCA4SHP;prosep5temperaturelists300/310/290/260vslaterproseswapslabels,notdefinedT5/T10/Tonset/Tmax. Weightloss66.6/77.35/63.834/44.85/40.91TEMPunknown,notconvertedtoR600orchar. 20uniqueformulationfactsALLHELD:control1+3Fig3series15+BTCA4SHP4and6ChitP4BTCA4SHPgroups2+depChitgroups2. FulltextnoSIcited;noimageviews/noestimates.",cotton,"Desized/scoured/bleached plain cotton fabric,230g/m2,MisrMehalaElKobraEgypt","Desized/scoured/bleached plain cotton fabric,230g/m2,MisrMehalaElKobraEgypt","Desized/scoured/bleached plain cotton fabric,230g/m2,MisrMehalaElKobraEgypt",,held_source_facts,,held_depolymerized_chitosan_TG_without_own_LOI,journal_article,Own DOI/title/materials/all primary text pages reviewed,,,,,,,held_outside_verified_target,,DepChit2Ti9,,,5x15,,,Unreported,5,,,,Pyris1N210C/min50-600C8mg100mL/minplatinumpan03190264,,,,,,,,,Complete publisher primary original,Ownprep/washPDFp2printed84;LOI/TGmethodsPDFp4printed86;Figs3-5andthermalprosePDFp5printed87,Unclassifieddecompositiontemperaturesandcontradictorysampleorder;weightlosstemperatureunreportednotconvertedtoR600;curvesunannotatednotestimated,,,,,,,,,,Proselist300/310vsalternateproseswapped;unresolved,,,63.834,Unreported,,,Eco-friendly finishing agent for cotton fabrics to improve flame retardant and antibacterial properties,https://doi.org/10.1016/j.carbpol.2014.11.007,,NoSIcitedincompleteprimarytext,Bathpercentw/wexplicit;2dip2nip100percentpickup85C3mindry/secondTi bath/160C2mincure;washcountsourceconflict5abstractversus10methodnotresolved,Ownmeasurementstatewashcountunresolved,Source5cyclesversus10homewashdrycyclesAATCC1999technicalreport;notchosen,2015
10.1016/j.polymdegradstab.2009.02.009,"JF-3,JiangningChina",OwnTable1PDFp2printed997,23.5,GB/T2403-1993,,,,,,,,,,,,,,,,HENVENHCT-1TGDSC,800,OwnthermalprosePDFp3printed998/Figs1-2;mainmethodPDFp2printed997,25,,,,,,air,,,OwnPA66;APPI:APPII:melamine:pentaerythritol=3:0:0:0massratio;APPIdegree10-20/APPII>20,Raw source facts only,2026-10-03,Codex complete primary text review;one primary reviewer,10,Polymer Degradation and Stability,"Complete5primarytextpages;2009vol94p996-1000. Own100percentWOVENPA66165gsmHairongChengdu;APPIpolymerization10-20/APPII>20(notcommercialDP1000). Table1own8groupsAPPI:APPII:MEL:PER3:0:0:0,3:0:1:0,3:0:0:1,3:0:1:1,0:3:0:0,0:3:1:0,0:3:0:1,0:3:1:1;LOI23.5/27.5/25.3/27.9/21.7/22.1/21.1/22.9/addon30.2/38/34.9/40.6/2.5/3.8/3.4/4.6nativew/wdefinitionunknown. InitialAPPI2R75024explicitprosep3joinsLOI27.5;initialAPPI4Tmax310explicitDTGprosep3joinsLOI27.9. MainHENVENHCT1TGDSCstaticAIR10C/min25-800C2-3mgflowpanunknown. Moisture120/140notdecomponset;secondstep270approxnotcanonical;APPcomponent250/melaminePER300nottextileTmax. OtherAPPIresidue>13inequalitynotexact;noestimatedotherDTGpeaks;controlTmax410/onset350TGbutNOOWNLOIheld;APPIIonlyLOInoTG4held. TwoAPPIothergroupscurveonly2held =>9facts2accepted7held. APPIreported90wtpercentaq/APPII30wtpercentnativeconcentrationbasisambiguityretainednotcorrected;2dip2nip70percentpickup0.1MPa/135C4min. SourceabstractmentionswashingdurabilitybutnoreportedwashedLOI/TG/washcycles;no inventedrecords. LOIownJF3GB/T2403-1993dimsrepeatsunreported;notborrowedtensile25x4cm. NoSIcited;noimageviews.",polyamide,"100% woven PA66 fabric,165g/m2,HairongTechnicalTextilesChengdu","100% woven PA66 fabric,165g/m2,HairongTechnicalTextilesChengdu","100% woven PA66 fabric,165g/m2,HairongTechnicalTextilesChengdu",Sample1,held_source_facts,,held_APPI_curve_only_or_APPII_LOI_without_exact_TG,journal_article,Own DOI/title/materials/all primary text pages reviewed,,,,,,,held_outside_verified_target,,IFR1PA66,,,,,Unreported;notborrowedtensile25x4cm,,,,Staticair;flownotapplicable/unreported,2-3,,,Unreported,,,,NativeTable1w/w;denominatordefinitionunreported,30.2,ReportedAPPI90/APPII30percentw/w;solutionconcentrationbasisambiguitynotcorrected,Complete publisher primary original,OwnfabricPDFp1;preparation/Table1/TGmethodPDFp2;thermalprosePDFp3,,,,APPI1/3residueabove13at750inequalityandunannotatedcurves;APPII5-8TGunreported,,,,,,,,,,,,Around270approx;notcanonical;componentAPP250/MEL-PER300nottextileTmax,,"The anti-dripping intumescent flame retardant finishing for nylon-6,6 fabric",https://doi.org/10.1016/j.polymdegradstab.2009.02.009,Sample4firstloss120/otherAPPI140hygroscopicwater;notdecomponset,NoSIcitedincompleteprimarytext,Own2dip2nipaqbath70percentwetpickup0.1MPa/135C4mindry;APPIreported90wtpercent/APPII30wtpercentbathconcentrationambiguityunresolvednotcorrected,Initial own native group,Initial0durabilitycycles;preparationwash separate,2009
10.1016/j.polymdegradstab.2009.02.009,"JF-3,JiangningChina",OwnTable1PDFp2printed997,27.5,GB/T2403-1993,,,,,,,24,,,,,,,,,HENVENHCT-1TGDSC,800,OwnthermalprosePDFp3printed998/Figs1-2;mainmethodPDFp2printed997,25,,,,,,air,24,750,OwnPA66;APPI:APPII:melamine:pentaerythritol=3:0:1:0massratio;APPIdegree10-20/APPII>20,TG+LOI,2026-10-03,Codex complete primary text review;one primary reviewer,10,Polymer Degradation and Stability,"Complete5primarytextpages;2009vol94p996-1000. Own100percentWOVENPA66165gsmHairongChengdu;APPIpolymerization10-20/APPII>20(notcommercialDP1000). Table1own8groupsAPPI:APPII:MEL:PER3:0:0:0,3:0:1:0,3:0:0:1,3:0:1:1,0:3:0:0,0:3:1:0,0:3:0:1,0:3:1:1;LOI23.5/27.5/25.3/27.9/21.7/22.1/21.1/22.9/addon30.2/38/34.9/40.6/2.5/3.8/3.4/4.6nativew/wdefinitionunknown. InitialAPPI2R75024explicitprosep3joinsLOI27.5;initialAPPI4Tmax310explicitDTGprosep3joinsLOI27.9. MainHENVENHCT1TGDSCstaticAIR10C/min25-800C2-3mgflowpanunknown. Moisture120/140notdecomponset;secondstep270approxnotcanonical;APPcomponent250/melaminePER300nottextileTmax. OtherAPPIresidue>13inequalitynotexact;noestimatedotherDTGpeaks;controlTmax410/onset350TGbutNOOWNLOIheld;APPIIonlyLOInoTG4held. TwoAPPIothergroupscurveonly2held =>9facts2accepted7held. APPIreported90wtpercentaq/APPII30wtpercentnativeconcentrationbasisambiguityretainednotcorrected;2dip2nip70percentpickup0.1MPa/135C4min. SourceabstractmentionswashingdurabilitybutnoreportedwashedLOI/TG/washcycles;no inventedrecords. LOIownJF3GB/T2403-1993dimsrepeatsunreported;notborrowedtensile25x4cm. NoSIcited;noimageviews.",polyamide,"100% woven PA66 fabric,165g/m2,HairongTechnicalTextilesChengdu","100% woven PA66 fabric,165g/m2,HairongTechnicalTextilesChengdu","100% woven PA66 fabric,165g/m2,HairongTechnicalTextilesChengdu",Sample2,explicit_text,OwninitialSample2APPI:MEL3:1/38percentnativeaddonLOI27.5Table1joinsownp3explicit24percentsolidat750C;mainstaticAIR10C/min25-800C2-3mg. 750not800programendpoint;noestimatedTmax;moisture140notonset. Exactmassratio/form/initialstatepreserved;reportedbathconcentrationambiguityretainednotcorrected. Full5primarytextpages;noSIcited.,verified_exact,journal_article,Own DOI/title/materials/all primary text pages reviewed,,,,,24,750,source_review_approved,5279e4626402077179dff6c64cd72630ee4769a8a86bccdb11ee4890ece65f61,IFR2PA66,,,,,Unreported;notborrowedtensile25x4cm,,,,Staticair;flownotapplicable/unreported,2-3,,,Unreported,,,,NativeTable1w/w;denominatordefinitionunreported,38,ReportedAPPI90/APPII30percentw/w;solutionconcentrationbasisambiguitynotcorrected,Complete publisher primary original,OwnfabricPDFp1;preparation/Table1/TGmethodPDFp2;thermalprosePDFp3,,,,,,,,,,,,,,,,Around270approx;notcanonical;componentAPP250/MEL-PER300nottextileTmax,,"The anti-dripping intumescent flame retardant finishing for nylon-6,6 fabric",https://doi.org/10.1016/j.polymdegradstab.2009.02.009,Sample4firstloss120/otherAPPI140hygroscopicwater;notdecomponset,NoSIcitedincompleteprimarytext,Own2dip2nipaqbath70percentwetpickup0.1MPa/135C4mindry;APPIreported90wtpercent/APPII30wtpercentbathconcentrationambiguityunresolvednotcorrected,Initial own native group,Initial0durabilitycycles;preparationwash separate,2009
10.1016/j.polymdegradstab.2009.02.009,"JF-3,JiangningChina",OwnTable1PDFp2printed997,25.3,GB/T2403-1993,,,,,,,,,,,,,,,,HENVENHCT-1TGDSC,800,OwnthermalprosePDFp3printed998/Figs1-2;mainmethodPDFp2printed997,25,,,,,,air,,,OwnPA66;APPI:APPII:melamine:pentaerythritol=3:0:0:1massratio;APPIdegree10-20/APPII>20,Raw source facts only,2026-10-03,Codex complete primary text review;one primary reviewer,10,Polymer Degradation and Stability,"Complete5primarytextpages;2009vol94p996-1000. Own100percentWOVENPA66165gsmHairongChengdu;APPIpolymerization10-20/APPII>20(notcommercialDP1000). Table1own8groupsAPPI:APPII:MEL:PER3:0:0:0,3:0:1:0,3:0:0:1,3:0:1:1,0:3:0:0,0:3:1:0,0:3:0:1,0:3:1:1;LOI23.5/27.5/25.3/27.9/21.7/22.1/21.1/22.9/addon30.2/38/34.9/40.6/2.5/3.8/3.4/4.6nativew/wdefinitionunknown. InitialAPPI2R75024explicitprosep3joinsLOI27.5;initialAPPI4Tmax310explicitDTGprosep3joinsLOI27.9. MainHENVENHCT1TGDSCstaticAIR10C/min25-800C2-3mgflowpanunknown. Moisture120/140notdecomponset;secondstep270approxnotcanonical;APPcomponent250/melaminePER300nottextileTmax. OtherAPPIresidue>13inequalitynotexact;noestimatedotherDTGpeaks;controlTmax410/onset350TGbutNOOWNLOIheld;APPIIonlyLOInoTG4held. TwoAPPIothergroupscurveonly2held =>9facts2accepted7held. APPIreported90wtpercentaq/APPII30wtpercentnativeconcentrationbasisambiguityretainednotcorrected;2dip2nip70percentpickup0.1MPa/135C4min. SourceabstractmentionswashingdurabilitybutnoreportedwashedLOI/TG/washcycles;no inventedrecords. LOIownJF3GB/T2403-1993dimsrepeatsunreported;notborrowedtensile25x4cm. NoSIcited;noimageviews.",polyamide,"100% woven PA66 fabric,165g/m2,HairongTechnicalTextilesChengdu","100% woven PA66 fabric,165g/m2,HairongTechnicalTextilesChengdu","100% woven PA66 fabric,165g/m2,HairongTechnicalTextilesChengdu",Sample3,held_source_facts,,held_APPI_curve_only_or_APPII_LOI_without_exact_TG,journal_article,Own DOI/title/materials/all primary text pages reviewed,,,,,,,held_outside_verified_target,,IFR3PA66,,,,,Unreported;notborrowedtensile25x4cm,,,,Staticair;flownotapplicable/unreported,2-3,,,Unreported,,,,NativeTable1w/w;denominatordefinitionunreported,34.9,ReportedAPPI90/APPII30percentw/w;solutionconcentrationbasisambiguitynotcorrected,Complete publisher primary original,OwnfabricPDFp1;preparation/Table1/TGmethodPDFp2;thermalprosePDFp3,,,,APPI1/3residueabove13at750inequalityandunannotatedcurves;APPII5-8TGunreported,,,,,,,,,,,,Around270approx;notcanonical;componentAPP250/MEL-PER300nottextileTmax,,"The anti-dripping intumescent flame retardant finishing for nylon-6,6 fabric",https://doi.org/10.1016/j.polymdegradstab.2009.02.009,Sample4firstloss120/otherAPPI140hygroscopicwater;notdecomponset,NoSIcitedincompleteprimarytext,Own2dip2nipaqbath70percentwetpickup0.1MPa/135C4mindry;APPIreported90wtpercent/APPII30wtpercentbathconcentrationambiguityunresolvednotcorrected,Initial own native group,Initial0durabilitycycles;preparationwash separate,2009
10.1016/j.polymdegradstab.2009.02.009,"JF-3,JiangningChina",OwnTable1PDFp2printed997,27.9,GB/T2403-1993,,,,,,,,,,,,,,,,HENVENHCT-1TGDSC,800,OwnthermalprosePDFp3printed998/Figs1-2;mainmethodPDFp2printed997,25,310,,,,,air,,,OwnPA66;APPI:APPII:melamine:pentaerythritol=3:0:1:1massratio;APPIdegree10-20/APPII>20,TG+LOI,2026-10-03,Codex complete primary text review;one primary reviewer,10,Polymer Degradation and Stability,"Complete5primarytextpages;2009vol94p996-1000. Own100percentWOVENPA66165gsmHairongChengdu;APPIpolymerization10-20/APPII>20(notcommercialDP1000). Table1own8groupsAPPI:APPII:MEL:PER3:0:0:0,3:0:1:0,3:0:0:1,3:0:1:1,0:3:0:0,0:3:1:0,0:3:0:1,0:3:1:1;LOI23.5/27.5/25.3/27.9/21.7/22.1/21.1/22.9/addon30.2/38/34.9/40.6/2.5/3.8/3.4/4.6nativew/wdefinitionunknown. InitialAPPI2R75024explicitprosep3joinsLOI27.5;initialAPPI4Tmax310explicitDTGprosep3joinsLOI27.9. MainHENVENHCT1TGDSCstaticAIR10C/min25-800C2-3mgflowpanunknown. Moisture120/140notdecomponset;secondstep270approxnotcanonical;APPcomponent250/melaminePER300nottextileTmax. OtherAPPIresidue>13inequalitynotexact;noestimatedotherDTGpeaks;controlTmax410/onset350TGbutNOOWNLOIheld;APPIIonlyLOInoTG4held. TwoAPPIothergroupscurveonly2held =>9facts2accepted7held. APPIreported90wtpercentaq/APPII30wtpercentnativeconcentrationbasisambiguityretainednotcorrected;2dip2nip70percentpickup0.1MPa/135C4min. SourceabstractmentionswashingdurabilitybutnoreportedwashedLOI/TG/washcycles;no inventedrecords. LOIownJF3GB/T2403-1993dimsrepeatsunreported;notborrowedtensile25x4cm. NoSIcited;noimageviews.",polyamide,"100% woven PA66 fabric,165g/m2,HairongTechnicalTextilesChengdu","100% woven PA66 fabric,165g/m2,HairongTechnicalTextilesChengdu","100% woven PA66 fabric,165g/m2,HairongTechnicalTextilesChengdu",Sample4,explicit_text,OwninitialSample4APPI:MEL:PER3:1:1/40.6percentnativeaddonLOI27.9Table1joinsownp3explicitDTGmax310C;mainstaticAIR10C/min25-800C2-3mg. Firstloss120waternotTmax/onset;around270notexactmetric;charabove13inequalitynotexactvalue. Reportedbathconcentrationambiguityretainednotcorrected. Full5primarytextpages;noSIcited.,verified_exact,journal_article,Own DOI/title/materials/all primary text pages reviewed,,,,,,,source_review_approved,38f7d15eaf26a1ca4c5b41d1e72d657f5d0389fff7190b21fc009687815be503,IFR4PA66,,,,,Unreported;notborrowedtensile25x4cm,,,,Staticair;flownotapplicable/unreported,2-3,,,Unreported,,,,NativeTable1w/w;denominatordefinitionunreported,40.6,ReportedAPPI90/APPII30percentw/w;solutionconcentrationbasisambiguitynotcorrected,Complete publisher primary original,OwnfabricPDFp1;preparation/Table1/TGmethodPDFp2;thermalprosePDFp3,,,,,,,,,,,,,,,,Around270approx;notcanonical;componentAPP250/MEL-PER300nottextileTmax,,"The anti-dripping intumescent flame retardant finishing for nylon-6,6 fabric",https://doi.org/10.1016/j.polymdegradstab.2009.02.009,Sample4firstloss120/otherAPPI140hygroscopicwater;notdecomponset,NoSIcitedincompleteprimarytext,Own2dip2nipaqbath70percentwetpickup0.1MPa/135C4mindry;APPIreported90wtpercent/APPII30wtpercentbathconcentrationambiguityunresolvednotcorrected,Initial own native group,Initial0durabilitycycles;preparationwash separate,2009
10.1016/j.polymdegradstab.2009.02.009,"JF-3,JiangningChina",OwnTable1PDFp2printed997,21.7,GB/T2403-1993,,,,,,,,,,,,,,,,HENVENHCT-1TGDSC,800,OwnthermalprosePDFp3printed998/Figs1-2;mainmethodPDFp2printed997,25,,,,,,air,,,OwnPA66;APPI:APPII:melamine:pentaerythritol=0:3:0:0massratio;APPIdegree10-20/APPII>20,Raw source facts only,2026-10-03,Codex complete primary text review;one primary reviewer,10,Polymer Degradation and Stability,"Complete5primarytextpages;2009vol94p996-1000. Own100percentWOVENPA66165gsmHairongChengdu;APPIpolymerization10-20/APPII>20(notcommercialDP1000). Table1own8groupsAPPI:APPII:MEL:PER3:0:0:0,3:0:1:0,3:0:0:1,3:0:1:1,0:3:0:0,0:3:1:0,0:3:0:1,0:3:1:1;LOI23.5/27.5/25.3/27.9/21.7/22.1/21.1/22.9/addon30.2/38/34.9/40.6/2.5/3.8/3.4/4.6nativew/wdefinitionunknown. InitialAPPI2R75024explicitprosep3joinsLOI27.5;initialAPPI4Tmax310explicitDTGprosep3joinsLOI27.9. MainHENVENHCT1TGDSCstaticAIR10C/min25-800C2-3mgflowpanunknown. Moisture120/140notdecomponset;secondstep270approxnotcanonical;APPcomponent250/melaminePER300nottextileTmax. OtherAPPIresidue>13inequalitynotexact;noestimatedotherDTGpeaks;controlTmax410/onset350TGbutNOOWNLOIheld;APPIIonlyLOInoTG4held. TwoAPPIothergroupscurveonly2held =>9facts2accepted7held. APPIreported90wtpercentaq/APPII30wtpercentnativeconcentrationbasisambiguityretainednotcorrected;2dip2nip70percentpickup0.1MPa/135C4min. SourceabstractmentionswashingdurabilitybutnoreportedwashedLOI/TG/washcycles;no inventedrecords. LOIownJF3GB/T2403-1993dimsrepeatsunreported;notborrowedtensile25x4cm. NoSIcited;noimageviews.",polyamide,"100% woven PA66 fabric,165g/m2,HairongTechnicalTextilesChengdu","100% woven PA66 fabric,165g/m2,HairongTechnicalTextilesChengdu","100% woven PA66 fabric,165g/m2,HairongTechnicalTextilesChengdu",Sample5,held_source_facts,,held_APPI_curve_only_or_APPII_LOI_without_exact_TG,journal_article,Own DOI/title/materials/all primary text pages reviewed,,,,,,,held_outside_verified_target,,IFR5PA66,,,,,Unreported;notborrowedtensile25x4cm,,,,Staticair;flownotapplicable/unreported,2-3,,,Unreported,,,,NativeTable1w/w;denominatordefinitionunreported,2.5,ReportedAPPI90/APPII30percentw/w;solutionconcentrationbasisambiguitynotcorrected,Complete publisher primary original,OwnfabricPDFp1;preparation/Table1/TGmethodPDFp2;thermalprosePDFp3,,,,APPI1/3residueabove13at750inequalityandunannotatedcurves;APPII5-8TGunreported,,,,,,,,,,,,Around270approx;notcanonical;componentAPP250/MEL-PER300nottextileTmax,,"The anti-dripping intumescent flame retardant finishing for nylon-6,6 fabric",https://doi.org/10.1016/j.polymdegradstab.2009.02.009,Sample4firstloss120/otherAPPI140hygroscopicwater;notdecomponset,NoSIcitedincompleteprimarytext,Own2dip2nipaqbath70percentwetpickup0.1MPa/135C4mindry;APPIreported90wtpercent/APPII30wtpercentbathconcentrationambiguityunresolvednotcorrected,Initial own native group,Initial0durabilitycycles;preparationwash separate,2009
10.1016/j.polymdegradstab.2009.02.009,"JF-3,JiangningChina",OwnTable1PDFp2printed997,22.1,GB/T2403-1993,,,,,,,,,,,,,,,,HENVENHCT-1TGDSC,800,OwnthermalprosePDFp3printed998/Figs1-2;mainmethodPDFp2printed997,25,,,,,,air,,,OwnPA66;APPI:APPII:melamine:pentaerythritol=0:3:1:0massratio;APPIdegree10-20/APPII>20,Raw source facts only,2026-10-03,Codex complete primary text review;one primary reviewer,10,Polymer Degradation and Stability,"Complete5primarytextpages;2009vol94p996-1000. Own100percentWOVENPA66165gsmHairongChengdu;APPIpolymerization10-20/APPII>20(notcommercialDP1000). Table1own8groupsAPPI:APPII:MEL:PER3:0:0:0,3:0:1:0,3:0:0:1,3:0:1:1,0:3:0:0,0:3:1:0,0:3:0:1,0:3:1:1;LOI23.5/27.5/25.3/27.9/21.7/22.1/21.1/22.9/addon30.2/38/34.9/40.6/2.5/3.8/3.4/4.6nativew/wdefinitionunknown. InitialAPPI2R75024explicitprosep3joinsLOI27.5;initialAPPI4Tmax310explicitDTGprosep3joinsLOI27.9. MainHENVENHCT1TGDSCstaticAIR10C/min25-800C2-3mgflowpanunknown. Moisture120/140notdecomponset;secondstep270approxnotcanonical;APPcomponent250/melaminePER300nottextileTmax. OtherAPPIresidue>13inequalitynotexact;noestimatedotherDTGpeaks;controlTmax410/onset350TGbutNOOWNLOIheld;APPIIonlyLOInoTG4held. TwoAPPIothergroupscurveonly2held =>9facts2accepted7held. APPIreported90wtpercentaq/APPII30wtpercentnativeconcentrationbasisambiguityretainednotcorrected;2dip2nip70percentpickup0.1MPa/135C4min. SourceabstractmentionswashingdurabilitybutnoreportedwashedLOI/TG/washcycles;no inventedrecords. LOIownJF3GB/T2403-1993dimsrepeatsunreported;notborrowedtensile25x4cm. NoSIcited;noimageviews.",polyamide,"100% woven PA66 fabric,165g/m2,HairongTechnicalTextilesChengdu","100% woven PA66 fabric,165g/m2,HairongTechnicalTextilesChengdu","100% woven PA66 fabric,165g/m2,HairongTechnicalTextilesChengdu",Sample6,held_source_facts,,held_APPI_curve_only_or_APPII_LOI_without_exact_TG,journal_article,Own DOI/title/materials/all primary text pages reviewed,,,,,,,held_outside_verified_target,,IFR6PA66,,,,,Unreported;notborrowedtensile25x4cm,,,,Staticair;flownotapplicable/unreported,2-3,,,Unreported,,,,NativeTable1w/w;denominatordefinitionunreported,3.8,ReportedAPPI90/APPII30percentw/w;solutionconcentrationbasisambiguitynotcorrected,Complete publisher primary original,OwnfabricPDFp1;preparation/Table1/TGmethodPDFp2;thermalprosePDFp3,,,,APPI1/3residueabove13at750inequalityandunannotatedcurves;APPII5-8TGunreported,,,,,,,,,,,,Around270approx;notcanonical;componentAPP250/MEL-PER300nottextileTmax,,"The anti-dripping intumescent flame retardant finishing for nylon-6,6 fabric",https://doi.org/10.1016/j.polymdegradstab.2009.02.009,Sample4firstloss120/otherAPPI140hygroscopicwater;notdecomponset,NoSIcitedincompleteprimarytext,Own2dip2nipaqbath70percentwetpickup0.1MPa/135C4mindry;APPIreported90wtpercent/APPII30wtpercentbathconcentrationambiguityunresolvednotcorrected,Initial own native group,Initial0durabilitycycles;preparationwash separate,2009
10.1016/j.polymdegradstab.2009.02.009,"JF-3,JiangningChina",OwnTable1PDFp2printed997,21.1,GB/T2403-1993,,,,,,,,,,,,,,,,HENVENHCT-1TGDSC,800,OwnthermalprosePDFp3printed998/Figs1-2;mainmethodPDFp2printed997,25,,,,,,air,,,OwnPA66;APPI:APPII:melamine:pentaerythritol=0:3:0:1massratio;APPIdegree10-20/APPII>20,Raw source facts only,2026-10-03,Codex complete primary text review;one primary reviewer,10,Polymer Degradation and Stability,"Complete5primarytextpages;2009vol94p996-1000. Own100percentWOVENPA66165gsmHairongChengdu;APPIpolymerization10-20/APPII>20(notcommercialDP1000). Table1own8groupsAPPI:APPII:MEL:PER3:0:0:0,3:0:1:0,3:0:0:1,3:0:1:1,0:3:0:0,0:3:1:0,0:3:0:1,0:3:1:1;LOI23.5/27.5/25.3/27.9/21.7/22.1/21.1/22.9/addon30.2/38/34.9/40.6/2.5/3.8/3.4/4.6nativew/wdefinitionunknown. InitialAPPI2R75024explicitprosep3joinsLOI27.5;initialAPPI4Tmax310explicitDTGprosep3joinsLOI27.9. MainHENVENHCT1TGDSCstaticAIR10C/min25-800C2-3mgflowpanunknown. Moisture120/140notdecomponset;secondstep270approxnotcanonical;APPcomponent250/melaminePER300nottextileTmax. OtherAPPIresidue>13inequalitynotexact;noestimatedotherDTGpeaks;controlTmax410/onset350TGbutNOOWNLOIheld;APPIIonlyLOInoTG4held. TwoAPPIothergroupscurveonly2held =>9facts2accepted7held. APPIreported90wtpercentaq/APPII30wtpercentnativeconcentrationbasisambiguityretainednotcorrected;2dip2nip70percentpickup0.1MPa/135C4min. SourceabstractmentionswashingdurabilitybutnoreportedwashedLOI/TG/washcycles;no inventedrecords. LOIownJF3GB/T2403-1993dimsrepeatsunreported;notborrowedtensile25x4cm. NoSIcited;noimageviews.",polyamide,"100% woven PA66 fabric,165g/m2,HairongTechnicalTextilesChengdu","100% woven PA66 fabric,165g/m2,HairongTechnicalTextilesChengdu","100% woven PA66 fabric,165g/m2,HairongTechnicalTextilesChengdu",Sample7,held_source_facts,,held_APPI_curve_only_or_APPII_LOI_without_exact_TG,journal_article,Own DOI/title/materials/all primary text pages reviewed,,,,,,,held_outside_verified_target,,IFR7PA66,,,,,Unreported;notborrowedtensile25x4cm,,,,Staticair;flownotapplicable/unreported,2-3,,,Unreported,,,,NativeTable1w/w;denominatordefinitionunreported,3.4,ReportedAPPI90/APPII30percentw/w;solutionconcentrationbasisambiguitynotcorrected,Complete publisher primary original,OwnfabricPDFp1;preparation/Table1/TGmethodPDFp2;thermalprosePDFp3,,,,APPI1/3residueabove13at750inequalityandunannotatedcurves;APPII5-8TGunreported,,,,,,,,,,,,Around270approx;notcanonical;componentAPP250/MEL-PER300nottextileTmax,,"The anti-dripping intumescent flame retardant finishing for nylon-6,6 fabric",https://doi.org/10.1016/j.polymdegradstab.2009.02.009,Sample4firstloss120/otherAPPI140hygroscopicwater;notdecomponset,NoSIcitedincompleteprimarytext,Own2dip2nipaqbath70percentwetpickup0.1MPa/135C4mindry;APPIreported90wtpercent/APPII30wtpercentbathconcentrationambiguityunresolvednotcorrected,Initial own native group,Initial0durabilitycycles;preparationwash separate,2009
10.1016/j.polymdegradstab.2009.02.009,"JF-3,JiangningChina",OwnTable1PDFp2printed997,22.9,GB/T2403-1993,,,,,,,,,,,,,,,,HENVENHCT-1TGDSC,800,OwnthermalprosePDFp3printed998/Figs1-2;mainmethodPDFp2printed997,25,,,,,,air,,,OwnPA66;APPI:APPII:melamine:pentaerythritol=0:3:1:1massratio;APPIdegree10-20/APPII>20,Raw source facts only,2026-10-03,Codex complete primary text review;one primary reviewer,10,Polymer Degradation and Stability,"Complete5primarytextpages;2009vol94p996-1000. Own100percentWOVENPA66165gsmHairongChengdu;APPIpolymerization10-20/APPII>20(notcommercialDP1000). Table1own8groupsAPPI:APPII:MEL:PER3:0:0:0,3:0:1:0,3:0:0:1,3:0:1:1,0:3:0:0,0:3:1:0,0:3:0:1,0:3:1:1;LOI23.5/27.5/25.3/27.9/21.7/22.1/21.1/22.9/addon30.2/38/34.9/40.6/2.5/3.8/3.4/4.6nativew/wdefinitionunknown. InitialAPPI2R75024explicitprosep3joinsLOI27.5;initialAPPI4Tmax310explicitDTGprosep3joinsLOI27.9. MainHENVENHCT1TGDSCstaticAIR10C/min25-800C2-3mgflowpanunknown. Moisture120/140notdecomponset;secondstep270approxnotcanonical;APPcomponent250/melaminePER300nottextileTmax. OtherAPPIresidue>13inequalitynotexact;noestimatedotherDTGpeaks;controlTmax410/onset350TGbutNOOWNLOIheld;APPIIonlyLOInoTG4held. TwoAPPIothergroupscurveonly2held =>9facts2accepted7held. APPIreported90wtpercentaq/APPII30wtpercentnativeconcentrationbasisambiguityretainednotcorrected;2dip2nip70percentpickup0.1MPa/135C4min. SourceabstractmentionswashingdurabilitybutnoreportedwashedLOI/TG/washcycles;no inventedrecords. LOIownJF3GB/T2403-1993dimsrepeatsunreported;notborrowedtensile25x4cm. NoSIcited;noimageviews.",polyamide,"100% woven PA66 fabric,165g/m2,HairongTechnicalTextilesChengdu","100% woven PA66 fabric,165g/m2,HairongTechnicalTextilesChengdu","100% woven PA66 fabric,165g/m2,HairongTechnicalTextilesChengdu",Sample8,held_source_facts,,held_APPI_curve_only_or_APPII_LOI_without_exact_TG,journal_article,Own DOI/title/materials/all primary text pages reviewed,,,,,,,held_outside_verified_target,,IFR8PA66,,,,,Unreported;notborrowedtensile25x4cm,,,,Staticair;flownotapplicable/unreported,2-3,,,Unreported,,,,NativeTable1w/w;denominatordefinitionunreported,4.6,ReportedAPPI90/APPII30percentw/w;solutionconcentrationbasisambiguitynotcorrected,Complete publisher primary original,OwnfabricPDFp1;preparation/Table1/TGmethodPDFp2;thermalprosePDFp3,,,,APPI1/3residueabove13at750inequalityandunannotatedcurves;APPII5-8TGunreported,,,,,,,,,,,,Around270approx;notcanonical;componentAPP250/MEL-PER300nottextileTmax,,"The anti-dripping intumescent flame retardant finishing for nylon-6,6 fabric",https://doi.org/10.1016/j.polymdegradstab.2009.02.009,Sample4firstloss120/otherAPPI140hygroscopicwater;notdecomponset,NoSIcitedincompleteprimarytext,Own2dip2nipaqbath70percentwetpickup0.1MPa/135C4mindry;APPIreported90wtpercent/APPII30wtpercentbathconcentrationambiguityunresolvednotcorrected,Initial own native group,Initial0durabilitycycles;preparationwash separate,2009
10.1016/j.polymdegradstab.2009.02.009,,OwncontrolLOIunreported;notborrowedotherpapers,,,,,,,,,,,,,,,,,,,,OwnprosePDFp2printed997,,,,,,,,,,OwnuntreatedPA66,Raw source facts only,2026-10-03,Codex complete primary text review;one primary reviewer,,Polymer Degradation and Stability,"Complete5primarytextpages;2009vol94p996-1000. Own100percentWOVENPA66165gsmHairongChengdu;APPIpolymerization10-20/APPII>20(notcommercialDP1000). Table1own8groupsAPPI:APPII:MEL:PER3:0:0:0,3:0:1:0,3:0:0:1,3:0:1:1,0:3:0:0,0:3:1:0,0:3:0:1,0:3:1:1;LOI23.5/27.5/25.3/27.9/21.7/22.1/21.1/22.9/addon30.2/38/34.9/40.6/2.5/3.8/3.4/4.6nativew/wdefinitionunknown. InitialAPPI2R75024explicitprosep3joinsLOI27.5;initialAPPI4Tmax310explicitDTGprosep3joinsLOI27.9. MainHENVENHCT1TGDSCstaticAIR10C/min25-800C2-3mgflowpanunknown. Moisture120/140notdecomponset;secondstep270approxnotcanonical;APPcomponent250/melaminePER300nottextileTmax. OtherAPPIresidue>13inequalitynotexact;noestimatedotherDTGpeaks;controlTmax410/onset350TGbutNOOWNLOIheld;APPIIonlyLOInoTG4held. TwoAPPIothergroupscurveonly2held =>9facts2accepted7held. APPIreported90wtpercentaq/APPII30wtpercentnativeconcentrationbasisambiguityretainednotcorrected;2dip2nip70percentpickup0.1MPa/135C4min. SourceabstractmentionswashingdurabilitybutnoreportedwashedLOI/TG/washcycles;no inventedrecords. LOIownJF3GB/T2403-1993dimsrepeatsunreported;notborrowedtensile25x4cm. NoSIcited;noimageviews.",polyamide,"100% woven PA66 fabric,165g/m2,HairongTechnicalTextilesChengdu","100% woven PA66 fabric,165g/m2,HairongTechnicalTextilesChengdu","100% woven PA66 fabric,165g/m2,HairongTechnicalTextilesChengdu",,held_source_facts,,held_control_TG_without_own_LOI,journal_article,Own DOI/title/materials/all primary text pages reviewed,,,,,,,held_outside_verified_target,,ControlPA66,,,,,,,,,,,,,,,,,,,,Complete publisher primary original,Ownfabricp1/thermalprosep2,,,,,,,,,,410,,350,98,,,,,"The anti-dripping intumescent flame retardant finishing for nylon-6,6 fabric",https://doi.org/10.1016/j.polymdegradstab.2009.02.009,,NoSIcitedincompleteprimarytext,Owncontrol;pretreatmentunreported,Initial own native group,Initial0durabilitycycles;preparationwash separate,2009
