DOI,source_title,source_url,dataset_type,publication_type,sample_state,native_sample_label,pairing_status,LOI_pct,LOI_uncertainty_pct,LOI_replicates,T5_C,T10_C,Tonset_C,Tmax1_C,Tmax2_C,R600_pct,R800_pct,residue_pct,residue_temp_C,atmosphere,heating_rate_C_min,washing_state,source_document_sha256,source_document_version,numeric_evidence_type,direct_numeric_use,source_uncertainty_definition,treatment_state,source_LOI_plusminus_raw,source_LOI_error_definition,source_weight_gain_pct,source_weight_gain_plusminus_pct,source_weight_gain_definition,composition,composition_basis,source_preparation,treatment_method,material_form,material_form_LOI,material_form_TGA,LOI_standard,LOI_instrument,LOI_specimen_geometry,LOI_locator,source_location,source_intro_LOI_donor_pct,source_label_bridge,limitations,TG_start_C,TG_end_C,source_TG_mass_mg,TGA_instrument,source_TG_flow_status,source_T5_raw_label,source_T5_definition,source_Tmax_definition,source_residue_definition,TG_locator,conditions_locator,pairing_evidence,source_LOI_technique_error_pct,source_TG_flow_mL_min,source_raw_starting_degradation_temperature_C,source_raw_starting_degradation_definition,source_software_role,source_TG_aliquot_geometry_status,source_LOI_definition,source_Tmax1_K,source_Tmax2_K,source_temperature_conversion,source_temperature_error_K,source_raw_T2pct_K,source_raw_T2pct_C,source_raw_T2pct_definition,source_stage1_massloss_pct,source_stage2_massloss_pct,source_residue_temperature_K,source_mass_error_wt_pct,source_TG_pan,source_TG_start_raw,source_TG_end_K,evidence_reviewed_by,evidence_reviewed_at,review_disposition,material_scope_class,source_material_scope_evidence,source_material_scope_locator,material_scope_reviewed_by,material_scope_reviewed_at,reviewed_material_scope_fingerprint,reviewed_measurement_fingerprint,LOI_uncertainty_type,source_LOI_error_raw,source_LOI_error_sign_status,source_TG_error_raw,source_TG_error_sign_status,R650_pct,R700_pct,TGA_sample_mass_mg,Tmax1_assignment,Tmax2_assignment,classification,gas_flow_mL_min,rootapproved,source_TG_gas_flow,source_TG_mass_qualifier,source_TG_sample_mass_qualifier,source_TG_scan_range_reported,source_Tmax_assignment,source_Tmax_label,source_aging_temperature_C,source_aging_time_days,source_metric_limits,source_raw_Tp1_mass_loss_rate_pct_min,source_raw_Tp2_mass_loss_rate_pct_min,source_raw_degradation_stage_end_C,source_raw_degradation_stage_start_C,source_raw_residue_conflict_locator,source_raw_residue_prose_pct,source_raw_residue_table_pct,source_raw_stage_mass_loss_pct,source_stage_definition,source_version,T50_C,TGA_pan,source_LOI_limit_definition,source_LOI_raw,source_T50_definition
10.1016/j.porgcoat.2020.105788,Fabrication of transparent clay-polymer hybrid coatings on PET film to enhance flame retardancy and oxygen barrier properties,https://doi.org/10.1016/j.porgcoat.2020.105788,literature,journal_article,Control;as-prepared PET film,Control;as-prepared PET film,verified_exact,18.2,.2,,417.7,,,453.8,,,7.90,7.90,800,N2,10,Uncoated own control,8ea03d916698b66212f6842d93408a156db3e4abe3113ee71485e6ca715c9f72,Published primary native PDF; full body/all tables/footnotes/figure captions/references read; no images or online source,explicit_text,TG+LOI,Reported limits retained; replicate statistic and n unreported,As-prepared; no durability washing series reported,18.2 ± .2,Table1 shows±;no SD/SE/CI/n definition in full main,,,Table1 WG measured coatedfilm weightgain;not bath/finalcomponent fraction,Own uncoated PET50um film control,Mixedcoatingbath ratiosandtotal-solidswt%;not finaldryfilm fractions,Own uncoated PET film control;coating pretreatment/corona/CTAC/drying not inherited;controlconditioningunreported,Uncoated own PET film;no coating preparation assigned,PET film;50um substrate;coatedthicknessvaries,Own uncoated PET film50um,Own uncoated PET film50um,GB/T5454-1997,"JF3,Jiangning",150x60mm2;substrate50um;coated thicknessunreported,PDFp4Table1;PDFp3§3.3;methodsPDFp2rightcolumn§2.2.4,PDFp2§2.1–2.2.3;PDFp2rightcolumn§2.2.4;PDFp3§3.3;PDFp4Tables1–2;PDFp5§3.5/Fig6,"about18;introduction cited background,not own18.2",LOITable1 PVA/LAP/MMT andTGTable2 MMT/LAP/PVA are the same mixed threecomponentbath defined§2.2.3;orderpermutationnot multilayersequence;§3.5 same PETcoated nfilmseries,Coated retainedfractions/CTACconcentration/TGaliquot geometryunreported;±meaning/nunreported;no image or curve estimation,30,800,about5.0,TAQ50,Unreported;MCCgas/conditionsnotborrowed,Tonset(°C),Table2footnotea temperaturewhenmassloss5%;T5 not extrapolated onset,Table2footnoteb temperaturewhenmasslossrate maximum;§3.5DTGpeak,Real(measured)charTable2;§3.5PDFp5 explicitly finalresidues800C;italiccalculatedvaluesseparate,PDFp4Table2andfootnotesa–c;PDFp5§3.5/Fig6,PDFp2rightcolumn§2.2.4ordinaryQ50TGmethod,Own film preparedseries§2.2.3 usedTGandLOI§2.2.4;exactn4/6/8/10andmixedbathcodes alignedTables1/2 and§3.5. Own uncoatedcontrol repeatedlyexplicitControl/PET counterpart;coatinghistorynotinherited. TG aliquot geometrynotreported;no inventedcut.,,,,,,,,,,,,,,,,,,,,,,B439primary+B441independentpeer+B453root,2026-10-06,source_approved_primary_peer_root_pending_publication,fiber_forming_polymer,Actual PET/PP/PBT fibre-formingpolymerfilm/plaque;userauthorizedmatchingnonfiberforms;eligibilitynotprocessingbridge,PDFp2§2.1–2.2.3;PDFp2rightcolumn§2.2.4;PDFp3§3.3;PDFp4Tables1–2;PDFp5§3.5/Fig6,B439primary+B441independentpeer+B453root,2026-10-06,f7f8eb478c08793e3e1f880b5f2e5b5529e875065a5a56374207cf042065e5f7,692df200ac5370d55d5a3f10b8a43105044e50c3a6e8ab6740a5245574489e78,,,,,,,,,,,,,,,,,,,,,,,,,,,,,,,,,,,,,
10.1016/j.porgcoat.2020.105788,Fabrication of transparent clay-polymer hybrid coatings on PET film to enhance flame retardancy and oxygen barrier properties,https://doi.org/10.1016/j.porgcoat.2020.105788,literature,journal_article,PET@(PVA/LAP/MMT)4;as-prepared PET film,PET@(PVA/LAP/MMT)4;as-prepared PET film,verified_exact,24.5,.3,,416.5,,,465.4,,,15.1,15.1,800,N2,10,Process substrate rinse;as-coated;no durability wash reported,8ea03d916698b66212f6842d93408a156db3e4abe3113ee71485e6ca715c9f72,Published primary native PDF; full body/all tables/footnotes/figure captions/references read; no images or online source,explicit_text,TG+LOI,Reported limits retained; replicate statistic and n unreported,As-prepared; no durability washing series reported,24.5 ± .3,Table1 shows±;no SD/SE/CI/n definition in full main,4.3,.1,Table1 WG measured coatedfilm weightgain;not bath/finalcomponent fraction,PET50um film with mixedPVA:LAP:MMT1:1:1 bathtotal1.5wt%solids;4 dip-drycycles;finishedcomponentfractionsunreported,Mixedcoatingbath ratiosandtotal-solidswt%;not finaldryfilm fractions,"PET substrate50um fromHe-WeiMaterialsShandong;coating-series substrate rinsedDIwater+methanol,corona5000V3times,CTACsolution5minultrasonic(concentrationunreported).PVA2488 alcoholysis88%:aqueous90C1h;MMT12hRTstir/ice15W1hsonication20minpause/repeat1h;LAP6hRTultrasonic;all24hoscillation.Mixedbathtotal1.5wt%solids,PVA:LAP:MMT1:1:1;30minstir/two15W1hsonications;10sdip/60C1hovendry/repeatncycles/180degrotationbetween cycles.No finalretainedfractions inferred.","PET substrate50um fromHe-WeiMaterialsShandong;coating-series substrate rinsedDIwater+methanol,corona5000V3times,CTACsolution5minultrasonic(concentrationunreported).PVA2488 alcoholysis88%:aqueous90C1h;MMT12hRTstir/ice15W1hsonication20minpause/repeat1h;LAP6hRTultrasonic;all24hoscillation.Mixedbathtotal1.5wt%solids,PVA:LAP:MMT1:1:1;30minstir/two15W1hsonications;10sdip/60C1hovendry/repeatncycles/180degrotationbetween cycles.No finalretainedfractions inferred.",PET film;50um substrate;coatedthicknessvaries,Own coated PET film on50umsubstrate,Own coated PET film on50umsubstrate,GB/T5454-1997,"JF3,Jiangning",150x60mm2;substrate50um;coated thicknessunreported,PDFp4Table1;PDFp3§3.3;methodsPDFp2rightcolumn§2.2.4,PDFp2§2.1–2.2.3;PDFp2rightcolumn§2.2.4;PDFp3§3.3;PDFp4Tables1–2;PDFp5§3.5/Fig6,"about18;introduction cited background,not own18.2",LOITable1 PVA/LAP/MMT andTGTable2 MMT/LAP/PVA are the same mixed threecomponentbath defined§2.2.3;orderpermutationnot multilayersequence;§3.5 same PETcoated nfilmseries,Coated retainedfractions/CTACconcentration/TGaliquot geometryunreported;±meaning/nunreported;no image or curve estimation,30,800,about5.0,TAQ50,Unreported;MCCgas/conditionsnotborrowed,Tonset(°C),Table2footnotea temperaturewhenmassloss5%;T5 not extrapolated onset,Table2footnoteb temperaturewhenmasslossrate maximum;§3.5DTGpeak,Real(measured)charTable2;§3.5PDFp5 explicitly finalresidues800C;italiccalculatedvaluesseparate,PDFp4Table2andfootnotesa–c;PDFp5§3.5/Fig6,PDFp2rightcolumn§2.2.4ordinaryQ50TGmethod,Own film preparedseries§2.2.3 usedTGandLOI§2.2.4;exactn4/6/8/10andmixedbathcodes alignedTables1/2 and§3.5. Own uncoatedcontrol repeatedlyexplicitControl/PET counterpart;coatinghistorynotinherited. TG aliquot geometrynotreported;no inventedcut.,,,,,,,,,,,,,,,,,,,,,,B439primary+B441independentpeer+B453root,2026-10-06,source_approved_primary_peer_root_pending_publication,fiber_forming_polymer_composite,Actual PET/PP/PBT fibre-formingpolymerfilm/plaque;userauthorizedmatchingnonfiberforms;eligibilitynotprocessingbridge,PDFp2§2.1–2.2.3;PDFp2rightcolumn§2.2.4;PDFp3§3.3;PDFp4Tables1–2;PDFp5§3.5/Fig6,B439primary+B441independentpeer+B453root,2026-10-06,2c3095ea2af4bd7b166fd45c37c3c878fbac44ae46b96366497cf4d09d1eaf60,4f3e578c36757b7498e8477107253d87d02846d39a530fcc40156393655c11da,,,,,,,,,,,,,,,,,,,,,,,,,,,,,,,,,,,,,
10.1016/j.porgcoat.2020.105788,Fabrication of transparent clay-polymer hybrid coatings on PET film to enhance flame retardancy and oxygen barrier properties,https://doi.org/10.1016/j.porgcoat.2020.105788,literature,journal_article,PET@(PVA/LAP/MMT)6;as-prepared PET film,PET@(PVA/LAP/MMT)6;as-prepared PET film,verified_exact,25.5,.2,,424.9,,,465.6,,,17.3,17.3,800,N2,10,Process substrate rinse;as-coated;no durability wash reported,8ea03d916698b66212f6842d93408a156db3e4abe3113ee71485e6ca715c9f72,Published primary native PDF; full body/all tables/footnotes/figure captions/references read; no images or online source,explicit_text,TG+LOI,Reported limits retained; replicate statistic and n unreported,As-prepared; no durability washing series reported,25.5 ± .2,Table1 shows±;no SD/SE/CI/n definition in full main,5.3,.1,Table1 WG measured coatedfilm weightgain;not bath/finalcomponent fraction,PET50um film with mixedPVA:LAP:MMT1:1:1 bathtotal1.5wt%solids;6 dip-drycycles;finishedcomponentfractionsunreported,Mixedcoatingbath ratiosandtotal-solidswt%;not finaldryfilm fractions,"PET substrate50um fromHe-WeiMaterialsShandong;coating-series substrate rinsedDIwater+methanol,corona5000V3times,CTACsolution5minultrasonic(concentrationunreported).PVA2488 alcoholysis88%:aqueous90C1h;MMT12hRTstir/ice15W1hsonication20minpause/repeat1h;LAP6hRTultrasonic;all24hoscillation.Mixedbathtotal1.5wt%solids,PVA:LAP:MMT1:1:1;30minstir/two15W1hsonications;10sdip/60C1hovendry/repeatncycles/180degrotationbetween cycles.No finalretainedfractions inferred.","PET substrate50um fromHe-WeiMaterialsShandong;coating-series substrate rinsedDIwater+methanol,corona5000V3times,CTACsolution5minultrasonic(concentrationunreported).PVA2488 alcoholysis88%:aqueous90C1h;MMT12hRTstir/ice15W1hsonication20minpause/repeat1h;LAP6hRTultrasonic;all24hoscillation.Mixedbathtotal1.5wt%solids,PVA:LAP:MMT1:1:1;30minstir/two15W1hsonications;10sdip/60C1hovendry/repeatncycles/180degrotationbetween cycles.No finalretainedfractions inferred.",PET film;50um substrate;coatedthicknessvaries,Own coated PET film on50umsubstrate,Own coated PET film on50umsubstrate,GB/T5454-1997,"JF3,Jiangning",150x60mm2;substrate50um;coated thicknessunreported,PDFp4Table1;PDFp3§3.3;methodsPDFp2rightcolumn§2.2.4,PDFp2§2.1–2.2.3;PDFp2rightcolumn§2.2.4;PDFp3§3.3;PDFp4Tables1–2;PDFp5§3.5/Fig6,"about18;introduction cited background,not own18.2",LOITable1 PVA/LAP/MMT andTGTable2 MMT/LAP/PVA are the same mixed threecomponentbath defined§2.2.3;orderpermutationnot multilayersequence;§3.5 same PETcoated nfilmseries,Coated retainedfractions/CTACconcentration/TGaliquot geometryunreported;±meaning/nunreported;no image or curve estimation,30,800,about5.0,TAQ50,Unreported;MCCgas/conditionsnotborrowed,Tonset(°C),Table2footnotea temperaturewhenmassloss5%;T5 not extrapolated onset,Table2footnoteb temperaturewhenmasslossrate maximum;§3.5DTGpeak,Real(measured)charTable2;§3.5PDFp5 explicitly finalresidues800C;italiccalculatedvaluesseparate,PDFp4Table2andfootnotesa–c;PDFp5§3.5/Fig6,PDFp2rightcolumn§2.2.4ordinaryQ50TGmethod,Own film preparedseries§2.2.3 usedTGandLOI§2.2.4;exactn4/6/8/10andmixedbathcodes alignedTables1/2 and§3.5. Own uncoatedcontrol repeatedlyexplicitControl/PET counterpart;coatinghistorynotinherited. TG aliquot geometrynotreported;no inventedcut.,,,,,,,,,,,,,,,,,,,,,,B439primary+B441independentpeer+B453root,2026-10-06,source_approved_primary_peer_root_pending_publication,fiber_forming_polymer_composite,Actual PET/PP/PBT fibre-formingpolymerfilm/plaque;userauthorizedmatchingnonfiberforms;eligibilitynotprocessingbridge,PDFp2§2.1–2.2.3;PDFp2rightcolumn§2.2.4;PDFp3§3.3;PDFp4Tables1–2;PDFp5§3.5/Fig6,B439primary+B441independentpeer+B453root,2026-10-06,7061c01ecb5c34ce35ec4d48577f1b710e6ceabf7bb43f05523689db7c708c44,0d3ae06cfb850277762dca694cbfef560b84a6ca0da0aae4ac096078fb19ddfe,,,,,,,,,,,,,,,,,,,,,,,,,,,,,,,,,,,,,
10.1016/j.porgcoat.2020.105788,Fabrication of transparent clay-polymer hybrid coatings on PET film to enhance flame retardancy and oxygen barrier properties,https://doi.org/10.1016/j.porgcoat.2020.105788,literature,journal_article,PET@(PVA/LAP/MMT)8;as-prepared PET film,PET@(PVA/LAP/MMT)8;as-prepared PET film,verified_exact,26.3,.2,,427.8,,,465.7,,,19.0,19.0,800,N2,10,Process substrate rinse;as-coated;no durability wash reported,8ea03d916698b66212f6842d93408a156db3e4abe3113ee71485e6ca715c9f72,Published primary native PDF; full body/all tables/footnotes/figure captions/references read; no images or online source,explicit_text,TG+LOI,Reported limits retained; replicate statistic and n unreported,As-prepared; no durability washing series reported,26.3 ± .2,Table1 shows±;no SD/SE/CI/n definition in full main,7.1,.1,Table1 WG measured coatedfilm weightgain;not bath/finalcomponent fraction,PET50um film with mixedPVA:LAP:MMT1:1:1 bathtotal1.5wt%solids;8 dip-drycycles;finishedcomponentfractionsunreported,Mixedcoatingbath ratiosandtotal-solidswt%;not finaldryfilm fractions,"PET substrate50um fromHe-WeiMaterialsShandong;coating-series substrate rinsedDIwater+methanol,corona5000V3times,CTACsolution5minultrasonic(concentrationunreported).PVA2488 alcoholysis88%:aqueous90C1h;MMT12hRTstir/ice15W1hsonication20minpause/repeat1h;LAP6hRTultrasonic;all24hoscillation.Mixedbathtotal1.5wt%solids,PVA:LAP:MMT1:1:1;30minstir/two15W1hsonications;10sdip/60C1hovendry/repeatncycles/180degrotationbetween cycles.No finalretainedfractions inferred.","PET substrate50um fromHe-WeiMaterialsShandong;coating-series substrate rinsedDIwater+methanol,corona5000V3times,CTACsolution5minultrasonic(concentrationunreported).PVA2488 alcoholysis88%:aqueous90C1h;MMT12hRTstir/ice15W1hsonication20minpause/repeat1h;LAP6hRTultrasonic;all24hoscillation.Mixedbathtotal1.5wt%solids,PVA:LAP:MMT1:1:1;30minstir/two15W1hsonications;10sdip/60C1hovendry/repeatncycles/180degrotationbetween cycles.No finalretainedfractions inferred.",PET film;50um substrate;coatedthicknessvaries,Own coated PET film on50umsubstrate,Own coated PET film on50umsubstrate,GB/T5454-1997,"JF3,Jiangning",150x60mm2;substrate50um;coated thicknessunreported,PDFp4Table1;PDFp3§3.3;methodsPDFp2rightcolumn§2.2.4,PDFp2§2.1–2.2.3;PDFp2rightcolumn§2.2.4;PDFp3§3.3;PDFp4Tables1–2;PDFp5§3.5/Fig6,"about18;introduction cited background,not own18.2",LOITable1 PVA/LAP/MMT andTGTable2 MMT/LAP/PVA are the same mixed threecomponentbath defined§2.2.3;orderpermutationnot multilayersequence;§3.5 same PETcoated nfilmseries,Coated retainedfractions/CTACconcentration/TGaliquot geometryunreported;±meaning/nunreported;no image or curve estimation,30,800,about5.0,TAQ50,Unreported;MCCgas/conditionsnotborrowed,Tonset(°C),Table2footnotea temperaturewhenmassloss5%;T5 not extrapolated onset,Table2footnoteb temperaturewhenmasslossrate maximum;§3.5DTGpeak,Real(measured)charTable2;§3.5PDFp5 explicitly finalresidues800C;italiccalculatedvaluesseparate,PDFp4Table2andfootnotesa–c;PDFp5§3.5/Fig6,PDFp2rightcolumn§2.2.4ordinaryQ50TGmethod,Own film preparedseries§2.2.3 usedTGandLOI§2.2.4;exactn4/6/8/10andmixedbathcodes alignedTables1/2 and§3.5. Own uncoatedcontrol repeatedlyexplicitControl/PET counterpart;coatinghistorynotinherited. TG aliquot geometrynotreported;no inventedcut.,,,,,,,,,,,,,,,,,,,,,,B439primary+B441independentpeer+B453root,2026-10-06,source_approved_primary_peer_root_pending_publication,fiber_forming_polymer_composite,Actual PET/PP/PBT fibre-formingpolymerfilm/plaque;userauthorizedmatchingnonfiberforms;eligibilitynotprocessingbridge,PDFp2§2.1–2.2.3;PDFp2rightcolumn§2.2.4;PDFp3§3.3;PDFp4Tables1–2;PDFp5§3.5/Fig6,B439primary+B441independentpeer+B453root,2026-10-06,d69712c27d5782d6a3ac3621960cc304cfee9fe095641b3d91e187d5aefe63d6,393af5e855cac67b627e7fab7b97167d4d6b368b642fd2f3dea25d4259d1bb04,,,,,,,,,,,,,,,,,,,,,,,,,,,,,,,,,,,,,
10.1016/j.porgcoat.2020.105788,Fabrication of transparent clay-polymer hybrid coatings on PET film to enhance flame retardancy and oxygen barrier properties,https://doi.org/10.1016/j.porgcoat.2020.105788,literature,journal_article,PET@(PVA/LAP/MMT)10;as-prepared PET film,PET@(PVA/LAP/MMT)10;as-prepared PET film,verified_exact,27.2,.2,,414.9,,,466.7,,,21.6,21.6,800,N2,10,Process substrate rinse;as-coated;no durability wash reported,8ea03d916698b66212f6842d93408a156db3e4abe3113ee71485e6ca715c9f72,Published primary native PDF; full body/all tables/footnotes/figure captions/references read; no images or online source,explicit_text,TG+LOI,Reported limits retained; replicate statistic and n unreported,As-prepared; no durability washing series reported,27.2 ± .2,Table1 shows±;no SD/SE/CI/n definition in full main,8.9,.1,Table1 WG measured coatedfilm weightgain;not bath/finalcomponent fraction,PET50um film with mixedPVA:LAP:MMT1:1:1 bathtotal1.5wt%solids;10 dip-drycycles;finishedcomponentfractionsunreported,Mixedcoatingbath ratiosandtotal-solidswt%;not finaldryfilm fractions,"PET substrate50um fromHe-WeiMaterialsShandong;coating-series substrate rinsedDIwater+methanol,corona5000V3times,CTACsolution5minultrasonic(concentrationunreported).PVA2488 alcoholysis88%:aqueous90C1h;MMT12hRTstir/ice15W1hsonication20minpause/repeat1h;LAP6hRTultrasonic;all24hoscillation.Mixedbathtotal1.5wt%solids,PVA:LAP:MMT1:1:1;30minstir/two15W1hsonications;10sdip/60C1hovendry/repeatncycles/180degrotationbetween cycles.No finalretainedfractions inferred.","PET substrate50um fromHe-WeiMaterialsShandong;coating-series substrate rinsedDIwater+methanol,corona5000V3times,CTACsolution5minultrasonic(concentrationunreported).PVA2488 alcoholysis88%:aqueous90C1h;MMT12hRTstir/ice15W1hsonication20minpause/repeat1h;LAP6hRTultrasonic;all24hoscillation.Mixedbathtotal1.5wt%solids,PVA:LAP:MMT1:1:1;30minstir/two15W1hsonications;10sdip/60C1hovendry/repeatncycles/180degrotationbetween cycles.No finalretainedfractions inferred.",PET film;50um substrate;coatedthicknessvaries,Own coated PET film on50umsubstrate,Own coated PET film on50umsubstrate,GB/T5454-1997,"JF3,Jiangning",150x60mm2;substrate50um;coated thicknessunreported,PDFp4Table1;PDFp3§3.3;methodsPDFp2rightcolumn§2.2.4,PDFp2§2.1–2.2.3;PDFp2rightcolumn§2.2.4;PDFp3§3.3;PDFp4Tables1–2;PDFp5§3.5/Fig6,"about18;introduction cited background,not own18.2",LOITable1 PVA/LAP/MMT andTGTable2 MMT/LAP/PVA are the same mixed threecomponentbath defined§2.2.3;orderpermutationnot multilayersequence;§3.5 same PETcoated nfilmseries,Coated retainedfractions/CTACconcentration/TGaliquot geometryunreported;±meaning/nunreported;no image or curve estimation,30,800,about5.0,TAQ50,Unreported;MCCgas/conditionsnotborrowed,Tonset(°C),Table2footnotea temperaturewhenmassloss5%;T5 not extrapolated onset,Table2footnoteb temperaturewhenmasslossrate maximum;§3.5DTGpeak,Real(measured)charTable2;§3.5PDFp5 explicitly finalresidues800C;italiccalculatedvaluesseparate,PDFp4Table2andfootnotesa–c;PDFp5§3.5/Fig6,PDFp2rightcolumn§2.2.4ordinaryQ50TGmethod,Own film preparedseries§2.2.3 usedTGandLOI§2.2.4;exactn4/6/8/10andmixedbathcodes alignedTables1/2 and§3.5. Own uncoatedcontrol repeatedlyexplicitControl/PET counterpart;coatinghistorynotinherited. TG aliquot geometrynotreported;no inventedcut.,,,,,,,,,,,,,,,,,,,,,,B439primary+B441independentpeer+B453root,2026-10-06,source_approved_primary_peer_root_pending_publication,fiber_forming_polymer_composite,Actual PET/PP/PBT fibre-formingpolymerfilm/plaque;userauthorizedmatchingnonfiberforms;eligibilitynotprocessingbridge,PDFp2§2.1–2.2.3;PDFp2rightcolumn§2.2.4;PDFp3§3.3;PDFp4Tables1–2;PDFp5§3.5/Fig6,B439primary+B441independentpeer+B453root,2026-10-06,a7a039883198fb8318080cdaaef64cf60e74e77d21822a8e0abf892e81a786b2,8d1874ca4e7d2d35cf557861cc340d1b2f412a9d5230204598c7408630af39c0,,,,,,,,,,,,,,,,,,,,,,,,,,,,,,,,,,,,,
10.1016/j.polymdegradstab.2005.05.023,"Flammability, degradation and structural characterization of fibre-forming polypropylene containing nanoclay–flame retardant combinations",https://doi.org/10.1016/j.polymdegradstab.2005.05.023,literature,journal_article,PP1;compression-moulded film,PP1;compression-moulded film,verified_exact,19.2,,,,,,,,0.0,,0.0,600,air,20,As-moulded;no washstate reported,38ca25ff751950851dbde1d541ce688cc4a4010839b30029c226f343899481e6,Published primary native PDF; full body/all tables/footnotes/figure captions/references read; no images or online source,explicit_text,TG+LOI,Reported limits retained; replicate statistic and n unreported,Common compression-moulded filmseries;purePPequivalentthermalhistory;not extruded yarn,,§3.1 LOI technique error magnitude about0.5LOIunit;source native glyph G0.5;error sign/type not decoded;not row SD/SE/n,,,,PP100phr;Cloisite30B0phr;APP(FR1)0phr;NOR116(FR2)0phr,Table1footnotephr=partsper100partsofPPresin;not normalizedwt%;PP5totaladditives6phrnot6wt%,Fibre-gradePP providedbyUK fibreextruder;Cloisite30Bquaternarymethylbis(dihydroxyethyl)hydrogenatedtallowammonium;APP AntiblazeMCM(Albemarle)FR1;FlamestabNOR116(Ciba)FR2. Mixin cupshake3min;BrabenderW50E/camblades60rpm190C6min;§2.3allblendscompressionmouldedca0.3mmfilmsbetweenAlfoilcoveredsteelspacerplates190C;purePP equivalentthermalhistoryexplicit.,Fibre-gradePP providedbyUK fibreextruder;Cloisite30Bquaternarymethylbis(dihydroxyethyl)hydrogenatedtallowammonium;APP AntiblazeMCM(Albemarle)FR1;FlamestabNOR116(Ciba)FR2. Mixin cupshake3min;BrabenderW50E/camblades60rpm190C6min;§2.3allblendscompressionmouldedca0.3mmfilmsbetweenAlfoilcoveredsteelspacerplates190C;purePP equivalentthermalhistoryexplicit.,Own PP compression-moulded ca0.3mmfilm,Own compression-moulded PP filmca0.3mm,Own compression-moulded PP filmca0.3mm,ASTM2863-77;Ref15notes reissued2863-00,,ca0.3mmfilm;otherdimensionsunreported,PDFp2Table1;PDFp3§3.1,PDFp2§2.1–2.5/Table1;PDFp3§3.1–3.2;PDFp7Ref15,,,Undefinedstartingtemperature raw-only;TGterminaltemperature andLOIreplicates/geometriesunreported;no gasreleasepeak→DTG substitution;no LOI-error-to-SD conversion,,,approximately6,PolymerLaboratoriesTG1000,,,,,Table1measuredchar600C;PDFp3§3.2 explicitcharresiduesinair;not Maxsuiteprediction,PDFp2Table1R600;PDFp3§3.2,PDFp2§2.5,"§2.3 common filmformationfromallblendsandexplicitpurePP equivalentthermalhistory;§2.4same selectedfilmseries;§2.5samples refer to preparedPP1–5series withno alternativepostprocessbranch;Table1exactsamecodes ownLOIandR600. ExactTGaliquot geometrynotreported,nocutclaim. Pendingindependent source/rootreview.",about0.5,8,259,§3.2 startingdegradationtemperature;operationalcriterionunreported;not canonicalTonset/T5/T10,Maxsuite99 designedformulations;§3.1 measuredLOIand§3.2 experimentalTG notcomputedLOI,"Unreported;commonpreparedfilmseries is documentary bridge,not a measuredaliquotdimension",,,,,,,,,,,,,,,,B439primary+B441independentpeer+B453root,2026-10-06,source_approved_primary_peer_root_pending_publication,fiber_forming_polymer,Actual PET/PP/PBT fibre-formingpolymerfilm/plaque;userauthorizedmatchingnonfiberforms;eligibilitynotprocessingbridge,PDFp2§2.1–2.5/Table1;PDFp3§3.1–3.2;PDFp7Ref15,B439primary+B441independentpeer+B453root,2026-10-06,baa26a1819ea45883fa15525516fc0cd6d509ee5a00583eb4a2f1f6c8e64c352,257b9f76602b08a13263de8c57ef870c8de503c5e5c0fcc3278ac3d80808fc3f,,,,,,,,,,,,,,,,,,,,,,,,,,,,,,,,,,,,,
10.1016/j.polymdegradstab.2005.05.023,"Flammability, degradation and structural characterization of fibre-forming polypropylene containing nanoclay–flame retardant combinations",https://doi.org/10.1016/j.polymdegradstab.2005.05.023,literature,journal_article,PP2;compression-moulded film,PP2;compression-moulded film,verified_exact,19.3,,,,,,,,4.31,,4.31,600,air,20,As-moulded;no washstate reported,38ca25ff751950851dbde1d541ce688cc4a4010839b30029c226f343899481e6,Published primary native PDF; full body/all tables/footnotes/figure captions/references read; no images or online source,explicit_text,TG+LOI,Reported limits retained; replicate statistic and n unreported,Common compression-moulded filmseries;purePPequivalentthermalhistory;not extruded yarn,,§3.1 LOI technique error magnitude about0.5LOIunit;source native glyph G0.5;error sign/type not decoded;not row SD/SE/n,,,,PP100phr;Cloisite30B5phr;APP(FR1)0phr;NOR116(FR2)0phr,Table1footnotephr=partsper100partsofPPresin;not normalizedwt%;PP5totaladditives6phrnot6wt%,Fibre-gradePP providedbyUK fibreextruder;Cloisite30Bquaternarymethylbis(dihydroxyethyl)hydrogenatedtallowammonium;APP AntiblazeMCM(Albemarle)FR1;FlamestabNOR116(Ciba)FR2. Mixin cupshake3min;BrabenderW50E/camblades60rpm190C6min;§2.3allblendscompressionmouldedca0.3mmfilmsbetweenAlfoilcoveredsteelspacerplates190C;purePP equivalentthermalhistoryexplicit.,Fibre-gradePP providedbyUK fibreextruder;Cloisite30Bquaternarymethylbis(dihydroxyethyl)hydrogenatedtallowammonium;APP AntiblazeMCM(Albemarle)FR1;FlamestabNOR116(Ciba)FR2. Mixin cupshake3min;BrabenderW50E/camblades60rpm190C6min;§2.3allblendscompressionmouldedca0.3mmfilmsbetweenAlfoilcoveredsteelspacerplates190C;purePP equivalentthermalhistoryexplicit.,Own PP compression-moulded ca0.3mmfilm,Own compression-moulded PP filmca0.3mm,Own compression-moulded PP filmca0.3mm,ASTM2863-77;Ref15notes reissued2863-00,,ca0.3mmfilm;otherdimensionsunreported,PDFp2Table1;PDFp3§3.1,PDFp2§2.1–2.5/Table1;PDFp3§3.1–3.2;PDFp7Ref15,,,Undefinedstartingtemperature raw-only;TGterminaltemperature andLOIreplicates/geometriesunreported;no gasreleasepeak→DTG substitution;no LOI-error-to-SD conversion,,,approximately6,PolymerLaboratoriesTG1000,,,,,Table1measuredchar600C;PDFp3§3.2 explicitcharresiduesinair;not Maxsuiteprediction,PDFp2Table1R600;PDFp3§3.2,PDFp2§2.5,"§2.3 common filmformationfromallblendsandexplicitpurePP equivalentthermalhistory;§2.4same selectedfilmseries;§2.5samples refer to preparedPP1–5series withno alternativepostprocessbranch;Table1exactsamecodes ownLOIandR600. ExactTGaliquot geometrynotreported,nocutclaim. Pendingindependent source/rootreview.",about0.5,8,266,§3.2 startingdegradationtemperature;operationalcriterionunreported;not canonicalTonset/T5/T10,Maxsuite99 designedformulations;§3.1 measuredLOIand§3.2 experimentalTG notcomputedLOI,"Unreported;commonpreparedfilmseries is documentary bridge,not a measuredaliquotdimension",,,,,,,,,,,,,,,,B439primary+B441independentpeer+B453root,2026-10-06,source_approved_primary_peer_root_pending_publication,fiber_forming_polymer_composite,Actual PET/PP/PBT fibre-formingpolymerfilm/plaque;userauthorizedmatchingnonfiberforms;eligibilitynotprocessingbridge,PDFp2§2.1–2.5/Table1;PDFp3§3.1–3.2;PDFp7Ref15,B439primary+B441independentpeer+B453root,2026-10-06,fc2470a6000414e48b01be8e0c90865ddc09d0757a0b5d339dc3b5b028efe12b,bf08e0af58330beaea715f8bd8056611ae6b01592c2637f1a6cb27b1561dcd7a,,,,,,,,,,,,,,,,,,,,,,,,,,,,,,,,,,,,,
10.1016/j.polymdegradstab.2005.05.023,"Flammability, degradation and structural characterization of fibre-forming polypropylene containing nanoclay–flame retardant combinations",https://doi.org/10.1016/j.polymdegradstab.2005.05.023,literature,journal_article,PP3;compression-moulded film,PP3;compression-moulded film,verified_exact,20.6,,,,,,,,3.21,,3.21,600,air,20,As-moulded;no washstate reported,38ca25ff751950851dbde1d541ce688cc4a4010839b30029c226f343899481e6,Published primary native PDF; full body/all tables/footnotes/figure captions/references read; no images or online source,explicit_text,TG+LOI,Reported limits retained; replicate statistic and n unreported,Common compression-moulded filmseries;purePPequivalentthermalhistory;not extruded yarn,,§3.1 LOI technique error magnitude about0.5LOIunit;source native glyph G0.5;error sign/type not decoded;not row SD/SE/n,,,,PP100phr;Cloisite30B2.5phr;APP(FR1)2.5phr;NOR116(FR2)0phr,Table1footnotephr=partsper100partsofPPresin;not normalizedwt%;PP5totaladditives6phrnot6wt%,Fibre-gradePP providedbyUK fibreextruder;Cloisite30Bquaternarymethylbis(dihydroxyethyl)hydrogenatedtallowammonium;APP AntiblazeMCM(Albemarle)FR1;FlamestabNOR116(Ciba)FR2. Mixin cupshake3min;BrabenderW50E/camblades60rpm190C6min;§2.3allblendscompressionmouldedca0.3mmfilmsbetweenAlfoilcoveredsteelspacerplates190C;purePP equivalentthermalhistoryexplicit.,Fibre-gradePP providedbyUK fibreextruder;Cloisite30Bquaternarymethylbis(dihydroxyethyl)hydrogenatedtallowammonium;APP AntiblazeMCM(Albemarle)FR1;FlamestabNOR116(Ciba)FR2. Mixin cupshake3min;BrabenderW50E/camblades60rpm190C6min;§2.3allblendscompressionmouldedca0.3mmfilmsbetweenAlfoilcoveredsteelspacerplates190C;purePP equivalentthermalhistoryexplicit.,Own PP compression-moulded ca0.3mmfilm,Own compression-moulded PP filmca0.3mm,Own compression-moulded PP filmca0.3mm,ASTM2863-77;Ref15notes reissued2863-00,,ca0.3mmfilm;otherdimensionsunreported,PDFp2Table1;PDFp3§3.1,PDFp2§2.1–2.5/Table1;PDFp3§3.1–3.2;PDFp7Ref15,,,Undefinedstartingtemperature raw-only;TGterminaltemperature andLOIreplicates/geometriesunreported;no gasreleasepeak→DTG substitution;no LOI-error-to-SD conversion,,,approximately6,PolymerLaboratoriesTG1000,,,,,Table1measuredchar600C;PDFp3§3.2 explicitcharresiduesinair;not Maxsuiteprediction,PDFp2Table1R600;PDFp3§3.2,PDFp2§2.5,"§2.3 common filmformationfromallblendsandexplicitpurePP equivalentthermalhistory;§2.4same selectedfilmseries;§2.5samples refer to preparedPP1–5series withno alternativepostprocessbranch;Table1exactsamecodes ownLOIandR600. ExactTGaliquot geometrynotreported,nocutclaim. Pendingindependent source/rootreview.",about0.5,8,282,§3.2 startingdegradationtemperature;operationalcriterionunreported;not canonicalTonset/T5/T10,Maxsuite99 designedformulations;§3.1 measuredLOIand§3.2 experimentalTG notcomputedLOI,"Unreported;commonpreparedfilmseries is documentary bridge,not a measuredaliquotdimension",,,,,,,,,,,,,,,,B439primary+B441independentpeer+B453root,2026-10-06,source_approved_primary_peer_root_pending_publication,fiber_forming_polymer_composite,Actual PET/PP/PBT fibre-formingpolymerfilm/plaque;userauthorizedmatchingnonfiberforms;eligibilitynotprocessingbridge,PDFp2§2.1–2.5/Table1;PDFp3§3.1–3.2;PDFp7Ref15,B439primary+B441independentpeer+B453root,2026-10-06,69a1de24fbeb84422b4f57718ee4d7636c26057fc3e334f72e7f4c54489d5f26,f0a4c3bb34617ab2e99d02a9b4cbe5f5e93745025051a59d49c891088e633996,,,,,,,,,,,,,,,,,,,,,,,,,,,,,,,,,,,,,
10.1016/j.polymdegradstab.2005.05.023,"Flammability, degradation and structural characterization of fibre-forming polypropylene containing nanoclay–flame retardant combinations",https://doi.org/10.1016/j.polymdegradstab.2005.05.023,literature,journal_article,PP4;compression-moulded film,PP4;compression-moulded film,verified_exact,18.7,,,,,,,,4.82,,4.82,600,air,20,As-moulded;no washstate reported,38ca25ff751950851dbde1d541ce688cc4a4010839b30029c226f343899481e6,Published primary native PDF; full body/all tables/footnotes/figure captions/references read; no images or online source,explicit_text,TG+LOI,Reported limits retained; replicate statistic and n unreported,Common compression-moulded filmseries;purePPequivalentthermalhistory;not extruded yarn,,§3.1 LOI technique error magnitude about0.5LOIunit;source native glyph G0.5;error sign/type not decoded;not row SD/SE/n,,,,PP100phr;Cloisite30B5phr;APP(FR1)0phr;NOR116(FR2)1phr,Table1footnotephr=partsper100partsofPPresin;not normalizedwt%;PP5totaladditives6phrnot6wt%,Fibre-gradePP providedbyUK fibreextruder;Cloisite30Bquaternarymethylbis(dihydroxyethyl)hydrogenatedtallowammonium;APP AntiblazeMCM(Albemarle)FR1;FlamestabNOR116(Ciba)FR2. Mixin cupshake3min;BrabenderW50E/camblades60rpm190C6min;§2.3allblendscompressionmouldedca0.3mmfilmsbetweenAlfoilcoveredsteelspacerplates190C;purePP equivalentthermalhistoryexplicit.,Fibre-gradePP providedbyUK fibreextruder;Cloisite30Bquaternarymethylbis(dihydroxyethyl)hydrogenatedtallowammonium;APP AntiblazeMCM(Albemarle)FR1;FlamestabNOR116(Ciba)FR2. Mixin cupshake3min;BrabenderW50E/camblades60rpm190C6min;§2.3allblendscompressionmouldedca0.3mmfilmsbetweenAlfoilcoveredsteelspacerplates190C;purePP equivalentthermalhistoryexplicit.,Own PP compression-moulded ca0.3mmfilm,Own compression-moulded PP filmca0.3mm,Own compression-moulded PP filmca0.3mm,ASTM2863-77;Ref15notes reissued2863-00,,ca0.3mmfilm;otherdimensionsunreported,PDFp2Table1;PDFp3§3.1,PDFp2§2.1–2.5/Table1;PDFp3§3.1–3.2;PDFp7Ref15,,,Undefinedstartingtemperature raw-only;TGterminaltemperature andLOIreplicates/geometriesunreported;no gasreleasepeak→DTG substitution;no LOI-error-to-SD conversion,,,approximately6,PolymerLaboratoriesTG1000,,,,,Table1measuredchar600C;PDFp3§3.2 explicitcharresiduesinair;not Maxsuiteprediction,PDFp2Table1R600;PDFp3§3.2,PDFp2§2.5,"§2.3 common filmformationfromallblendsandexplicitpurePP equivalentthermalhistory;§2.4same selectedfilmseries;§2.5samples refer to preparedPP1–5series withno alternativepostprocessbranch;Table1exactsamecodes ownLOIandR600. ExactTGaliquot geometrynotreported,nocutclaim. Pendingindependent source/rootreview.",about0.5,8,307,§3.2 startingdegradationtemperature;operationalcriterionunreported;not canonicalTonset/T5/T10,Maxsuite99 designedformulations;§3.1 measuredLOIand§3.2 experimentalTG notcomputedLOI,"Unreported;commonpreparedfilmseries is documentary bridge,not a measuredaliquotdimension",,,,,,,,,,,,,,,,B439primary+B441independentpeer+B453root,2026-10-06,source_approved_primary_peer_root_pending_publication,fiber_forming_polymer_composite,Actual PET/PP/PBT fibre-formingpolymerfilm/plaque;userauthorizedmatchingnonfiberforms;eligibilitynotprocessingbridge,PDFp2§2.1–2.5/Table1;PDFp3§3.1–3.2;PDFp7Ref15,B439primary+B441independentpeer+B453root,2026-10-06,73b573899add2dd6555128cbaf2fc854957a1382286f22aa879a62f739cc104c,b087267197be50448fc4c73456682d1ca10a5fda84f0bd99725b729061159158,,,,,,,,,,,,,,,,,,,,,,,,,,,,,,,,,,,,,
10.1016/j.polymdegradstab.2005.05.023,"Flammability, degradation and structural characterization of fibre-forming polypropylene containing nanoclay–flame retardant combinations",https://doi.org/10.1016/j.polymdegradstab.2005.05.023,literature,journal_article,PP5;compression-moulded film,PP5;compression-moulded film,verified_exact,22.1,,,,,,,,5.69,,5.69,600,air,20,As-moulded;no washstate reported,38ca25ff751950851dbde1d541ce688cc4a4010839b30029c226f343899481e6,Published primary native PDF; full body/all tables/footnotes/figure captions/references read; no images or online source,explicit_text,TG+LOI,Reported limits retained; replicate statistic and n unreported,Common compression-moulded filmseries;purePPequivalentthermalhistory;not extruded yarn,,§3.1 LOI technique error magnitude about0.5LOIunit;source native glyph G0.5;error sign/type not decoded;not row SD/SE/n,,,,PP100phr;Cloisite30B2.5phr;APP(FR1)2.5phr;NOR116(FR2)1phr,Table1footnotephr=partsper100partsofPPresin;not normalizedwt%;PP5totaladditives6phrnot6wt%,Fibre-gradePP providedbyUK fibreextruder;Cloisite30Bquaternarymethylbis(dihydroxyethyl)hydrogenatedtallowammonium;APP AntiblazeMCM(Albemarle)FR1;FlamestabNOR116(Ciba)FR2. Mixin cupshake3min;BrabenderW50E/camblades60rpm190C6min;§2.3allblendscompressionmouldedca0.3mmfilmsbetweenAlfoilcoveredsteelspacerplates190C;purePP equivalentthermalhistoryexplicit.,Fibre-gradePP providedbyUK fibreextruder;Cloisite30Bquaternarymethylbis(dihydroxyethyl)hydrogenatedtallowammonium;APP AntiblazeMCM(Albemarle)FR1;FlamestabNOR116(Ciba)FR2. Mixin cupshake3min;BrabenderW50E/camblades60rpm190C6min;§2.3allblendscompressionmouldedca0.3mmfilmsbetweenAlfoilcoveredsteelspacerplates190C;purePP equivalentthermalhistoryexplicit.,Own PP compression-moulded ca0.3mmfilm,Own compression-moulded PP filmca0.3mm,Own compression-moulded PP filmca0.3mm,ASTM2863-77;Ref15notes reissued2863-00,,ca0.3mmfilm;otherdimensionsunreported,PDFp2Table1;PDFp3§3.1,PDFp2§2.1–2.5/Table1;PDFp3§3.1–3.2;PDFp7Ref15,,,Undefinedstartingtemperature raw-only;TGterminaltemperature andLOIreplicates/geometriesunreported;no gasreleasepeak→DTG substitution;no LOI-error-to-SD conversion,,,approximately6,PolymerLaboratoriesTG1000,,,,,Table1measuredchar600C;PDFp3§3.2 explicitcharresiduesinair;not Maxsuiteprediction,PDFp2Table1R600;PDFp3§3.2,PDFp2§2.5,"§2.3 common filmformationfromallblendsandexplicitpurePP equivalentthermalhistory;§2.4same selectedfilmseries;§2.5samples refer to preparedPP1–5series withno alternativepostprocessbranch;Table1exactsamecodes ownLOIandR600. ExactTGaliquot geometrynotreported,nocutclaim. Pendingindependent source/rootreview.",about0.5,8,297,§3.2 startingdegradationtemperature;operationalcriterionunreported;not canonicalTonset/T5/T10,Maxsuite99 designedformulations;§3.1 measuredLOIand§3.2 experimentalTG notcomputedLOI,"Unreported;commonpreparedfilmseries is documentary bridge,not a measuredaliquotdimension",,,,,,,,,,,,,,,,B439primary+B441independentpeer+B453root,2026-10-06,source_approved_primary_peer_root_pending_publication,fiber_forming_polymer_composite,Actual PET/PP/PBT fibre-formingpolymerfilm/plaque;userauthorizedmatchingnonfiberforms;eligibilitynotprocessingbridge,PDFp2§2.1–2.5/Table1;PDFp3§3.1–3.2;PDFp7Ref15,B439primary+B441independentpeer+B453root,2026-10-06,7778c5f7d4f55904a5c58e742e37d018c578f7ca8c068283282ac9bb01ae36d9,219a5150fcf92c9371925790ed7b8712d1e3e24f45242065bf045be0c2993d7a,,,,,,,,,,,,,,,,,,,,,,,,,,,,,,,,,,,,,
10.1016/j.polymdegradstab.2009.04.014,Halogen-free flame retarded poly(butylene terephthalate) (PBT) using metal oxides/PBT nanocomposites in combination with aluminium phosphinate,https://doi.org/10.1016/j.polymdegradstab.2009.04.014,literature,journal_article,PBT;common hotpressed plaque,PBT;common hotpressed plaque,verified_exact,21.7,1,,,,,399.85,,,,7.1,726.85,N2,10,As-prepared;extrusionwatercoolingnotdurabilitywash,eb870f2926fcc634091d19758c60444a35f7365faef71e76bd093aabe95c200a,Published primary native PDF; full body/all tables/footnotes/figure captions/references read; no images or online source,explicit_text,TG+LOI,Reported limits retained; replicate statistic and n unreported,Common postextrusionhotpressed3mmplaques;no additionalLOI-onlyprocess reported,,"Table4 LOI error magnitude1percentagepoint;native /C6 1,sign unresolved;statistic/n unreported;ignition-time maximumdeviation not loaned",,,,OwnneatPBTcontrolinPBT;Table1originalwt% retained;remainingPBTfractionnotinferred,Table1wt% additivesasreported;denominatornotfurtherstated;not normalizedmatrixcalculation,"PBT PocanB1505(LANXESS);TiO2P25Degussa21nm99.5%,SigmaAl2O3,ClariantAlPiExolitOP1240 Pabout23.5wt%(additivenotcompositeP).PBT/oxidesvacuum363Kovernightdry,AlPiasreceived;mechanicallypremix/HAAKEPolyLabtwin screw473–508K120rpm;watercool/pelletize/333K2hdry;§2.2successivelyhotpress523K3mmplaques commonformulationseries.","PBT PocanB1505(LANXESS);TiO2P25Degussa21nm99.5%,SigmaAl2O3,ClariantAlPiExolitOP1240 Pabout23.5wt%(additivenotcompositeP).PBT/oxidesvacuum363Kovernightdry,AlPiasreceived;mechanicallypremix/HAAKEPolyLabtwin screw473–508K120rpm;watercool/pelletize/333K2hdry;§2.2successivelyhotpress523K3mmplaques commonformulationseries.",Own PBT hotpressed3mmplaque,Own commonhotpressedPBT3mmplaque material,Own commonhotpressedPBT3mmplaque material,ISO4589,,3x6.5x70–150mm verticalbar,PDFp7Table4;PDFp5–6§3.5;PDFp2§2.4,PDFp2§2.1–2.4;PDFp3Tables1–2;PDFp7Table4,,,Bodyfiveformulationscountsfilledfive plusneatcontrolsixTables1/2/4;cone24h296K50%RHconditioning/repeatsnotborrowedTG/LOI;sourceintegerK/errorpreserved;no waterpeak ordinal introduced,,901.85,8,MettlerToledoTGA/SDTA851,,,,Table2temperature atmaximum masslossrate;stages1/2defined;no FTIRCO2peakborrowing,Table2explicit Residue1000K=remainingresidue1000K;notmethod1175Kend orCONETable5residue,PDFp3Table2andfootnote;PDFp4Fig3caption,PDFp2§2.3,"§2.2 commonprocessingallinvestigated formulations thenhotpressed3mmplaques;§2.3thermalanalysisalladditivesandformulations;§2.4allformulationsLOI3mmbar;Tables1/2/4exact sixcodes. No competingLOI-specificthermoprocess branch;TGaliquotgeometryunreported,nocutclaim.",,30,,,,"Unreported8mgaliquot;LOIbar3x6.5x70–150mm,cuttingmethodunreported",MinimumO2concentrationwhere no selfextinction aftertopflameremoval,673,,ExactK−273.15;sourceintegerK precision retained;temperatureerror magnitude2K with native/C6 glyph sign unresolved;decimalsC do not add resolution,2,638,364.85,Table2T2%;§3.1 temperaturebeginning2%massloss;schemahasnoT2 slot;notT1/T5/Tonset,93.0,,1000,1,alumina,roomtemperature,1175,B439primary+B441independentpeer+B453root,2026-10-06,source_approved_primary_peer_root_pending_publication,fiber_forming_polymer,Actual PET/PP/PBT fibre-formingpolymerfilm/plaque;userauthorizedmatchingnonfiberforms;eligibilitynotprocessingbridge,PDFp2§2.1–2.4;PDFp3Tables1–2;PDFp7Table4,B439primary+B441independentpeer+B453root,2026-10-06,0f860d01a3f3a14db7033b2a4b0ec9f318014e878b7934eda68a04597312d68f,923c9ff86ec5e87458808864a7ba1a29634f821e72b1134097c9e48dbc0a1805,source error magnitude; native sign unresolved,/C6 1,native_glyph_unresolved,Table2 error /C6 1wt% and /C6 2K,native_glyph_unresolved,,,,,,,,,,,,,,,,,,,,,,,,,,,,,,,,
10.1016/j.polymdegradstab.2009.04.014,Halogen-free flame retarded poly(butylene terephthalate) (PBT) using metal oxides/PBT nanocomposites in combination with aluminium phosphinate,https://doi.org/10.1016/j.polymdegradstab.2009.04.014,literature,journal_article,PBT/AlPi;common hotpressed plaque,PBT/AlPi;common hotpressed plaque,verified_exact,31.3,1,,,,,401.85,461.85,,,9.5,726.85,N2,10,As-prepared;extrusionwatercoolingnotdurabilitywash,eb870f2926fcc634091d19758c60444a35f7365faef71e76bd093aabe95c200a,Published primary native PDF; full body/all tables/footnotes/figure captions/references read; no images or online source,explicit_text,TG+LOI,Reported limits retained; replicate statistic and n unreported,Common postextrusionhotpressed3mmplaques;no additionalLOI-onlyprocess reported,,"Table4 LOI error magnitude1percentagepoint;native /C6 1,sign unresolved;statistic/n unreported;ignition-time maximumdeviation not loaned",,,,10wt%AlPiinPBT;Table1originalwt% retained;remainingPBTfractionnotinferred,Table1wt% additivesasreported;denominatornotfurtherstated;not normalizedmatrixcalculation,"PBT PocanB1505(LANXESS);TiO2P25Degussa21nm99.5%,SigmaAl2O3,ClariantAlPiExolitOP1240 Pabout23.5wt%(additivenotcompositeP).PBT/oxidesvacuum363Kovernightdry,AlPiasreceived;mechanicallypremix/HAAKEPolyLabtwin screw473–508K120rpm;watercool/pelletize/333K2hdry;§2.2successivelyhotpress523K3mmplaques commonformulationseries.","PBT PocanB1505(LANXESS);TiO2P25Degussa21nm99.5%,SigmaAl2O3,ClariantAlPiExolitOP1240 Pabout23.5wt%(additivenotcompositeP).PBT/oxidesvacuum363Kovernightdry,AlPiasreceived;mechanicallypremix/HAAKEPolyLabtwin screw473–508K120rpm;watercool/pelletize/333K2hdry;§2.2successivelyhotpress523K3mmplaques commonformulationseries.",Own PBT hotpressed3mmplaque,Own commonhotpressedPBT3mmplaque material,Own commonhotpressedPBT3mmplaque material,ISO4589,,3x6.5x70–150mm verticalbar,PDFp7Table4;PDFp5–6§3.5;PDFp2§2.4,PDFp2§2.1–2.4;PDFp3Tables1–2;PDFp7Table4,,,Bodyfiveformulationscountsfilledfive plusneatcontrolsixTables1/2/4;cone24h296K50%RHconditioning/repeatsnotborrowedTG/LOI;sourceintegerK/errorpreserved;no waterpeak ordinal introduced,,901.85,8,MettlerToledoTGA/SDTA851,,,,Table2temperature atmaximum masslossrate;stages1/2defined;no FTIRCO2peakborrowing,Table2explicit Residue1000K=remainingresidue1000K;notmethod1175Kend orCONETable5residue,PDFp3Table2andfootnote;PDFp4Fig3caption,PDFp2§2.3,"§2.2 commonprocessingallinvestigated formulations thenhotpressed3mmplaques;§2.3thermalanalysisalladditivesandformulations;§2.4allformulationsLOI3mmbar;Tables1/2/4exact sixcodes. No competingLOI-specificthermoprocess branch;TGaliquotgeometryunreported,nocutclaim.",,30,,,,"Unreported8mgaliquot;LOIbar3x6.5x70–150mm,cuttingmethodunreported",MinimumO2concentrationwhere no selfextinction aftertopflameremoval,675,735,ExactK−273.15;sourceintegerK precision retained;temperatureerror magnitude2K with native/C6 glyph sign unresolved;decimalsC do not add resolution,2,632,358.85,Table2T2%;§3.1 temperaturebeginning2%massloss;schemahasnoT2 slot;notT1/T5/Tonset,88.0,3.1,1000,1,alumina,roomtemperature,1175,B439primary+B441independentpeer+B453root,2026-10-06,source_approved_primary_peer_root_pending_publication,fiber_forming_polymer_composite,Actual PET/PP/PBT fibre-formingpolymerfilm/plaque;userauthorizedmatchingnonfiberforms;eligibilitynotprocessingbridge,PDFp2§2.1–2.4;PDFp3Tables1–2;PDFp7Table4,B439primary+B441independentpeer+B453root,2026-10-06,2c463fd69707952a21c7e4dd40fd5ed0b51f14de6ad94d623299831898200fdd,6e1a9f221a302ef96569970850a1ea215816a4e5bc9ea8865a77a56e44f8156a,source error magnitude; native sign unresolved,/C6 1,native_glyph_unresolved,Table2 error /C6 1wt% and /C6 2K,native_glyph_unresolved,,,,,,,,,,,,,,,,,,,,,,,,,,,,,,,,
10.1016/j.polymdegradstab.2009.04.014,Halogen-free flame retarded poly(butylene terephthalate) (PBT) using metal oxides/PBT nanocomposites in combination with aluminium phosphinate,https://doi.org/10.1016/j.polymdegradstab.2009.04.014,literature,journal_article,PBT/TiO2;common hotpressed plaque,PBT/TiO2;common hotpressed plaque,verified_exact,19.0,1,,,,,401.85,,,,13.6,726.85,N2,10,As-prepared;extrusionwatercoolingnotdurabilitywash,eb870f2926fcc634091d19758c60444a35f7365faef71e76bd093aabe95c200a,Published primary native PDF; full body/all tables/footnotes/figure captions/references read; no images or online source,explicit_text,TG+LOI,Reported limits retained; replicate statistic and n unreported,Common postextrusionhotpressed3mmplaques;no additionalLOI-onlyprocess reported,,"Table4 LOI error magnitude1percentagepoint;native /C6 1,sign unresolved;statistic/n unreported;ignition-time maximumdeviation not loaned",,,,2wt%TiO2inPBT;Table1originalwt% retained;remainingPBTfractionnotinferred,Table1wt% additivesasreported;denominatornotfurtherstated;not normalizedmatrixcalculation,"PBT PocanB1505(LANXESS);TiO2P25Degussa21nm99.5%,SigmaAl2O3,ClariantAlPiExolitOP1240 Pabout23.5wt%(additivenotcompositeP).PBT/oxidesvacuum363Kovernightdry,AlPiasreceived;mechanicallypremix/HAAKEPolyLabtwin screw473–508K120rpm;watercool/pelletize/333K2hdry;§2.2successivelyhotpress523K3mmplaques commonformulationseries.","PBT PocanB1505(LANXESS);TiO2P25Degussa21nm99.5%,SigmaAl2O3,ClariantAlPiExolitOP1240 Pabout23.5wt%(additivenotcompositeP).PBT/oxidesvacuum363Kovernightdry,AlPiasreceived;mechanicallypremix/HAAKEPolyLabtwin screw473–508K120rpm;watercool/pelletize/333K2hdry;§2.2successivelyhotpress523K3mmplaques commonformulationseries.",Own PBT hotpressed3mmplaque,Own commonhotpressedPBT3mmplaque material,Own commonhotpressedPBT3mmplaque material,ISO4589,,3x6.5x70–150mm verticalbar,PDFp7Table4;PDFp5–6§3.5;PDFp2§2.4,PDFp2§2.1–2.4;PDFp3Tables1–2;PDFp7Table4,,,Bodyfiveformulationscountsfilledfive plusneatcontrolsixTables1/2/4;cone24h296K50%RHconditioning/repeatsnotborrowedTG/LOI;sourceintegerK/errorpreserved;no waterpeak ordinal introduced,,901.85,8,MettlerToledoTGA/SDTA851,,,,Table2temperature atmaximum masslossrate;stages1/2defined;no FTIRCO2peakborrowing,Table2explicit Residue1000K=remainingresidue1000K;notmethod1175Kend orCONETable5residue,PDFp3Table2andfootnote;PDFp4Fig3caption,PDFp2§2.3,"§2.2 commonprocessingallinvestigated formulations thenhotpressed3mmplaques;§2.3thermalanalysisalladditivesandformulations;§2.4allformulationsLOI3mmbar;Tables1/2/4exact sixcodes. No competingLOI-specificthermoprocess branch;TGaliquotgeometryunreported,nocutclaim.",,30,,,,"Unreported8mgaliquot;LOIbar3x6.5x70–150mm,cuttingmethodunreported",MinimumO2concentrationwhere no selfextinction aftertopflameremoval,675,,ExactK−273.15;sourceintegerK precision retained;temperatureerror magnitude2K with native/C6 glyph sign unresolved;decimalsC do not add resolution,2,638,364.85,Table2T2%;§3.1 temperaturebeginning2%massloss;schemahasnoT2 slot;notT1/T5/Tonset,85.1,,1000,1,alumina,roomtemperature,1175,B439primary+B441independentpeer+B453root,2026-10-06,source_approved_primary_peer_root_pending_publication,fiber_forming_polymer_composite,Actual PET/PP/PBT fibre-formingpolymerfilm/plaque;userauthorizedmatchingnonfiberforms;eligibilitynotprocessingbridge,PDFp2§2.1–2.4;PDFp3Tables1–2;PDFp7Table4,B439primary+B441independentpeer+B453root,2026-10-06,4212c18de82ac554b3637659c4be27e61077711563ef91609964ac91c1ac0334,0bed1806c46950b8eaad786916001a0cd5549487ebffe7ba9530507ac66a0d3b,source error magnitude; native sign unresolved,/C6 1,native_glyph_unresolved,Table2 error /C6 1wt% and /C6 2K,native_glyph_unresolved,,,,,,,,,,,,,,,,,,,,,,,,,,,,,,,,
10.1016/j.polymdegradstab.2009.04.014,Halogen-free flame retarded poly(butylene terephthalate) (PBT) using metal oxides/PBT nanocomposites in combination with aluminium phosphinate,https://doi.org/10.1016/j.polymdegradstab.2009.04.014,literature,journal_article,PBT/Al2O3;common hotpressed plaque,PBT/Al2O3;common hotpressed plaque,verified_exact,22.0,1,,,,,396.85,,,,10.7,726.85,N2,10,As-prepared;extrusionwatercoolingnotdurabilitywash,eb870f2926fcc634091d19758c60444a35f7365faef71e76bd093aabe95c200a,Published primary native PDF; full body/all tables/footnotes/figure captions/references read; no images or online source,explicit_text,TG+LOI,Reported limits retained; replicate statistic and n unreported,Common postextrusionhotpressed3mmplaques;no additionalLOI-onlyprocess reported,,"Table4 LOI error magnitude1percentagepoint;native /C6 1,sign unresolved;statistic/n unreported;ignition-time maximumdeviation not loaned",,,,1wt%Al2O3inPBT;Table1originalwt% retained;remainingPBTfractionnotinferred,Table1wt% additivesasreported;denominatornotfurtherstated;not normalizedmatrixcalculation,"PBT PocanB1505(LANXESS);TiO2P25Degussa21nm99.5%,SigmaAl2O3,ClariantAlPiExolitOP1240 Pabout23.5wt%(additivenotcompositeP).PBT/oxidesvacuum363Kovernightdry,AlPiasreceived;mechanicallypremix/HAAKEPolyLabtwin screw473–508K120rpm;watercool/pelletize/333K2hdry;§2.2successivelyhotpress523K3mmplaques commonformulationseries.","PBT PocanB1505(LANXESS);TiO2P25Degussa21nm99.5%,SigmaAl2O3,ClariantAlPiExolitOP1240 Pabout23.5wt%(additivenotcompositeP).PBT/oxidesvacuum363Kovernightdry,AlPiasreceived;mechanicallypremix/HAAKEPolyLabtwin screw473–508K120rpm;watercool/pelletize/333K2hdry;§2.2successivelyhotpress523K3mmplaques commonformulationseries.",Own PBT hotpressed3mmplaque,Own commonhotpressedPBT3mmplaque material,Own commonhotpressedPBT3mmplaque material,ISO4589,,3x6.5x70–150mm verticalbar,PDFp7Table4;PDFp5–6§3.5;PDFp2§2.4,PDFp2§2.1–2.4;PDFp3Tables1–2;PDFp7Table4,,,Bodyfiveformulationscountsfilledfive plusneatcontrolsixTables1/2/4;cone24h296K50%RHconditioning/repeatsnotborrowedTG/LOI;sourceintegerK/errorpreserved;no waterpeak ordinal introduced,,901.85,8,MettlerToledoTGA/SDTA851,,,,Table2temperature atmaximum masslossrate;stages1/2defined;no FTIRCO2peakborrowing,Table2explicit Residue1000K=remainingresidue1000K;notmethod1175Kend orCONETable5residue,PDFp3Table2andfootnote;PDFp4Fig3caption,PDFp2§2.3,"§2.2 commonprocessingallinvestigated formulations thenhotpressed3mmplaques;§2.3thermalanalysisalladditivesandformulations;§2.4allformulationsLOI3mmbar;Tables1/2/4exact sixcodes. No competingLOI-specificthermoprocess branch;TGaliquotgeometryunreported,nocutclaim.",,30,,,,"Unreported8mgaliquot;LOIbar3x6.5x70–150mm,cuttingmethodunreported",MinimumO2concentrationwhere no selfextinction aftertopflameremoval,670,,ExactK−273.15;sourceintegerK precision retained;temperatureerror magnitude2K with native/C6 glyph sign unresolved;decimalsC do not add resolution,2,639,365.85,Table2T2%;§3.1 temperaturebeginning2%massloss;schemahasnoT2 slot;notT1/T5/Tonset,89.2,,1000,1,alumina,roomtemperature,1175,B439primary+B441independentpeer+B453root,2026-10-06,source_approved_primary_peer_root_pending_publication,fiber_forming_polymer_composite,Actual PET/PP/PBT fibre-formingpolymerfilm/plaque;userauthorizedmatchingnonfiberforms;eligibilitynotprocessingbridge,PDFp2§2.1–2.4;PDFp3Tables1–2;PDFp7Table4,B439primary+B441independentpeer+B453root,2026-10-06,d38369ad5b353baea672d5f4897bcaba7271eb2d1178fd58bdb21a9d395a62ff,5eaeac5dc7ea8c87bf6c2c8e633a5b7d5a50d68e36c01209a4da0656542e521b,source error magnitude; native sign unresolved,/C6 1,native_glyph_unresolved,Table2 error /C6 1wt% and /C6 2K,native_glyph_unresolved,,,,,,,,,,,,,,,,,,,,,,,,,,,,,,,,
10.1016/j.polymdegradstab.2009.04.014,Halogen-free flame retarded poly(butylene terephthalate) (PBT) using metal oxides/PBT nanocomposites in combination with aluminium phosphinate,https://doi.org/10.1016/j.polymdegradstab.2009.04.014,literature,journal_article,PBT/AlPi/TiO2;common hotpressed plaque,PBT/AlPi/TiO2;common hotpressed plaque,verified_exact,28.1,1,,,,,400.85,466.85,,,11.7,726.85,N2,10,As-prepared;extrusionwatercoolingnotdurabilitywash,eb870f2926fcc634091d19758c60444a35f7365faef71e76bd093aabe95c200a,Published primary native PDF; full body/all tables/footnotes/figure captions/references read; no images or online source,explicit_text,TG+LOI,Reported limits retained; replicate statistic and n unreported,Common postextrusionhotpressed3mmplaques;no additionalLOI-onlyprocess reported,,"Table4 LOI error magnitude1percentagepoint;native /C6 1,sign unresolved;statistic/n unreported;ignition-time maximumdeviation not loaned",,,,8wt%AlPi+2wt%TiO2inPBT;Table1originalwt% retained;remainingPBTfractionnotinferred,Table1wt% additivesasreported;denominatornotfurtherstated;not normalizedmatrixcalculation,"PBT PocanB1505(LANXESS);TiO2P25Degussa21nm99.5%,SigmaAl2O3,ClariantAlPiExolitOP1240 Pabout23.5wt%(additivenotcompositeP).PBT/oxidesvacuum363Kovernightdry,AlPiasreceived;mechanicallypremix/HAAKEPolyLabtwin screw473–508K120rpm;watercool/pelletize/333K2hdry;§2.2successivelyhotpress523K3mmplaques commonformulationseries.","PBT PocanB1505(LANXESS);TiO2P25Degussa21nm99.5%,SigmaAl2O3,ClariantAlPiExolitOP1240 Pabout23.5wt%(additivenotcompositeP).PBT/oxidesvacuum363Kovernightdry,AlPiasreceived;mechanicallypremix/HAAKEPolyLabtwin screw473–508K120rpm;watercool/pelletize/333K2hdry;§2.2successivelyhotpress523K3mmplaques commonformulationseries.",Own PBT hotpressed3mmplaque,Own commonhotpressedPBT3mmplaque material,Own commonhotpressedPBT3mmplaque material,ISO4589,,3x6.5x70–150mm verticalbar,PDFp7Table4;PDFp5–6§3.5;PDFp2§2.4,PDFp2§2.1–2.4;PDFp3Tables1–2;PDFp7Table4,,,Bodyfiveformulationscountsfilledfive plusneatcontrolsixTables1/2/4;cone24h296K50%RHconditioning/repeatsnotborrowedTG/LOI;sourceintegerK/errorpreserved;no waterpeak ordinal introduced,,901.85,8,MettlerToledoTGA/SDTA851,,,,Table2temperature atmaximum masslossrate;stages1/2defined;no FTIRCO2peakborrowing,Table2explicit Residue1000K=remainingresidue1000K;notmethod1175Kend orCONETable5residue,PDFp3Table2andfootnote;PDFp4Fig3caption,PDFp2§2.3,"§2.2 commonprocessingallinvestigated formulations thenhotpressed3mmplaques;§2.3thermalanalysisalladditivesandformulations;§2.4allformulationsLOI3mmbar;Tables1/2/4exact sixcodes. No competingLOI-specificthermoprocess branch;TGaliquotgeometryunreported,nocutclaim.",,30,,,,"Unreported8mgaliquot;LOIbar3x6.5x70–150mm,cuttingmethodunreported",MinimumO2concentrationwhere no selfextinction aftertopflameremoval,674,740,ExactK−273.15;sourceintegerK precision retained;temperatureerror magnitude2K with native/C6 glyph sign unresolved;decimalsC do not add resolution,2,630,356.85,Table2T2%;§3.1 temperaturebeginning2%massloss;schemahasnoT2 slot;notT1/T5/Tonset,86.0,3.7,1000,1,alumina,roomtemperature,1175,B439primary+B441independentpeer+B453root,2026-10-06,source_approved_primary_peer_root_pending_publication,fiber_forming_polymer_composite,Actual PET/PP/PBT fibre-formingpolymerfilm/plaque;userauthorizedmatchingnonfiberforms;eligibilitynotprocessingbridge,PDFp2§2.1–2.4;PDFp3Tables1–2;PDFp7Table4,B439primary+B441independentpeer+B453root,2026-10-06,4a5fd9a607feba3fb53130caccf75635c6079762f4332918252c1acf180f0c1f,4d2d56a476b6738e9a2e66b5a0d81a0d556a0c596e0712b9a36fe3bd4ab9a61c,source error magnitude; native sign unresolved,/C6 1,native_glyph_unresolved,Table2 error /C6 1wt% and /C6 2K,native_glyph_unresolved,,,,,,,,,,,,,,,,,,,,,,,,,,,,,,,,
10.1016/j.polymdegradstab.2009.04.014,Halogen-free flame retarded poly(butylene terephthalate) (PBT) using metal oxides/PBT nanocomposites in combination with aluminium phosphinate,https://doi.org/10.1016/j.polymdegradstab.2009.04.014,literature,journal_article,PBT/AlPi/Al2O3;common hotpressed plaque,PBT/AlPi/Al2O3;common hotpressed plaque,verified_exact,24.0,1,,,,,399.85,458.85,,,9.8,726.85,N2,10,As-prepared;extrusionwatercoolingnotdurabilitywash,eb870f2926fcc634091d19758c60444a35f7365faef71e76bd093aabe95c200a,Published primary native PDF; full body/all tables/footnotes/figure captions/references read; no images or online source,explicit_text,TG+LOI,Reported limits retained; replicate statistic and n unreported,Common postextrusionhotpressed3mmplaques;no additionalLOI-onlyprocess reported,,"Table4 LOI error magnitude1percentagepoint;native /C6 1,sign unresolved;statistic/n unreported;ignition-time maximumdeviation not loaned",,,,10wt%AlPi+1wt%Al2O3inPBT;Table1originalwt% retained;remainingPBTfractionnotinferred,Table1wt% additivesasreported;denominatornotfurtherstated;not normalizedmatrixcalculation,"PBT PocanB1505(LANXESS);TiO2P25Degussa21nm99.5%,SigmaAl2O3,ClariantAlPiExolitOP1240 Pabout23.5wt%(additivenotcompositeP).PBT/oxidesvacuum363Kovernightdry,AlPiasreceived;mechanicallypremix/HAAKEPolyLabtwin screw473–508K120rpm;watercool/pelletize/333K2hdry;§2.2successivelyhotpress523K3mmplaques commonformulationseries.","PBT PocanB1505(LANXESS);TiO2P25Degussa21nm99.5%,SigmaAl2O3,ClariantAlPiExolitOP1240 Pabout23.5wt%(additivenotcompositeP).PBT/oxidesvacuum363Kovernightdry,AlPiasreceived;mechanicallypremix/HAAKEPolyLabtwin screw473–508K120rpm;watercool/pelletize/333K2hdry;§2.2successivelyhotpress523K3mmplaques commonformulationseries.",Own PBT hotpressed3mmplaque,Own commonhotpressedPBT3mmplaque material,Own commonhotpressedPBT3mmplaque material,ISO4589,,3x6.5x70–150mm verticalbar,PDFp7Table4;PDFp5–6§3.5;PDFp2§2.4,PDFp2§2.1–2.4;PDFp3Tables1–2;PDFp7Table4,,,Bodyfiveformulationscountsfilledfive plusneatcontrolsixTables1/2/4;cone24h296K50%RHconditioning/repeatsnotborrowedTG/LOI;sourceintegerK/errorpreserved;no waterpeak ordinal introduced,,901.85,8,MettlerToledoTGA/SDTA851,,,,Table2temperature atmaximum masslossrate;stages1/2defined;no FTIRCO2peakborrowing,Table2explicit Residue1000K=remainingresidue1000K;notmethod1175Kend orCONETable5residue,PDFp3Table2andfootnote;PDFp4Fig3caption,PDFp2§2.3,"§2.2 commonprocessingallinvestigated formulations thenhotpressed3mmplaques;§2.3thermalanalysisalladditivesandformulations;§2.4allformulationsLOI3mmbar;Tables1/2/4exact sixcodes. No competingLOI-specificthermoprocess branch;TGaliquotgeometryunreported,nocutclaim.",,30,,,,"Unreported8mgaliquot;LOIbar3x6.5x70–150mm,cuttingmethodunreported",MinimumO2concentrationwhere no selfextinction aftertopflameremoval,673,732,ExactK−273.15;sourceintegerK precision retained;temperatureerror magnitude2K with native/C6 glyph sign unresolved;decimalsC do not add resolution,2,633,359.85,Table2T2%;§3.1 temperaturebeginning2%massloss;schemahasnoT2 slot;notT1/T5/Tonset,89.5,2.1,1000,1,alumina,roomtemperature,1175,B439primary+B441independentpeer+B453root,2026-10-06,source_approved_primary_peer_root_pending_publication,fiber_forming_polymer_composite,Actual PET/PP/PBT fibre-formingpolymerfilm/plaque;userauthorizedmatchingnonfiberforms;eligibilitynotprocessingbridge,PDFp2§2.1–2.4;PDFp3Tables1–2;PDFp7Table4,B439primary+B441independentpeer+B453root,2026-10-06,e7be16ff23e4cd453c6d770c5c5ed5aa66009ec2575a90562353a751f46e85dc,1dc856a834bb5fe5afc21e4cde4e009857a7758ae1eb8d6df5f3def7238e1a14,source error magnitude; native sign unresolved,/C6 1,native_glyph_unresolved,Table2 error /C6 1wt% and /C6 2K,native_glyph_unresolved,,,,,,,,,,,,,,,,,,,,,,,,,,,,,,,,
10.1002/pc.24253,Effect of thermo‐oxidative aging on the mechanical and flame retardant properties of long glass fiber‐reinforced polypropylene composites filled with red phosphorus,https://doi.org/10.1002/pc.24253,literature,journal_article,PP/LGF/RP aged0d,,verified_exact,23.1,,,431.4,,,484.1,,,,25.3,700,N2,10,initial as-prepared;no wash,770841c08ff89642d1d04ae07b6b79a15b17ed22c02a258af460f55036123909,,tabulated,TG+LOI,,unaged,,,,,,"Source wholecomposite LGF20wt%, RP10±0.2wt%;PPmatrix SKCorporation MFR100g/10min;RP/PPmasterbatch70/30wt% MingpinPlasticDongguan;LGF17umChongqingPolycomp silanecoupled. No invented totalcarrier fraction.",,Experimental PreparationofSamples PDFp2:PP/LGF50wt%masterbatch extruded190–210C;wholeLGF20/RP10±0.2wt%150rpm hopper-die180/190/200/210/220/215C;wholecomposites injectionmolded195–220C into standard specimens for testingandcharacterization;these specimens agedairblowingoven140C50d and sampled every10d.,,injection-molded PP/LGF/RP bulk composite,injection-molded PP/LGF/RP bulk composite,injection-molded PP/LGF/RP bulk composite,ASTM D2863,JF-3 Jiangning,100x10x4mm,Table5 PDFp7(print2640);Flammability,NativePDF9pages2634–2642;HTML pc24253-sec-0004/0010/0011/0018/0019,,,"LOI uncertainty/replicate count and TG pan/aliquot geometry unreported. No DSC/MCC/CONE/FTIR number substitutes ordinaryTG. No curve estimation. Source CCT heatflux35methods vs50results conflict belongs toCONE, notTGconditions;EDAX prose30d vsTable3 50d not TG/LOIlabels.",,700,8–10,TA Q50,,,ThermalStability PDFp6 5%massloss decompositiontemperature;Table4 T5%,Abstract corresponding temperatureofmaximumweightlossrate;ThermalStability oneDTGpeak andTable4 Tmax,"Table4 residuesat700C includeglassfiberandothernonvolatile residue,notpurecarbon",Table4 PDFp6(print2639);ThermalStability PDFpp5–7/Fig7,Experimental PreparationofSamples PDFp2;TGA/LOI methodsPDFp3,"Common wholecomposite injection specimens explicitly for testingandcharacterization, then aged andtaken for testing. Tables4/5 same0/10/20/30/40/50d specimen cohort; no borrowedpre-injection TG or cross-age LOI. ExactTGaliquot geometry unknown.",,,,,,,,,,,,,,,,,,,,,,B444primary+B448independentpeer+B453root,2026-10-06,source_approved_primary_peer_root_pending_publication,fiber_forming_polymer_composite,"PPthermoplastic matrix composite withLGF20wt% andRP10±0.2wt% molding/age specimens; fibre-forming polymercomposite ascurrentuser scope, notclaimglassfabric.",Experimental Materials/Preparation PDFp2,B444primary+B448independentpeer+B453root,2026-10-06,c0830e58d148a7d495d3fa6f2e22c452e897cdcff9ddd2d6b862ea4a537db66b,c0815b316269c6a938ae5ce1e92e0dba1fc35cb4348a992f9e42ad418555efc9,,,,,,,25.3,8–10,,,candidate,40,1,,about,about,ambient to700C,Combined mainthermaldegradation PPmatrixandRP includingRPsublimation;source notesRPandPP similardecomposition temperature. RP416Csublimation is mechanisticcontext not separate measured Tmax.,,140,0,,,,529.0,431.4,,,,69,ThermalStabilityPDFp6 unagedmainstage PP/RP decomposition/sublimation starts431.4 ends529.0C causesweightloss69%;not31%residueat529 orseparateDTGpeak.,Local version of record native PDF and HTML,,,,,
10.1002/pc.24253,Effect of thermo‐oxidative aging on the mechanical and flame retardant properties of long glass fiber‐reinforced polypropylene composites filled with red phosphorus,https://doi.org/10.1002/pc.24253,literature,journal_article,PP/LGF/RP aged10d,,verified_exact,23.3,,,431.0,,,486.8,,,,24.6,700,N2,10,initial as-prepared;no wash,770841c08ff89642d1d04ae07b6b79a15b17ed22c02a258af460f55036123909,,tabulated,TG+LOI,,thermo-oxidative aging140C 10days,,,,,,"Source wholecomposite LGF20wt%, RP10±0.2wt%;PPmatrix SKCorporation MFR100g/10min;RP/PPmasterbatch70/30wt% MingpinPlasticDongguan;LGF17umChongqingPolycomp silanecoupled. No invented totalcarrier fraction.",,Experimental PreparationofSamples PDFp2:PP/LGF50wt%masterbatch extruded190–210C;wholeLGF20/RP10±0.2wt%150rpm hopper-die180/190/200/210/220/215C;wholecomposites injectionmolded195–220C into standard specimens for testingandcharacterization;these specimens agedairblowingoven140C50d and sampled every10d.,,injection-molded PP/LGF/RP bulk composite,injection-molded PP/LGF/RP bulk composite,injection-molded PP/LGF/RP bulk composite,ASTM D2863,JF-3 Jiangning,100x10x4mm,Table5 PDFp7(print2640);Flammability,NativePDF9pages2634–2642;HTML pc24253-sec-0004/0010/0011/0018/0019,,,"LOI uncertainty/replicate count and TG pan/aliquot geometry unreported. No DSC/MCC/CONE/FTIR number substitutes ordinaryTG. No curve estimation. Source CCT heatflux35methods vs50results conflict belongs toCONE, notTGconditions;EDAX prose30d vsTable3 50d not TG/LOIlabels.",,700,8–10,TA Q50,,,ThermalStability PDFp6 5%massloss decompositiontemperature;Table4 T5%,Abstract corresponding temperatureofmaximumweightlossrate;ThermalStability oneDTGpeak andTable4 Tmax,"Table4 residuesat700C includeglassfiberandothernonvolatile residue,notpurecarbon",Table4 PDFp6(print2639);ThermalStability PDFpp5–7/Fig7,Experimental PreparationofSamples PDFp2;TGA/LOI methodsPDFp3,"Common wholecomposite injection specimens explicitly for testingandcharacterization, then aged andtaken for testing. Tables4/5 same0/10/20/30/40/50d specimen cohort; no borrowedpre-injection TG or cross-age LOI. ExactTGaliquot geometry unknown.",,,,,,,,,,,,,,,,,,,,,,B444primary+B448independentpeer+B453root,2026-10-06,source_approved_primary_peer_root_pending_publication,fiber_forming_polymer_composite,"PPthermoplastic matrix composite withLGF20wt% andRP10±0.2wt% molding/age specimens; fibre-forming polymercomposite ascurrentuser scope, notclaimglassfabric.",Experimental Materials/Preparation PDFp2,B444primary+B448independentpeer+B453root,2026-10-06,88b528e7f4f8a544a80d3723628005350e53738eb4662da4d098ebf47a34f920,f120782bfeaeeb447090b4a22a2f3bf1f92fbea061abfc2b6e3885c4f701eb55,,,,,,,24.6,8–10,,,candidate,40,1,,about,about,ambient to700C,Combined mainthermaldegradation PPmatrixandRP includingRPsublimation;source notesRPandPP similardecomposition temperature. RP416Csublimation is mechanisticcontext not separate measured Tmax.,,140,10,,,,,,,,,,,Local version of record native PDF and HTML,,,,,
10.1002/pc.24253,Effect of thermo‐oxidative aging on the mechanical and flame retardant properties of long glass fiber‐reinforced polypropylene composites filled with red phosphorus,https://doi.org/10.1002/pc.24253,literature,journal_article,PP/LGF/RP aged20d,,verified_exact,23.5,,,443.9,,,489.5,,,,24.6,700,N2,10,initial as-prepared;no wash,770841c08ff89642d1d04ae07b6b79a15b17ed22c02a258af460f55036123909,,tabulated,TG+LOI,,thermo-oxidative aging140C 20days,,,,,,"Source wholecomposite LGF20wt%, RP10±0.2wt%;PPmatrix SKCorporation MFR100g/10min;RP/PPmasterbatch70/30wt% MingpinPlasticDongguan;LGF17umChongqingPolycomp silanecoupled. No invented totalcarrier fraction.",,Experimental PreparationofSamples PDFp2:PP/LGF50wt%masterbatch extruded190–210C;wholeLGF20/RP10±0.2wt%150rpm hopper-die180/190/200/210/220/215C;wholecomposites injectionmolded195–220C into standard specimens for testingandcharacterization;these specimens agedairblowingoven140C50d and sampled every10d.,,injection-molded PP/LGF/RP bulk composite,injection-molded PP/LGF/RP bulk composite,injection-molded PP/LGF/RP bulk composite,ASTM D2863,JF-3 Jiangning,100x10x4mm,Table5 PDFp7(print2640);Flammability,NativePDF9pages2634–2642;HTML pc24253-sec-0004/0010/0011/0018/0019,,,"LOI uncertainty/replicate count and TG pan/aliquot geometry unreported. No DSC/MCC/CONE/FTIR number substitutes ordinaryTG. No curve estimation. Source CCT heatflux35methods vs50results conflict belongs toCONE, notTGconditions;EDAX prose30d vsTable3 50d not TG/LOIlabels.",,700,8–10,TA Q50,,,ThermalStability PDFp6 5%massloss decompositiontemperature;Table4 T5%,Abstract corresponding temperatureofmaximumweightlossrate;ThermalStability oneDTGpeak andTable4 Tmax,"Table4 residuesat700C includeglassfiberandothernonvolatile residue,notpurecarbon",Table4 PDFp6(print2639);ThermalStability PDFpp5–7/Fig7,Experimental PreparationofSamples PDFp2;TGA/LOI methodsPDFp3,"Common wholecomposite injection specimens explicitly for testingandcharacterization, then aged andtaken for testing. Tables4/5 same0/10/20/30/40/50d specimen cohort; no borrowedpre-injection TG or cross-age LOI. ExactTGaliquot geometry unknown.",,,,,,,,,,,,,,,,,,,,,,B444primary+B448independentpeer+B453root,2026-10-06,source_approved_primary_peer_root_pending_publication,fiber_forming_polymer_composite,"PPthermoplastic matrix composite withLGF20wt% andRP10±0.2wt% molding/age specimens; fibre-forming polymercomposite ascurrentuser scope, notclaimglassfabric.",Experimental Materials/Preparation PDFp2,B444primary+B448independentpeer+B453root,2026-10-06,7e1b9b340d9633c9eadff2c4aba24cd3d179ca7415e889a993190320b7baf2c6,f398a73cb097021442754abc81684e2ebe5dd6f678c13c9a9d5b0cd50c822ae9,,,,,,,24.6,8–10,,,candidate,40,1,,about,about,ambient to700C,Combined mainthermaldegradation PPmatrixandRP includingRPsublimation;source notesRPandPP similardecomposition temperature. RP416Csublimation is mechanisticcontext not separate measured Tmax.,,140,20,,,,,,,,,,,Local version of record native PDF and HTML,,,,,
10.1002/pc.24253,Effect of thermo‐oxidative aging on the mechanical and flame retardant properties of long glass fiber‐reinforced polypropylene composites filled with red phosphorus,https://doi.org/10.1002/pc.24253,literature,journal_article,PP/LGF/RP aged30d,,verified_exact,23.2,,,435.7,,,491.2,,,,24.2,700,N2,10,initial as-prepared;no wash,770841c08ff89642d1d04ae07b6b79a15b17ed22c02a258af460f55036123909,,tabulated,TG+LOI,,thermo-oxidative aging140C 30days,,,,,,"Source wholecomposite LGF20wt%, RP10±0.2wt%;PPmatrix SKCorporation MFR100g/10min;RP/PPmasterbatch70/30wt% MingpinPlasticDongguan;LGF17umChongqingPolycomp silanecoupled. No invented totalcarrier fraction.",,Experimental PreparationofSamples PDFp2:PP/LGF50wt%masterbatch extruded190–210C;wholeLGF20/RP10±0.2wt%150rpm hopper-die180/190/200/210/220/215C;wholecomposites injectionmolded195–220C into standard specimens for testingandcharacterization;these specimens agedairblowingoven140C50d and sampled every10d.,,injection-molded PP/LGF/RP bulk composite,injection-molded PP/LGF/RP bulk composite,injection-molded PP/LGF/RP bulk composite,ASTM D2863,JF-3 Jiangning,100x10x4mm,Table5 PDFp7(print2640);Flammability,NativePDF9pages2634–2642;HTML pc24253-sec-0004/0010/0011/0018/0019,,,"LOI uncertainty/replicate count and TG pan/aliquot geometry unreported. No DSC/MCC/CONE/FTIR number substitutes ordinaryTG. No curve estimation. Source CCT heatflux35methods vs50results conflict belongs toCONE, notTGconditions;EDAX prose30d vsTable3 50d not TG/LOIlabels.",,700,8–10,TA Q50,,,ThermalStability PDFp6 5%massloss decompositiontemperature;Table4 T5%,Abstract corresponding temperatureofmaximumweightlossrate;ThermalStability oneDTGpeak andTable4 Tmax,"Table4 residuesat700C includeglassfiberandothernonvolatile residue,notpurecarbon",Table4 PDFp6(print2639);ThermalStability PDFpp5–7/Fig7,Experimental PreparationofSamples PDFp2;TGA/LOI methodsPDFp3,"Common wholecomposite injection specimens explicitly for testingandcharacterization, then aged andtaken for testing. Tables4/5 same0/10/20/30/40/50d specimen cohort; no borrowedpre-injection TG or cross-age LOI. ExactTGaliquot geometry unknown.",,,,,,,,,,,,,,,,,,,,,,B444primary+B448independentpeer+B453root,2026-10-06,source_approved_primary_peer_root_pending_publication,fiber_forming_polymer_composite,"PPthermoplastic matrix composite withLGF20wt% andRP10±0.2wt% molding/age specimens; fibre-forming polymercomposite ascurrentuser scope, notclaimglassfabric.",Experimental Materials/Preparation PDFp2,B444primary+B448independentpeer+B453root,2026-10-06,89342e44a4eb25540a304f83633e4bdac930c9df4d1aa0dffa9551e439535884,328ac380b6a9b0987b53be5ccb50d9df0992af2436dcb06267ea6abfa6105668,,,,,,,24.2,8–10,,,candidate,40,1,,about,about,ambient to700C,Combined mainthermaldegradation PPmatrixandRP includingRPsublimation;source notesRPandPP similardecomposition temperature. RP416Csublimation is mechanisticcontext not separate measured Tmax.,,140,30,,,,,,,,,,,Local version of record native PDF and HTML,,,,,
10.1002/pc.24253,Effect of thermo‐oxidative aging on the mechanical and flame retardant properties of long glass fiber‐reinforced polypropylene composites filled with red phosphorus,https://doi.org/10.1002/pc.24253,literature,journal_article,PP/LGF/RP aged40d,,verified_exact,23.0,,,430.2,,,492.8,,,,24.7,700,N2,10,initial as-prepared;no wash,770841c08ff89642d1d04ae07b6b79a15b17ed22c02a258af460f55036123909,,tabulated,TG+LOI,,thermo-oxidative aging140C 40days,,,,,,"Source wholecomposite LGF20wt%, RP10±0.2wt%;PPmatrix SKCorporation MFR100g/10min;RP/PPmasterbatch70/30wt% MingpinPlasticDongguan;LGF17umChongqingPolycomp silanecoupled. No invented totalcarrier fraction.",,Experimental PreparationofSamples PDFp2:PP/LGF50wt%masterbatch extruded190–210C;wholeLGF20/RP10±0.2wt%150rpm hopper-die180/190/200/210/220/215C;wholecomposites injectionmolded195–220C into standard specimens for testingandcharacterization;these specimens agedairblowingoven140C50d and sampled every10d.,,injection-molded PP/LGF/RP bulk composite,injection-molded PP/LGF/RP bulk composite,injection-molded PP/LGF/RP bulk composite,ASTM D2863,JF-3 Jiangning,100x10x4mm,Table5 PDFp7(print2640);Flammability,NativePDF9pages2634–2642;HTML pc24253-sec-0004/0010/0011/0018/0019,,,"LOI uncertainty/replicate count and TG pan/aliquot geometry unreported. No DSC/MCC/CONE/FTIR number substitutes ordinaryTG. No curve estimation. Source CCT heatflux35methods vs50results conflict belongs toCONE, notTGconditions;EDAX prose30d vsTable3 50d not TG/LOIlabels.",,700,8–10,TA Q50,,,ThermalStability PDFp6 5%massloss decompositiontemperature;Table4 T5%,Abstract corresponding temperatureofmaximumweightlossrate;ThermalStability oneDTGpeak andTable4 Tmax,"Table4 residuesat700C includeglassfiberandothernonvolatile residue,notpurecarbon",Table4 PDFp6(print2639);ThermalStability PDFpp5–7/Fig7,Experimental PreparationofSamples PDFp2;TGA/LOI methodsPDFp3,"Common wholecomposite injection specimens explicitly for testingandcharacterization, then aged andtaken for testing. Tables4/5 same0/10/20/30/40/50d specimen cohort; no borrowedpre-injection TG or cross-age LOI. ExactTGaliquot geometry unknown.",,,,,,,,,,,,,,,,,,,,,,B444primary+B448independentpeer+B453root,2026-10-06,source_approved_primary_peer_root_pending_publication,fiber_forming_polymer_composite,"PPthermoplastic matrix composite withLGF20wt% andRP10±0.2wt% molding/age specimens; fibre-forming polymercomposite ascurrentuser scope, notclaimglassfabric.",Experimental Materials/Preparation PDFp2,B444primary+B448independentpeer+B453root,2026-10-06,2097963e9834931c61ce7f4ea3ebefa64a376e963dd50b83401c08e73dcd36d7,abf726a92e3ea49470c8aeb49ea56c06158fb5dfa7e09996ab9b7cc29061bed3,,,,,,,24.7,8–10,,,candidate,40,1,,about,about,ambient to700C,Combined mainthermaldegradation PPmatrixandRP includingRPsublimation;source notesRPandPP similardecomposition temperature. RP416Csublimation is mechanisticcontext not separate measured Tmax.,,140,40,,,,,,,,,,,Local version of record native PDF and HTML,,,,,
10.1002/pc.24253,Effect of thermo‐oxidative aging on the mechanical and flame retardant properties of long glass fiber‐reinforced polypropylene composites filled with red phosphorus,https://doi.org/10.1002/pc.24253,literature,journal_article,PP/LGF/RP aged50d,,verified_exact,22.8,,,417.6,,,494.0,,,,26.6,700,N2,10,initial as-prepared;no wash,770841c08ff89642d1d04ae07b6b79a15b17ed22c02a258af460f55036123909,,tabulated,TG+LOI,,thermo-oxidative aging140C 50days,,,,,,"Source wholecomposite LGF20wt%, RP10±0.2wt%;PPmatrix SKCorporation MFR100g/10min;RP/PPmasterbatch70/30wt% MingpinPlasticDongguan;LGF17umChongqingPolycomp silanecoupled. No invented totalcarrier fraction.",,Experimental PreparationofSamples PDFp2:PP/LGF50wt%masterbatch extruded190–210C;wholeLGF20/RP10±0.2wt%150rpm hopper-die180/190/200/210/220/215C;wholecomposites injectionmolded195–220C into standard specimens for testingandcharacterization;these specimens agedairblowingoven140C50d and sampled every10d.,,injection-molded PP/LGF/RP bulk composite,injection-molded PP/LGF/RP bulk composite,injection-molded PP/LGF/RP bulk composite,ASTM D2863,JF-3 Jiangning,100x10x4mm,Table5 PDFp7(print2640);Flammability,NativePDF9pages2634–2642;HTML pc24253-sec-0004/0010/0011/0018/0019,,,"LOI uncertainty/replicate count and TG pan/aliquot geometry unreported. No DSC/MCC/CONE/FTIR number substitutes ordinaryTG. No curve estimation. Source CCT heatflux35methods vs50results conflict belongs toCONE, notTGconditions;EDAX prose30d vsTable3 50d not TG/LOIlabels.",,700,8–10,TA Q50,,,ThermalStability PDFp6 5%massloss decompositiontemperature;Table4 T5%,Abstract corresponding temperatureofmaximumweightlossrate;ThermalStability oneDTGpeak andTable4 Tmax,"Table4 residuesat700C includeglassfiberandothernonvolatile residue,notpurecarbon",Table4 PDFp6(print2639);ThermalStability PDFpp5–7/Fig7,Experimental PreparationofSamples PDFp2;TGA/LOI methodsPDFp3,"Common wholecomposite injection specimens explicitly for testingandcharacterization, then aged andtaken for testing. Tables4/5 same0/10/20/30/40/50d specimen cohort; no borrowedpre-injection TG or cross-age LOI. ExactTGaliquot geometry unknown.",,,,,,,,,,,,,,,,,,,,,,B444primary+B448independentpeer+B453root,2026-10-06,source_approved_primary_peer_root_pending_publication,fiber_forming_polymer_composite,"PPthermoplastic matrix composite withLGF20wt% andRP10±0.2wt% molding/age specimens; fibre-forming polymercomposite ascurrentuser scope, notclaimglassfabric.",Experimental Materials/Preparation PDFp2,B444primary+B448independentpeer+B453root,2026-10-06,9ae0a227ecb56b1aff87a612f9176efaacefa572df3bdf95a360f999a615dacf,116efbcbaed1674b15a137bc54bf7dc9c369341097c22073d2db5295722159bb,,,,,,,26.6,8–10,,,candidate,40,1,,about,about,ambient to700C,Combined mainthermaldegradation PPmatrixandRP includingRPsublimation;source notesRPandPP similardecomposition temperature. RP416Csublimation is mechanisticcontext not separate measured Tmax.,,140,50,,,,,,,,,,,Local version of record native PDF and HTML,,,,,
10.1002/pc.24720,"Effects of thermal‐oxidative aging on the flammability, thermal degradation kinetics and mechanical properties of DBDPE flame retardant long glass fiber reinforced polypropylene composites",https://doi.org/10.1002/pc.24720,literature,journal_article,LGF/DBDPE/PP aged0d,,verified_exact,24.2,,,357.1,,,372.3,465.9,,,21.1,650,N2,10,initial as-prepared;no wash,5374a9d5b8e4d1d635a8a5f3f32e829b89c73c3a201077547a03d2deb59d250c,,tabulated,TG+LOI,,unaged,,,,,,Source wholeblend PP66wt% SKBX3920;LGF20wt%17um ChongqingCompositeInternational;DBDPE14wt% FM2100R XingBeida;LGF/PP50/50 andDBDPE/PP60/40masterbatches notwholeblendfractions.,,Experimental PDFp2:ingredients60C48h dry;LGF/PP50/50 andDBDPE/PP60/40masterbatches twinextruder170–210C;masterbatches60C12h;wholePP66/LGF20/DBDPE14wt% injectionCJ80MZ-N205–225C subjectedperformance testsandcharacterization;ventilated140Coven0–50d;10dinterval;roomstorageatleast24h beforetesting.,,injection-molded LGF/DBDPE/PP bulk composite,injection-molded LGF/DBDPE/PP bulk composite,injection-molded LGF/DBDPE/PP bulk composite,ASTM D2863-77,JF-3 Jiangning,120x6.5x3mm,Table1 PDFp3(E1735);FlameRetardantPerformances,Whole9nativePDFpagesE1733–E1741;HTMLpc24720-sec-0004/0006/0008/0015/0016/0017,,,"LOI uncertainty/replicate count and TG pan/aliquot geometry unreported. No DSC/MCC/CONE/FTIR number substitutes ordinaryTG. No curve estimation. Sourcebody calls5.033/8.867%min Tp1/Tp2, whileTable3 explicitly labelsrate columns;retainrates asrawmasslossrate,nottemperature. NoDSC165Cpeak usedTG.",,700,8,TA Q50,,,ThermalStability PDFp4 explicitly5%weightloss althoughcalledonset;notcanonicalTonset,ThermalStability PDFp4 peaktemperatureofderivative thermogravimetry Tp;Table3 mainN210C/min;Table4 rate-specificTp1/Tp2 C,"Table3 charresiduesat650C,includesLGF andothernonvolatile products;notpurechar;not700Cprogramend",Table3 PDFp5(E1737) N210Cmin;Table4 PDFp6(E1738) rate-specificDTG,Experimental Preparation PDFp2;TGA/LOI methods PDFpp2–3,"Wholeblend performance testingandcharacterization explicitly afterinjection, subsequentaged samplesat10dinterval stored24hbeforetesting. OwnLOITable1 sameage0/10/30/50 as TGTables3/4. No20/40d TGborrow;4ratesperstate notfournewmaterials.",,highpurityN2 balance60mL/min;sample40mL/min separately;not100total,,,,,,,,,,,,,,,,,,,,B444primary+B448independentpeer+B453root,2026-10-06,source_approved_primary_peer_root_pending_publication,fiber_forming_polymer_composite,"PP66wt%thermoplastic LGF20/DBDPE14 composite resinbulk admitted asfibre-forming polymercomposite,notfabric.",Materials/Preparation PDFp2,B444primary+B448independentpeer+B453root,2026-10-06,dd1451c1873f850faff3ff03395a746aba2c46a624cc8b5e3b1b05957f05a1b8,bd32a4ec9c67b48bb2026e3f909469f149a10b405239e546198f58fbe3d62eed,,,,,,21.1,,8,firstDTGpeak DBDPE decomposition perThermalStability PDFp4,secondDTGpeak PP decomposition perThermalStability PDFp4;laterkinetics prosementionsDBDPEandPP butdoesnotredefinepeaktemperature,candidate,,1,highpurityN2 balance60mL/min;sample40mL/min separately;not100total,about,about,roomtemperature to700C,,Tp1/Tp2,140,0,"T5/residue/masslossrates only10C/minTable3, do notassignotherheatingrates. SourceTable3 masslossratesTp1/Tp2=6.270/9.240%/min;rate values nottemperature.",6.270,9.240,,,,,21.1,,,Local version of record native PDF and HTML,,,,,
10.1002/pc.24720,"Effects of thermal‐oxidative aging on the flammability, thermal degradation kinetics and mechanical properties of DBDPE flame retardant long glass fiber reinforced polypropylene composites",https://doi.org/10.1002/pc.24720,literature,journal_article,LGF/DBDPE/PP aged0d,,verified_exact,24.2,,,,,,387.1,471.7,,,,,N2,20,initial as-prepared;no wash,5374a9d5b8e4d1d635a8a5f3f32e829b89c73c3a201077547a03d2deb59d250c,,tabulated,TG+LOI,,unaged,,,,,,Source wholeblend PP66wt% SKBX3920;LGF20wt%17um ChongqingCompositeInternational;DBDPE14wt% FM2100R XingBeida;LGF/PP50/50 andDBDPE/PP60/40masterbatches notwholeblendfractions.,,Experimental PDFp2:ingredients60C48h dry;LGF/PP50/50 andDBDPE/PP60/40masterbatches twinextruder170–210C;masterbatches60C12h;wholePP66/LGF20/DBDPE14wt% injectionCJ80MZ-N205–225C subjectedperformance testsandcharacterization;ventilated140Coven0–50d;10dinterval;roomstorageatleast24h beforetesting.,,injection-molded LGF/DBDPE/PP bulk composite,injection-molded LGF/DBDPE/PP bulk composite,injection-molded LGF/DBDPE/PP bulk composite,ASTM D2863-77,JF-3 Jiangning,120x6.5x3mm,Table1 PDFp3(E1735);FlameRetardantPerformances,Whole9nativePDFpagesE1733–E1741;HTMLpc24720-sec-0004/0006/0008/0015/0016/0017,,,"LOI uncertainty/replicate count and TG pan/aliquot geometry unreported. No DSC/MCC/CONE/FTIR number substitutes ordinaryTG. No curve estimation. Sourcebody calls5.033/8.867%min Tp1/Tp2, whileTable3 explicitly labelsrate columns;retainrates asrawmasslossrate,nottemperature. NoDSC165Cpeak usedTG.",,700,8,TA Q50,,,ThermalStability PDFp4 explicitly5%weightloss althoughcalledonset;notcanonicalTonset,ThermalStability PDFp4 peaktemperatureofderivative thermogravimetry Tp;Table3 mainN210C/min;Table4 rate-specificTp1/Tp2 C,"Table3 charresiduesat650C,includesLGF andothernonvolatile products;notpurechar;not700Cprogramend",Table3 PDFp5(E1737) N210Cmin;Table4 PDFp6(E1738) rate-specificDTG,Experimental Preparation PDFp2;TGA/LOI methods PDFpp2–3,"Wholeblend performance testingandcharacterization explicitly afterinjection, subsequentaged samplesat10dinterval stored24hbeforetesting. OwnLOITable1 sameage0/10/30/50 as TGTables3/4. No20/40d TGborrow;4ratesperstate notfournewmaterials.",,highpurityN2 balance60mL/min;sample40mL/min separately;not100total,,,,,,,,,,,,,,,,,,,,B444primary+B448independentpeer+B453root,2026-10-06,source_approved_primary_peer_root_pending_publication,fiber_forming_polymer_composite,"PP66wt%thermoplastic LGF20/DBDPE14 composite resinbulk admitted asfibre-forming polymercomposite,notfabric.",Materials/Preparation PDFp2,B444primary+B448independentpeer+B453root,2026-10-06,dd1451c1873f850faff3ff03395a746aba2c46a624cc8b5e3b1b05957f05a1b8,cd4e66b4acdad002d7ac3f601322fe81dd62b8b9b7416566b8b8d026f2541618,,,,,,,,8,firstDTGpeak DBDPE decomposition perThermalStability PDFp4,secondDTGpeak PP decomposition perThermalStability PDFp4;laterkinetics prosementionsDBDPEandPP butdoesnotredefinepeaktemperature,candidate,,1,highpurityN2 balance60mL/min;sample40mL/min separately;not100total,about,about,roomtemperature to700C,,Tp1/Tp2,140,0,"T5/residue/masslossrates only10C/minTable3, do notassignotherheatingrates.",,,,,,,,,,Local version of record native PDF and HTML,,,,,
10.1002/pc.24720,"Effects of thermal‐oxidative aging on the flammability, thermal degradation kinetics and mechanical properties of DBDPE flame retardant long glass fiber reinforced polypropylene composites",https://doi.org/10.1002/pc.24720,literature,journal_article,LGF/DBDPE/PP aged0d,,verified_exact,24.2,,,,,,395.7,478.4,,,,,N2,30,initial as-prepared;no wash,5374a9d5b8e4d1d635a8a5f3f32e829b89c73c3a201077547a03d2deb59d250c,,tabulated,TG+LOI,,unaged,,,,,,Source wholeblend PP66wt% SKBX3920;LGF20wt%17um ChongqingCompositeInternational;DBDPE14wt% FM2100R XingBeida;LGF/PP50/50 andDBDPE/PP60/40masterbatches notwholeblendfractions.,,Experimental PDFp2:ingredients60C48h dry;LGF/PP50/50 andDBDPE/PP60/40masterbatches twinextruder170–210C;masterbatches60C12h;wholePP66/LGF20/DBDPE14wt% injectionCJ80MZ-N205–225C subjectedperformance testsandcharacterization;ventilated140Coven0–50d;10dinterval;roomstorageatleast24h beforetesting.,,injection-molded LGF/DBDPE/PP bulk composite,injection-molded LGF/DBDPE/PP bulk composite,injection-molded LGF/DBDPE/PP bulk composite,ASTM D2863-77,JF-3 Jiangning,120x6.5x3mm,Table1 PDFp3(E1735);FlameRetardantPerformances,Whole9nativePDFpagesE1733–E1741;HTMLpc24720-sec-0004/0006/0008/0015/0016/0017,,,"LOI uncertainty/replicate count and TG pan/aliquot geometry unreported. No DSC/MCC/CONE/FTIR number substitutes ordinaryTG. No curve estimation. Sourcebody calls5.033/8.867%min Tp1/Tp2, whileTable3 explicitly labelsrate columns;retainrates asrawmasslossrate,nottemperature. NoDSC165Cpeak usedTG.",,700,8,TA Q50,,,ThermalStability PDFp4 explicitly5%weightloss althoughcalledonset;notcanonicalTonset,ThermalStability PDFp4 peaktemperatureofderivative thermogravimetry Tp;Table3 mainN210C/min;Table4 rate-specificTp1/Tp2 C,"Table3 charresiduesat650C,includesLGF andothernonvolatile products;notpurechar;not700Cprogramend",Table3 PDFp5(E1737) N210Cmin;Table4 PDFp6(E1738) rate-specificDTG,Experimental Preparation PDFp2;TGA/LOI methods PDFpp2–3,"Wholeblend performance testingandcharacterization explicitly afterinjection, subsequentaged samplesat10dinterval stored24hbeforetesting. OwnLOITable1 sameage0/10/30/50 as TGTables3/4. No20/40d TGborrow;4ratesperstate notfournewmaterials.",,highpurityN2 balance60mL/min;sample40mL/min separately;not100total,,,,,,,,,,,,,,,,,,,,B444primary+B448independentpeer+B453root,2026-10-06,source_approved_primary_peer_root_pending_publication,fiber_forming_polymer_composite,"PP66wt%thermoplastic LGF20/DBDPE14 composite resinbulk admitted asfibre-forming polymercomposite,notfabric.",Materials/Preparation PDFp2,B444primary+B448independentpeer+B453root,2026-10-06,dd1451c1873f850faff3ff03395a746aba2c46a624cc8b5e3b1b05957f05a1b8,dea26ee013ffa8b288c46aae6c10cb9477d9a7e63b2f450a75cacc5810f8d018,,,,,,,,8,firstDTGpeak DBDPE decomposition perThermalStability PDFp4,secondDTGpeak PP decomposition perThermalStability PDFp4;laterkinetics prosementionsDBDPEandPP butdoesnotredefinepeaktemperature,candidate,,1,highpurityN2 balance60mL/min;sample40mL/min separately;not100total,about,about,roomtemperature to700C,,Tp1/Tp2,140,0,"T5/residue/masslossrates only10C/minTable3, do notassignotherheatingrates.",,,,,,,,,,Local version of record native PDF and HTML,,,,,
10.1002/pc.24720,"Effects of thermal‐oxidative aging on the flammability, thermal degradation kinetics and mechanical properties of DBDPE flame retardant long glass fiber reinforced polypropylene composites",https://doi.org/10.1002/pc.24720,literature,journal_article,LGF/DBDPE/PP aged0d,,verified_exact,24.2,,,,,,400.9,480.7,,,,,N2,40,initial as-prepared;no wash,5374a9d5b8e4d1d635a8a5f3f32e829b89c73c3a201077547a03d2deb59d250c,,tabulated,TG+LOI,,unaged,,,,,,Source wholeblend PP66wt% SKBX3920;LGF20wt%17um ChongqingCompositeInternational;DBDPE14wt% FM2100R XingBeida;LGF/PP50/50 andDBDPE/PP60/40masterbatches notwholeblendfractions.,,Experimental PDFp2:ingredients60C48h dry;LGF/PP50/50 andDBDPE/PP60/40masterbatches twinextruder170–210C;masterbatches60C12h;wholePP66/LGF20/DBDPE14wt% injectionCJ80MZ-N205–225C subjectedperformance testsandcharacterization;ventilated140Coven0–50d;10dinterval;roomstorageatleast24h beforetesting.,,injection-molded LGF/DBDPE/PP bulk composite,injection-molded LGF/DBDPE/PP bulk composite,injection-molded LGF/DBDPE/PP bulk composite,ASTM D2863-77,JF-3 Jiangning,120x6.5x3mm,Table1 PDFp3(E1735);FlameRetardantPerformances,Whole9nativePDFpagesE1733–E1741;HTMLpc24720-sec-0004/0006/0008/0015/0016/0017,,,"LOI uncertainty/replicate count and TG pan/aliquot geometry unreported. No DSC/MCC/CONE/FTIR number substitutes ordinaryTG. No curve estimation. Sourcebody calls5.033/8.867%min Tp1/Tp2, whileTable3 explicitly labelsrate columns;retainrates asrawmasslossrate,nottemperature. NoDSC165Cpeak usedTG.",,700,8,TA Q50,,,ThermalStability PDFp4 explicitly5%weightloss althoughcalledonset;notcanonicalTonset,ThermalStability PDFp4 peaktemperatureofderivative thermogravimetry Tp;Table3 mainN210C/min;Table4 rate-specificTp1/Tp2 C,"Table3 charresiduesat650C,includesLGF andothernonvolatile products;notpurechar;not700Cprogramend",Table3 PDFp5(E1737) N210Cmin;Table4 PDFp6(E1738) rate-specificDTG,Experimental Preparation PDFp2;TGA/LOI methods PDFpp2–3,"Wholeblend performance testingandcharacterization explicitly afterinjection, subsequentaged samplesat10dinterval stored24hbeforetesting. OwnLOITable1 sameage0/10/30/50 as TGTables3/4. No20/40d TGborrow;4ratesperstate notfournewmaterials.",,highpurityN2 balance60mL/min;sample40mL/min separately;not100total,,,,,,,,,,,,,,,,,,,,B444primary+B448independentpeer+B453root,2026-10-06,source_approved_primary_peer_root_pending_publication,fiber_forming_polymer_composite,"PP66wt%thermoplastic LGF20/DBDPE14 composite resinbulk admitted asfibre-forming polymercomposite,notfabric.",Materials/Preparation PDFp2,B444primary+B448independentpeer+B453root,2026-10-06,dd1451c1873f850faff3ff03395a746aba2c46a624cc8b5e3b1b05957f05a1b8,f7de5a58f14ce39f6add360f8da7b64e38edac79922117daa52869b7d7b1051b,,,,,,,,8,firstDTGpeak DBDPE decomposition perThermalStability PDFp4,secondDTGpeak PP decomposition perThermalStability PDFp4;laterkinetics prosementionsDBDPEandPP butdoesnotredefinepeaktemperature,candidate,,1,highpurityN2 balance60mL/min;sample40mL/min separately;not100total,about,about,roomtemperature to700C,,Tp1/Tp2,140,0,"T5/residue/masslossrates only10C/minTable3, do notassignotherheatingrates.",,,,,,,,,,Local version of record native PDF and HTML,,,,,
10.1002/pc.24720,"Effects of thermal‐oxidative aging on the flammability, thermal degradation kinetics and mechanical properties of DBDPE flame retardant long glass fiber reinforced polypropylene composites",https://doi.org/10.1002/pc.24720,literature,journal_article,LGF/DBDPE/PP aged10d,,verified_exact,24.4,,,359.8,,,371.8,469.7,,,,,N2,10,initial as-prepared;no wash,5374a9d5b8e4d1d635a8a5f3f32e829b89c73c3a201077547a03d2deb59d250c,,tabulated,TG+LOI,,thermo-oxidative aging140C 10days,,,,,,Source wholeblend PP66wt% SKBX3920;LGF20wt%17um ChongqingCompositeInternational;DBDPE14wt% FM2100R XingBeida;LGF/PP50/50 andDBDPE/PP60/40masterbatches notwholeblendfractions.,,Experimental PDFp2:ingredients60C48h dry;LGF/PP50/50 andDBDPE/PP60/40masterbatches twinextruder170–210C;masterbatches60C12h;wholePP66/LGF20/DBDPE14wt% injectionCJ80MZ-N205–225C subjectedperformance testsandcharacterization;ventilated140Coven0–50d;10dinterval;roomstorageatleast24h beforetesting.,,injection-molded LGF/DBDPE/PP bulk composite,injection-molded LGF/DBDPE/PP bulk composite,injection-molded LGF/DBDPE/PP bulk composite,ASTM D2863-77,JF-3 Jiangning,120x6.5x3mm,Table1 PDFp3(E1735);FlameRetardantPerformances,Whole9nativePDFpagesE1733–E1741;HTMLpc24720-sec-0004/0006/0008/0015/0016/0017,,,"LOI uncertainty/replicate count and TG pan/aliquot geometry unreported. No DSC/MCC/CONE/FTIR number substitutes ordinaryTG. No curve estimation. Sourcebody calls5.033/8.867%min Tp1/Tp2, whileTable3 explicitly labelsrate columns;retainrates asrawmasslossrate,nottemperature. NoDSC165Cpeak usedTG.",,700,8,TA Q50,,,ThermalStability PDFp4 explicitly5%weightloss althoughcalledonset;notcanonicalTonset,ThermalStability PDFp4 peaktemperatureofderivative thermogravimetry Tp;Table3 mainN210C/min;Table4 rate-specificTp1/Tp2 C,"Table3 charresiduesat650C,includesLGF andothernonvolatile products;notpurechar;not700Cprogramend",Table3 PDFp5(E1737) N210Cmin;Table4 PDFp6(E1738) rate-specificDTG,Experimental Preparation PDFp2;TGA/LOI methods PDFpp2–3,"Wholeblend performance testingandcharacterization explicitly afterinjection, subsequentaged samplesat10dinterval stored24hbeforetesting. OwnLOITable1 sameage0/10/30/50 as TGTables3/4. No20/40d TGborrow;4ratesperstate notfournewmaterials.",,highpurityN2 balance60mL/min;sample40mL/min separately;not100total,,,,,,,,,,,,,,,,,,,,B444primary+B448independentpeer+B453root,2026-10-06,source_approved_primary_peer_root_pending_publication,fiber_forming_polymer_composite,"PP66wt%thermoplastic LGF20/DBDPE14 composite resinbulk admitted asfibre-forming polymercomposite,notfabric.",Materials/Preparation PDFp2,B444primary+B448independentpeer+B453root,2026-10-06,2a477f752b958dc847a0b6f0e991fff309ceeef76707799bce4ec12d524cccba,2fcd8af6b4e73bdd746d79c103776302dc39ea057c4c7c277288094da9daf0e5,,,,,,,,8,firstDTGpeak DBDPE decomposition perThermalStability PDFp4,secondDTGpeak PP decomposition perThermalStability PDFp4;laterkinetics prosementionsDBDPEandPP butdoesnotredefinepeaktemperature,candidate,,1,highpurityN2 balance60mL/min;sample40mL/min separately;not100total,about,about,roomtemperature to700C,,Tp1/Tp2,140,10,10d/10Cmin residual Table3 22.4%vs sameparagraphbody24.4%largest. Bothpreserved;canonicalresidueheldonlyforthiscondition;otherexplicitT5/Tppeaks usable. SourceTable3 masslossratesTp1/Tp2=5.033/8.867%/min;rate values nottemperature.,5.033,8.867,,,ThermalStability PDFp5(printE1737) paragraphafterFig3 vsTable3;HTMLpc24720-sec-0016,24.4,22.4,,,Local version of record native PDF and HTML,,,,,
10.1002/pc.24720,"Effects of thermal‐oxidative aging on the flammability, thermal degradation kinetics and mechanical properties of DBDPE flame retardant long glass fiber reinforced polypropylene composites",https://doi.org/10.1002/pc.24720,literature,journal_article,LGF/DBDPE/PP aged10d,,verified_exact,24.4,,,,,,384.9,475.4,,,,,N2,20,initial as-prepared;no wash,5374a9d5b8e4d1d635a8a5f3f32e829b89c73c3a201077547a03d2deb59d250c,,tabulated,TG+LOI,,thermo-oxidative aging140C 10days,,,,,,Source wholeblend PP66wt% SKBX3920;LGF20wt%17um ChongqingCompositeInternational;DBDPE14wt% FM2100R XingBeida;LGF/PP50/50 andDBDPE/PP60/40masterbatches notwholeblendfractions.,,Experimental PDFp2:ingredients60C48h dry;LGF/PP50/50 andDBDPE/PP60/40masterbatches twinextruder170–210C;masterbatches60C12h;wholePP66/LGF20/DBDPE14wt% injectionCJ80MZ-N205–225C subjectedperformance testsandcharacterization;ventilated140Coven0–50d;10dinterval;roomstorageatleast24h beforetesting.,,injection-molded LGF/DBDPE/PP bulk composite,injection-molded LGF/DBDPE/PP bulk composite,injection-molded LGF/DBDPE/PP bulk composite,ASTM D2863-77,JF-3 Jiangning,120x6.5x3mm,Table1 PDFp3(E1735);FlameRetardantPerformances,Whole9nativePDFpagesE1733–E1741;HTMLpc24720-sec-0004/0006/0008/0015/0016/0017,,,"LOI uncertainty/replicate count and TG pan/aliquot geometry unreported. No DSC/MCC/CONE/FTIR number substitutes ordinaryTG. No curve estimation. Sourcebody calls5.033/8.867%min Tp1/Tp2, whileTable3 explicitly labelsrate columns;retainrates asrawmasslossrate,nottemperature. NoDSC165Cpeak usedTG.",,700,8,TA Q50,,,ThermalStability PDFp4 explicitly5%weightloss althoughcalledonset;notcanonicalTonset,ThermalStability PDFp4 peaktemperatureofderivative thermogravimetry Tp;Table3 mainN210C/min;Table4 rate-specificTp1/Tp2 C,"Table3 charresiduesat650C,includesLGF andothernonvolatile products;notpurechar;not700Cprogramend",Table3 PDFp5(E1737) N210Cmin;Table4 PDFp6(E1738) rate-specificDTG,Experimental Preparation PDFp2;TGA/LOI methods PDFpp2–3,"Wholeblend performance testingandcharacterization explicitly afterinjection, subsequentaged samplesat10dinterval stored24hbeforetesting. OwnLOITable1 sameage0/10/30/50 as TGTables3/4. No20/40d TGborrow;4ratesperstate notfournewmaterials.",,highpurityN2 balance60mL/min;sample40mL/min separately;not100total,,,,,,,,,,,,,,,,,,,,B444primary+B448independentpeer+B453root,2026-10-06,source_approved_primary_peer_root_pending_publication,fiber_forming_polymer_composite,"PP66wt%thermoplastic LGF20/DBDPE14 composite resinbulk admitted asfibre-forming polymercomposite,notfabric.",Materials/Preparation PDFp2,B444primary+B448independentpeer+B453root,2026-10-06,2a477f752b958dc847a0b6f0e991fff309ceeef76707799bce4ec12d524cccba,92ba9b7eb50b9d3de9ca76dad7df3881701f12de44ac6dd9a2ddbcbd1ded2e4c,,,,,,,,8,firstDTGpeak DBDPE decomposition perThermalStability PDFp4,secondDTGpeak PP decomposition perThermalStability PDFp4;laterkinetics prosementionsDBDPEandPP butdoesnotredefinepeaktemperature,candidate,,1,highpurityN2 balance60mL/min;sample40mL/min separately;not100total,about,about,roomtemperature to700C,,Tp1/Tp2,140,10,"T5/residue/masslossrates only10C/minTable3, do notassignotherheatingrates.",,,,,,,,,,Local version of record native PDF and HTML,,,,,
10.1002/pc.24720,"Effects of thermal‐oxidative aging on the flammability, thermal degradation kinetics and mechanical properties of DBDPE flame retardant long glass fiber reinforced polypropylene composites",https://doi.org/10.1002/pc.24720,literature,journal_article,LGF/DBDPE/PP aged10d,,verified_exact,24.4,,,,,,392.8,479.7,,,,,N2,30,initial as-prepared;no wash,5374a9d5b8e4d1d635a8a5f3f32e829b89c73c3a201077547a03d2deb59d250c,,tabulated,TG+LOI,,thermo-oxidative aging140C 10days,,,,,,Source wholeblend PP66wt% SKBX3920;LGF20wt%17um ChongqingCompositeInternational;DBDPE14wt% FM2100R XingBeida;LGF/PP50/50 andDBDPE/PP60/40masterbatches notwholeblendfractions.,,Experimental PDFp2:ingredients60C48h dry;LGF/PP50/50 andDBDPE/PP60/40masterbatches twinextruder170–210C;masterbatches60C12h;wholePP66/LGF20/DBDPE14wt% injectionCJ80MZ-N205–225C subjectedperformance testsandcharacterization;ventilated140Coven0–50d;10dinterval;roomstorageatleast24h beforetesting.,,injection-molded LGF/DBDPE/PP bulk composite,injection-molded LGF/DBDPE/PP bulk composite,injection-molded LGF/DBDPE/PP bulk composite,ASTM D2863-77,JF-3 Jiangning,120x6.5x3mm,Table1 PDFp3(E1735);FlameRetardantPerformances,Whole9nativePDFpagesE1733–E1741;HTMLpc24720-sec-0004/0006/0008/0015/0016/0017,,,"LOI uncertainty/replicate count and TG pan/aliquot geometry unreported. No DSC/MCC/CONE/FTIR number substitutes ordinaryTG. No curve estimation. Sourcebody calls5.033/8.867%min Tp1/Tp2, whileTable3 explicitly labelsrate columns;retainrates asrawmasslossrate,nottemperature. NoDSC165Cpeak usedTG.",,700,8,TA Q50,,,ThermalStability PDFp4 explicitly5%weightloss althoughcalledonset;notcanonicalTonset,ThermalStability PDFp4 peaktemperatureofderivative thermogravimetry Tp;Table3 mainN210C/min;Table4 rate-specificTp1/Tp2 C,"Table3 charresiduesat650C,includesLGF andothernonvolatile products;notpurechar;not700Cprogramend",Table3 PDFp5(E1737) N210Cmin;Table4 PDFp6(E1738) rate-specificDTG,Experimental Preparation PDFp2;TGA/LOI methods PDFpp2–3,"Wholeblend performance testingandcharacterization explicitly afterinjection, subsequentaged samplesat10dinterval stored24hbeforetesting. OwnLOITable1 sameage0/10/30/50 as TGTables3/4. No20/40d TGborrow;4ratesperstate notfournewmaterials.",,highpurityN2 balance60mL/min;sample40mL/min separately;not100total,,,,,,,,,,,,,,,,,,,,B444primary+B448independentpeer+B453root,2026-10-06,source_approved_primary_peer_root_pending_publication,fiber_forming_polymer_composite,"PP66wt%thermoplastic LGF20/DBDPE14 composite resinbulk admitted asfibre-forming polymercomposite,notfabric.",Materials/Preparation PDFp2,B444primary+B448independentpeer+B453root,2026-10-06,2a477f752b958dc847a0b6f0e991fff309ceeef76707799bce4ec12d524cccba,21c8c975512809ae32613f83982d6c1235836eb2d915d25db7052b207c196bb1,,,,,,,,8,firstDTGpeak DBDPE decomposition perThermalStability PDFp4,secondDTGpeak PP decomposition perThermalStability PDFp4;laterkinetics prosementionsDBDPEandPP butdoesnotredefinepeaktemperature,candidate,,1,highpurityN2 balance60mL/min;sample40mL/min separately;not100total,about,about,roomtemperature to700C,,Tp1/Tp2,140,10,"T5/residue/masslossrates only10C/minTable3, do notassignotherheatingrates.",,,,,,,,,,Local version of record native PDF and HTML,,,,,
10.1002/pc.24720,"Effects of thermal‐oxidative aging on the flammability, thermal degradation kinetics and mechanical properties of DBDPE flame retardant long glass fiber reinforced polypropylene composites",https://doi.org/10.1002/pc.24720,literature,journal_article,LGF/DBDPE/PP aged10d,,verified_exact,24.4,,,,,,397.5,482.4,,,,,N2,40,initial as-prepared;no wash,5374a9d5b8e4d1d635a8a5f3f32e829b89c73c3a201077547a03d2deb59d250c,,tabulated,TG+LOI,,thermo-oxidative aging140C 10days,,,,,,Source wholeblend PP66wt% SKBX3920;LGF20wt%17um ChongqingCompositeInternational;DBDPE14wt% FM2100R XingBeida;LGF/PP50/50 andDBDPE/PP60/40masterbatches notwholeblendfractions.,,Experimental PDFp2:ingredients60C48h dry;LGF/PP50/50 andDBDPE/PP60/40masterbatches twinextruder170–210C;masterbatches60C12h;wholePP66/LGF20/DBDPE14wt% injectionCJ80MZ-N205–225C subjectedperformance testsandcharacterization;ventilated140Coven0–50d;10dinterval;roomstorageatleast24h beforetesting.,,injection-molded LGF/DBDPE/PP bulk composite,injection-molded LGF/DBDPE/PP bulk composite,injection-molded LGF/DBDPE/PP bulk composite,ASTM D2863-77,JF-3 Jiangning,120x6.5x3mm,Table1 PDFp3(E1735);FlameRetardantPerformances,Whole9nativePDFpagesE1733–E1741;HTMLpc24720-sec-0004/0006/0008/0015/0016/0017,,,"LOI uncertainty/replicate count and TG pan/aliquot geometry unreported. No DSC/MCC/CONE/FTIR number substitutes ordinaryTG. No curve estimation. Sourcebody calls5.033/8.867%min Tp1/Tp2, whileTable3 explicitly labelsrate columns;retainrates asrawmasslossrate,nottemperature. NoDSC165Cpeak usedTG.",,700,8,TA Q50,,,ThermalStability PDFp4 explicitly5%weightloss althoughcalledonset;notcanonicalTonset,ThermalStability PDFp4 peaktemperatureofderivative thermogravimetry Tp;Table3 mainN210C/min;Table4 rate-specificTp1/Tp2 C,"Table3 charresiduesat650C,includesLGF andothernonvolatile products;notpurechar;not700Cprogramend",Table3 PDFp5(E1737) N210Cmin;Table4 PDFp6(E1738) rate-specificDTG,Experimental Preparation PDFp2;TGA/LOI methods PDFpp2–3,"Wholeblend performance testingandcharacterization explicitly afterinjection, subsequentaged samplesat10dinterval stored24hbeforetesting. OwnLOITable1 sameage0/10/30/50 as TGTables3/4. No20/40d TGborrow;4ratesperstate notfournewmaterials.",,highpurityN2 balance60mL/min;sample40mL/min separately;not100total,,,,,,,,,,,,,,,,,,,,B444primary+B448independentpeer+B453root,2026-10-06,source_approved_primary_peer_root_pending_publication,fiber_forming_polymer_composite,"PP66wt%thermoplastic LGF20/DBDPE14 composite resinbulk admitted asfibre-forming polymercomposite,notfabric.",Materials/Preparation PDFp2,B444primary+B448independentpeer+B453root,2026-10-06,2a477f752b958dc847a0b6f0e991fff309ceeef76707799bce4ec12d524cccba,ffef4ba8e1860c94c3b52d8aa08024d65f2fb33ff6e9cb7400169e9a73f7fc81,,,,,,,,8,firstDTGpeak DBDPE decomposition perThermalStability PDFp4,secondDTGpeak PP decomposition perThermalStability PDFp4;laterkinetics prosementionsDBDPEandPP butdoesnotredefinepeaktemperature,candidate,,1,highpurityN2 balance60mL/min;sample40mL/min separately;not100total,about,about,roomtemperature to700C,,Tp1/Tp2,140,10,"T5/residue/masslossrates only10C/minTable3, do notassignotherheatingrates.",,,,,,,,,,Local version of record native PDF and HTML,,,,,
10.1002/pc.24720,"Effects of thermal‐oxidative aging on the flammability, thermal degradation kinetics and mechanical properties of DBDPE flame retardant long glass fiber reinforced polypropylene composites",https://doi.org/10.1002/pc.24720,literature,journal_article,LGF/DBDPE/PP aged30d,,verified_exact,24.6,,,359.7,,,372.8,471.4,,,23.2,650,N2,10,initial as-prepared;no wash,5374a9d5b8e4d1d635a8a5f3f32e829b89c73c3a201077547a03d2deb59d250c,,tabulated,TG+LOI,,thermo-oxidative aging140C 30days,,,,,,Source wholeblend PP66wt% SKBX3920;LGF20wt%17um ChongqingCompositeInternational;DBDPE14wt% FM2100R XingBeida;LGF/PP50/50 andDBDPE/PP60/40masterbatches notwholeblendfractions.,,Experimental PDFp2:ingredients60C48h dry;LGF/PP50/50 andDBDPE/PP60/40masterbatches twinextruder170–210C;masterbatches60C12h;wholePP66/LGF20/DBDPE14wt% injectionCJ80MZ-N205–225C subjectedperformance testsandcharacterization;ventilated140Coven0–50d;10dinterval;roomstorageatleast24h beforetesting.,,injection-molded LGF/DBDPE/PP bulk composite,injection-molded LGF/DBDPE/PP bulk composite,injection-molded LGF/DBDPE/PP bulk composite,ASTM D2863-77,JF-3 Jiangning,120x6.5x3mm,Table1 PDFp3(E1735);FlameRetardantPerformances,Whole9nativePDFpagesE1733–E1741;HTMLpc24720-sec-0004/0006/0008/0015/0016/0017,,,"LOI uncertainty/replicate count and TG pan/aliquot geometry unreported. No DSC/MCC/CONE/FTIR number substitutes ordinaryTG. No curve estimation. Sourcebody calls5.033/8.867%min Tp1/Tp2, whileTable3 explicitly labelsrate columns;retainrates asrawmasslossrate,nottemperature. NoDSC165Cpeak usedTG.",,700,8,TA Q50,,,ThermalStability PDFp4 explicitly5%weightloss althoughcalledonset;notcanonicalTonset,ThermalStability PDFp4 peaktemperatureofderivative thermogravimetry Tp;Table3 mainN210C/min;Table4 rate-specificTp1/Tp2 C,"Table3 charresiduesat650C,includesLGF andothernonvolatile products;notpurechar;not700Cprogramend",Table3 PDFp5(E1737) N210Cmin;Table4 PDFp6(E1738) rate-specificDTG,Experimental Preparation PDFp2;TGA/LOI methods PDFpp2–3,"Wholeblend performance testingandcharacterization explicitly afterinjection, subsequentaged samplesat10dinterval stored24hbeforetesting. OwnLOITable1 sameage0/10/30/50 as TGTables3/4. No20/40d TGborrow;4ratesperstate notfournewmaterials.",,highpurityN2 balance60mL/min;sample40mL/min separately;not100total,,,,,,,,,,,,,,,,,,,,B444primary+B448independentpeer+B453root,2026-10-06,source_approved_primary_peer_root_pending_publication,fiber_forming_polymer_composite,"PP66wt%thermoplastic LGF20/DBDPE14 composite resinbulk admitted asfibre-forming polymercomposite,notfabric.",Materials/Preparation PDFp2,B444primary+B448independentpeer+B453root,2026-10-06,d8e8f0a283860351c2407a6a349c9a08471f028ff2fb57789ac6f074b949115d,1298965db95b4cfda6057d7bcaa75d9cdb0cede067e522682de00805b1afaec4,,,,,,23.2,,8,firstDTGpeak DBDPE decomposition perThermalStability PDFp4,secondDTGpeak PP decomposition perThermalStability PDFp4;laterkinetics prosementionsDBDPEandPP butdoesnotredefinepeaktemperature,candidate,,1,highpurityN2 balance60mL/min;sample40mL/min separately;not100total,about,about,roomtemperature to700C,,Tp1/Tp2,140,30,"T5/residue/masslossrates only10C/minTable3, do notassignotherheatingrates. SourceTable3 masslossratesTp1/Tp2=5.937/9.519%/min;rate values nottemperature.",5.937,9.519,,,,,23.2,,,Local version of record native PDF and HTML,,,,,
10.1002/pc.24720,"Effects of thermal‐oxidative aging on the flammability, thermal degradation kinetics and mechanical properties of DBDPE flame retardant long glass fiber reinforced polypropylene composites",https://doi.org/10.1002/pc.24720,literature,journal_article,LGF/DBDPE/PP aged30d,,verified_exact,24.6,,,,,,385.7,478.5,,,,,N2,20,initial as-prepared;no wash,5374a9d5b8e4d1d635a8a5f3f32e829b89c73c3a201077547a03d2deb59d250c,,tabulated,TG+LOI,,thermo-oxidative aging140C 30days,,,,,,Source wholeblend PP66wt% SKBX3920;LGF20wt%17um ChongqingCompositeInternational;DBDPE14wt% FM2100R XingBeida;LGF/PP50/50 andDBDPE/PP60/40masterbatches notwholeblendfractions.,,Experimental PDFp2:ingredients60C48h dry;LGF/PP50/50 andDBDPE/PP60/40masterbatches twinextruder170–210C;masterbatches60C12h;wholePP66/LGF20/DBDPE14wt% injectionCJ80MZ-N205–225C subjectedperformance testsandcharacterization;ventilated140Coven0–50d;10dinterval;roomstorageatleast24h beforetesting.,,injection-molded LGF/DBDPE/PP bulk composite,injection-molded LGF/DBDPE/PP bulk composite,injection-molded LGF/DBDPE/PP bulk composite,ASTM D2863-77,JF-3 Jiangning,120x6.5x3mm,Table1 PDFp3(E1735);FlameRetardantPerformances,Whole9nativePDFpagesE1733–E1741;HTMLpc24720-sec-0004/0006/0008/0015/0016/0017,,,"LOI uncertainty/replicate count and TG pan/aliquot geometry unreported. No DSC/MCC/CONE/FTIR number substitutes ordinaryTG. No curve estimation. Sourcebody calls5.033/8.867%min Tp1/Tp2, whileTable3 explicitly labelsrate columns;retainrates asrawmasslossrate,nottemperature. NoDSC165Cpeak usedTG.",,700,8,TA Q50,,,ThermalStability PDFp4 explicitly5%weightloss althoughcalledonset;notcanonicalTonset,ThermalStability PDFp4 peaktemperatureofderivative thermogravimetry Tp;Table3 mainN210C/min;Table4 rate-specificTp1/Tp2 C,"Table3 charresiduesat650C,includesLGF andothernonvolatile products;notpurechar;not700Cprogramend",Table3 PDFp5(E1737) N210Cmin;Table4 PDFp6(E1738) rate-specificDTG,Experimental Preparation PDFp2;TGA/LOI methods PDFpp2–3,"Wholeblend performance testingandcharacterization explicitly afterinjection, subsequentaged samplesat10dinterval stored24hbeforetesting. OwnLOITable1 sameage0/10/30/50 as TGTables3/4. No20/40d TGborrow;4ratesperstate notfournewmaterials.",,highpurityN2 balance60mL/min;sample40mL/min separately;not100total,,,,,,,,,,,,,,,,,,,,B444primary+B448independentpeer+B453root,2026-10-06,source_approved_primary_peer_root_pending_publication,fiber_forming_polymer_composite,"PP66wt%thermoplastic LGF20/DBDPE14 composite resinbulk admitted asfibre-forming polymercomposite,notfabric.",Materials/Preparation PDFp2,B444primary+B448independentpeer+B453root,2026-10-06,d8e8f0a283860351c2407a6a349c9a08471f028ff2fb57789ac6f074b949115d,f5cbb929ca94375c4e133540233ff08950e5a07de36e74becf16be5c1835a67d,,,,,,,,8,firstDTGpeak DBDPE decomposition perThermalStability PDFp4,secondDTGpeak PP decomposition perThermalStability PDFp4;laterkinetics prosementionsDBDPEandPP butdoesnotredefinepeaktemperature,candidate,,1,highpurityN2 balance60mL/min;sample40mL/min separately;not100total,about,about,roomtemperature to700C,,Tp1/Tp2,140,30,"T5/residue/masslossrates only10C/minTable3, do notassignotherheatingrates.",,,,,,,,,,Local version of record native PDF and HTML,,,,,
10.1002/pc.24720,"Effects of thermal‐oxidative aging on the flammability, thermal degradation kinetics and mechanical properties of DBDPE flame retardant long glass fiber reinforced polypropylene composites",https://doi.org/10.1002/pc.24720,literature,journal_article,LGF/DBDPE/PP aged30d,,verified_exact,24.6,,,,,,394.9,485.6,,,,,N2,30,initial as-prepared;no wash,5374a9d5b8e4d1d635a8a5f3f32e829b89c73c3a201077547a03d2deb59d250c,,tabulated,TG+LOI,,thermo-oxidative aging140C 30days,,,,,,Source wholeblend PP66wt% SKBX3920;LGF20wt%17um ChongqingCompositeInternational;DBDPE14wt% FM2100R XingBeida;LGF/PP50/50 andDBDPE/PP60/40masterbatches notwholeblendfractions.,,Experimental PDFp2:ingredients60C48h dry;LGF/PP50/50 andDBDPE/PP60/40masterbatches twinextruder170–210C;masterbatches60C12h;wholePP66/LGF20/DBDPE14wt% injectionCJ80MZ-N205–225C subjectedperformance testsandcharacterization;ventilated140Coven0–50d;10dinterval;roomstorageatleast24h beforetesting.,,injection-molded LGF/DBDPE/PP bulk composite,injection-molded LGF/DBDPE/PP bulk composite,injection-molded LGF/DBDPE/PP bulk composite,ASTM D2863-77,JF-3 Jiangning,120x6.5x3mm,Table1 PDFp3(E1735);FlameRetardantPerformances,Whole9nativePDFpagesE1733–E1741;HTMLpc24720-sec-0004/0006/0008/0015/0016/0017,,,"LOI uncertainty/replicate count and TG pan/aliquot geometry unreported. No DSC/MCC/CONE/FTIR number substitutes ordinaryTG. No curve estimation. Sourcebody calls5.033/8.867%min Tp1/Tp2, whileTable3 explicitly labelsrate columns;retainrates asrawmasslossrate,nottemperature. NoDSC165Cpeak usedTG.",,700,8,TA Q50,,,ThermalStability PDFp4 explicitly5%weightloss althoughcalledonset;notcanonicalTonset,ThermalStability PDFp4 peaktemperatureofderivative thermogravimetry Tp;Table3 mainN210C/min;Table4 rate-specificTp1/Tp2 C,"Table3 charresiduesat650C,includesLGF andothernonvolatile products;notpurechar;not700Cprogramend",Table3 PDFp5(E1737) N210Cmin;Table4 PDFp6(E1738) rate-specificDTG,Experimental Preparation PDFp2;TGA/LOI methods PDFpp2–3,"Wholeblend performance testingandcharacterization explicitly afterinjection, subsequentaged samplesat10dinterval stored24hbeforetesting. OwnLOITable1 sameage0/10/30/50 as TGTables3/4. No20/40d TGborrow;4ratesperstate notfournewmaterials.",,highpurityN2 balance60mL/min;sample40mL/min separately;not100total,,,,,,,,,,,,,,,,,,,,B444primary+B448independentpeer+B453root,2026-10-06,source_approved_primary_peer_root_pending_publication,fiber_forming_polymer_composite,"PP66wt%thermoplastic LGF20/DBDPE14 composite resinbulk admitted asfibre-forming polymercomposite,notfabric.",Materials/Preparation PDFp2,B444primary+B448independentpeer+B453root,2026-10-06,d8e8f0a283860351c2407a6a349c9a08471f028ff2fb57789ac6f074b949115d,daa59fcd196c6b66de198a6e765f8ae7094cbdc8d26606ccfa4c85b52f1051f3,,,,,,,,8,firstDTGpeak DBDPE decomposition perThermalStability PDFp4,secondDTGpeak PP decomposition perThermalStability PDFp4;laterkinetics prosementionsDBDPEandPP butdoesnotredefinepeaktemperature,candidate,,1,highpurityN2 balance60mL/min;sample40mL/min separately;not100total,about,about,roomtemperature to700C,,Tp1/Tp2,140,30,"T5/residue/masslossrates only10C/minTable3, do notassignotherheatingrates.",,,,,,,,,,Local version of record native PDF and HTML,,,,,
10.1002/pc.24720,"Effects of thermal‐oxidative aging on the flammability, thermal degradation kinetics and mechanical properties of DBDPE flame retardant long glass fiber reinforced polypropylene composites",https://doi.org/10.1002/pc.24720,literature,journal_article,LGF/DBDPE/PP aged30d,,verified_exact,24.6,,,,,,400.5,492.4,,,,,N2,40,initial as-prepared;no wash,5374a9d5b8e4d1d635a8a5f3f32e829b89c73c3a201077547a03d2deb59d250c,,tabulated,TG+LOI,,thermo-oxidative aging140C 30days,,,,,,Source wholeblend PP66wt% SKBX3920;LGF20wt%17um ChongqingCompositeInternational;DBDPE14wt% FM2100R XingBeida;LGF/PP50/50 andDBDPE/PP60/40masterbatches notwholeblendfractions.,,Experimental PDFp2:ingredients60C48h dry;LGF/PP50/50 andDBDPE/PP60/40masterbatches twinextruder170–210C;masterbatches60C12h;wholePP66/LGF20/DBDPE14wt% injectionCJ80MZ-N205–225C subjectedperformance testsandcharacterization;ventilated140Coven0–50d;10dinterval;roomstorageatleast24h beforetesting.,,injection-molded LGF/DBDPE/PP bulk composite,injection-molded LGF/DBDPE/PP bulk composite,injection-molded LGF/DBDPE/PP bulk composite,ASTM D2863-77,JF-3 Jiangning,120x6.5x3mm,Table1 PDFp3(E1735);FlameRetardantPerformances,Whole9nativePDFpagesE1733–E1741;HTMLpc24720-sec-0004/0006/0008/0015/0016/0017,,,"LOI uncertainty/replicate count and TG pan/aliquot geometry unreported. No DSC/MCC/CONE/FTIR number substitutes ordinaryTG. No curve estimation. Sourcebody calls5.033/8.867%min Tp1/Tp2, whileTable3 explicitly labelsrate columns;retainrates asrawmasslossrate,nottemperature. NoDSC165Cpeak usedTG.",,700,8,TA Q50,,,ThermalStability PDFp4 explicitly5%weightloss althoughcalledonset;notcanonicalTonset,ThermalStability PDFp4 peaktemperatureofderivative thermogravimetry Tp;Table3 mainN210C/min;Table4 rate-specificTp1/Tp2 C,"Table3 charresiduesat650C,includesLGF andothernonvolatile products;notpurechar;not700Cprogramend",Table3 PDFp5(E1737) N210Cmin;Table4 PDFp6(E1738) rate-specificDTG,Experimental Preparation PDFp2;TGA/LOI methods PDFpp2–3,"Wholeblend performance testingandcharacterization explicitly afterinjection, subsequentaged samplesat10dinterval stored24hbeforetesting. OwnLOITable1 sameage0/10/30/50 as TGTables3/4. No20/40d TGborrow;4ratesperstate notfournewmaterials.",,highpurityN2 balance60mL/min;sample40mL/min separately;not100total,,,,,,,,,,,,,,,,,,,,B444primary+B448independentpeer+B453root,2026-10-06,source_approved_primary_peer_root_pending_publication,fiber_forming_polymer_composite,"PP66wt%thermoplastic LGF20/DBDPE14 composite resinbulk admitted asfibre-forming polymercomposite,notfabric.",Materials/Preparation PDFp2,B444primary+B448independentpeer+B453root,2026-10-06,d8e8f0a283860351c2407a6a349c9a08471f028ff2fb57789ac6f074b949115d,76746141d8109a3cf0cd4dc59892bd6017e774191f0caa035bb7f4329c9005ff,,,,,,,,8,firstDTGpeak DBDPE decomposition perThermalStability PDFp4,secondDTGpeak PP decomposition perThermalStability PDFp4;laterkinetics prosementionsDBDPEandPP butdoesnotredefinepeaktemperature,candidate,,1,highpurityN2 balance60mL/min;sample40mL/min separately;not100total,about,about,roomtemperature to700C,,Tp1/Tp2,140,30,"T5/residue/masslossrates only10C/minTable3, do notassignotherheatingrates.",,,,,,,,,,Local version of record native PDF and HTML,,,,,
10.1002/pc.24720,"Effects of thermal‐oxidative aging on the flammability, thermal degradation kinetics and mechanical properties of DBDPE flame retardant long glass fiber reinforced polypropylene composites",https://doi.org/10.1002/pc.24720,literature,journal_article,LGF/DBDPE/PP aged50d,,verified_exact,24.3,,,355.5,,,371.3,469.0,,,24.4,650,N2,10,initial as-prepared;no wash,5374a9d5b8e4d1d635a8a5f3f32e829b89c73c3a201077547a03d2deb59d250c,,tabulated,TG+LOI,,thermo-oxidative aging140C 50days,,,,,,Source wholeblend PP66wt% SKBX3920;LGF20wt%17um ChongqingCompositeInternational;DBDPE14wt% FM2100R XingBeida;LGF/PP50/50 andDBDPE/PP60/40masterbatches notwholeblendfractions.,,Experimental PDFp2:ingredients60C48h dry;LGF/PP50/50 andDBDPE/PP60/40masterbatches twinextruder170–210C;masterbatches60C12h;wholePP66/LGF20/DBDPE14wt% injectionCJ80MZ-N205–225C subjectedperformance testsandcharacterization;ventilated140Coven0–50d;10dinterval;roomstorageatleast24h beforetesting.,,injection-molded LGF/DBDPE/PP bulk composite,injection-molded LGF/DBDPE/PP bulk composite,injection-molded LGF/DBDPE/PP bulk composite,ASTM D2863-77,JF-3 Jiangning,120x6.5x3mm,Table1 PDFp3(E1735);FlameRetardantPerformances,Whole9nativePDFpagesE1733–E1741;HTMLpc24720-sec-0004/0006/0008/0015/0016/0017,,,"LOI uncertainty/replicate count and TG pan/aliquot geometry unreported. No DSC/MCC/CONE/FTIR number substitutes ordinaryTG. No curve estimation. Sourcebody calls5.033/8.867%min Tp1/Tp2, whileTable3 explicitly labelsrate columns;retainrates asrawmasslossrate,nottemperature. NoDSC165Cpeak usedTG.",,700,8,TA Q50,,,ThermalStability PDFp4 explicitly5%weightloss althoughcalledonset;notcanonicalTonset,ThermalStability PDFp4 peaktemperatureofderivative thermogravimetry Tp;Table3 mainN210C/min;Table4 rate-specificTp1/Tp2 C,"Table3 charresiduesat650C,includesLGF andothernonvolatile products;notpurechar;not700Cprogramend",Table3 PDFp5(E1737) N210Cmin;Table4 PDFp6(E1738) rate-specificDTG,Experimental Preparation PDFp2;TGA/LOI methods PDFpp2–3,"Wholeblend performance testingandcharacterization explicitly afterinjection, subsequentaged samplesat10dinterval stored24hbeforetesting. OwnLOITable1 sameage0/10/30/50 as TGTables3/4. No20/40d TGborrow;4ratesperstate notfournewmaterials.",,highpurityN2 balance60mL/min;sample40mL/min separately;not100total,,,,,,,,,,,,,,,,,,,,B444primary+B448independentpeer+B453root,2026-10-06,source_approved_primary_peer_root_pending_publication,fiber_forming_polymer_composite,"PP66wt%thermoplastic LGF20/DBDPE14 composite resinbulk admitted asfibre-forming polymercomposite,notfabric.",Materials/Preparation PDFp2,B444primary+B448independentpeer+B453root,2026-10-06,ce8a2caedc3a73119f532762ee12974f8dd31aefa03aff964eac288320bb8e4c,c8a6a7f70ea7a021a1864d5cd59df8fb39b1aae6af188033f03b1a1fff7ee97f,,,,,,24.4,,8,firstDTGpeak DBDPE decomposition perThermalStability PDFp4,secondDTGpeak PP decomposition perThermalStability PDFp4;laterkinetics prosementionsDBDPEandPP butdoesnotredefinepeaktemperature,candidate,,1,highpurityN2 balance60mL/min;sample40mL/min separately;not100total,about,about,roomtemperature to700C,,Tp1/Tp2,140,50,"T5/residue/masslossrates only10C/minTable3, do notassignotherheatingrates. SourceTable3 masslossratesTp1/Tp2=5.181/9.036%/min;rate values nottemperature.",5.181,9.036,,,,,24.4,,,Local version of record native PDF and HTML,,,,,
10.1002/pc.24720,"Effects of thermal‐oxidative aging on the flammability, thermal degradation kinetics and mechanical properties of DBDPE flame retardant long glass fiber reinforced polypropylene composites",https://doi.org/10.1002/pc.24720,literature,journal_article,LGF/DBDPE/PP aged50d,,verified_exact,24.3,,,,,,385.9,480.7,,,,,N2,20,initial as-prepared;no wash,5374a9d5b8e4d1d635a8a5f3f32e829b89c73c3a201077547a03d2deb59d250c,,tabulated,TG+LOI,,thermo-oxidative aging140C 50days,,,,,,Source wholeblend PP66wt% SKBX3920;LGF20wt%17um ChongqingCompositeInternational;DBDPE14wt% FM2100R XingBeida;LGF/PP50/50 andDBDPE/PP60/40masterbatches notwholeblendfractions.,,Experimental PDFp2:ingredients60C48h dry;LGF/PP50/50 andDBDPE/PP60/40masterbatches twinextruder170–210C;masterbatches60C12h;wholePP66/LGF20/DBDPE14wt% injectionCJ80MZ-N205–225C subjectedperformance testsandcharacterization;ventilated140Coven0–50d;10dinterval;roomstorageatleast24h beforetesting.,,injection-molded LGF/DBDPE/PP bulk composite,injection-molded LGF/DBDPE/PP bulk composite,injection-molded LGF/DBDPE/PP bulk composite,ASTM D2863-77,JF-3 Jiangning,120x6.5x3mm,Table1 PDFp3(E1735);FlameRetardantPerformances,Whole9nativePDFpagesE1733–E1741;HTMLpc24720-sec-0004/0006/0008/0015/0016/0017,,,"LOI uncertainty/replicate count and TG pan/aliquot geometry unreported. No DSC/MCC/CONE/FTIR number substitutes ordinaryTG. No curve estimation. Sourcebody calls5.033/8.867%min Tp1/Tp2, whileTable3 explicitly labelsrate columns;retainrates asrawmasslossrate,nottemperature. NoDSC165Cpeak usedTG.",,700,8,TA Q50,,,ThermalStability PDFp4 explicitly5%weightloss althoughcalledonset;notcanonicalTonset,ThermalStability PDFp4 peaktemperatureofderivative thermogravimetry Tp;Table3 mainN210C/min;Table4 rate-specificTp1/Tp2 C,"Table3 charresiduesat650C,includesLGF andothernonvolatile products;notpurechar;not700Cprogramend",Table3 PDFp5(E1737) N210Cmin;Table4 PDFp6(E1738) rate-specificDTG,Experimental Preparation PDFp2;TGA/LOI methods PDFpp2–3,"Wholeblend performance testingandcharacterization explicitly afterinjection, subsequentaged samplesat10dinterval stored24hbeforetesting. OwnLOITable1 sameage0/10/30/50 as TGTables3/4. No20/40d TGborrow;4ratesperstate notfournewmaterials.",,highpurityN2 balance60mL/min;sample40mL/min separately;not100total,,,,,,,,,,,,,,,,,,,,B444primary+B448independentpeer+B453root,2026-10-06,source_approved_primary_peer_root_pending_publication,fiber_forming_polymer_composite,"PP66wt%thermoplastic LGF20/DBDPE14 composite resinbulk admitted asfibre-forming polymercomposite,notfabric.",Materials/Preparation PDFp2,B444primary+B448independentpeer+B453root,2026-10-06,ce8a2caedc3a73119f532762ee12974f8dd31aefa03aff964eac288320bb8e4c,351895d3997e502cf0ec8c881c0d25c3ce6a1a34d6222b3848d5dcad59d08f60,,,,,,,,8,firstDTGpeak DBDPE decomposition perThermalStability PDFp4,secondDTGpeak PP decomposition perThermalStability PDFp4;laterkinetics prosementionsDBDPEandPP butdoesnotredefinepeaktemperature,candidate,,1,highpurityN2 balance60mL/min;sample40mL/min separately;not100total,about,about,roomtemperature to700C,,Tp1/Tp2,140,50,"T5/residue/masslossrates only10C/minTable3, do notassignotherheatingrates.",,,,,,,,,,Local version of record native PDF and HTML,,,,,
10.1002/pc.24720,"Effects of thermal‐oxidative aging on the flammability, thermal degradation kinetics and mechanical properties of DBDPE flame retardant long glass fiber reinforced polypropylene composites",https://doi.org/10.1002/pc.24720,literature,journal_article,LGF/DBDPE/PP aged50d,,verified_exact,24.3,,,,,,394.0,485.6,,,,,N2,30,initial as-prepared;no wash,5374a9d5b8e4d1d635a8a5f3f32e829b89c73c3a201077547a03d2deb59d250c,,tabulated,TG+LOI,,thermo-oxidative aging140C 50days,,,,,,Source wholeblend PP66wt% SKBX3920;LGF20wt%17um ChongqingCompositeInternational;DBDPE14wt% FM2100R XingBeida;LGF/PP50/50 andDBDPE/PP60/40masterbatches notwholeblendfractions.,,Experimental PDFp2:ingredients60C48h dry;LGF/PP50/50 andDBDPE/PP60/40masterbatches twinextruder170–210C;masterbatches60C12h;wholePP66/LGF20/DBDPE14wt% injectionCJ80MZ-N205–225C subjectedperformance testsandcharacterization;ventilated140Coven0–50d;10dinterval;roomstorageatleast24h beforetesting.,,injection-molded LGF/DBDPE/PP bulk composite,injection-molded LGF/DBDPE/PP bulk composite,injection-molded LGF/DBDPE/PP bulk composite,ASTM D2863-77,JF-3 Jiangning,120x6.5x3mm,Table1 PDFp3(E1735);FlameRetardantPerformances,Whole9nativePDFpagesE1733–E1741;HTMLpc24720-sec-0004/0006/0008/0015/0016/0017,,,"LOI uncertainty/replicate count and TG pan/aliquot geometry unreported. No DSC/MCC/CONE/FTIR number substitutes ordinaryTG. No curve estimation. Sourcebody calls5.033/8.867%min Tp1/Tp2, whileTable3 explicitly labelsrate columns;retainrates asrawmasslossrate,nottemperature. NoDSC165Cpeak usedTG.",,700,8,TA Q50,,,ThermalStability PDFp4 explicitly5%weightloss althoughcalledonset;notcanonicalTonset,ThermalStability PDFp4 peaktemperatureofderivative thermogravimetry Tp;Table3 mainN210C/min;Table4 rate-specificTp1/Tp2 C,"Table3 charresiduesat650C,includesLGF andothernonvolatile products;notpurechar;not700Cprogramend",Table3 PDFp5(E1737) N210Cmin;Table4 PDFp6(E1738) rate-specificDTG,Experimental Preparation PDFp2;TGA/LOI methods PDFpp2–3,"Wholeblend performance testingandcharacterization explicitly afterinjection, subsequentaged samplesat10dinterval stored24hbeforetesting. OwnLOITable1 sameage0/10/30/50 as TGTables3/4. No20/40d TGborrow;4ratesperstate notfournewmaterials.",,highpurityN2 balance60mL/min;sample40mL/min separately;not100total,,,,,,,,,,,,,,,,,,,,B444primary+B448independentpeer+B453root,2026-10-06,source_approved_primary_peer_root_pending_publication,fiber_forming_polymer_composite,"PP66wt%thermoplastic LGF20/DBDPE14 composite resinbulk admitted asfibre-forming polymercomposite,notfabric.",Materials/Preparation PDFp2,B444primary+B448independentpeer+B453root,2026-10-06,ce8a2caedc3a73119f532762ee12974f8dd31aefa03aff964eac288320bb8e4c,6bf3022f74cc42a1be69fc0aba267e30bf178b87c6ba0671bd700930f78a7ead,,,,,,,,8,firstDTGpeak DBDPE decomposition perThermalStability PDFp4,secondDTGpeak PP decomposition perThermalStability PDFp4;laterkinetics prosementionsDBDPEandPP butdoesnotredefinepeaktemperature,candidate,,1,highpurityN2 balance60mL/min;sample40mL/min separately;not100total,about,about,roomtemperature to700C,,Tp1/Tp2,140,50,"T5/residue/masslossrates only10C/minTable3, do notassignotherheatingrates.",,,,,,,,,,Local version of record native PDF and HTML,,,,,
10.1002/pc.24720,"Effects of thermal‐oxidative aging on the flammability, thermal degradation kinetics and mechanical properties of DBDPE flame retardant long glass fiber reinforced polypropylene composites",https://doi.org/10.1002/pc.24720,literature,journal_article,LGF/DBDPE/PP aged50d,,verified_exact,24.3,,,,,,401.8,488.8,,,,,N2,40,initial as-prepared;no wash,5374a9d5b8e4d1d635a8a5f3f32e829b89c73c3a201077547a03d2deb59d250c,,tabulated,TG+LOI,,thermo-oxidative aging140C 50days,,,,,,Source wholeblend PP66wt% SKBX3920;LGF20wt%17um ChongqingCompositeInternational;DBDPE14wt% FM2100R XingBeida;LGF/PP50/50 andDBDPE/PP60/40masterbatches notwholeblendfractions.,,Experimental PDFp2:ingredients60C48h dry;LGF/PP50/50 andDBDPE/PP60/40masterbatches twinextruder170–210C;masterbatches60C12h;wholePP66/LGF20/DBDPE14wt% injectionCJ80MZ-N205–225C subjectedperformance testsandcharacterization;ventilated140Coven0–50d;10dinterval;roomstorageatleast24h beforetesting.,,injection-molded LGF/DBDPE/PP bulk composite,injection-molded LGF/DBDPE/PP bulk composite,injection-molded LGF/DBDPE/PP bulk composite,ASTM D2863-77,JF-3 Jiangning,120x6.5x3mm,Table1 PDFp3(E1735);FlameRetardantPerformances,Whole9nativePDFpagesE1733–E1741;HTMLpc24720-sec-0004/0006/0008/0015/0016/0017,,,"LOI uncertainty/replicate count and TG pan/aliquot geometry unreported. No DSC/MCC/CONE/FTIR number substitutes ordinaryTG. No curve estimation. Sourcebody calls5.033/8.867%min Tp1/Tp2, whileTable3 explicitly labelsrate columns;retainrates asrawmasslossrate,nottemperature. NoDSC165Cpeak usedTG.",,700,8,TA Q50,,,ThermalStability PDFp4 explicitly5%weightloss althoughcalledonset;notcanonicalTonset,ThermalStability PDFp4 peaktemperatureofderivative thermogravimetry Tp;Table3 mainN210C/min;Table4 rate-specificTp1/Tp2 C,"Table3 charresiduesat650C,includesLGF andothernonvolatile products;notpurechar;not700Cprogramend",Table3 PDFp5(E1737) N210Cmin;Table4 PDFp6(E1738) rate-specificDTG,Experimental Preparation PDFp2;TGA/LOI methods PDFpp2–3,"Wholeblend performance testingandcharacterization explicitly afterinjection, subsequentaged samplesat10dinterval stored24hbeforetesting. OwnLOITable1 sameage0/10/30/50 as TGTables3/4. No20/40d TGborrow;4ratesperstate notfournewmaterials.",,highpurityN2 balance60mL/min;sample40mL/min separately;not100total,,,,,,,,,,,,,,,,,,,,B444primary+B448independentpeer+B453root,2026-10-06,source_approved_primary_peer_root_pending_publication,fiber_forming_polymer_composite,"PP66wt%thermoplastic LGF20/DBDPE14 composite resinbulk admitted asfibre-forming polymercomposite,notfabric.",Materials/Preparation PDFp2,B444primary+B448independentpeer+B453root,2026-10-06,ce8a2caedc3a73119f532762ee12974f8dd31aefa03aff964eac288320bb8e4c,88b68d06488c5ae8f34de75d8e82832af247fab98cff8ef2c26643490d23738d,,,,,,,,8,firstDTGpeak DBDPE decomposition perThermalStability PDFp4,secondDTGpeak PP decomposition perThermalStability PDFp4;laterkinetics prosementionsDBDPEandPP butdoesnotredefinepeaktemperature,candidate,,1,highpurityN2 balance60mL/min;sample40mL/min separately;not100total,about,about,roomtemperature to700C,,Tp1/Tp2,140,50,"T5/residue/masslossrates only10C/minTable3, do notassignotherheatingrates.",,,,,,,,,,Local version of record native PDF and HTML,,,,,
10.1016/j.compositesb.2013.08.012,"Effect of flame retardants on flame retardant, mechanical, and thermal properties of sisal fiber/polypropylene composites",https://doi.org/10.1016/j.compositesb.2013.08.012,literature,journal_article,PP,,verified_exact,20,,,408,,,,,0,,0,600,N2,20,initial as-prepared; no durability wash,dba5d7311ab02d3e36895fe0f3b584744439add43b4dc0c2ff49364fe40680ba,,tabulated,TG+LOI,,initial,,,,,,Table1 phr PP100; sisal/APP/Mg(OH)2/Zb/MAPP=0/0/0/0/0;base PP700J ThaiPolypropylene;MAPP FusabondPMZ109D;APP ExolitAP765;Mg APYMAG40;Zb FirebrakeZB;phr relativePP100 not wholewt%,,"OwnPP700J undercommon§2.2 HaakeRheomix3000p170C50rpm13min andChuanLihFaCLF80T test-specimen molding;purePP hasno sisalfibre. Sisal~2mm/60Covernight is otherbranch background, not appliedtopurePP;injectiontemperature/TGaliquotgeometryunreported.",,injection-molded PP bulk,injection-molded PP bulk,injection-molded PP bulk,ASTM D2863,in-house LOI tester,,Table2 PDFp11;§3.1 PDFp6,AcceptedmanuscriptPDFpp1–17;§2.1/2.2 PDFpp3–4;methods§2.3 PDFp4;LOIbody/TGdefinition§3.1/3.2 PDFp6;Table1/2 PDFp11;Table3 PDFp12,,,"LOIerror/n/dimensions andTGmass/pan/flow/aliquotgeometryunreported. Source prose says Mg highestresidue although tabulatedZb23.60 exceedsMg21.27;this comparative adjective notused to rewrite numeric. Below100C moisture~2% forPPsisal notDTGpeak orT5. Source600Cresidue not700C program end;inorganicMg/Zb residuesincluded, notpurechar.",30,700,,MettlerToledo TGA/DSC1,,,§3.2 PDFp6 thermal decomposition temperature at5%weightloss,,"§3.2 PDFp6 charresidue observedat600C;Table3 supplies row values, not program700C end",Table3 PDFp12;§3.2 PDFpp6–7,§2.2/2.3.1/2.3.2 PDFp4;Table1 PDFp11,§2.2 describes common specimen preparation and test specimens molded;Table1 defines whole7seriesincludingPP100;§2.3.1/2.3.2 both explicitly study PPandPPcomposites;ownTables2/3 row labels map identical initial formulations. No separate thermal feedstock/pre-injection material stated; TGaliquot geometry unknown is not invented.,,,,,,,,,,,,,,,,,,,,,,B443primary+B445independentpeer+B457notation+B453root,2026-10-06,source_approved_primary_peer_root_pending_publication,fiber_forming_polymer,§2.1 PP700J thermoplastic polypropylene;Table1 PP100 orPP/sisal/MAPP/FR phr blends;bulk specimens admitted as fibre-forming polymer oritscomposite under current user scope.,§2.1/2.2 PDFpp3–4;Table1 PDFp11,B443primary+B445independentpeer+B457notation+B453root,2026-10-06,845b5db78a06b32619d85ecfb77b490799531a2e127b96ef7527953c13da1e16,3f32062daa90cde250a3ebdab8680ffb6b47f5ed5a56015b0c7ddd7ab6b7bb3a,,,,,,,,,,,,,,,,,,,,,,,,,,,,,,,,Accepted manuscript / journal pre-proof local original,458,,,20,§3.2 PDFp6 thermal decomposition temperature at50%weightloss
10.1016/j.compositesb.2013.08.012,"Effect of flame retardants on flame retardant, mechanical, and thermal properties of sisal fiber/polypropylene composites",https://doi.org/10.1016/j.compositesb.2013.08.012,literature,journal_article,PP/30sisal/40APP,,verified_exact,31,,,322,,,,,12.25,,12.25,600,N2,20,initial as-prepared; no durability wash,dba5d7311ab02d3e36895fe0f3b584744439add43b4dc0c2ff49364fe40680ba,,tabulated,TG+LOI,,initial,,,,,,Table1 phr PP100; sisal/APP/Mg(OH)2/Zb/MAPP=30/40/0/0/3;base PP700J ThaiPolypropylene;MAPP FusabondPMZ109D;APP ExolitAP765;Mg APYMAG40;Zb FirebrakeZB;phr relativePP100 not wholewt%,,§2.1 sisal approximate2mm dried60Covernight;§2.2 HaakeRheomix3000p rotor50rpm170C13min;test specimens molded ChuanLihFaCLF80T;Table1 lists all7includingPP. Neither TGaliquot shape nor injectiontemperature is reported.,,injection-molded PP bulk composite,injection-molded PP bulk composite,injection-molded PP bulk composite,ASTM D2863,in-house LOI tester,,Table2 PDFp11;§3.1 PDFp6,AcceptedmanuscriptPDFpp1–17;§2.1/2.2 PDFpp3–4;methods§2.3 PDFp4;LOIbody/TGdefinition§3.1/3.2 PDFp6;Table1/2 PDFp11;Table3 PDFp12,,,"LOIerror/n/dimensions andTGmass/pan/flow/aliquotgeometryunreported. Source prose says Mg highestresidue although tabulatedZb23.60 exceedsMg21.27;this comparative adjective notused to rewrite numeric. Below100C moisture~2% forPPsisal notDTGpeak orT5. Source600Cresidue not700C program end;inorganicMg/Zb residuesincluded, notpurechar.",30,700,,MettlerToledo TGA/DSC1,,,§3.2 PDFp6 thermal decomposition temperature at5%weightloss,,"§3.2 PDFp6 charresidue observedat600C;Table3 supplies row values, not program700C end",Table3 PDFp12;§3.2 PDFpp6–7,§2.2/2.3.1/2.3.2 PDFp4;Table1 PDFp11,§2.2 describes common specimen preparation and test specimens molded;Table1 defines whole7seriesincludingPP100;§2.3.1/2.3.2 both explicitly study PPandPPcomposites;ownTables2/3 row labels map identical initial formulations. No separate thermal feedstock/pre-injection material stated; TGaliquot geometry unknown is not invented.,,,,,,,,,,,,,,,,,,,,,,B443primary+B445independentpeer+B457notation+B453root,2026-10-06,source_approved_primary_peer_root_pending_publication,fiber_forming_polymer_composite,§2.1 PP700J thermoplastic polypropylene;Table1 PP100 orPP/sisal/MAPP/FR phr blends;bulk specimens admitted as fibre-forming polymer oritscomposite under current user scope.,§2.1/2.2 PDFpp3–4;Table1 PDFp11,B443primary+B445independentpeer+B457notation+B453root,2026-10-06,0eaaf3b90a53bb4053b1a51517a0c66c9bf4277d2367b1b717b61f7dd7e47ab4,8e7323950ae2479edbaf76d6f3d1c4f4f3d81713fb787dc819e233aa8889484c,,,,,,,,,,,,,,,,,,,,,,,,,,,,,,,,Accepted manuscript / journal pre-proof local original,474,,,31,§3.2 PDFp6 thermal decomposition temperature at50%weightloss
10.1016/j.compositesb.2013.08.012,"Effect of flame retardants on flame retardant, mechanical, and thermal properties of sisal fiber/polypropylene composites",https://doi.org/10.1016/j.compositesb.2013.08.012,literature,journal_article,PP/30sisal/40Mg,,verified_exact,24,,,329,,,,,21.27,,21.27,600,N2,20,initial as-prepared; no durability wash,dba5d7311ab02d3e36895fe0f3b584744439add43b4dc0c2ff49364fe40680ba,,tabulated,TG+LOI,,initial,,,,,,Table1 phr PP100; sisal/APP/Mg(OH)2/Zb/MAPP=30/0/40/0/3;base PP700J ThaiPolypropylene;MAPP FusabondPMZ109D;APP ExolitAP765;Mg APYMAG40;Zb FirebrakeZB;phr relativePP100 not wholewt%,,§2.1 sisal approximate2mm dried60Covernight;§2.2 HaakeRheomix3000p rotor50rpm170C13min;test specimens molded ChuanLihFaCLF80T;Table1 lists all7includingPP. Neither TGaliquot shape nor injectiontemperature is reported.,,injection-molded PP bulk composite,injection-molded PP bulk composite,injection-molded PP bulk composite,ASTM D2863,in-house LOI tester,,Table2 PDFp11;§3.1 PDFp6,AcceptedmanuscriptPDFpp1–17;§2.1/2.2 PDFpp3–4;methods§2.3 PDFp4;LOIbody/TGdefinition§3.1/3.2 PDFp6;Table1/2 PDFp11;Table3 PDFp12,,,"LOIerror/n/dimensions andTGmass/pan/flow/aliquotgeometryunreported. Source prose says Mg highestresidue although tabulatedZb23.60 exceedsMg21.27;this comparative adjective notused to rewrite numeric. Below100C moisture~2% forPPsisal notDTGpeak orT5. Source600Cresidue not700C program end;inorganicMg/Zb residuesincluded, notpurechar.",30,700,,MettlerToledo TGA/DSC1,,,§3.2 PDFp6 thermal decomposition temperature at5%weightloss,,"§3.2 PDFp6 charresidue observedat600C;Table3 supplies row values, not program700C end",Table3 PDFp12;§3.2 PDFpp6–7,§2.2/2.3.1/2.3.2 PDFp4;Table1 PDFp11,§2.2 describes common specimen preparation and test specimens molded;Table1 defines whole7seriesincludingPP100;§2.3.1/2.3.2 both explicitly study PPandPPcomposites;ownTables2/3 row labels map identical initial formulations. No separate thermal feedstock/pre-injection material stated; TGaliquot geometry unknown is not invented.,,,,,,,,,,,,,,,,,,,,,,B443primary+B445independentpeer+B457notation+B453root,2026-10-06,source_approved_primary_peer_root_pending_publication,fiber_forming_polymer_composite,§2.1 PP700J thermoplastic polypropylene;Table1 PP100 orPP/sisal/MAPP/FR phr blends;bulk specimens admitted as fibre-forming polymer oritscomposite under current user scope.,§2.1/2.2 PDFpp3–4;Table1 PDFp11,B443primary+B445independentpeer+B457notation+B453root,2026-10-06,233c6ff9e3182921ebfd5edaaec921a6ce57346ea996886376201f358dd5b485,256bd760e799aa60b071b420dbde38661c7fdd4ce4b649ecb18c60aca445dd8a,,,,,,,,,,,,,,,,,,,,,,,,,,,,,,,,Accepted manuscript / journal pre-proof local original,477,,,24,§3.2 PDFp6 thermal decomposition temperature at50%weightloss
10.1016/j.compositesb.2013.08.012,"Effect of flame retardants on flame retardant, mechanical, and thermal properties of sisal fiber/polypropylene composites",https://doi.org/10.1016/j.compositesb.2013.08.012,literature,journal_article,PP/30sisal/40Zb,,verified_exact,22,,,320,,,,,23.60,,23.60,600,N2,20,initial as-prepared; no durability wash,dba5d7311ab02d3e36895fe0f3b584744439add43b4dc0c2ff49364fe40680ba,,tabulated,TG+LOI,,initial,,,,,,Table1 phr PP100; sisal/APP/Mg(OH)2/Zb/MAPP=30/0/0/40/3;base PP700J ThaiPolypropylene;MAPP FusabondPMZ109D;APP ExolitAP765;Mg APYMAG40;Zb FirebrakeZB;phr relativePP100 not wholewt%,,§2.1 sisal approximate2mm dried60Covernight;§2.2 HaakeRheomix3000p rotor50rpm170C13min;test specimens molded ChuanLihFaCLF80T;Table1 lists all7includingPP. Neither TGaliquot shape nor injectiontemperature is reported.,,injection-molded PP bulk composite,injection-molded PP bulk composite,injection-molded PP bulk composite,ASTM D2863,in-house LOI tester,,Table2 PDFp11;§3.1 PDFp6,AcceptedmanuscriptPDFpp1–17;§2.1/2.2 PDFpp3–4;methods§2.3 PDFp4;LOIbody/TGdefinition§3.1/3.2 PDFp6;Table1/2 PDFp11;Table3 PDFp12,,,"LOIerror/n/dimensions andTGmass/pan/flow/aliquotgeometryunreported. Source prose says Mg highestresidue although tabulatedZb23.60 exceedsMg21.27;this comparative adjective notused to rewrite numeric. Below100C moisture~2% forPPsisal notDTGpeak orT5. Source600Cresidue not700C program end;inorganicMg/Zb residuesincluded, notpurechar.",30,700,,MettlerToledo TGA/DSC1,,,§3.2 PDFp6 thermal decomposition temperature at5%weightloss,,"§3.2 PDFp6 charresidue observedat600C;Table3 supplies row values, not program700C end",Table3 PDFp12;§3.2 PDFpp6–7,§2.2/2.3.1/2.3.2 PDFp4;Table1 PDFp11,§2.2 describes common specimen preparation and test specimens molded;Table1 defines whole7seriesincludingPP100;§2.3.1/2.3.2 both explicitly study PPandPPcomposites;ownTables2/3 row labels map identical initial formulations. No separate thermal feedstock/pre-injection material stated; TGaliquot geometry unknown is not invented.,,,,,,,,,,,,,,,,,,,,,,B443primary+B445independentpeer+B457notation+B453root,2026-10-06,source_approved_primary_peer_root_pending_publication,fiber_forming_polymer_composite,§2.1 PP700J thermoplastic polypropylene;Table1 PP100 orPP/sisal/MAPP/FR phr blends;bulk specimens admitted as fibre-forming polymer oritscomposite under current user scope.,§2.1/2.2 PDFpp3–4;Table1 PDFp11,B443primary+B445independentpeer+B457notation+B453root,2026-10-06,1e07ae2d356db4ac15e202154a2171852910e23a7654b380ea104c41241ce7fa,b9209d9221aafad63b0a3f320d044076d73968e362784cb69dee4f703999f173,,,,,,,,,,,,,,,,,,,,,,,,,,,,,,,,Accepted manuscript / journal pre-proof local original,466,,,22,§3.2 PDFp6 thermal decomposition temperature at50%weightloss
10.1016/j.compositesb.2013.08.012,"Effect of flame retardants on flame retardant, mechanical, and thermal properties of sisal fiber/polypropylene composites",https://doi.org/10.1016/j.compositesb.2013.08.012,literature,journal_article,PP/30sisal/30APP/10Mg,,verified_exact,24,,,322,,,,,18.97,,18.97,600,N2,20,initial as-prepared; no durability wash,dba5d7311ab02d3e36895fe0f3b584744439add43b4dc0c2ff49364fe40680ba,,tabulated,TG+LOI,,initial,,,,,,Table1 phr PP100; sisal/APP/Mg(OH)2/Zb/MAPP=30/30/10/0/3;base PP700J ThaiPolypropylene;MAPP FusabondPMZ109D;APP ExolitAP765;Mg APYMAG40;Zb FirebrakeZB;phr relativePP100 not wholewt%,,§2.1 sisal approximate2mm dried60Covernight;§2.2 HaakeRheomix3000p rotor50rpm170C13min;test specimens molded ChuanLihFaCLF80T;Table1 lists all7includingPP. Neither TGaliquot shape nor injectiontemperature is reported.,,injection-molded PP bulk composite,injection-molded PP bulk composite,injection-molded PP bulk composite,ASTM D2863,in-house LOI tester,,Table2 PDFp11;§3.1 PDFp6,AcceptedmanuscriptPDFpp1–17;§2.1/2.2 PDFpp3–4;methods§2.3 PDFp4;LOIbody/TGdefinition§3.1/3.2 PDFp6;Table1/2 PDFp11;Table3 PDFp12,,,"LOIerror/n/dimensions andTGmass/pan/flow/aliquotgeometryunreported. Source prose says Mg highestresidue although tabulatedZb23.60 exceedsMg21.27;this comparative adjective notused to rewrite numeric. Below100C moisture~2% forPPsisal notDTGpeak orT5. Source600Cresidue not700C program end;inorganicMg/Zb residuesincluded, notpurechar.",30,700,,MettlerToledo TGA/DSC1,,,§3.2 PDFp6 thermal decomposition temperature at5%weightloss,,"§3.2 PDFp6 charresidue observedat600C;Table3 supplies row values, not program700C end",Table3 PDFp12;§3.2 PDFpp6–7,§2.2/2.3.1/2.3.2 PDFp4;Table1 PDFp11,§2.2 describes common specimen preparation and test specimens molded;Table1 defines whole7seriesincludingPP100;§2.3.1/2.3.2 both explicitly study PPandPPcomposites;ownTables2/3 row labels map identical initial formulations. No separate thermal feedstock/pre-injection material stated; TGaliquot geometry unknown is not invented.,,,,,,,,,,,,,,,,,,,,,,B443primary+B445independentpeer+B457notation+B453root,2026-10-06,source_approved_primary_peer_root_pending_publication,fiber_forming_polymer_composite,§2.1 PP700J thermoplastic polypropylene;Table1 PP100 orPP/sisal/MAPP/FR phr blends;bulk specimens admitted as fibre-forming polymer oritscomposite under current user scope.,§2.1/2.2 PDFpp3–4;Table1 PDFp11,B443primary+B445independentpeer+B457notation+B453root,2026-10-06,93d054f2f0e4821e2630118516540ba6f85caa1fa9a6e095e1188fd462b72846,0cba7a02950e3ce3876d9bdcd57d7cb0f828d5b967f46f67bb2166f2fd123ab5,,,,,,,,,,,,,,,,,,,,,,,,,,,,,,,,Accepted manuscript / journal pre-proof local original,472,,,24,§3.2 PDFp6 thermal decomposition temperature at50%weightloss
10.1016/j.compositesb.2013.08.012,"Effect of flame retardants on flame retardant, mechanical, and thermal properties of sisal fiber/polypropylene composites",https://doi.org/10.1016/j.compositesb.2013.08.012,literature,journal_article,PP/30sisal/30APP/10Zb,,verified_exact,30,,,316,,,,,19.54,,19.54,600,N2,20,initial as-prepared; no durability wash,dba5d7311ab02d3e36895fe0f3b584744439add43b4dc0c2ff49364fe40680ba,,tabulated,TG+LOI,,initial,,,,,,Table1 phr PP100; sisal/APP/Mg(OH)2/Zb/MAPP=30/30/0/10/3;base PP700J ThaiPolypropylene;MAPP FusabondPMZ109D;APP ExolitAP765;Mg APYMAG40;Zb FirebrakeZB;phr relativePP100 not wholewt%,,§2.1 sisal approximate2mm dried60Covernight;§2.2 HaakeRheomix3000p rotor50rpm170C13min;test specimens molded ChuanLihFaCLF80T;Table1 lists all7includingPP. Neither TGaliquot shape nor injectiontemperature is reported.,,injection-molded PP bulk composite,injection-molded PP bulk composite,injection-molded PP bulk composite,ASTM D2863,in-house LOI tester,,Table2 PDFp11;§3.1 PDFp6,AcceptedmanuscriptPDFpp1–17;§2.1/2.2 PDFpp3–4;methods§2.3 PDFp4;LOIbody/TGdefinition§3.1/3.2 PDFp6;Table1/2 PDFp11;Table3 PDFp12,,,"LOIerror/n/dimensions andTGmass/pan/flow/aliquotgeometryunreported. Source prose says Mg highestresidue although tabulatedZb23.60 exceedsMg21.27;this comparative adjective notused to rewrite numeric. Below100C moisture~2% forPPsisal notDTGpeak orT5. Source600Cresidue not700C program end;inorganicMg/Zb residuesincluded, notpurechar.",30,700,,MettlerToledo TGA/DSC1,,,§3.2 PDFp6 thermal decomposition temperature at5%weightloss,,"§3.2 PDFp6 charresidue observedat600C;Table3 supplies row values, not program700C end",Table3 PDFp12;§3.2 PDFpp6–7,§2.2/2.3.1/2.3.2 PDFp4;Table1 PDFp11,§2.2 describes common specimen preparation and test specimens molded;Table1 defines whole7seriesincludingPP100;§2.3.1/2.3.2 both explicitly study PPandPPcomposites;ownTables2/3 row labels map identical initial formulations. No separate thermal feedstock/pre-injection material stated; TGaliquot geometry unknown is not invented.,,,,,,,,,,,,,,,,,,,,,,B443primary+B445independentpeer+B457notation+B453root,2026-10-06,source_approved_primary_peer_root_pending_publication,fiber_forming_polymer_composite,§2.1 PP700J thermoplastic polypropylene;Table1 PP100 orPP/sisal/MAPP/FR phr blends;bulk specimens admitted as fibre-forming polymer oritscomposite under current user scope.,§2.1/2.2 PDFpp3–4;Table1 PDFp11,B443primary+B445independentpeer+B457notation+B453root,2026-10-06,4492a44a7bbf2ab707f09807f9ca29c6ef47831e31fb0e4969dfb5f259e83827,e99db6e308be79c2a39babbf8d3a1ff8eb22a05b656baf7db8c2e81d49ef7ee2,,,,,,,,,,,,,,,,,,,,,,,,,,,,,,,,Accepted manuscript / journal pre-proof local original,472,,,30,§3.2 PDFp6 thermal decomposition temperature at50%weightloss
