DOI,LOI_instrument,LOI_locator,LOI_pct,LOI_standard,LOI_uncertainty_pct,NiS_g_L,NiS_native_wt_pct,R400_pct,R500_pct,R550_pct,R600_pct,R650_pct,R700_pct,R750_pct,R800_pct,T10_C,T1_C,T20_C,T40_C,T50_C,T5_C,T80_C,TGA_instrument,TG_end_C,TG_locator,TG_start_C,Tmax1_C,Tmax2_C,Tmax3_C,Tmax4_C,Tonset_C,atmosphere,boric_g_L,char_pct,char_temp_C,composition,direct_numeric_use,evidence_reviewed_at,evidence_reviewed_by,heating_rate_C_min,journal,limitations,location,material_category,material_form,material_form_LOI,material_form_TGA,native_bath_mass_pct,native_reported_LCs,numeric_evidence_type,pairing_evidence,pairing_status,publication_type,publication_type_evidence,residue_at_Tmax1_pct,residue_at_Tmax2_pct,residue_at_Tmax3_pct,residue_at_Tmax_pct,residue_pct,residue_temp_C,review_disposition,reviewed_measurement_fingerprint,sample_state,source_CS_g_L,source_DOPA_g_L,source_DTGmax_pct_min,source_DTGmax_uncertainty,source_KD_bilayers,source_KS_bilayers,source_LOI_8QL_conflict,source_LOI_dimensions_mm,source_LOI_dimensions_repeats,source_LOI_repeats,source_LOI_standard_limit,source_LOI_uncertainty_definition,source_QL,source_R800_SD_pct,source_R800_SD_repeats,source_R800_uncertainty_definition,source_T5_definition,source_T5_uncertainty,source_TG_flow_start_end,source_TG_mass_mg,source_TG_mass_pan_flow,source_TG_mass_pan_flow_start,source_TG_mass_pan_flow_start_end,source_TG_pan,source_TG_pan_flow,source_TG_peak_definition,source_TG_peak_native_column_map,source_TG_residue_temperature_status,source_TG_start,source_TG_water_limit,source_TG_water_peak_limit,source_Tmax_uncertainty,source_Tonset_definition,source_WG_definition_limit,source_WG_pct,source_addon_definition,source_addon_pct,source_addon_uncertainty,source_addon_uncertainty_definition,source_backbone_phosphorus_limit,source_bath_NiS_g_L,source_bath_boric_g_L,source_bath_mass_pct,source_bath_native_wt_pct,source_bath_recipe_limit,source_bath_urea_g_L,source_document_version,source_dry_fabric_addon_pct,source_location,source_native_ME_percent_prose,source_native_ME_percent_table,source_native_PCS_percent_prose,source_native_PCS_percent_table,source_native_onset_limit,source_native_peak_limit,source_raw_N2_peak_C,source_raw_TG_residue_pct,source_raw_TG_residue_uncertainty,source_raw_observation,source_recipe_condition_limit,source_reported_LCs,source_reported_WG_pct,source_supplement_identity,source_title,source_uncertainty_definition,source_url,supplement_review_status,supplement_source_url,treatment_method,treatment_state,urea_g_L,washing_state,year
10.1016/j.carbpol.2017.06.129,"M606B,QingdaoShanfangChina",OwnTable1PDFp32MS31/controlprosePDFp11MS10;methodPDFp10MS9,17.8,ASTMD2863-2000,,,,,,0.91,,,,,,317,,,,,,,"Pyris1,PerkinElmer",600,OwncontrolN2prosePDFp17MS16/AIRprosePDFp18MS17;Figure2captionPDFp29MS28;methodPDFp9MS8,,,,,,,N2,,0.91,550,Ownunmodified115gsmwovenpurecottoncontrol,TG+LOI,2026-10-03,Codex complete primary and official SI text review;one primary reviewer,20,Carbohydrate Polymers,Publisheraccepted2017-06-30manuscriptnotVOR;finalyearblank. MainTGmasspanflowstartandLOIdimsrepsunknown. TreatedTGdose/stateunassigned;16treatedLOIandtwoTGfactsheld. SIcomparativeborrowedLOInotownmeasurement;sevenSIimagesunused. N2nativepeak370wordingambiguousnotcanonical. AIRinitial317criterionunknown. Table4weft41.31vsprose14.31andTable3THR1.178vsprose1.1178conflictsnotusedasTG.,,cotton,"Own pure woven 115 gsm 570x340 cotton fabric, Chaotianmen Chongqing","Own pure woven 115 gsm 570x340 cotton fabric, Chaotianmen Chongqing","Own pure woven 115 gsm 570x340 cotton fabric, Chaotianmen Chongqing",,,explicit_text,Ownsameinitialwoven115gsmcottoncontrolLOI17.8Table1p32andprosep11withowncontrolTGprosep17-18;noAPArecipeorwashstatejoined. N2T10=317andR550=.91explicit;AIRDTGmax354andR510=.02explicitgenericresidue510not500/550. MainPyris1N220Cminend600/AIR20Cminend800notTGIR7.55mg40-600. Waterlossbelow100/110notdecomppeak;N2native370peakwordingnotcanonical. All34primarytextpagesandallofficialSItext/TableS1reviewed;sevenSIimagesunviewedunused.,verified_exact,journal_article,Ownpublisherjournalcoverandcompleteprimarytext;notDOIalone,,,,,0.91,550,source_review_approved,8d8b418627bc71fc883f0bf57a095436b9412cb6ce531a86630bd698a8224b21,Cotton-Control initial,,,,,,,,,Unreported,,,,,,,,,,,,,Unreported;notseparateTGIR7.55mg40-600,,,,,,,,,,,,,,,,,,,,,,,,,Officialpublisheracceptedmanuscriptaccepted2017-06-30;finalVORnotreviewed,,OwnmaterialsPDFp7/preparationp8/TGmethodp9/LOImethodp10/controlLOIp11/Table1p32/TGp17-18,,,,,N2exact10percentlossat317isT10;AIRinitialdecomp317criterionunknownnotTonset/T5/T10,N2maximumweightloss370wordingnotexplicitrate;retainedrawnotcanonicalTmax,370,,,,,,,,A plant-based reactive ammonium phytate for use as a flame-retardant for cotton fabric,,https://doi.org/10.1016/j.carbpol.2017.06.129,AlloneofficialDOCXtext/TableS1reviewed;sevenembeddedimagesunviewedunused;ownpublisherPII/sixmatchingSIcaptions/synthesisAPA/thisstudyLOI43.2identity;SInotitleauthorsnotclaimed,https://ars.els-cdn.com/content/image/1-s2.0-S014486171730766X-mmc1.docx,Owncontrolfabric;notAPA-treatedorwashedrecipe,Initial source formulation,,Initial0durabilitycycles;processrinsingseparate,
10.1016/j.carbpol.2017.06.129,"M606B,QingdaoShanfangChina",OwnTable1PDFp32MS31/controlprosePDFp11MS10;methodPDFp10MS9,17.8,ASTMD2863-2000,,,,,,,,,,,,,,,,,,,"Pyris1,PerkinElmer",800,OwncontrolN2prosePDFp17MS16/AIRprosePDFp18MS17;Figure2captionPDFp29MS28;methodPDFp9MS8,,354,,,,,air,,0.02,510,Ownunmodified115gsmwovenpurecottoncontrol,TG+LOI,2026-10-03,Codex complete primary and official SI text review;one primary reviewer,20,Carbohydrate Polymers,Publisheraccepted2017-06-30manuscriptnotVOR;finalyearblank. MainTGmasspanflowstartandLOIdimsrepsunknown. TreatedTGdose/stateunassigned;16treatedLOIandtwoTGfactsheld. SIcomparativeborrowedLOInotownmeasurement;sevenSIimagesunused. N2nativepeak370wordingambiguousnotcanonical. AIRinitial317criterionunknown. Table4weft41.31vsprose14.31andTable3THR1.178vsprose1.1178conflictsnotusedasTG.,,cotton,"Own pure woven 115 gsm 570x340 cotton fabric, Chaotianmen Chongqing","Own pure woven 115 gsm 570x340 cotton fabric, Chaotianmen Chongqing","Own pure woven 115 gsm 570x340 cotton fabric, Chaotianmen Chongqing",,,explicit_text,Ownsameinitialwoven115gsmcottoncontrolLOI17.8Table1p32andprosep11withowncontrolTGprosep17-18;noAPArecipeorwashstatejoined. N2T10=317andR550=.91explicit;AIRDTGmax354andR510=.02explicitgenericresidue510not500/550. MainPyris1N220Cminend600/AIR20Cminend800notTGIR7.55mg40-600. Waterlossbelow100/110notdecomppeak;N2native370peakwordingnotcanonical. All34primarytextpagesandallofficialSItext/TableS1reviewed;sevenSIimagesunviewedunused.,verified_exact,journal_article,Ownpublisherjournalcoverandcompleteprimarytext;notDOIalone,,,,,0.02,510,source_review_approved,b7bfe0b295ab8ad316dc7227c8931fcb37fb0a0dd81350cede94624311cce692,Cotton-Control initial,,,,,,,,,Unreported,,,,,,,,,,,,,Unreported;notseparateTGIR7.55mg40-600,,,,,,,,,,,,,,,,,,,,,,,,,Officialpublisheracceptedmanuscriptaccepted2017-06-30;finalVORnotreviewed,,OwnmaterialsPDFp7/preparationp8/TGmethodp9/LOImethodp10/controlLOIp11/Table1p32/TGp17-18,,,,,N2exact10percentlossat317isT10;AIRinitialdecomp317criterionunknownnotTonset/T5/T10,N2maximumweightloss370wordingnotexplicitrate;retainedrawnotcanonicalTmax,,,,,,,,,A plant-based reactive ammonium phytate for use as a flame-retardant for cotton fabric,,https://doi.org/10.1016/j.carbpol.2017.06.129,AlloneofficialDOCXtext/TableS1reviewed;sevenembeddedimagesunviewedunused;ownpublisherPII/sixmatchingSIcaptions/synthesisAPA/thisstudyLOI43.2identity;SInotitleauthorsnotclaimed,https://ars.els-cdn.com/content/image/1-s2.0-S014486171730766X-mmc1.docx,Owncontrolfabric;notAPA-treatedorwashedrecipe,Initial source formulation,,Initial0durabilitycycles;processrinsingseparate,
10.1016/j.carbpol.2017.06.129,,OwnTable1PDFp32MS31,34.4,,,,,,,,,,,,,,,,,,,,,,TreatedTGprosePDFp17-18/fig2doesnotidentifywhichAPAconcentrationorwashstate,,,,,,,,,,,Owncotton/Cotton-APA5 reportedLC0,Raw source facts only,2026-10-03,Codex complete primary and official SI text review;one primary reviewer,,Carbohydrate Polymers,,,cotton,"Own pure woven 115 gsm 570x340 cotton fabric, Chaotianmen Chongqing","Own pure woven 115 gsm 570x340 cotton fabric, Chaotianmen Chongqing","Own pure woven 115 gsm 570x340 cotton fabric, Chaotianmen Chongqing",5,0,held_source_facts,,held_LOI_without_own_matching_dose_or_washed_TG,journal_article,Ownpublisherjournalcoverandcompleteprimarytext;notDOIalone,,,,,,,held_outside_verified_target,,Cotton-APA5 reportedLC0,,,,,,,,,,,,,,,,,,,,,,,,,,,,,,,,,,,12.86,,,,,,,,5,,,,Officialpublisheracceptedmanuscriptaccepted2017-06-30;finalVORnotreviewed,,OwnTable1p32/preparationp8/washmethodp10/TGp17-18,,,,,,,,,,,,0,,,A plant-based reactive ammonium phytate for use as a flame-retardant for cotton fabric,,https://doi.org/10.1016/j.carbpol.2017.06.129,AlloneofficialDOCXtext/TableS1reviewed;sevenembeddedimagesunviewedunused;ownpublisherPII/sixmatchingSIcaptions/synthesisAPA/thisstudyLOI43.2identity;SInotitleauthorsnotclaimed,https://ars.els-cdn.com/content/image/1-s2.0-S014486171730766X-mmc1.docx,,Initial source formulation,,Initial0durabilitycycles;processrinsingseparate,
10.1016/j.carbpol.2017.06.129,,OwnTable1PDFp32MS31,28.5,,,,,,,,,,,,,,,,,,,,,,TreatedTGprosePDFp17-18/fig2doesnotidentifywhichAPAconcentrationorwashstate,,,,,,,,,,,Owncotton/Cotton-APA5 reportedLC10,Raw source facts only,2026-10-03,Codex complete primary and official SI text review;one primary reviewer,,Carbohydrate Polymers,,,cotton,"Own pure woven 115 gsm 570x340 cotton fabric, Chaotianmen Chongqing","Own pure woven 115 gsm 570x340 cotton fabric, Chaotianmen Chongqing","Own pure woven 115 gsm 570x340 cotton fabric, Chaotianmen Chongqing",5,10,held_source_facts,,held_LOI_without_own_matching_dose_or_washed_TG,journal_article,Ownpublisherjournalcoverandcompleteprimarytext;notDOIalone,,,,,,,held_outside_verified_target,,Cotton-APA5 reportedLC10,,,,,,,,,,,,,,,,,,,,,,,,,,,,,,,,,,,11.18,,,,,,,,5,,,,Officialpublisheracceptedmanuscriptaccepted2017-06-30;finalVORnotreviewed,,OwnTable1p32/preparationp8/washmethodp10/TGp17-18,,,,,,,,,,,,10,,,A plant-based reactive ammonium phytate for use as a flame-retardant for cotton fabric,,https://doi.org/10.1016/j.carbpol.2017.06.129,AlloneofficialDOCXtext/TableS1reviewed;sevenembeddedimagesunviewedunused;ownpublisherPII/sixmatchingSIcaptions/synthesisAPA/thisstudyLOI43.2identity;SInotitleauthorsnotclaimed,https://ars.els-cdn.com/content/image/1-s2.0-S014486171730766X-mmc1.docx,,Initial source formulation,,After10nativereportedLCs;40C45minAATCC61-2006onecycle5homeequivalentnotassumedlabcyclecount,
10.1016/j.carbpol.2017.06.129,,OwnTable1PDFp32MS31,26.3,,,,,,,,,,,,,,,,,,,,,,TreatedTGprosePDFp17-18/fig2doesnotidentifywhichAPAconcentrationorwashstate,,,,,,,,,,,Owncotton/Cotton-APA5 reportedLC20,Raw source facts only,2026-10-03,Codex complete primary and official SI text review;one primary reviewer,,Carbohydrate Polymers,,,cotton,"Own pure woven 115 gsm 570x340 cotton fabric, Chaotianmen Chongqing","Own pure woven 115 gsm 570x340 cotton fabric, Chaotianmen Chongqing","Own pure woven 115 gsm 570x340 cotton fabric, Chaotianmen Chongqing",5,20,held_source_facts,,held_LOI_without_own_matching_dose_or_washed_TG,journal_article,Ownpublisherjournalcoverandcompleteprimarytext;notDOIalone,,,,,,,held_outside_verified_target,,Cotton-APA5 reportedLC20,,,,,,,,,,,,,,,,,,,,,,,,,,,,,,,,,,,10.3,,,,,,,,5,,,,Officialpublisheracceptedmanuscriptaccepted2017-06-30;finalVORnotreviewed,,OwnTable1p32/preparationp8/washmethodp10/TGp17-18,,,,,,,,,,,,20,,,A plant-based reactive ammonium phytate for use as a flame-retardant for cotton fabric,,https://doi.org/10.1016/j.carbpol.2017.06.129,AlloneofficialDOCXtext/TableS1reviewed;sevenembeddedimagesunviewedunused;ownpublisherPII/sixmatchingSIcaptions/synthesisAPA/thisstudyLOI43.2identity;SInotitleauthorsnotclaimed,https://ars.els-cdn.com/content/image/1-s2.0-S014486171730766X-mmc1.docx,,Initial source formulation,,After20nativereportedLCs;40C45minAATCC61-2006onecycle5homeequivalentnotassumedlabcyclecount,
10.1016/j.carbpol.2017.06.129,,OwnTable1PDFp32MS31,22.8,,,,,,,,,,,,,,,,,,,,,,TreatedTGprosePDFp17-18/fig2doesnotidentifywhichAPAconcentrationorwashstate,,,,,,,,,,,Owncotton/Cotton-APA5 reportedLC30,Raw source facts only,2026-10-03,Codex complete primary and official SI text review;one primary reviewer,,Carbohydrate Polymers,,,cotton,"Own pure woven 115 gsm 570x340 cotton fabric, Chaotianmen Chongqing","Own pure woven 115 gsm 570x340 cotton fabric, Chaotianmen Chongqing","Own pure woven 115 gsm 570x340 cotton fabric, Chaotianmen Chongqing",5,30,held_source_facts,,held_LOI_without_own_matching_dose_or_washed_TG,journal_article,Ownpublisherjournalcoverandcompleteprimarytext;notDOIalone,,,,,,,held_outside_verified_target,,Cotton-APA5 reportedLC30,,,,,,,,,,,,,,,,,,,,,,,,,,,,,,,,,,,10.25,,,,,,,,5,,,,Officialpublisheracceptedmanuscriptaccepted2017-06-30;finalVORnotreviewed,,OwnTable1p32/preparationp8/washmethodp10/TGp17-18,,,,,,,,,,,,30,,,A plant-based reactive ammonium phytate for use as a flame-retardant for cotton fabric,,https://doi.org/10.1016/j.carbpol.2017.06.129,AlloneofficialDOCXtext/TableS1reviewed;sevenembeddedimagesunviewedunused;ownpublisherPII/sixmatchingSIcaptions/synthesisAPA/thisstudyLOI43.2identity;SInotitleauthorsnotclaimed,https://ars.els-cdn.com/content/image/1-s2.0-S014486171730766X-mmc1.docx,,Initial source formulation,,After30nativereportedLCs;40C45minAATCC61-2006onecycle5homeequivalentnotassumedlabcyclecount,
10.1016/j.carbpol.2017.06.129,,OwnTable1PDFp32MS31,36.1,,,,,,,,,,,,,,,,,,,,,,TreatedTGprosePDFp17-18/fig2doesnotidentifywhichAPAconcentrationorwashstate,,,,,,,,,,,Owncotton/Cotton-APA10 reportedLC0,Raw source facts only,2026-10-03,Codex complete primary and official SI text review;one primary reviewer,,Carbohydrate Polymers,,,cotton,"Own pure woven 115 gsm 570x340 cotton fabric, Chaotianmen Chongqing","Own pure woven 115 gsm 570x340 cotton fabric, Chaotianmen Chongqing","Own pure woven 115 gsm 570x340 cotton fabric, Chaotianmen Chongqing",10,0,held_source_facts,,held_LOI_without_own_matching_dose_or_washed_TG,journal_article,Ownpublisherjournalcoverandcompleteprimarytext;notDOIalone,,,,,,,held_outside_verified_target,,Cotton-APA10 reportedLC0,,,,,,,,,,,,,,,,,,,,,,,,,,,,,,,,,,,14.49,,,,,,,,10,,,,Officialpublisheracceptedmanuscriptaccepted2017-06-30;finalVORnotreviewed,,OwnTable1p32/preparationp8/washmethodp10/TGp17-18,,,,,,,,,,,,0,,,A plant-based reactive ammonium phytate for use as a flame-retardant for cotton fabric,,https://doi.org/10.1016/j.carbpol.2017.06.129,AlloneofficialDOCXtext/TableS1reviewed;sevenembeddedimagesunviewedunused;ownpublisherPII/sixmatchingSIcaptions/synthesisAPA/thisstudyLOI43.2identity;SInotitleauthorsnotclaimed,https://ars.els-cdn.com/content/image/1-s2.0-S014486171730766X-mmc1.docx,,Initial source formulation,,Initial0durabilitycycles;processrinsingseparate,
10.1016/j.carbpol.2017.06.129,,OwnTable1PDFp32MS31,31.0,,,,,,,,,,,,,,,,,,,,,,TreatedTGprosePDFp17-18/fig2doesnotidentifywhichAPAconcentrationorwashstate,,,,,,,,,,,Owncotton/Cotton-APA10 reportedLC10,Raw source facts only,2026-10-03,Codex complete primary and official SI text review;one primary reviewer,,Carbohydrate Polymers,,,cotton,"Own pure woven 115 gsm 570x340 cotton fabric, Chaotianmen Chongqing","Own pure woven 115 gsm 570x340 cotton fabric, Chaotianmen Chongqing","Own pure woven 115 gsm 570x340 cotton fabric, Chaotianmen Chongqing",10,10,held_source_facts,,held_LOI_without_own_matching_dose_or_washed_TG,journal_article,Ownpublisherjournalcoverandcompleteprimarytext;notDOIalone,,,,,,,held_outside_verified_target,,Cotton-APA10 reportedLC10,,,,,,,,,,,,,,,,,,,,,,,,,,,,,,,,,,,11.3,,,,,,,,10,,,,Officialpublisheracceptedmanuscriptaccepted2017-06-30;finalVORnotreviewed,,OwnTable1p32/preparationp8/washmethodp10/TGp17-18,,,,,,,,,,,,10,,,A plant-based reactive ammonium phytate for use as a flame-retardant for cotton fabric,,https://doi.org/10.1016/j.carbpol.2017.06.129,AlloneofficialDOCXtext/TableS1reviewed;sevenembeddedimagesunviewedunused;ownpublisherPII/sixmatchingSIcaptions/synthesisAPA/thisstudyLOI43.2identity;SInotitleauthorsnotclaimed,https://ars.els-cdn.com/content/image/1-s2.0-S014486171730766X-mmc1.docx,,Initial source formulation,,After10nativereportedLCs;40C45minAATCC61-2006onecycle5homeequivalentnotassumedlabcyclecount,
10.1016/j.carbpol.2017.06.129,,OwnTable1PDFp32MS31,28.5,,,,,,,,,,,,,,,,,,,,,,TreatedTGprosePDFp17-18/fig2doesnotidentifywhichAPAconcentrationorwashstate,,,,,,,,,,,Owncotton/Cotton-APA10 reportedLC20,Raw source facts only,2026-10-03,Codex complete primary and official SI text review;one primary reviewer,,Carbohydrate Polymers,,,cotton,"Own pure woven 115 gsm 570x340 cotton fabric, Chaotianmen Chongqing","Own pure woven 115 gsm 570x340 cotton fabric, Chaotianmen Chongqing","Own pure woven 115 gsm 570x340 cotton fabric, Chaotianmen Chongqing",10,20,held_source_facts,,held_LOI_without_own_matching_dose_or_washed_TG,journal_article,Ownpublisherjournalcoverandcompleteprimarytext;notDOIalone,,,,,,,held_outside_verified_target,,Cotton-APA10 reportedLC20,,,,,,,,,,,,,,,,,,,,,,,,,,,,,,,,,,,11.26,,,,,,,,10,,,,Officialpublisheracceptedmanuscriptaccepted2017-06-30;finalVORnotreviewed,,OwnTable1p32/preparationp8/washmethodp10/TGp17-18,,,,,,,,,,,,20,,,A plant-based reactive ammonium phytate for use as a flame-retardant for cotton fabric,,https://doi.org/10.1016/j.carbpol.2017.06.129,AlloneofficialDOCXtext/TableS1reviewed;sevenembeddedimagesunviewedunused;ownpublisherPII/sixmatchingSIcaptions/synthesisAPA/thisstudyLOI43.2identity;SInotitleauthorsnotclaimed,https://ars.els-cdn.com/content/image/1-s2.0-S014486171730766X-mmc1.docx,,Initial source formulation,,After20nativereportedLCs;40C45minAATCC61-2006onecycle5homeequivalentnotassumedlabcyclecount,
10.1016/j.carbpol.2017.06.129,,OwnTable1PDFp32MS31,26.2,,,,,,,,,,,,,,,,,,,,,,TreatedTGprosePDFp17-18/fig2doesnotidentifywhichAPAconcentrationorwashstate,,,,,,,,,,,Owncotton/Cotton-APA10 reportedLC30,Raw source facts only,2026-10-03,Codex complete primary and official SI text review;one primary reviewer,,Carbohydrate Polymers,,,cotton,"Own pure woven 115 gsm 570x340 cotton fabric, Chaotianmen Chongqing","Own pure woven 115 gsm 570x340 cotton fabric, Chaotianmen Chongqing","Own pure woven 115 gsm 570x340 cotton fabric, Chaotianmen Chongqing",10,30,held_source_facts,,held_LOI_without_own_matching_dose_or_washed_TG,journal_article,Ownpublisherjournalcoverandcompleteprimarytext;notDOIalone,,,,,,,held_outside_verified_target,,Cotton-APA10 reportedLC30,,,,,,,,,,,,,,,,,,,,,,,,,,,,,,,,,,,10.82,,,,,,,,10,,,,Officialpublisheracceptedmanuscriptaccepted2017-06-30;finalVORnotreviewed,,OwnTable1p32/preparationp8/washmethodp10/TGp17-18,,,,,,,,,,,,30,,,A plant-based reactive ammonium phytate for use as a flame-retardant for cotton fabric,,https://doi.org/10.1016/j.carbpol.2017.06.129,AlloneofficialDOCXtext/TableS1reviewed;sevenembeddedimagesunviewedunused;ownpublisherPII/sixmatchingSIcaptions/synthesisAPA/thisstudyLOI43.2identity;SInotitleauthorsnotclaimed,https://ars.els-cdn.com/content/image/1-s2.0-S014486171730766X-mmc1.docx,,Initial source formulation,,After30nativereportedLCs;40C45minAATCC61-2006onecycle5homeequivalentnotassumedlabcyclecount,
10.1016/j.carbpol.2017.06.129,,OwnTable1PDFp32MS31,24.0,,,,,,,,,,,,,,,,,,,,,,TreatedTGprosePDFp17-18/fig2doesnotidentifywhichAPAconcentrationorwashstate,,,,,,,,,,,Owncotton/Cotton-APA10 reportedLC40,Raw source facts only,2026-10-03,Codex complete primary and official SI text review;one primary reviewer,,Carbohydrate Polymers,,,cotton,"Own pure woven 115 gsm 570x340 cotton fabric, Chaotianmen Chongqing","Own pure woven 115 gsm 570x340 cotton fabric, Chaotianmen Chongqing","Own pure woven 115 gsm 570x340 cotton fabric, Chaotianmen Chongqing",10,40,held_source_facts,,held_LOI_without_own_matching_dose_or_washed_TG,journal_article,Ownpublisherjournalcoverandcompleteprimarytext;notDOIalone,,,,,,,held_outside_verified_target,,Cotton-APA10 reportedLC40,,,,,,,,,,,,,,,,,,,,,,,,,,,,,,,,,,,10.36,,,,,,,,10,,,,Officialpublisheracceptedmanuscriptaccepted2017-06-30;finalVORnotreviewed,,OwnTable1p32/preparationp8/washmethodp10/TGp17-18,,,,,,,,,,,,40,,,A plant-based reactive ammonium phytate for use as a flame-retardant for cotton fabric,,https://doi.org/10.1016/j.carbpol.2017.06.129,AlloneofficialDOCXtext/TableS1reviewed;sevenembeddedimagesunviewedunused;ownpublisherPII/sixmatchingSIcaptions/synthesisAPA/thisstudyLOI43.2identity;SInotitleauthorsnotclaimed,https://ars.els-cdn.com/content/image/1-s2.0-S014486171730766X-mmc1.docx,,Initial source formulation,,After40nativereportedLCs;40C45minAATCC61-2006onecycle5homeequivalentnotassumedlabcyclecount,
10.1016/j.carbpol.2017.06.129,,OwnTable1PDFp32MS31,22.3,,,,,,,,,,,,,,,,,,,,,,TreatedTGprosePDFp17-18/fig2doesnotidentifywhichAPAconcentrationorwashstate,,,,,,,,,,,Owncotton/Cotton-APA10 reportedLC50,Raw source facts only,2026-10-03,Codex complete primary and official SI text review;one primary reviewer,,Carbohydrate Polymers,,,cotton,"Own pure woven 115 gsm 570x340 cotton fabric, Chaotianmen Chongqing","Own pure woven 115 gsm 570x340 cotton fabric, Chaotianmen Chongqing","Own pure woven 115 gsm 570x340 cotton fabric, Chaotianmen Chongqing",10,50,held_source_facts,,held_LOI_without_own_matching_dose_or_washed_TG,journal_article,Ownpublisherjournalcoverandcompleteprimarytext;notDOIalone,,,,,,,held_outside_verified_target,,Cotton-APA10 reportedLC50,,,,,,,,,,,,,,,,,,,,,,,,,,,,,,,,,,,10.22,,,,,,,,10,,,,Officialpublisheracceptedmanuscriptaccepted2017-06-30;finalVORnotreviewed,,OwnTable1p32/preparationp8/washmethodp10/TGp17-18,,,,,,,,,,,,50,,,A plant-based reactive ammonium phytate for use as a flame-retardant for cotton fabric,,https://doi.org/10.1016/j.carbpol.2017.06.129,AlloneofficialDOCXtext/TableS1reviewed;sevenembeddedimagesunviewedunused;ownpublisherPII/sixmatchingSIcaptions/synthesisAPA/thisstudyLOI43.2identity;SInotitleauthorsnotclaimed,https://ars.els-cdn.com/content/image/1-s2.0-S014486171730766X-mmc1.docx,,Initial source formulation,,After50nativereportedLCs;40C45minAATCC61-2006onecycle5homeequivalentnotassumedlabcyclecount,
10.1016/j.carbpol.2017.06.129,,OwnTable1PDFp32MS31,43.2,,,,,,,,,,,,,,,,,,,,,,TreatedTGprosePDFp17-18/fig2doesnotidentifywhichAPAconcentrationorwashstate,,,,,,,,,,,Owncotton/Cotton-APA20 reportedLC0,Raw source facts only,2026-10-03,Codex complete primary and official SI text review;one primary reviewer,,Carbohydrate Polymers,,,cotton,"Own pure woven 115 gsm 570x340 cotton fabric, Chaotianmen Chongqing","Own pure woven 115 gsm 570x340 cotton fabric, Chaotianmen Chongqing","Own pure woven 115 gsm 570x340 cotton fabric, Chaotianmen Chongqing",20,0,held_source_facts,,held_LOI_without_own_matching_dose_or_washed_TG,journal_article,Ownpublisherjournalcoverandcompleteprimarytext;notDOIalone,,,,,,,held_outside_verified_target,,Cotton-APA20 reportedLC0,,,,,,,,,,,,,,,,,,,,,,,,,,,,,,,,,,,18.75,,,,,,,,20,,,,Officialpublisheracceptedmanuscriptaccepted2017-06-30;finalVORnotreviewed,,OwnTable1p32/preparationp8/washmethodp10/TGp17-18,,,,,,,,,,,,0,,,A plant-based reactive ammonium phytate for use as a flame-retardant for cotton fabric,,https://doi.org/10.1016/j.carbpol.2017.06.129,AlloneofficialDOCXtext/TableS1reviewed;sevenembeddedimagesunviewedunused;ownpublisherPII/sixmatchingSIcaptions/synthesisAPA/thisstudyLOI43.2identity;SInotitleauthorsnotclaimed,https://ars.els-cdn.com/content/image/1-s2.0-S014486171730766X-mmc1.docx,,Initial source formulation,,Initial0durabilitycycles;processrinsingseparate,
10.1016/j.carbpol.2017.06.129,,OwnTable1PDFp32MS31,38.8,,,,,,,,,,,,,,,,,,,,,,TreatedTGprosePDFp17-18/fig2doesnotidentifywhichAPAconcentrationorwashstate,,,,,,,,,,,Owncotton/Cotton-APA20 reportedLC10,Raw source facts only,2026-10-03,Codex complete primary and official SI text review;one primary reviewer,,Carbohydrate Polymers,,,cotton,"Own pure woven 115 gsm 570x340 cotton fabric, Chaotianmen Chongqing","Own pure woven 115 gsm 570x340 cotton fabric, Chaotianmen Chongqing","Own pure woven 115 gsm 570x340 cotton fabric, Chaotianmen Chongqing",20,10,held_source_facts,,held_LOI_without_own_matching_dose_or_washed_TG,journal_article,Ownpublisherjournalcoverandcompleteprimarytext;notDOIalone,,,,,,,held_outside_verified_target,,Cotton-APA20 reportedLC10,,,,,,,,,,,,,,,,,,,,,,,,,,,,,,,,,,,16.26,,,,,,,,20,,,,Officialpublisheracceptedmanuscriptaccepted2017-06-30;finalVORnotreviewed,,OwnTable1p32/preparationp8/washmethodp10/TGp17-18,,,,,,,,,,,,10,,,A plant-based reactive ammonium phytate for use as a flame-retardant for cotton fabric,,https://doi.org/10.1016/j.carbpol.2017.06.129,AlloneofficialDOCXtext/TableS1reviewed;sevenembeddedimagesunviewedunused;ownpublisherPII/sixmatchingSIcaptions/synthesisAPA/thisstudyLOI43.2identity;SInotitleauthorsnotclaimed,https://ars.els-cdn.com/content/image/1-s2.0-S014486171730766X-mmc1.docx,,Initial source formulation,,After10nativereportedLCs;40C45minAATCC61-2006onecycle5homeequivalentnotassumedlabcyclecount,
10.1016/j.carbpol.2017.06.129,,OwnTable1PDFp32MS31,33.5,,,,,,,,,,,,,,,,,,,,,,TreatedTGprosePDFp17-18/fig2doesnotidentifywhichAPAconcentrationorwashstate,,,,,,,,,,,Owncotton/Cotton-APA20 reportedLC20,Raw source facts only,2026-10-03,Codex complete primary and official SI text review;one primary reviewer,,Carbohydrate Polymers,,,cotton,"Own pure woven 115 gsm 570x340 cotton fabric, Chaotianmen Chongqing","Own pure woven 115 gsm 570x340 cotton fabric, Chaotianmen Chongqing","Own pure woven 115 gsm 570x340 cotton fabric, Chaotianmen Chongqing",20,20,held_source_facts,,held_LOI_without_own_matching_dose_or_washed_TG,journal_article,Ownpublisherjournalcoverandcompleteprimarytext;notDOIalone,,,,,,,held_outside_verified_target,,Cotton-APA20 reportedLC20,,,,,,,,,,,,,,,,,,,,,,,,,,,,,,,,,,,15.56,,,,,,,,20,,,,Officialpublisheracceptedmanuscriptaccepted2017-06-30;finalVORnotreviewed,,OwnTable1p32/preparationp8/washmethodp10/TGp17-18,,,,,,,,,,,,20,,,A plant-based reactive ammonium phytate for use as a flame-retardant for cotton fabric,,https://doi.org/10.1016/j.carbpol.2017.06.129,AlloneofficialDOCXtext/TableS1reviewed;sevenembeddedimagesunviewedunused;ownpublisherPII/sixmatchingSIcaptions/synthesisAPA/thisstudyLOI43.2identity;SInotitleauthorsnotclaimed,https://ars.els-cdn.com/content/image/1-s2.0-S014486171730766X-mmc1.docx,,Initial source formulation,,After20nativereportedLCs;40C45minAATCC61-2006onecycle5homeequivalentnotassumedlabcyclecount,
10.1016/j.carbpol.2017.06.129,,OwnTable1PDFp32MS31,30.5,,,,,,,,,,,,,,,,,,,,,,TreatedTGprosePDFp17-18/fig2doesnotidentifywhichAPAconcentrationorwashstate,,,,,,,,,,,Owncotton/Cotton-APA20 reportedLC30,Raw source facts only,2026-10-03,Codex complete primary and official SI text review;one primary reviewer,,Carbohydrate Polymers,,,cotton,"Own pure woven 115 gsm 570x340 cotton fabric, Chaotianmen Chongqing","Own pure woven 115 gsm 570x340 cotton fabric, Chaotianmen Chongqing","Own pure woven 115 gsm 570x340 cotton fabric, Chaotianmen Chongqing",20,30,held_source_facts,,held_LOI_without_own_matching_dose_or_washed_TG,journal_article,Ownpublisherjournalcoverandcompleteprimarytext;notDOIalone,,,,,,,held_outside_verified_target,,Cotton-APA20 reportedLC30,,,,,,,,,,,,,,,,,,,,,,,,,,,,,,,,,,,15.14,,,,,,,,20,,,,Officialpublisheracceptedmanuscriptaccepted2017-06-30;finalVORnotreviewed,,OwnTable1p32/preparationp8/washmethodp10/TGp17-18,,,,,,,,,,,,30,,,A plant-based reactive ammonium phytate for use as a flame-retardant for cotton fabric,,https://doi.org/10.1016/j.carbpol.2017.06.129,AlloneofficialDOCXtext/TableS1reviewed;sevenembeddedimagesunviewedunused;ownpublisherPII/sixmatchingSIcaptions/synthesisAPA/thisstudyLOI43.2identity;SInotitleauthorsnotclaimed,https://ars.els-cdn.com/content/image/1-s2.0-S014486171730766X-mmc1.docx,,Initial source formulation,,After30nativereportedLCs;40C45minAATCC61-2006onecycle5homeequivalentnotassumedlabcyclecount,
10.1016/j.carbpol.2017.06.129,,OwnTable1PDFp32MS31,28.1,,,,,,,,,,,,,,,,,,,,,,TreatedTGprosePDFp17-18/fig2doesnotidentifywhichAPAconcentrationorwashstate,,,,,,,,,,,Owncotton/Cotton-APA20 reportedLC40,Raw source facts only,2026-10-03,Codex complete primary and official SI text review;one primary reviewer,,Carbohydrate Polymers,,,cotton,"Own pure woven 115 gsm 570x340 cotton fabric, Chaotianmen Chongqing","Own pure woven 115 gsm 570x340 cotton fabric, Chaotianmen Chongqing","Own pure woven 115 gsm 570x340 cotton fabric, Chaotianmen Chongqing",20,40,held_source_facts,,held_LOI_without_own_matching_dose_or_washed_TG,journal_article,Ownpublisherjournalcoverandcompleteprimarytext;notDOIalone,,,,,,,held_outside_verified_target,,Cotton-APA20 reportedLC40,,,,,,,,,,,,,,,,,,,,,,,,,,,,,,,,,,,14.88,,,,,,,,20,,,,Officialpublisheracceptedmanuscriptaccepted2017-06-30;finalVORnotreviewed,,OwnTable1p32/preparationp8/washmethodp10/TGp17-18,,,,,,,,,,,,40,,,A plant-based reactive ammonium phytate for use as a flame-retardant for cotton fabric,,https://doi.org/10.1016/j.carbpol.2017.06.129,AlloneofficialDOCXtext/TableS1reviewed;sevenembeddedimagesunviewedunused;ownpublisherPII/sixmatchingSIcaptions/synthesisAPA/thisstudyLOI43.2identity;SInotitleauthorsnotclaimed,https://ars.els-cdn.com/content/image/1-s2.0-S014486171730766X-mmc1.docx,,Initial source formulation,,After40nativereportedLCs;40C45minAATCC61-2006onecycle5homeequivalentnotassumedlabcyclecount,
10.1016/j.carbpol.2017.06.129,,OwnTable1PDFp32MS31,24.7,,,,,,,,,,,,,,,,,,,,,,TreatedTGprosePDFp17-18/fig2doesnotidentifywhichAPAconcentrationorwashstate,,,,,,,,,,,Owncotton/Cotton-APA20 reportedLC50,Raw source facts only,2026-10-03,Codex complete primary and official SI text review;one primary reviewer,,Carbohydrate Polymers,,,cotton,"Own pure woven 115 gsm 570x340 cotton fabric, Chaotianmen Chongqing","Own pure woven 115 gsm 570x340 cotton fabric, Chaotianmen Chongqing","Own pure woven 115 gsm 570x340 cotton fabric, Chaotianmen Chongqing",20,50,held_source_facts,,held_LOI_without_own_matching_dose_or_washed_TG,journal_article,Ownpublisherjournalcoverandcompleteprimarytext;notDOIalone,,,,,,,held_outside_verified_target,,Cotton-APA20 reportedLC50,,,,,,,,,,,,,,,,,,,,,,,,,,,,,,,,,,,14.12,,,,,,,,20,,,,Officialpublisheracceptedmanuscriptaccepted2017-06-30;finalVORnotreviewed,,OwnTable1p32/preparationp8/washmethodp10/TGp17-18,,,,,,,,,,,,50,,,A plant-based reactive ammonium phytate for use as a flame-retardant for cotton fabric,,https://doi.org/10.1016/j.carbpol.2017.06.129,AlloneofficialDOCXtext/TableS1reviewed;sevenembeddedimagesunviewedunused;ownpublisherPII/sixmatchingSIcaptions/synthesisAPA/thisstudyLOI43.2identity;SInotitleauthorsnotclaimed,https://ars.els-cdn.com/content/image/1-s2.0-S014486171730766X-mmc1.docx,,Initial source formulation,,After50nativereportedLCs;40C45minAATCC61-2006onecycle5homeequivalentnotassumedlabcyclecount,
10.1016/j.carbpol.2017.06.129,,NoLOIassignedtospecificTGrecipe/state,,,,,,,,,,,,,,,,,,,,,,,OwnthermalprosePDFp17-18/Figure2p29,,,,,,,N2,,,,OwnAPA-treatedcotton;dose/stateunknown,Raw source facts only,2026-10-03,Codex complete primary and official SI text review;one primary reviewer,,Carbohydrate Polymers,,,cotton,"Own pure woven 115 gsm 570x340 cotton fabric, Chaotianmen Chongqing","Own pure woven 115 gsm 570x340 cotton fabric, Chaotianmen Chongqing","Own pure woven 115 gsm 570x340 cotton fabric, Chaotianmen Chongqing",,,held_source_facts,,held_TG_without_unambiguous_recipe_state_LOI,journal_article,Ownpublisherjournalcoverandcompleteprimarytext;notDOIalone,,,,,,,held_outside_verified_target,,Cotton-APA treated dose and wash unspecified,,,,,,,,,,,,,,,,,,,,,,,,,,,,,,,,,,,,,,,,,,,,,,,Officialpublisheracceptedmanuscriptaccepted2017-06-30;finalVORnotreviewed,,OwnthermalprosePDFp17-18,,,,,,,,,,"{""T10_C"":257,""R550_pct"":42.46,""approx_peak_C"":298}",,,,,A plant-based reactive ammonium phytate for use as a flame-retardant for cotton fabric,,https://doi.org/10.1016/j.carbpol.2017.06.129,AlloneofficialDOCXtext/TableS1reviewed;sevenembeddedimagesunviewedunused;ownpublisherPII/sixmatchingSIcaptions/synthesisAPA/thisstudyLOI43.2identity;SInotitleauthorsnotclaimed,https://ars.els-cdn.com/content/image/1-s2.0-S014486171730766X-mmc1.docx,,Initial source formulation,,Initial0durabilitycycles;processrinsingseparate,
10.1016/j.carbpol.2017.06.129,,NoLOIassignedtospecificTGrecipe/state,,,,,,,,,,,,,,,,,,,,,,,OwnthermalprosePDFp17-18/Figure2p29,,,,,,,air,,,,OwnAPA-treatedcotton;dose/stateunknown,Raw source facts only,2026-10-03,Codex complete primary and official SI text review;one primary reviewer,,Carbohydrate Polymers,,,cotton,"Own pure woven 115 gsm 570x340 cotton fabric, Chaotianmen Chongqing","Own pure woven 115 gsm 570x340 cotton fabric, Chaotianmen Chongqing","Own pure woven 115 gsm 570x340 cotton fabric, Chaotianmen Chongqing",,,held_source_facts,,held_TG_without_unambiguous_recipe_state_LOI,journal_article,Ownpublisherjournalcoverandcompleteprimarytext;notDOIalone,,,,,,,held_outside_verified_target,,Cotton-APA treated dose and wash unspecified,,,,,,,,,,,,,,,,,,,,,,,,,,,,,,,,,,,,,,,,,,,,,,,Officialpublisheracceptedmanuscriptaccepted2017-06-30;finalVORnotreviewed,,OwnthermalprosePDFp17-18,,,,,,,,,,"{""undefined_decomp_C"":266}",,,,,A plant-based reactive ammonium phytate for use as a flame-retardant for cotton fabric,,https://doi.org/10.1016/j.carbpol.2017.06.129,AlloneofficialDOCXtext/TableS1reviewed;sevenembeddedimagesunviewedunused;ownpublisherPII/sixmatchingSIcaptions/synthesisAPA/thisstudyLOI43.2identity;SInotitleauthorsnotclaimed,https://ars.els-cdn.com/content/image/1-s2.0-S014486171730766X-mmc1.docx,,Initial source formulation,,Initial0durabilitycycles;processrinsingseparate,
10.1007/s12221-019-9071-0,HC-2,OwnTable3PDFp6printed1799;SIoptimalrecipeproseS4-S5;methodPDFp2printed1795,18.4,GB/T5454-1997,,,,,,,,,4.6,,,,,,,,,,ZCT-A,700,OwnTable2PDFp5printed1798;methodPDFp2printed1795,25,370.3,,,,321.7,N2,,4.6,700,Own4wtNaOHscouredplaincottoncontrol,TG+LOI,2026-10-03,Codex complete primary and official SI text review;one primary reviewer,10,Fibers and Polymers,Nativebathwt%labels10.7/5.7/3.5notmeasuredfabricdryaddon;gL/nativewt%basisunreported. CottonnativeTon-setcriterionnotrestated;notautomaticT5. TGpanflowandLOIrepsunreported. PrimaryIRcaptionS1vsactualSIIRFigureS4conflict;Table4titleverticalLOIbutactualMCCnotTG. SIonlyexplicitprosevaluesused;all8SIfiguresunviewedunused.,,cotton,"Own pure plain woven 184 gsm cotton fabric, Taiyuan Chunguang","Own pure plain woven 184 gsm cotton fabric, Taiyuan Chunguang","Own pure plain woven 184 gsm cotton fabric, Taiyuan Chunguang",,,tabulated,Ownsameinitialplainwoven184gsmcottoncontrolandNiS100/urea50/boric30gLoptimalgroupsTable2p5TGandTable3p6LOI18.4/29.2;officialSIexacttitle/authorsandoptimalproseS4-S5confirmrecipe. ZCT-AN210Cmin25-7005-10mg;R700temperatureexplicit. NativecottonTon-setretainednotassumedT5frompureadditiveTable1. NoMCCheatTmax358.1/330.2orfreeNiSmetricsborrowed;nodurabilitywashreported. Ninecompleteprimarytextpagesandall10officialSItextpages/captionsreviewed;8SIfiguresunviewedunused.,verified_exact,journal_article,Ownpublisherjournalcoverandcompleteprimarytext;notDOIalone,,,,,4.6,700,source_review_approved,bd85f20d8b4795bacad87f5e2be694c4c96501c78447ce1e9bfd27dcedc84b8f,Cotton-Control initial,,,,,,,,,150x58mm;repeatsunreported,,,,,,,,,,,5-10,,,,,Unreported,,,,,,,,NativeTable2cottonTon-setcriterionnotrestated;pureNiSTable1uses5percentbutnotautomaticallyappliedtocotton,,,,,,,,,,,,,,Ownpublisherjournal2019vol20p1794-1802,,OwnmaterialsPDFp1/preparationp2/TGTable2p5/LOITable3p6;SIoptimalproseS4-S5,,,,,,,,,,,,,,,Novel P/N/Si/S-containing Mononickel Complex as a Metal-based Intumescent Flame Retardant for Cotton Fabrics,,https://doi.org/10.1007/s12221-019-9071-0,Allofficial10PDFtextpages/prose/captionsreviewed;8SIfiguresunviewedunused;exacttitle/authors/publisherESMlinkmatched;noSIcurveestimates,https://media.springernature.com/original/springer-static/esm/art%3A10.1007%2Fs12221-019-9071-0/MediaObjects/12221_2019_9071_MOESM1_ESM.pdf,Own4wtNaOHscour3DIrinsesnaturaldry,Initial source formulation,,Initial0durabilitycycles;processrinsingseparate,2019
10.1007/s12221-019-9071-0,HC-2,OwnTable3PDFp6printed1799;SIoptimalrecipeproseS4-S5;methodPDFp2printed1795,29.2,GB/T5454-1997,,,,,,,,,31.3,,,,,,,,,,ZCT-A,700,OwnTable2PDFp5printed1798;methodPDFp2printed1795,25,344.2,,,,238.5,N2,,31.3,700,Owncotton/NiS100gL/urea50gL/boricacid30gL;nativebathwt%10.7/5.7/3.5notdryfabricaddon,TG+LOI,2026-10-03,Codex complete primary and official SI text review;one primary reviewer,10,Fibers and Polymers,Nativebathwt%labels10.7/5.7/3.5notmeasuredfabricdryaddon;gL/nativewt%basisunreported. CottonnativeTon-setcriterionnotrestated;notautomaticT5. TGpanflowandLOIrepsunreported. PrimaryIRcaptionS1vsactualSIIRFigureS4conflict;Table4titleverticalLOIbutactualMCCnotTG. SIonlyexplicitprosevaluesused;all8SIfiguresunviewedunused.,,cotton,"Own pure plain woven 184 gsm cotton fabric, Taiyuan Chunguang","Own pure plain woven 184 gsm cotton fabric, Taiyuan Chunguang","Own pure plain woven 184 gsm cotton fabric, Taiyuan Chunguang",,,tabulated,Ownsameinitialplainwoven184gsmcottoncontrolandNiS100/urea50/boric30gLoptimalgroupsTable2p5TGandTable3p6LOI18.4/29.2;officialSIexacttitle/authorsandoptimalproseS4-S5confirmrecipe. ZCT-AN210Cmin25-7005-10mg;R700temperatureexplicit. NativecottonTon-setretainednotassumedT5frompureadditiveTable1. NoMCCheatTmax358.1/330.2orfreeNiSmetricsborrowed;nodurabilitywashreported. Ninecompleteprimarytextpagesandall10officialSItextpages/captionsreviewed;8SIfiguresunviewedunused.,verified_exact,journal_article,Ownpublisherjournalcoverandcompleteprimarytext;notDOIalone,,,,,31.3,700,source_review_approved,7f8acebf68fc7a1bc59a9a52d20e92b67d008179ef4bcb5db16240179092d4b1,Cotton-NiS100-Urea50-Boric30 initial,,,,,,,,,150x58mm;repeatsunreported,,,,,,,,,,,5-10,,,,,Unreported,,,,,,,,NativeTable2cottonTon-setcriterionnotrestated;pureNiSTable1uses5percentbutnotautomaticallyappliedtocotton,,,,,,,,100,30,,NiS10.7/urea5.7/boric3.5;nativeequivalencetogLbasisunreported,,50,Ownpublisherjournal2019vol20p1794-1802,,OwnmaterialsPDFp1/preparationp2/TGTable2p5/LOITable3p6;SIoptimalproseS4-S5,,,,,,,,,,,,,,,Novel P/N/Si/S-containing Mononickel Complex as a Metal-based Intumescent Flame Retardant for Cotton Fabrics,,https://doi.org/10.1007/s12221-019-9071-0,Allofficial10PDFtextpages/prose/captionsreviewed;8SIfiguresunviewedunused;exacttitle/authors/publisherESMlinkmatched;noSIcurveestimates,https://media.springernature.com/original/springer-static/esm/art%3A10.1007%2Fs12221-019-9071-0/MediaObjects/12221_2019_9071_MOESM1_ESM.pdf,4wtNaOHscour3DIrinsesnaturaldry;EtOH:H2O4:1bath40C1h2dip2nip70-80percentwetpickup80C5mindry160C3mincure,Initial source formulation,,Initial0durabilitycycles;processrinsingseparate,2019
10.1007/s12221-019-9071-0,,OwnofficialSIexplicitproseSIp3/S3,21.6,,,40,4.6,,,,,,,,,,,,,,,,,,NoTGforthisnonoptimalrecipe;optimalgroupTable2notborrowed,,,,,,,,,,,Owncotton/Cotton-NiS40-noCatalyst initial,Raw source facts only,2026-10-03,Codex complete primary and official SI text review;one primary reviewer,,Fibers and Polymers,,SIp3/S3,cotton,"Own pure plain woven 184 gsm cotton fabric, Taiyuan Chunguang","Own pure plain woven 184 gsm cotton fabric, Taiyuan Chunguang","Own pure plain woven 184 gsm cotton fabric, Taiyuan Chunguang",,,held_source_facts,,held_LOI_without_own_matching_dose_or_catalyst_TG,journal_article,Ownpublisherjournalcoverandcompleteprimarytext;notDOIalone,,,,,,,held_outside_verified_target,,Cotton-NiS40-noCatalyst initial,,,,,,,,,,,,,,,,,,,,,,,,,,,,,,,,,,,,,,,,,,,,,,,Ownpublisherjournal2019vol20p1794-1802,,SIp3/S3,,,,,,,,,,,,,,,Novel P/N/Si/S-containing Mononickel Complex as a Metal-based Intumescent Flame Retardant for Cotton Fabrics,,https://doi.org/10.1007/s12221-019-9071-0,Allofficial10PDFtextpages/prose/captionsreviewed;8SIfiguresunviewedunused;exacttitle/authors/publisherESMlinkmatched;noSIcurveestimates,https://media.springernature.com/original/springer-static/esm/art%3A10.1007%2Fs12221-019-9071-0/MediaObjects/12221_2019_9071_MOESM1_ESM.pdf,,Initial source formulation,,Initial0durabilitycycles;processrinsingseparate,2019
10.1007/s12221-019-9071-0,,OwnofficialSIexplicitproseSIp3/S3,22.4,,,100,10.7,,,,,,,,,,,,,,,,,,NoTGforthisnonoptimalrecipe;optimalgroupTable2notborrowed,,,,,,,,,,,Owncotton/Cotton-NiS100-noCatalyst initial,Raw source facts only,2026-10-03,Codex complete primary and official SI text review;one primary reviewer,,Fibers and Polymers,,SIp3/S3,cotton,"Own pure plain woven 184 gsm cotton fabric, Taiyuan Chunguang","Own pure plain woven 184 gsm cotton fabric, Taiyuan Chunguang","Own pure plain woven 184 gsm cotton fabric, Taiyuan Chunguang",,,held_source_facts,,held_LOI_without_own_matching_dose_or_catalyst_TG,journal_article,Ownpublisherjournalcoverandcompleteprimarytext;notDOIalone,,,,,,,held_outside_verified_target,,Cotton-NiS100-noCatalyst initial,,,,,,,,,,,,,,,,,,,,,,,,,,,,,,,,,,,,,,,,,,,,,,,Ownpublisherjournal2019vol20p1794-1802,,SIp3/S3,,,,,,,,,,,,,,,Novel P/N/Si/S-containing Mononickel Complex as a Metal-based Intumescent Flame Retardant for Cotton Fabrics,,https://doi.org/10.1007/s12221-019-9071-0,Allofficial10PDFtextpages/prose/captionsreviewed;8SIfiguresunviewedunused;exacttitle/authors/publisherESMlinkmatched;noSIcurveestimates,https://media.springernature.com/original/springer-static/esm/art%3A10.1007%2Fs12221-019-9071-0/MediaObjects/12221_2019_9071_MOESM1_ESM.pdf,,Initial source formulation,,Initial0durabilitycycles;processrinsingseparate,2019
10.1007/s12221-019-9071-0,,OwnofficialSIexplicitproseSIp4/S4,26.3,,,100,,,,,,,,,,,,,,,,,,,NoTGforthisnonoptimalrecipe;optimalgroupTable2notborrowed,,,,,,,,30,,,Owncotton/Cotton-NiS100-Urea20-Boric30 initial,Raw source facts only,2026-10-03,Codex complete primary and official SI text review;one primary reviewer,,Fibers and Polymers,,SIp4/S4,cotton,"Own pure plain woven 184 gsm cotton fabric, Taiyuan Chunguang","Own pure plain woven 184 gsm cotton fabric, Taiyuan Chunguang","Own pure plain woven 184 gsm cotton fabric, Taiyuan Chunguang",,,held_source_facts,,held_LOI_without_own_matching_dose_or_catalyst_TG,journal_article,Ownpublisherjournalcoverandcompleteprimarytext;notDOIalone,,,,,,,held_outside_verified_target,,Cotton-NiS100-Urea20-Boric30 initial,,,,,,,,,,,,,,,,,,,,,,,,,,,,,,,,,,,,,,,,,,,,,,,Ownpublisherjournal2019vol20p1794-1802,,SIp4/S4,,,,,,,,,,,,,,,Novel P/N/Si/S-containing Mononickel Complex as a Metal-based Intumescent Flame Retardant for Cotton Fabrics,,https://doi.org/10.1007/s12221-019-9071-0,Allofficial10PDFtextpages/prose/captionsreviewed;8SIfiguresunviewedunused;exacttitle/authors/publisherESMlinkmatched;noSIcurveestimates,https://media.springernature.com/original/springer-static/esm/art%3A10.1007%2Fs12221-019-9071-0/MediaObjects/12221_2019_9071_MOESM1_ESM.pdf,,Initial source formulation,20,Initial0durabilitycycles;processrinsingseparate,2019
10.1007/s12221-019-9071-0,,OwnofficialSIexplicitproseSIp5/S5,30.5,,,100,,,,,,,,,,,,,,,,,,,NoTGforthisnonoptimalrecipe;optimalgroupTable2notborrowed,,,,,,,,60,,,Owncotton/Cotton-NiS100-Urea50-Boric60 initial,Raw source facts only,2026-10-03,Codex complete primary and official SI text review;one primary reviewer,,Fibers and Polymers,,SIp5/S5,cotton,"Own pure plain woven 184 gsm cotton fabric, Taiyuan Chunguang","Own pure plain woven 184 gsm cotton fabric, Taiyuan Chunguang","Own pure plain woven 184 gsm cotton fabric, Taiyuan Chunguang",,,held_source_facts,,held_LOI_without_own_matching_dose_or_catalyst_TG,journal_article,Ownpublisherjournalcoverandcompleteprimarytext;notDOIalone,,,,,,,held_outside_verified_target,,Cotton-NiS100-Urea50-Boric60 initial,,,,,,,,,,,,,,,,,,,,,,,,,,,,,,,,,,,,,,,,,,,,,,,Ownpublisherjournal2019vol20p1794-1802,,SIp5/S5,,,,,,,,,,,,,,,Novel P/N/Si/S-containing Mononickel Complex as a Metal-based Intumescent Flame Retardant for Cotton Fabrics,,https://doi.org/10.1007/s12221-019-9071-0,Allofficial10PDFtextpages/prose/captionsreviewed;8SIfiguresunviewedunused;exacttitle/authors/publisherESMlinkmatched;noSIcurveestimates,https://media.springernature.com/original/springer-static/esm/art%3A10.1007%2Fs12221-019-9071-0/MediaObjects/12221_2019_9071_MOESM1_ESM.pdf,,Initial source formulation,50,Initial0durabilitycycles;processrinsingseparate,2019
10.1007/s12221-019-9071-0,,NoownneatNiSLOI,,,,,,,,,,,,,,,,,,,,,,,OwnTable1PDFp4printed1797,,,,,,,N2,,,,PurePNSiSmononickelcomplexNiS,Raw source facts only,2026-10-03,Codex complete primary and official SI text review;one primary reviewer,,Fibers and Polymers,,,cotton,NeatNiSpowder;notfabric,NoownLOI,NeatNiSpowder;notfabric,,,held_source_facts,,held_neat_additive_TG_without_own_LOI_or_textile_form,journal_article,Ownpublisherjournalcoverandcompleteprimarytext;notDOIalone,,,,,,,held_outside_verified_target,,NeatNiS,,,,,,,,,,,,,,,,,,,,,,,,,,,,,,,,,,,,,,,,,,,,,,,Ownpublisherjournal2019vol20p1794-1802,,OwnTable1PDFp4,,,,,,,,,,T5_native175.2;DTGmax176.3/254.3/389.4;R70027.8,,,,,Novel P/N/Si/S-containing Mononickel Complex as a Metal-based Intumescent Flame Retardant for Cotton Fabrics,,https://doi.org/10.1007/s12221-019-9071-0,Allofficial10PDFtextpages/prose/captionsreviewed;8SIfiguresunviewedunused;exacttitle/authors/publisherESMlinkmatched;noSIcurveestimates,https://media.springernature.com/original/springer-static/esm/art%3A10.1007%2Fs12221-019-9071-0/MediaObjects/12221_2019_9071_MOESM1_ESM.pdf,,Initial source formulation,,Initial0durabilitycycles;processrinsingseparate,2019
10.1016/j.polymdegradstab.2020.109158,"HC-2,JiangningAnalysisInstrumentChina",OwnTable4PDFp7;methodPDFp4,19.5,ASTMD2863,,,,,,,,,,,3.9,,,,,,373,,"Q5000IR,TAInstruments",,OwnTable3PDFp6;Fig3PDFp6;methodPDFp4,,464,589,,,,air,,3.9,800,OwnPA66uncoatedcontrol,TG+LOI,2026-10-03,Codex full primary text and exact table review;one primary reviewer,20,Polymer Degradation and Stability,"MainTGmass/pan/flow/start/endunreported;R800notinferredprogramend. LOIstandardversion/repeatsunreported. BathDOPA100/200gLreportedw/v;prose10/20wtpercentbasisconflictretained,notfinalfabricfraction. Addonplusminusbasisundefined;Table3R800parenthesesSDof3measurements,notLOIoraddonSD. UVfixedtimeanddoseunreported;notborrowedfromreference27. Initialpreparationwashingseparatefromdurabilitycycles;10W/20WareDOPAcontentlabels. SIunread;allacceptednumbersfromownprimaryTables3/4;noimagesused.",,polyamide,"Own 100% PA66 plain woven fabric,100gsm,40s yarn,120x60 EPIxPPI,JiaxingWeavingIndustry;millscouredbleached","Own 100% PA66 plain woven fabric,100gsm,40s yarn,120x60 EPIxPPI,JiaxingWeavingIndustry;millscouredbleached","Own 100% PA66 plain woven fabric,100gsm,40s yarn,120x60 EPIxPPI,JiaxingWeavingIndustry;millscouredbleached",,,tabulated,"OwnTables1/3/4samefiveinitialPA66wovenfabricformulations;DOPA100/200gLwithandwithoutCS20gLUVgraft. TGQ5000IR20C/minN2/AIRnotcoupledTG-GC-MS10C/min. Native5percentloss/chronologicalDTGpeaks/R800andownLOImapexactnamedfinishedgroups. Processwashesareinitialpreparation,notTable5durabilitywashedcone. Repeatedgasconditions/peaksnotextraindependentstates. All11primarytextpagesreviewed;SIunreadlimitationexplicit;noSIorimagevalueused.",verified_exact,journal_article,Own primary cover DOI/title/authors/journal176(2020)109158 and full11textpages,,,,,3.9,800,source_review_approved,bd0d1e3cd5ece5356127e8b49208c99b41b997881ff9cda1d07b5f34b8444633,PA66-Control,,,,,,,,150x58,,Unreported,,Unreported;do not borrow TG SDof3 or add-on plusminus,,0.2,3,OwnTable3PDFp6footnotea:standarddeviationofthreemeasurements;appliestoR800parenthesesonly,OwnTable3temperatureatspecific5percentweightloss;notT10/Tonset,,,,,,Unreported;TG-GC-MS10C/minRT-800N2isaseparatemethod,,,,OwnTable3nativeTmax->canonicalTmax1;nativeTmax1AIR->canonicalTmax2;nativeTmax2AIR->canonicalTmax3;N2onlynativeTmaxreported,,,,Nativewater/adsorbedmoisturefirstmasslossnotannotatedTable3decompositionpeak,,,,,OwnTable1PDFp3;(W1-W)/Wcontrolbaseline;controldashnotzero;CS/DOPAtotaladdonnotseparated,,,Nativeplusminusquantitybasisunreported;notassumedSD,,,,,,,,"Own complete publisher version of record,volume176article109158,2020",,Ownmaterials/processPDFp2;Table1PDFp3;methodsPDFp4;Table3PDFp6;Table4PDFp7,,,,,,,,,,,,,,,Application of Chitosan and DOPO derivatives in fire protection of polyamide 66 textiles: Towards a combined gas phase and condensed phase activity,,https://doi.org/10.1016/j.polymdegradstab.2020.109158,AppendixA primaryPDFp10 cites SI;unread and no SI values used. Two same-DOI local PDFs have identical SHA256;no same-stem local SI found. Official DOI-linked publisher PII S0141391020300902 verified;landing403;candidate mmc1 DOCX/DOC/PDF addresses404;does not prove SI absent.,,OwnmillscouredbleachedfabricwashedcommercialdetergentandairdryRT,Owninitialfinishedgroup after preparation rinsing/washing,,Owninitial0durabilitycycles;controlcommercialdetergentprewash,2020
10.1016/j.polymdegradstab.2020.109158,"HC-2,JiangningAnalysisInstrumentChina",OwnTable4PDFp7;methodPDFp4,19.5,ASTMD2863,,,,,,,,,,,4.9,,,,,,411,,"Q5000IR,TAInstruments",,OwnTable3PDFp6;Fig3PDFp6;methodPDFp4,,459,,,,,N2,,4.9,800,OwnPA66uncoatedcontrol,TG+LOI,2026-10-03,Codex full primary text and exact table review;one primary reviewer,20,Polymer Degradation and Stability,"MainTGmass/pan/flow/start/endunreported;R800notinferredprogramend. LOIstandardversion/repeatsunreported. BathDOPA100/200gLreportedw/v;prose10/20wtpercentbasisconflictretained,notfinalfabricfraction. Addonplusminusbasisundefined;Table3R800parenthesesSDof3measurements,notLOIoraddonSD. UVfixedtimeanddoseunreported;notborrowedfromreference27. Initialpreparationwashingseparatefromdurabilitycycles;10W/20WareDOPAcontentlabels. SIunread;allacceptednumbersfromownprimaryTables3/4;noimagesused.",,polyamide,"Own 100% PA66 plain woven fabric,100gsm,40s yarn,120x60 EPIxPPI,JiaxingWeavingIndustry;millscouredbleached","Own 100% PA66 plain woven fabric,100gsm,40s yarn,120x60 EPIxPPI,JiaxingWeavingIndustry;millscouredbleached","Own 100% PA66 plain woven fabric,100gsm,40s yarn,120x60 EPIxPPI,JiaxingWeavingIndustry;millscouredbleached",,,tabulated,"OwnTables1/3/4samefiveinitialPA66wovenfabricformulations;DOPA100/200gLwithandwithoutCS20gLUVgraft. TGQ5000IR20C/minN2/AIRnotcoupledTG-GC-MS10C/min. Native5percentloss/chronologicalDTGpeaks/R800andownLOImapexactnamedfinishedgroups. Processwashesareinitialpreparation,notTable5durabilitywashedcone. Repeatedgasconditions/peaksnotextraindependentstates. All11primarytextpagesreviewed;SIunreadlimitationexplicit;noSIorimagevalueused.",verified_exact,journal_article,Own primary cover DOI/title/authors/journal176(2020)109158 and full11textpages,,,,,4.9,800,source_review_approved,3336e17f35bbef72bd4c1418dd62ca0e42ac41f1213f65e48e7cbedd4857bffb,PA66-Control,,,,,,,,150x58,,Unreported,,Unreported;do not borrow TG SDof3 or add-on plusminus,,0.3,3,OwnTable3PDFp6footnotea:standarddeviationofthreemeasurements;appliestoR800parenthesesonly,OwnTable3temperatureatspecific5percentweightloss;notT10/Tonset,,,,,,Unreported;TG-GC-MS10C/minRT-800N2isaseparatemethod,,,,OwnTable3nativeTmax->canonicalTmax1;nativeTmax1AIR->canonicalTmax2;nativeTmax2AIR->canonicalTmax3;N2onlynativeTmaxreported,,,,Nativewater/adsorbedmoisturefirstmasslossnotannotatedTable3decompositionpeak,,,,,OwnTable1PDFp3;(W1-W)/Wcontrolbaseline;controldashnotzero;CS/DOPAtotaladdonnotseparated,,,Nativeplusminusquantitybasisunreported;notassumedSD,,,,,,,,"Own complete publisher version of record,volume176article109158,2020",,Ownmaterials/processPDFp2;Table1PDFp3;methodsPDFp4;Table3PDFp6;Table4PDFp7,,,,,,,,,,,,,,,Application of Chitosan and DOPO derivatives in fire protection of polyamide 66 textiles: Towards a combined gas phase and condensed phase activity,,https://doi.org/10.1016/j.polymdegradstab.2020.109158,AppendixA primaryPDFp10 cites SI;unread and no SI values used. Two same-DOI local PDFs have identical SHA256;no same-stem local SI found. Official DOI-linked publisher PII S0141391020300902 verified;landing403;candidate mmc1 DOCX/DOC/PDF addresses404;does not prove SI absent.,,OwnmillscouredbleachedfabricwashedcommercialdetergentandairdryRT,Owninitialfinishedgroup after preparation rinsing/washing,,Owninitial0durabilitycycles;controlcommercialdetergentprewash,2020
10.1016/j.polymdegradstab.2020.109158,"HC-2,JiangningAnalysisInstrumentChina",OwnTable4PDFp7;methodPDFp4,22.2,ASTMD2863,,,,,,,,,,,5.1,,,,,,359,,"Q5000IR,TAInstruments",,OwnTable3PDFp6;Fig3PDFp6;methodPDFp4,,412,456,591,,,air,,5.1,800,OwnPA66/PA66-D-10W;DOPA100gLbath;noCS;bathnotfinalfabricmassfraction,TG+LOI,2026-10-03,Codex full primary text and exact table review;one primary reviewer,20,Polymer Degradation and Stability,"MainTGmass/pan/flow/start/endunreported;R800notinferredprogramend. LOIstandardversion/repeatsunreported. BathDOPA100/200gLreportedw/v;prose10/20wtpercentbasisconflictretained,notfinalfabricfraction. Addonplusminusbasisundefined;Table3R800parenthesesSDof3measurements,notLOIoraddonSD. UVfixedtimeanddoseunreported;notborrowedfromreference27. Initialpreparationwashingseparatefromdurabilitycycles;10W/20WareDOPAcontentlabels. SIunread;allacceptednumbersfromownprimaryTables3/4;noimagesused.",,polyamide,"Own 100% PA66 plain woven fabric,100gsm,40s yarn,120x60 EPIxPPI,JiaxingWeavingIndustry;millscouredbleached","Own 100% PA66 plain woven fabric,100gsm,40s yarn,120x60 EPIxPPI,JiaxingWeavingIndustry;millscouredbleached","Own 100% PA66 plain woven fabric,100gsm,40s yarn,120x60 EPIxPPI,JiaxingWeavingIndustry;millscouredbleached",,,tabulated,"OwnTables1/3/4samefiveinitialPA66wovenfabricformulations;DOPA100/200gLwithandwithoutCS20gLUVgraft. TGQ5000IR20C/minN2/AIRnotcoupledTG-GC-MS10C/min. Native5percentloss/chronologicalDTGpeaks/R800andownLOImapexactnamedfinishedgroups. Processwashesareinitialpreparation,notTable5durabilitywashedcone. Repeatedgasconditions/peaksnotextraindependentstates. All11primarytextpagesreviewed;SIunreadlimitationexplicit;noSIorimagevalueused.",verified_exact,journal_article,Own primary cover DOI/title/authors/journal176(2020)109158 and full11textpages,,,,,5.1,800,source_review_approved,a86b74abd3d6124edac4fbaedeb3280cd6ac784f0ab2d74a2e42885dff6b0e76,PA66-D-10W,,100,,,,,,150x58,,Unreported,,Unreported;do not borrow TG SDof3 or add-on plusminus,,0.4,3,OwnTable3PDFp6footnotea:standarddeviationofthreemeasurements;appliestoR800parenthesesonly,OwnTable3temperatureatspecific5percentweightloss;notT10/Tonset,,,,,,Unreported;TG-GC-MS10C/minRT-800N2isaseparatemethod,,,,OwnTable3nativeTmax->canonicalTmax1;nativeTmax1AIR->canonicalTmax2;nativeTmax2AIR->canonicalTmax3;N2onlynativeTmaxreported,,,,Nativewater/adsorbedmoisturefirstmasslossnotannotatedTable3decompositionpeak,,,,,OwnTable1PDFp3;(W1-W)/Wcontrolbaseline;controldashnotzero;CS/DOPAtotaladdonnotseparated,8.6,0.87,Nativeplusminusquantitybasisunreported;notassumedSD,,,,,,,,"Own complete publisher version of record,volume176article109158,2020",,Ownmaterials/processPDFp2;Table1PDFp3;methodsPDFp4;Table3PDFp6;Table4PDFp7,,,,,,,,,,,,,,,Application of Chitosan and DOPO derivatives in fire protection of polyamide 66 textiles: Towards a combined gas phase and condensed phase activity,,https://doi.org/10.1016/j.polymdegradstab.2020.109158,AppendixA primaryPDFp10 cites SI;unread and no SI values used. Two same-DOI local PDFs have identical SHA256;no same-stem local SI found. Official DOI-linked publisher PII S0141391020300902 verified;landing403;candidate mmc1 DOCX/DOC/PDF addresses404;does not prove SI absent.,,OwnDOPAaqEtOHwater4:1;100gL;double-dip-double-nip0.2MPaabout100percentwetpickup;pinoriginaldimensions100C30mindry130C5mincure;DIrinsehot/coldwaterprocesswashovendry,Owninitialfinishedgroup after preparation rinsing/washing,,Owninitial0durabilitycycles;DOPAwaterwashesarepreparation,2020
10.1016/j.polymdegradstab.2020.109158,"HC-2,JiangningAnalysisInstrumentChina",OwnTable4PDFp7;methodPDFp4,22.2,ASTMD2863,,,,,,,,,,,5.9,,,,,,368,,"Q5000IR,TAInstruments",,OwnTable3PDFp6;Fig3PDFp6;methodPDFp4,,412,,,,,N2,,5.9,800,OwnPA66/PA66-D-10W;DOPA100gLbath;noCS;bathnotfinalfabricmassfraction,TG+LOI,2026-10-03,Codex full primary text and exact table review;one primary reviewer,20,Polymer Degradation and Stability,"MainTGmass/pan/flow/start/endunreported;R800notinferredprogramend. LOIstandardversion/repeatsunreported. BathDOPA100/200gLreportedw/v;prose10/20wtpercentbasisconflictretained,notfinalfabricfraction. Addonplusminusbasisundefined;Table3R800parenthesesSDof3measurements,notLOIoraddonSD. UVfixedtimeanddoseunreported;notborrowedfromreference27. Initialpreparationwashingseparatefromdurabilitycycles;10W/20WareDOPAcontentlabels. SIunread;allacceptednumbersfromownprimaryTables3/4;noimagesused.",,polyamide,"Own 100% PA66 plain woven fabric,100gsm,40s yarn,120x60 EPIxPPI,JiaxingWeavingIndustry;millscouredbleached","Own 100% PA66 plain woven fabric,100gsm,40s yarn,120x60 EPIxPPI,JiaxingWeavingIndustry;millscouredbleached","Own 100% PA66 plain woven fabric,100gsm,40s yarn,120x60 EPIxPPI,JiaxingWeavingIndustry;millscouredbleached",,,tabulated,"OwnTables1/3/4samefiveinitialPA66wovenfabricformulations;DOPA100/200gLwithandwithoutCS20gLUVgraft. TGQ5000IR20C/minN2/AIRnotcoupledTG-GC-MS10C/min. Native5percentloss/chronologicalDTGpeaks/R800andownLOImapexactnamedfinishedgroups. Processwashesareinitialpreparation,notTable5durabilitywashedcone. Repeatedgasconditions/peaksnotextraindependentstates. All11primarytextpagesreviewed;SIunreadlimitationexplicit;noSIorimagevalueused.",verified_exact,journal_article,Own primary cover DOI/title/authors/journal176(2020)109158 and full11textpages,,,,,5.9,800,source_review_approved,54f64967915aa2dd358603c0929c5227755da22d096b01b116589e77ca54197e,PA66-D-10W,,100,,,,,,150x58,,Unreported,,Unreported;do not borrow TG SDof3 or add-on plusminus,,0.2,3,OwnTable3PDFp6footnotea:standarddeviationofthreemeasurements;appliestoR800parenthesesonly,OwnTable3temperatureatspecific5percentweightloss;notT10/Tonset,,,,,,Unreported;TG-GC-MS10C/minRT-800N2isaseparatemethod,,,,OwnTable3nativeTmax->canonicalTmax1;nativeTmax1AIR->canonicalTmax2;nativeTmax2AIR->canonicalTmax3;N2onlynativeTmaxreported,,,,Nativewater/adsorbedmoisturefirstmasslossnotannotatedTable3decompositionpeak,,,,,OwnTable1PDFp3;(W1-W)/Wcontrolbaseline;controldashnotzero;CS/DOPAtotaladdonnotseparated,8.6,0.87,Nativeplusminusquantitybasisunreported;notassumedSD,,,,,,,,"Own complete publisher version of record,volume176article109158,2020",,Ownmaterials/processPDFp2;Table1PDFp3;methodsPDFp4;Table3PDFp6;Table4PDFp7,,,,,,,,,,,,,,,Application of Chitosan and DOPO derivatives in fire protection of polyamide 66 textiles: Towards a combined gas phase and condensed phase activity,,https://doi.org/10.1016/j.polymdegradstab.2020.109158,AppendixA primaryPDFp10 cites SI;unread and no SI values used. Two same-DOI local PDFs have identical SHA256;no same-stem local SI found. Official DOI-linked publisher PII S0141391020300902 verified;landing403;candidate mmc1 DOCX/DOC/PDF addresses404;does not prove SI absent.,,OwnDOPAaqEtOHwater4:1;100gL;double-dip-double-nip0.2MPaabout100percentwetpickup;pinoriginaldimensions100C30mindry130C5mincure;DIrinsehot/coldwaterprocesswashovendry,Owninitialfinishedgroup after preparation rinsing/washing,,Owninitial0durabilitycycles;DOPAwaterwashesarepreparation,2020
10.1016/j.polymdegradstab.2020.109158,"HC-2,JiangningAnalysisInstrumentChina",OwnTable4PDFp7;methodPDFp4,23.3,ASTMD2863,,,,,,,,,,,5.0,,,,,,349,,"Q5000IR,TAInstruments",,OwnTable3PDFp6;Fig3PDFp6;methodPDFp4,,400,452,594,,,air,,5.0,800,OwnPA66/PA66-D-20W;DOPA200gLbath;noCS;bathnotfinalfabricmassfraction,TG+LOI,2026-10-03,Codex full primary text and exact table review;one primary reviewer,20,Polymer Degradation and Stability,"MainTGmass/pan/flow/start/endunreported;R800notinferredprogramend. LOIstandardversion/repeatsunreported. BathDOPA100/200gLreportedw/v;prose10/20wtpercentbasisconflictretained,notfinalfabricfraction. Addonplusminusbasisundefined;Table3R800parenthesesSDof3measurements,notLOIoraddonSD. UVfixedtimeanddoseunreported;notborrowedfromreference27. Initialpreparationwashingseparatefromdurabilitycycles;10W/20WareDOPAcontentlabels. SIunread;allacceptednumbersfromownprimaryTables3/4;noimagesused.",,polyamide,"Own 100% PA66 plain woven fabric,100gsm,40s yarn,120x60 EPIxPPI,JiaxingWeavingIndustry;millscouredbleached","Own 100% PA66 plain woven fabric,100gsm,40s yarn,120x60 EPIxPPI,JiaxingWeavingIndustry;millscouredbleached","Own 100% PA66 plain woven fabric,100gsm,40s yarn,120x60 EPIxPPI,JiaxingWeavingIndustry;millscouredbleached",,,tabulated,"OwnTables1/3/4samefiveinitialPA66wovenfabricformulations;DOPA100/200gLwithandwithoutCS20gLUVgraft. TGQ5000IR20C/minN2/AIRnotcoupledTG-GC-MS10C/min. Native5percentloss/chronologicalDTGpeaks/R800andownLOImapexactnamedfinishedgroups. Processwashesareinitialpreparation,notTable5durabilitywashedcone. Repeatedgasconditions/peaksnotextraindependentstates. All11primarytextpagesreviewed;SIunreadlimitationexplicit;noSIorimagevalueused.",verified_exact,journal_article,Own primary cover DOI/title/authors/journal176(2020)109158 and full11textpages,,,,,5.0,800,source_review_approved,4a8bdac5b841ea4686e90ccb5420e396b4c368ece438e93bc51a45f0e4a63a9c,PA66-D-20W,,200,,,,,,150x58,,Unreported,,Unreported;do not borrow TG SDof3 or add-on plusminus,,0.1,3,OwnTable3PDFp6footnotea:standarddeviationofthreemeasurements;appliestoR800parenthesesonly,OwnTable3temperatureatspecific5percentweightloss;notT10/Tonset,,,,,,Unreported;TG-GC-MS10C/minRT-800N2isaseparatemethod,,,,OwnTable3nativeTmax->canonicalTmax1;nativeTmax1AIR->canonicalTmax2;nativeTmax2AIR->canonicalTmax3;N2onlynativeTmaxreported,,,,Nativewater/adsorbedmoisturefirstmasslossnotannotatedTable3decompositionpeak,,,,,OwnTable1PDFp3;(W1-W)/Wcontrolbaseline;controldashnotzero;CS/DOPAtotaladdonnotseparated,14.9,0.56,Nativeplusminusquantitybasisunreported;notassumedSD,,,,,,,,"Own complete publisher version of record,volume176article109158,2020",,Ownmaterials/processPDFp2;Table1PDFp3;methodsPDFp4;Table3PDFp6;Table4PDFp7,,,,,,,,,,,,,,,Application of Chitosan and DOPO derivatives in fire protection of polyamide 66 textiles: Towards a combined gas phase and condensed phase activity,,https://doi.org/10.1016/j.polymdegradstab.2020.109158,AppendixA primaryPDFp10 cites SI;unread and no SI values used. Two same-DOI local PDFs have identical SHA256;no same-stem local SI found. Official DOI-linked publisher PII S0141391020300902 verified;landing403;candidate mmc1 DOCX/DOC/PDF addresses404;does not prove SI absent.,,OwnDOPAaqEtOHwater4:1;200gL;double-dip-double-nip0.2MPaabout100percentwetpickup;pinoriginaldimensions100C30mindry130C5mincure;DIrinsehot/coldwaterprocesswashovendry,Owninitialfinishedgroup after preparation rinsing/washing,,Owninitial0durabilitycycles;DOPAwaterwashesarepreparation,2020
10.1016/j.polymdegradstab.2020.109158,"HC-2,JiangningAnalysisInstrumentChina",OwnTable4PDFp7;methodPDFp4,23.3,ASTMD2863,,,,,,,,,,,5.8,,,,,,355,,"Q5000IR,TAInstruments",,OwnTable3PDFp6;Fig3PDFp6;methodPDFp4,,405,,,,,N2,,5.8,800,OwnPA66/PA66-D-20W;DOPA200gLbath;noCS;bathnotfinalfabricmassfraction,TG+LOI,2026-10-03,Codex full primary text and exact table review;one primary reviewer,20,Polymer Degradation and Stability,"MainTGmass/pan/flow/start/endunreported;R800notinferredprogramend. LOIstandardversion/repeatsunreported. BathDOPA100/200gLreportedw/v;prose10/20wtpercentbasisconflictretained,notfinalfabricfraction. Addonplusminusbasisundefined;Table3R800parenthesesSDof3measurements,notLOIoraddonSD. UVfixedtimeanddoseunreported;notborrowedfromreference27. Initialpreparationwashingseparatefromdurabilitycycles;10W/20WareDOPAcontentlabels. SIunread;allacceptednumbersfromownprimaryTables3/4;noimagesused.",,polyamide,"Own 100% PA66 plain woven fabric,100gsm,40s yarn,120x60 EPIxPPI,JiaxingWeavingIndustry;millscouredbleached","Own 100% PA66 plain woven fabric,100gsm,40s yarn,120x60 EPIxPPI,JiaxingWeavingIndustry;millscouredbleached","Own 100% PA66 plain woven fabric,100gsm,40s yarn,120x60 EPIxPPI,JiaxingWeavingIndustry;millscouredbleached",,,tabulated,"OwnTables1/3/4samefiveinitialPA66wovenfabricformulations;DOPA100/200gLwithandwithoutCS20gLUVgraft. TGQ5000IR20C/minN2/AIRnotcoupledTG-GC-MS10C/min. Native5percentloss/chronologicalDTGpeaks/R800andownLOImapexactnamedfinishedgroups. Processwashesareinitialpreparation,notTable5durabilitywashedcone. Repeatedgasconditions/peaksnotextraindependentstates. All11primarytextpagesreviewed;SIunreadlimitationexplicit;noSIorimagevalueused.",verified_exact,journal_article,Own primary cover DOI/title/authors/journal176(2020)109158 and full11textpages,,,,,5.8,800,source_review_approved,ff069778272a4ab2455436fc2157a2076e873b133369acacf49506c0a63a1afb,PA66-D-20W,,200,,,,,,150x58,,Unreported,,Unreported;do not borrow TG SDof3 or add-on plusminus,,0.5,3,OwnTable3PDFp6footnotea:standarddeviationofthreemeasurements;appliestoR800parenthesesonly,OwnTable3temperatureatspecific5percentweightloss;notT10/Tonset,,,,,,Unreported;TG-GC-MS10C/minRT-800N2isaseparatemethod,,,,OwnTable3nativeTmax->canonicalTmax1;nativeTmax1AIR->canonicalTmax2;nativeTmax2AIR->canonicalTmax3;N2onlynativeTmaxreported,,,,Nativewater/adsorbedmoisturefirstmasslossnotannotatedTable3decompositionpeak,,,,,OwnTable1PDFp3;(W1-W)/Wcontrolbaseline;controldashnotzero;CS/DOPAtotaladdonnotseparated,14.9,0.56,Nativeplusminusquantitybasisunreported;notassumedSD,,,,,,,,"Own complete publisher version of record,volume176article109158,2020",,Ownmaterials/processPDFp2;Table1PDFp3;methodsPDFp4;Table3PDFp6;Table4PDFp7,,,,,,,,,,,,,,,Application of Chitosan and DOPO derivatives in fire protection of polyamide 66 textiles: Towards a combined gas phase and condensed phase activity,,https://doi.org/10.1016/j.polymdegradstab.2020.109158,AppendixA primaryPDFp10 cites SI;unread and no SI values used. Two same-DOI local PDFs have identical SHA256;no same-stem local SI found. Official DOI-linked publisher PII S0141391020300902 verified;landing403;candidate mmc1 DOCX/DOC/PDF addresses404;does not prove SI absent.,,OwnDOPAaqEtOHwater4:1;200gL;double-dip-double-nip0.2MPaabout100percentwetpickup;pinoriginaldimensions100C30mindry130C5mincure;DIrinsehot/coldwaterprocesswashovendry,Owninitialfinishedgroup after preparation rinsing/washing,,Owninitial0durabilitycycles;DOPAwaterwashesarepreparation,2020
10.1016/j.polymdegradstab.2020.109158,"HC-2,JiangningAnalysisInstrumentChina",OwnTable4PDFp7;methodPDFp4,23.5,ASTMD2863,,,,,,,,,,,4.6,,,,,,337,,"Q5000IR,TAInstruments",,OwnTable3PDFp6;Fig3PDFp6;methodPDFp4,,404,451,593,,,air,,4.6,800,OwnPA66/PA66-g-CS-D-10W;DOPA100gLbath;CS20gLUVgraft;bathnotfinalfabricmassfraction,TG+LOI,2026-10-03,Codex full primary text and exact table review;one primary reviewer,20,Polymer Degradation and Stability,"MainTGmass/pan/flow/start/endunreported;R800notinferredprogramend. LOIstandardversion/repeatsunreported. BathDOPA100/200gLreportedw/v;prose10/20wtpercentbasisconflictretained,notfinalfabricfraction. Addonplusminusbasisundefined;Table3R800parenthesesSDof3measurements,notLOIoraddonSD. UVfixedtimeanddoseunreported;notborrowedfromreference27. Initialpreparationwashingseparatefromdurabilitycycles;10W/20WareDOPAcontentlabels. SIunread;allacceptednumbersfromownprimaryTables3/4;noimagesused.",,polyamide,"Own 100% PA66 plain woven fabric,100gsm,40s yarn,120x60 EPIxPPI,JiaxingWeavingIndustry;millscouredbleached","Own 100% PA66 plain woven fabric,100gsm,40s yarn,120x60 EPIxPPI,JiaxingWeavingIndustry;millscouredbleached","Own 100% PA66 plain woven fabric,100gsm,40s yarn,120x60 EPIxPPI,JiaxingWeavingIndustry;millscouredbleached",,,tabulated,"OwnTables1/3/4samefiveinitialPA66wovenfabricformulations;DOPA100/200gLwithandwithoutCS20gLUVgraft. TGQ5000IR20C/minN2/AIRnotcoupledTG-GC-MS10C/min. Native5percentloss/chronologicalDTGpeaks/R800andownLOImapexactnamedfinishedgroups. Processwashesareinitialpreparation,notTable5durabilitywashedcone. Repeatedgasconditions/peaksnotextraindependentstates. All11primarytextpagesreviewed;SIunreadlimitationexplicit;noSIorimagevalueused.",verified_exact,journal_article,Own primary cover DOI/title/authors/journal176(2020)109158 and full11textpages,,,,,4.6,800,source_review_approved,8f329ece30ac8d76cc616823a6cc713ace25fbcc9da81f427f107faf9403a931,PA66-g-CS-D-10W,20,100,,,,,,150x58,,Unreported,,Unreported;do not borrow TG SDof3 or add-on plusminus,,0.7,3,OwnTable3PDFp6footnotea:standarddeviationofthreemeasurements;appliestoR800parenthesesonly,OwnTable3temperatureatspecific5percentweightloss;notT10/Tonset,,,,,,Unreported;TG-GC-MS10C/minRT-800N2isaseparatemethod,,,,OwnTable3nativeTmax->canonicalTmax1;nativeTmax1AIR->canonicalTmax2;nativeTmax2AIR->canonicalTmax3;N2onlynativeTmaxreported,,,,Nativewater/adsorbedmoisturefirstmasslossnotannotatedTable3decompositionpeak,,,,,OwnTable1PDFp3;(W1-W)/Wcontrolbaseline;controldashnotzero;CS/DOPAtotaladdonnotseparated,8.2,0.68,Nativeplusminusquantitybasisunreported;notassumedSD,,,,,,,,"Own complete publisher version of record,volume176article109158,2020",,Ownmaterials/processPDFp2;Table1PDFp3;methodsPDFp4;Table3PDFp6;Table4PDFp7,,,,,,,,,,,,,,,Application of Chitosan and DOPO derivatives in fire protection of polyamide 66 textiles: Towards a combined gas phase and condensed phase activity,,https://doi.org/10.1016/j.polymdegradstab.2020.109158,AppendixA primaryPDFp10 cites SI;unread and no SI values used. Two same-DOI local PDFs have identical SHA256;no same-stem local SI found. Official DOI-linked publisher PII S0141391020300902 verified;landing403;candidate mmc1 DOCX/DOC/PDF addresses404;does not prove SI absent.,,OwnCS20gL1volpercentglacialaceticacid24hRT;initiator4wtpercentrelativeCS;fabricimpreg1hRT80C10mindry;UVfixedtime/doseunknowninAIR;once-linitesterprocesswashandovendry;OwnDOPAaqEtOHwater4:1;100gL;double-dip-double-nip0.2MPaabout100percentwetpickup;pinoriginaldimensions100C30mindry130C5mincure;DIrinsehot/coldwaterprocesswashovendry,Owninitialfinishedgroup after preparation rinsing/washing,,Owninitial0durabilitycycles;CSonce-linitester/DOPAwaterwashesarepreparation,2020
10.1016/j.polymdegradstab.2020.109158,"HC-2,JiangningAnalysisInstrumentChina",OwnTable4PDFp7;methodPDFp4,23.5,ASTMD2863,,,,,,,,,,,7.5,,,,,,354,,"Q5000IR,TAInstruments",,OwnTable3PDFp6;Fig3PDFp6;methodPDFp4,,408,,,,,N2,,7.5,800,OwnPA66/PA66-g-CS-D-10W;DOPA100gLbath;CS20gLUVgraft;bathnotfinalfabricmassfraction,TG+LOI,2026-10-03,Codex full primary text and exact table review;one primary reviewer,20,Polymer Degradation and Stability,"MainTGmass/pan/flow/start/endunreported;R800notinferredprogramend. LOIstandardversion/repeatsunreported. BathDOPA100/200gLreportedw/v;prose10/20wtpercentbasisconflictretained,notfinalfabricfraction. Addonplusminusbasisundefined;Table3R800parenthesesSDof3measurements,notLOIoraddonSD. UVfixedtimeanddoseunreported;notborrowedfromreference27. Initialpreparationwashingseparatefromdurabilitycycles;10W/20WareDOPAcontentlabels. SIunread;allacceptednumbersfromownprimaryTables3/4;noimagesused.",,polyamide,"Own 100% PA66 plain woven fabric,100gsm,40s yarn,120x60 EPIxPPI,JiaxingWeavingIndustry;millscouredbleached","Own 100% PA66 plain woven fabric,100gsm,40s yarn,120x60 EPIxPPI,JiaxingWeavingIndustry;millscouredbleached","Own 100% PA66 plain woven fabric,100gsm,40s yarn,120x60 EPIxPPI,JiaxingWeavingIndustry;millscouredbleached",,,tabulated,"OwnTables1/3/4samefiveinitialPA66wovenfabricformulations;DOPA100/200gLwithandwithoutCS20gLUVgraft. TGQ5000IR20C/minN2/AIRnotcoupledTG-GC-MS10C/min. Native5percentloss/chronologicalDTGpeaks/R800andownLOImapexactnamedfinishedgroups. Processwashesareinitialpreparation,notTable5durabilitywashedcone. Repeatedgasconditions/peaksnotextraindependentstates. All11primarytextpagesreviewed;SIunreadlimitationexplicit;noSIorimagevalueused.",verified_exact,journal_article,Own primary cover DOI/title/authors/journal176(2020)109158 and full11textpages,,,,,7.5,800,source_review_approved,f447d942d88a65f78ae20ec6e9e37c89c8953062164a78ee3b2598d434f123fa,PA66-g-CS-D-10W,20,100,,,,,,150x58,,Unreported,,Unreported;do not borrow TG SDof3 or add-on plusminus,,0.3,3,OwnTable3PDFp6footnotea:standarddeviationofthreemeasurements;appliestoR800parenthesesonly,OwnTable3temperatureatspecific5percentweightloss;notT10/Tonset,,,,,,Unreported;TG-GC-MS10C/minRT-800N2isaseparatemethod,,,,OwnTable3nativeTmax->canonicalTmax1;nativeTmax1AIR->canonicalTmax2;nativeTmax2AIR->canonicalTmax3;N2onlynativeTmaxreported,,,,Nativewater/adsorbedmoisturefirstmasslossnotannotatedTable3decompositionpeak,,,,,OwnTable1PDFp3;(W1-W)/Wcontrolbaseline;controldashnotzero;CS/DOPAtotaladdonnotseparated,8.2,0.68,Nativeplusminusquantitybasisunreported;notassumedSD,,,,,,,,"Own complete publisher version of record,volume176article109158,2020",,Ownmaterials/processPDFp2;Table1PDFp3;methodsPDFp4;Table3PDFp6;Table4PDFp7,,,,,,,,,,,,,,,Application of Chitosan and DOPO derivatives in fire protection of polyamide 66 textiles: Towards a combined gas phase and condensed phase activity,,https://doi.org/10.1016/j.polymdegradstab.2020.109158,AppendixA primaryPDFp10 cites SI;unread and no SI values used. Two same-DOI local PDFs have identical SHA256;no same-stem local SI found. Official DOI-linked publisher PII S0141391020300902 verified;landing403;candidate mmc1 DOCX/DOC/PDF addresses404;does not prove SI absent.,,OwnCS20gL1volpercentglacialaceticacid24hRT;initiator4wtpercentrelativeCS;fabricimpreg1hRT80C10mindry;UVfixedtime/doseunknowninAIR;once-linitesterprocesswashandovendry;OwnDOPAaqEtOHwater4:1;100gL;double-dip-double-nip0.2MPaabout100percentwetpickup;pinoriginaldimensions100C30mindry130C5mincure;DIrinsehot/coldwaterprocesswashovendry,Owninitialfinishedgroup after preparation rinsing/washing,,Owninitial0durabilitycycles;CSonce-linitester/DOPAwaterwashesarepreparation,2020
10.1016/j.polymdegradstab.2020.109158,"HC-2,JiangningAnalysisInstrumentChina",OwnTable4PDFp7;methodPDFp4,24.5,ASTMD2863,,,,,,,,,,,4.4,,,,,,326,,"Q5000IR,TAInstruments",,OwnTable3PDFp6;Fig3PDFp6;methodPDFp4,,387,439,593,,,air,,4.4,800,OwnPA66/PA66-g-CS-D-20W;DOPA200gLbath;CS20gLUVgraft;bathnotfinalfabricmassfraction,TG+LOI,2026-10-03,Codex full primary text and exact table review;one primary reviewer,20,Polymer Degradation and Stability,"MainTGmass/pan/flow/start/endunreported;R800notinferredprogramend. LOIstandardversion/repeatsunreported. BathDOPA100/200gLreportedw/v;prose10/20wtpercentbasisconflictretained,notfinalfabricfraction. Addonplusminusbasisundefined;Table3R800parenthesesSDof3measurements,notLOIoraddonSD. UVfixedtimeanddoseunreported;notborrowedfromreference27. Initialpreparationwashingseparatefromdurabilitycycles;10W/20WareDOPAcontentlabels. SIunread;allacceptednumbersfromownprimaryTables3/4;noimagesused.",,polyamide,"Own 100% PA66 plain woven fabric,100gsm,40s yarn,120x60 EPIxPPI,JiaxingWeavingIndustry;millscouredbleached","Own 100% PA66 plain woven fabric,100gsm,40s yarn,120x60 EPIxPPI,JiaxingWeavingIndustry;millscouredbleached","Own 100% PA66 plain woven fabric,100gsm,40s yarn,120x60 EPIxPPI,JiaxingWeavingIndustry;millscouredbleached",,,tabulated,"OwnTables1/3/4samefiveinitialPA66wovenfabricformulations;DOPA100/200gLwithandwithoutCS20gLUVgraft. TGQ5000IR20C/minN2/AIRnotcoupledTG-GC-MS10C/min. Native5percentloss/chronologicalDTGpeaks/R800andownLOImapexactnamedfinishedgroups. Processwashesareinitialpreparation,notTable5durabilitywashedcone. Repeatedgasconditions/peaksnotextraindependentstates. All11primarytextpagesreviewed;SIunreadlimitationexplicit;noSIorimagevalueused.",verified_exact,journal_article,Own primary cover DOI/title/authors/journal176(2020)109158 and full11textpages,,,,,4.4,800,source_review_approved,f40b3a33decd4b4f00a06e5c615ecf7e566dcb6d580c67090815560477163739,PA66-g-CS-D-20W,20,200,,,,,,150x58,,Unreported,,Unreported;do not borrow TG SDof3 or add-on plusminus,,1.2,3,OwnTable3PDFp6footnotea:standarddeviationofthreemeasurements;appliestoR800parenthesesonly,OwnTable3temperatureatspecific5percentweightloss;notT10/Tonset,,,,,,Unreported;TG-GC-MS10C/minRT-800N2isaseparatemethod,,,,OwnTable3nativeTmax->canonicalTmax1;nativeTmax1AIR->canonicalTmax2;nativeTmax2AIR->canonicalTmax3;N2onlynativeTmaxreported,,,,Nativewater/adsorbedmoisturefirstmasslossnotannotatedTable3decompositionpeak,,,,,OwnTable1PDFp3;(W1-W)/Wcontrolbaseline;controldashnotzero;CS/DOPAtotaladdonnotseparated,18.4,0.7,Nativeplusminusquantitybasisunreported;notassumedSD,,,,,,,,"Own complete publisher version of record,volume176article109158,2020",,Ownmaterials/processPDFp2;Table1PDFp3;methodsPDFp4;Table3PDFp6;Table4PDFp7,,,,,,,,,,,,,,,Application of Chitosan and DOPO derivatives in fire protection of polyamide 66 textiles: Towards a combined gas phase and condensed phase activity,,https://doi.org/10.1016/j.polymdegradstab.2020.109158,AppendixA primaryPDFp10 cites SI;unread and no SI values used. Two same-DOI local PDFs have identical SHA256;no same-stem local SI found. Official DOI-linked publisher PII S0141391020300902 verified;landing403;candidate mmc1 DOCX/DOC/PDF addresses404;does not prove SI absent.,,OwnCS20gL1volpercentglacialaceticacid24hRT;initiator4wtpercentrelativeCS;fabricimpreg1hRT80C10mindry;UVfixedtime/doseunknowninAIR;once-linitesterprocesswashandovendry;OwnDOPAaqEtOHwater4:1;200gL;double-dip-double-nip0.2MPaabout100percentwetpickup;pinoriginaldimensions100C30mindry130C5mincure;DIrinsehot/coldwaterprocesswashovendry,Owninitialfinishedgroup after preparation rinsing/washing,,Owninitial0durabilitycycles;CSonce-linitester/DOPAwaterwashesarepreparation,2020
10.1016/j.polymdegradstab.2020.109158,"HC-2,JiangningAnalysisInstrumentChina",OwnTable4PDFp7;methodPDFp4,24.5,ASTMD2863,,,,,,,,,,,5.6,,,,,,334,,"Q5000IR,TAInstruments",,OwnTable3PDFp6;Fig3PDFp6;methodPDFp4,,394,,,,,N2,,5.6,800,OwnPA66/PA66-g-CS-D-20W;DOPA200gLbath;CS20gLUVgraft;bathnotfinalfabricmassfraction,TG+LOI,2026-10-03,Codex full primary text and exact table review;one primary reviewer,20,Polymer Degradation and Stability,"MainTGmass/pan/flow/start/endunreported;R800notinferredprogramend. LOIstandardversion/repeatsunreported. BathDOPA100/200gLreportedw/v;prose10/20wtpercentbasisconflictretained,notfinalfabricfraction. Addonplusminusbasisundefined;Table3R800parenthesesSDof3measurements,notLOIoraddonSD. UVfixedtimeanddoseunreported;notborrowedfromreference27. Initialpreparationwashingseparatefromdurabilitycycles;10W/20WareDOPAcontentlabels. SIunread;allacceptednumbersfromownprimaryTables3/4;noimagesused.",,polyamide,"Own 100% PA66 plain woven fabric,100gsm,40s yarn,120x60 EPIxPPI,JiaxingWeavingIndustry;millscouredbleached","Own 100% PA66 plain woven fabric,100gsm,40s yarn,120x60 EPIxPPI,JiaxingWeavingIndustry;millscouredbleached","Own 100% PA66 plain woven fabric,100gsm,40s yarn,120x60 EPIxPPI,JiaxingWeavingIndustry;millscouredbleached",,,tabulated,"OwnTables1/3/4samefiveinitialPA66wovenfabricformulations;DOPA100/200gLwithandwithoutCS20gLUVgraft. TGQ5000IR20C/minN2/AIRnotcoupledTG-GC-MS10C/min. Native5percentloss/chronologicalDTGpeaks/R800andownLOImapexactnamedfinishedgroups. Processwashesareinitialpreparation,notTable5durabilitywashedcone. Repeatedgasconditions/peaksnotextraindependentstates. All11primarytextpagesreviewed;SIunreadlimitationexplicit;noSIorimagevalueused.",verified_exact,journal_article,Own primary cover DOI/title/authors/journal176(2020)109158 and full11textpages,,,,,5.6,800,source_review_approved,558b0e59574eee5dfd9488ad7f6c1deb7b96cc0987fc8640ecb83fb23bb2d11d,PA66-g-CS-D-20W,20,200,,,,,,150x58,,Unreported,,Unreported;do not borrow TG SDof3 or add-on plusminus,,0.7,3,OwnTable3PDFp6footnotea:standarddeviationofthreemeasurements;appliestoR800parenthesesonly,OwnTable3temperatureatspecific5percentweightloss;notT10/Tonset,,,,,,Unreported;TG-GC-MS10C/minRT-800N2isaseparatemethod,,,,OwnTable3nativeTmax->canonicalTmax1;nativeTmax1AIR->canonicalTmax2;nativeTmax2AIR->canonicalTmax3;N2onlynativeTmaxreported,,,,Nativewater/adsorbedmoisturefirstmasslossnotannotatedTable3decompositionpeak,,,,,OwnTable1PDFp3;(W1-W)/Wcontrolbaseline;controldashnotzero;CS/DOPAtotaladdonnotseparated,18.4,0.7,Nativeplusminusquantitybasisunreported;notassumedSD,,,,,,,,"Own complete publisher version of record,volume176article109158,2020",,Ownmaterials/processPDFp2;Table1PDFp3;methodsPDFp4;Table3PDFp6;Table4PDFp7,,,,,,,,,,,,,,,Application of Chitosan and DOPO derivatives in fire protection of polyamide 66 textiles: Towards a combined gas phase and condensed phase activity,,https://doi.org/10.1016/j.polymdegradstab.2020.109158,AppendixA primaryPDFp10 cites SI;unread and no SI values used. Two same-DOI local PDFs have identical SHA256;no same-stem local SI found. Official DOI-linked publisher PII S0141391020300902 verified;landing403;candidate mmc1 DOCX/DOC/PDF addresses404;does not prove SI absent.,,OwnCS20gL1volpercentglacialaceticacid24hRT;initiator4wtpercentrelativeCS;fabricimpreg1hRT80C10mindry;UVfixedtime/doseunknowninAIR;once-linitesterprocesswashandovendry;OwnDOPAaqEtOHwater4:1;200gL;double-dip-double-nip0.2MPaabout100percentwetpickup;pinoriginaldimensions100C30mindry130C5mincure;DIrinsehot/coldwaterprocesswashovendry,Owninitialfinishedgroup after preparation rinsing/washing,,Owninitial0durabilitycycles;CSonce-linitester/DOPAwaterwashesarepreparation,2020
10.1016/j.polymdegradstab.2020.109158,,OwnwashedLOIunreported;initialTable4notborrowed,,,,,,,,,,,,,,,,,,,,,,,OwnwashedTGunreported;initialTable3notborrowed,,,,,,,,,,,OwnPA66/PA66-D-10W,Raw source facts only,2026-10-03,Codex full primary text and exact table review;one primary reviewer,,Polymer Degradation and Stability,"MainTGmass/pan/flow/start/endunreported;R800notinferredprogramend. LOIstandardversion/repeatsunreported. BathDOPA100/200gLreportedw/v;prose10/20wtpercentbasisconflictretained,notfinalfabricfraction. Addonplusminusbasisundefined;Table3R800parenthesesSDof3measurements,notLOIoraddonSD. UVfixedtimeanddoseunreported;notborrowedfromreference27. Initialpreparationwashingseparatefromdurabilitycycles;10W/20WareDOPAcontentlabels. SIunread;allacceptednumbersfromownprimaryTables3/4;noimagesused.",,polyamide,"Own 100% PA66 plain woven fabric,100gsm,40s yarn,120x60 EPIxPPI,JiaxingWeavingIndustry;millscouredbleached","Own 100% PA66 plain woven fabric,100gsm,40s yarn,120x60 EPIxPPI,JiaxingWeavingIndustry;millscouredbleached","Own 100% PA66 plain woven fabric,100gsm,40s yarn,120x60 EPIxPPI,JiaxingWeavingIndustry;millscouredbleached",,,held_source_facts,,held_washed_cone_only_without_own_TG_LOI,journal_article,Own primary cover DOI/title/authors/journal176(2020)109158 and full11textpages,,,,,,,held_outside_verified_target,,PA66-D-10W after5nativewashingcycles,,,,,,,,,,,,,,,,,,,,,,,,,,,,,,,,,,,,,,,,,,,,,,,"Own complete publisher version of record,volume176article109158,2020",,OwnTable5PDFp8;washingmethodPDFp4,,,,,,,,,,OwnTable5PDFp8washedcone pHRRreduction=15percent;NOownwashedTGorLOI,,,,,Application of Chitosan and DOPO derivatives in fire protection of polyamide 66 textiles: Towards a combined gas phase and condensed phase activity,,https://doi.org/10.1016/j.polymdegradstab.2020.109158,AppendixA primaryPDFp10 cites SI;unread and no SI values used. Two same-DOI local PDFs have identical SHA256;no same-stem local SI found. Official DOI-linked publisher PII S0141391020300902 verified;landing403;candidate mmc1 DOCX/DOC/PDF addresses404;does not prove SI absent.,,,After5nativewashingcycles,,AATCC61(2A)-1996nonionic38plusminus3C;5nativecycles;1cycle5homeequivalentsnotextraindependentstates,2020
10.1016/j.polymdegradstab.2020.109158,,OwnwashedLOIunreported;initialTable4notborrowed,,,,,,,,,,,,,,,,,,,,,,,OwnwashedTGunreported;initialTable3notborrowed,,,,,,,,,,,OwnPA66/PA66-D-20W,Raw source facts only,2026-10-03,Codex full primary text and exact table review;one primary reviewer,,Polymer Degradation and Stability,"MainTGmass/pan/flow/start/endunreported;R800notinferredprogramend. LOIstandardversion/repeatsunreported. BathDOPA100/200gLreportedw/v;prose10/20wtpercentbasisconflictretained,notfinalfabricfraction. Addonplusminusbasisundefined;Table3R800parenthesesSDof3measurements,notLOIoraddonSD. UVfixedtimeanddoseunreported;notborrowedfromreference27. Initialpreparationwashingseparatefromdurabilitycycles;10W/20WareDOPAcontentlabels. SIunread;allacceptednumbersfromownprimaryTables3/4;noimagesused.",,polyamide,"Own 100% PA66 plain woven fabric,100gsm,40s yarn,120x60 EPIxPPI,JiaxingWeavingIndustry;millscouredbleached","Own 100% PA66 plain woven fabric,100gsm,40s yarn,120x60 EPIxPPI,JiaxingWeavingIndustry;millscouredbleached","Own 100% PA66 plain woven fabric,100gsm,40s yarn,120x60 EPIxPPI,JiaxingWeavingIndustry;millscouredbleached",,,held_source_facts,,held_washed_cone_only_without_own_TG_LOI,journal_article,Own primary cover DOI/title/authors/journal176(2020)109158 and full11textpages,,,,,,,held_outside_verified_target,,PA66-D-20W after5nativewashingcycles,,,,,,,,,,,,,,,,,,,,,,,,,,,,,,,,,,,,,,,,,,,,,,,"Own complete publisher version of record,volume176article109158,2020",,OwnTable5PDFp8;washingmethodPDFp4,,,,,,,,,,OwnTable5PDFp8washedcone pHRRreduction=22percent;NOownwashedTGorLOI,,,,,Application of Chitosan and DOPO derivatives in fire protection of polyamide 66 textiles: Towards a combined gas phase and condensed phase activity,,https://doi.org/10.1016/j.polymdegradstab.2020.109158,AppendixA primaryPDFp10 cites SI;unread and no SI values used. Two same-DOI local PDFs have identical SHA256;no same-stem local SI found. Official DOI-linked publisher PII S0141391020300902 verified;landing403;candidate mmc1 DOCX/DOC/PDF addresses404;does not prove SI absent.,,,After5nativewashingcycles,,AATCC61(2A)-1996nonionic38plusminus3C;5nativecycles;1cycle5homeequivalentsnotextraindependentstates,2020
10.1016/j.polymdegradstab.2020.109158,,OwnwashedLOIunreported;initialTable4notborrowed,,,,,,,,,,,,,,,,,,,,,,,OwnwashedTGunreported;initialTable3notborrowed,,,,,,,,,,,OwnPA66/PA66-g-CS-D-10W,Raw source facts only,2026-10-03,Codex full primary text and exact table review;one primary reviewer,,Polymer Degradation and Stability,"MainTGmass/pan/flow/start/endunreported;R800notinferredprogramend. LOIstandardversion/repeatsunreported. BathDOPA100/200gLreportedw/v;prose10/20wtpercentbasisconflictretained,notfinalfabricfraction. Addonplusminusbasisundefined;Table3R800parenthesesSDof3measurements,notLOIoraddonSD. UVfixedtimeanddoseunreported;notborrowedfromreference27. Initialpreparationwashingseparatefromdurabilitycycles;10W/20WareDOPAcontentlabels. SIunread;allacceptednumbersfromownprimaryTables3/4;noimagesused.",,polyamide,"Own 100% PA66 plain woven fabric,100gsm,40s yarn,120x60 EPIxPPI,JiaxingWeavingIndustry;millscouredbleached","Own 100% PA66 plain woven fabric,100gsm,40s yarn,120x60 EPIxPPI,JiaxingWeavingIndustry;millscouredbleached","Own 100% PA66 plain woven fabric,100gsm,40s yarn,120x60 EPIxPPI,JiaxingWeavingIndustry;millscouredbleached",,,held_source_facts,,held_washed_cone_only_without_own_TG_LOI,journal_article,Own primary cover DOI/title/authors/journal176(2020)109158 and full11textpages,,,,,,,held_outside_verified_target,,PA66-g-CS-D-10W after5nativewashingcycles,,,,,,,,,,,,,,,,,,,,,,,,,,,,,,,,,,,,,,,,,,,,,,,"Own complete publisher version of record,volume176article109158,2020",,OwnTable5PDFp8;washingmethodPDFp4,,,,,,,,,,OwnTable5PDFp8washedcone pHRRreduction=19percent;NOownwashedTGorLOI,,,,,Application of Chitosan and DOPO derivatives in fire protection of polyamide 66 textiles: Towards a combined gas phase and condensed phase activity,,https://doi.org/10.1016/j.polymdegradstab.2020.109158,AppendixA primaryPDFp10 cites SI;unread and no SI values used. Two same-DOI local PDFs have identical SHA256;no same-stem local SI found. Official DOI-linked publisher PII S0141391020300902 verified;landing403;candidate mmc1 DOCX/DOC/PDF addresses404;does not prove SI absent.,,,After5nativewashingcycles,,AATCC61(2A)-1996nonionic38plusminus3C;5nativecycles;1cycle5homeequivalentsnotextraindependentstates,2020
10.1016/j.polymdegradstab.2020.109158,,OwnwashedLOIunreported;initialTable4notborrowed,,,,,,,,,,,,,,,,,,,,,,,OwnwashedTGunreported;initialTable3notborrowed,,,,,,,,,,,OwnPA66/PA66-g-CS-D-20W,Raw source facts only,2026-10-03,Codex full primary text and exact table review;one primary reviewer,,Polymer Degradation and Stability,"MainTGmass/pan/flow/start/endunreported;R800notinferredprogramend. LOIstandardversion/repeatsunreported. BathDOPA100/200gLreportedw/v;prose10/20wtpercentbasisconflictretained,notfinalfabricfraction. Addonplusminusbasisundefined;Table3R800parenthesesSDof3measurements,notLOIoraddonSD. UVfixedtimeanddoseunreported;notborrowedfromreference27. Initialpreparationwashingseparatefromdurabilitycycles;10W/20WareDOPAcontentlabels. SIunread;allacceptednumbersfromownprimaryTables3/4;noimagesused.",,polyamide,"Own 100% PA66 plain woven fabric,100gsm,40s yarn,120x60 EPIxPPI,JiaxingWeavingIndustry;millscouredbleached","Own 100% PA66 plain woven fabric,100gsm,40s yarn,120x60 EPIxPPI,JiaxingWeavingIndustry;millscouredbleached","Own 100% PA66 plain woven fabric,100gsm,40s yarn,120x60 EPIxPPI,JiaxingWeavingIndustry;millscouredbleached",,,held_source_facts,,held_washed_cone_only_without_own_TG_LOI,journal_article,Own primary cover DOI/title/authors/journal176(2020)109158 and full11textpages,,,,,,,held_outside_verified_target,,PA66-g-CS-D-20W after5nativewashingcycles,,,,,,,,,,,,,,,,,,,,,,,,,,,,,,,,,,,,,,,,,,,,,,,"Own complete publisher version of record,volume176article109158,2020",,OwnTable5PDFp8;washingmethodPDFp4,,,,,,,,,,OwnTable5PDFp8washedcone pHRRreduction=20percent;NOownwashedTGorLOI,,,,,Application of Chitosan and DOPO derivatives in fire protection of polyamide 66 textiles: Towards a combined gas phase and condensed phase activity,,https://doi.org/10.1016/j.polymdegradstab.2020.109158,AppendixA primaryPDFp10 cites SI;unread and no SI values used. Two same-DOI local PDFs have identical SHA256;no same-stem local SI found. Official DOI-linked publisher PII S0141391020300902 verified;landing403;candidate mmc1 DOCX/DOC/PDF addresses404;does not prove SI absent.,,,After5nativewashingcycles,,AATCC61(2A)-1996nonionic38plusminus3C;5nativecycles;1cycle5homeequivalentsnotextraindependentstates,2020
10.1016/j.polymdegradstab.2020.109405,DyniscoOxygenIndexApparatus,OwnTable3PDFp7;methodPDFp3,35.2,NativeGB/T5455-1997,0.2,,,,,,,,,,,,,,,,387.2,,NetzschTG209F1,800,OwnTable2PDFp6;methodPDFp3;T5/TmaxdefinitionPDFp5,,431,,,,,N2,,,,OwnPET-co-CEPPAfabric/FRPET;nativecoatinggroupsnotSI5/8/12;backboneconcentrationunknown,TG+LOI,2026-10-03,Codex complete primary and official supplementary text/tables;one primary reviewer,10,Polymer Degradation and Stability,"BackboneCEPPAcontentunreportedprimary;SI6000mg/gphysicallyinvalidunitnotcorrectedtopppm. Table1bathwtpercentKH5501/SBEbetaCD.5/DDP.1conflictswithprosep4molL1/5/.5;bothretained,exactbathconcentrationunresolved. NamedprimarygroupsTG/LOImatchexplicitTables1/2/3;SIK/S5/hybrid5+3/K/D12differentgroupsnotaliased. MainTGmass/pan/flowunreported. Native±basisunreportednotSD;VFT3repeatsnotassumedLOIorTGreplicates. Table2TGresidueTEMPunlabellednotR800fromprogramend;allcanonicalresidueblank. NativeLOIstandardGB/T5455-1997retainednotcorrectedto5454. NativeArticleInPressaccepted2020-10-17notfinalVOR;yearblank. SI12imagesunviewedunused;alltext/3tablesread.",,polyester,"Own laboratory PET-co-CEPPA160gsm copolyester fabric,FRPET;not pure PET or resin specimen","Own laboratory PET-co-CEPPA160gsm copolyester fabric,FRPET;not pure PET or resin specimen","Own laboratory PET-co-CEPPA160gsm copolyester fabric,FRPET;not pure PET or resin specimen",,,tabulated,OwnprimaryTables1/2/3andFig5explicitlyshareseveninitialFRPET160gsmfabricgroupnames. Control/PAA/K/S6/K/S9/K/D3/K/D9/hybrid6+3areownformulations;noSI5/8/12alias. NativeN210C/minT5/maximumrateTmaxexactmeansjoinownTable3LOI;temperature-unboundresidueleftuncanonicalized. Recipesourceconflictsandbackboneunituncertaintyexplicit;noquantitativecompositioninferred. Initialgroupsnot5/10/20waterwashedstates;threewashedLOIwithoutTGunpaired. Complete12primarytextpagesandallSItext/3tables;12SIimagesunviewedunused.,verified_exact,journal_article,Own primary publisher DOI/title/authors/articlehistory and full12textpages;libraryfolder2021/DOI2020notusedasfinalpublicationyear,,,,,,,source_review_approved,405e8316388474790131168923e20e143ef66b78717800694d3ec42c9adeca42,FRPET,,,-20.76,0.03,0,0,,150x58,,Unreported;threeVFTrepeatsnotborrowed,NativeownLOIstandard5455retained;notcorrectedto5454withoutsourceevidence,,,,,,Ownp5definesonsetastemperatureof5percentweightloss;canonicalT5notTonset/T10,2.3,,,Unreported;TG-IRMettlerTGA2/NicoletIs50notmainTGinstrument,,,,,Ownp5maximumweightlossRATE;Table2nativeTmax;unannotatedsecondaryDTGpeaksnotestimated,,UnlabelledTable2;programend800aloneinsufficient;noR800orcanonicalresidue,Roomtemperature;numericnotreported;TG-IR20Cnotborrowed,,,0.5,,,,OnlyownFRPET-g-PAAnative2.9plusminus.7;SIcoating5/8/12groupsnotassignedprimary6/9/3/9/hybrid6+3,,,,Primaryunreported;SITableS2native6000mg/ginvalidphysicalunit;retainednotcorrected,,,,,OwnTable1wtpercentKH5501/SBEbetaCD0.5/DDP0.1 versus prosePDFp4molL1/5/.5conflict;exactbathconcentrationunknown;notresolvedbyinvention,,"Official publisher Article In Press,accepted2020-10-17;native final volume/pages xxx;definitive VOR not reviewed",,Ownmaterials/processPDFp2-3;Table1p3;TGTable2p6;LOITable3p7;SIidentity/recipeconflictTablesS1/S2,,,,,,,,15.7,0.7,,,,,OwnpublisherPII;allsixauthors/distinctFRPET/PAA/KH550/SBEbetaCD/DDP/captionsmatch;drafttitlevariantnotverbatimprimarytitle,Construction of nano-multilayer coatings on copolyester fabrics using UV-grafting mediated layer-by-layer self-assembly for improved anti-droplet and flame retardent performance,Nativeplusminusquantity;SD/SEdefinitionandrepeatsunreported,https://doi.org/10.1016/j.polymdegradstab.2020.109405,OfficialpublisherPII/nativeDOCX2001510055bytes;allXMLbodytextandTablesS1/S2/S3reviewed;12embeddedimagesunviewedunused;SIrelateddrafttitlevariantnotverbatimmatch;allsixauthorsanddistinctFRPET/PAA/KH550/SBEbetaCD/DDP/captionsmatch;recipeandphosphorusunitconflictsretained,https://ars.els-cdn.com/content/image/1-s2.0-S0141391020303347-mmc1.docx,Own laboratory synthesized PET-co-CEPPAfabric160gsm;backboneCEPPAcontentunresolved,Own named initial fabricated group,,Owninitial0durabilitycycles;preparationrinse/dryseparate,
10.1016/j.polymdegradstab.2020.109405,DyniscoOxygenIndexApparatus,OwnTable3PDFp7;methodPDFp3,26.4,NativeGB/T5455-1997,0.3,,,,,,,,,,,,,,,,377.8,,NetzschTG209F1,800,OwnTable2PDFp6;methodPDFp3;T5/TmaxdefinitionPDFp5,,428.6,,,,,N2,,,,OwnPET-co-CEPPAfabric/FRPET-g-PAA;nativecoatinggroupsnotSI5/8/12;backboneconcentrationunknown,TG+LOI,2026-10-03,Codex complete primary and official supplementary text/tables;one primary reviewer,10,Polymer Degradation and Stability,"BackboneCEPPAcontentunreportedprimary;SI6000mg/gphysicallyinvalidunitnotcorrectedtopppm. Table1bathwtpercentKH5501/SBEbetaCD.5/DDP.1conflictswithprosep4molL1/5/.5;bothretained,exactbathconcentrationunresolved. NamedprimarygroupsTG/LOImatchexplicitTables1/2/3;SIK/S5/hybrid5+3/K/D12differentgroupsnotaliased. MainTGmass/pan/flowunreported. Native±basisunreportednotSD;VFT3repeatsnotassumedLOIorTGreplicates. Table2TGresidueTEMPunlabellednotR800fromprogramend;allcanonicalresidueblank. NativeLOIstandardGB/T5455-1997retainednotcorrectedto5454. NativeArticleInPressaccepted2020-10-17notfinalVOR;yearblank. SI12imagesunviewedunused;alltext/3tablesread.",,polyester,"Own laboratory PET-co-CEPPA160gsm copolyester fabric,FRPET;not pure PET or resin specimen","Own laboratory PET-co-CEPPA160gsm copolyester fabric,FRPET;not pure PET or resin specimen","Own laboratory PET-co-CEPPA160gsm copolyester fabric,FRPET;not pure PET or resin specimen",,,tabulated,OwnprimaryTables1/2/3andFig5explicitlyshareseveninitialFRPET160gsmfabricgroupnames. Control/PAA/K/S6/K/S9/K/D3/K/D9/hybrid6+3areownformulations;noSI5/8/12alias. NativeN210C/minT5/maximumrateTmaxexactmeansjoinownTable3LOI;temperature-unboundresidueleftuncanonicalized. Recipesourceconflictsandbackboneunituncertaintyexplicit;noquantitativecompositioninferred. Initialgroupsnot5/10/20waterwashedstates;threewashedLOIwithoutTGunpaired. Complete12primarytextpagesandallSItext/3tables;12SIimagesunviewedunused.,verified_exact,journal_article,Own primary publisher DOI/title/authors/articlehistory and full12textpages;libraryfolder2021/DOI2020notusedasfinalpublicationyear,,,,,,,source_review_approved,22399c9a150093899860655e5403903a22d9a8523be79fdbca431d1b81e41915,FRPET-g-PAA,,,-17.36,0.04,0,0,,150x58,,Unreported;threeVFTrepeatsnotborrowed,NativeownLOIstandard5455retained;notcorrectedto5454withoutsourceevidence,,,,,,Ownp5definesonsetastemperatureof5percentweightloss;canonicalT5notTonset/T10,2.8,,,Unreported;TG-IRMettlerTGA2/NicoletIs50notmainTGinstrument,,,,,Ownp5maximumweightlossRATE;Table2nativeTmax;unannotatedsecondaryDTGpeaksnotestimated,,UnlabelledTable2;programend800aloneinsufficient;noR800orcanonicalresidue,Roomtemperature;numericnotreported;TG-IR20Cnotborrowed,,,3.5,,,,OnlyownFRPET-g-PAAnative2.9plusminus.7;SIcoating5/8/12groupsnotassignedprimary6/9/3/9/hybrid6+3,2.9,0.7,,Primaryunreported;SITableS2native6000mg/ginvalidphysicalunit;retainednotcorrected,,,,,OwnTable1wtpercentKH5501/SBEbetaCD0.5/DDP0.1 versus prosePDFp4molL1/5/.5conflict;exactbathconcentrationunknown;notresolvedbyinvention,,"Official publisher Article In Press,accepted2020-10-17;native final volume/pages xxx;definitive VOR not reviewed",,Ownmaterials/processPDFp2-3;Table1p3;TGTable2p6;LOITable3p7;SIidentity/recipeconflictTablesS1/S2,,,,,,,,17,0.6,,,,,OwnpublisherPII;allsixauthors/distinctFRPET/PAA/KH550/SBEbetaCD/DDP/captionsmatch;drafttitlevariantnotverbatimprimarytitle,Construction of nano-multilayer coatings on copolyester fabrics using UV-grafting mediated layer-by-layer self-assembly for improved anti-droplet and flame retardent performance,Nativeplusminusquantity;SD/SEdefinitionandrepeatsunreported,https://doi.org/10.1016/j.polymdegradstab.2020.109405,OfficialpublisherPII/nativeDOCX2001510055bytes;allXMLbodytextandTablesS1/S2/S3reviewed;12embeddedimagesunviewedunused;SIrelateddrafttitlevariantnotverbatimmatch;allsixauthorsanddistinctFRPET/PAA/KH550/SBEbetaCD/DDP/captionsmatch;recipeandphosphorusunitconflictsretained,https://ars.els-cdn.com/content/image/1-s2.0-S0141391020303347-mmc1.docx,OwnAA12wtpercent/initiator4wtpercentnativebathinacetone:DIwater2:1;liquorratio25:1presettimeunknown;nativefabricliquidratio50plusminus.5percent;UV10min;UVdoseunreported;PAAaddon2.9plusminus.7percent,Own named initial fabricated group,,Owninitial0durabilitycycles;preparationrinse/dryseparate,
10.1016/j.polymdegradstab.2020.109405,DyniscoOxygenIndexApparatus,OwnTable3PDFp7;methodPDFp3,27.9,NativeGB/T5455-1997,0.2,,,,,,,,,,,,,,,,390,,NetzschTG209F1,800,OwnTable2PDFp6;methodPDFp3;T5/TmaxdefinitionPDFp5,,430.9,,,,,N2,,,,OwnPET-co-CEPPAfabric/FRPET-g-PAA@(K/S)6;nativecoatinggroupsnotSI5/8/12;backboneconcentrationunknown,TG+LOI,2026-10-03,Codex complete primary and official supplementary text/tables;one primary reviewer,10,Polymer Degradation and Stability,"BackboneCEPPAcontentunreportedprimary;SI6000mg/gphysicallyinvalidunitnotcorrectedtopppm. Table1bathwtpercentKH5501/SBEbetaCD.5/DDP.1conflictswithprosep4molL1/5/.5;bothretained,exactbathconcentrationunresolved. NamedprimarygroupsTG/LOImatchexplicitTables1/2/3;SIK/S5/hybrid5+3/K/D12differentgroupsnotaliased. MainTGmass/pan/flowunreported. Native±basisunreportednotSD;VFT3repeatsnotassumedLOIorTGreplicates. Table2TGresidueTEMPunlabellednotR800fromprogramend;allcanonicalresidueblank. NativeLOIstandardGB/T5455-1997retainednotcorrectedto5454. NativeArticleInPressaccepted2020-10-17notfinalVOR;yearblank. SI12imagesunviewedunused;alltext/3tablesread.",,polyester,"Own laboratory PET-co-CEPPA160gsm copolyester fabric,FRPET;not pure PET or resin specimen","Own laboratory PET-co-CEPPA160gsm copolyester fabric,FRPET;not pure PET or resin specimen","Own laboratory PET-co-CEPPA160gsm copolyester fabric,FRPET;not pure PET or resin specimen",,,tabulated,OwnprimaryTables1/2/3andFig5explicitlyshareseveninitialFRPET160gsmfabricgroupnames. Control/PAA/K/S6/K/S9/K/D3/K/D9/hybrid6+3areownformulations;noSI5/8/12alias. NativeN210C/minT5/maximumrateTmaxexactmeansjoinownTable3LOI;temperature-unboundresidueleftuncanonicalized. Recipesourceconflictsandbackboneunituncertaintyexplicit;noquantitativecompositioninferred. Initialgroupsnot5/10/20waterwashedstates;threewashedLOIwithoutTGunpaired. Complete12primarytextpagesandallSItext/3tables;12SIimagesunviewedunused.,verified_exact,journal_article,Own primary publisher DOI/title/authors/articlehistory and full12textpages;libraryfolder2021/DOI2020notusedasfinalpublicationyear,,,,,,,source_review_approved,4be763b953bcd87a06a57b235a2cbc9ada53f7285c60a3e56063f00d0b1f56fb,FRPET-g-PAA@(K/S)6,,,-20.42,0.02,0,6,,150x58,,Unreported;threeVFTrepeatsnotborrowed,NativeownLOIstandard5455retained;notcorrectedto5454withoutsourceevidence,,,,,,Ownp5definesonsetastemperatureof5percentweightloss;canonicalT5notTonset/T10,1.7,,,Unreported;TG-IRMettlerTGA2/NicoletIs50notmainTGinstrument,,,,,Ownp5maximumweightlossRATE;Table2nativeTmax;unannotatedsecondaryDTGpeaksnotestimated,,UnlabelledTable2;programend800aloneinsufficient;noR800orcanonicalresidue,Roomtemperature;numericnotreported;TG-IR20Cnotborrowed,,,2.6,,,,OnlyownFRPET-g-PAAnative2.9plusminus.7;SIcoating5/8/12groupsnotassignedprimary6/9/3/9/hybrid6+3,,,,Primaryunreported;SITableS2native6000mg/ginvalidphysicalunit;retainednotcorrected,,,,,OwnTable1wtpercentKH5501/SBEbetaCD0.5/DDP0.1 versus prosePDFp4molL1/5/.5conflict;exactbathconcentrationunknown;notresolvedbyinvention,,"Official publisher Article In Press,accepted2020-10-17;native final volume/pages xxx;definitive VOR not reviewed",,Ownmaterials/processPDFp2-3;Table1p3;TGTable2p6;LOITable3p7;SIidentity/recipeconflictTablesS1/S2,,,,,,,,22,0.6,,,,,OwnpublisherPII;allsixauthors/distinctFRPET/PAA/KH550/SBEbetaCD/DDP/captionsmatch;drafttitlevariantnotverbatimprimarytitle,Construction of nano-multilayer coatings on copolyester fabrics using UV-grafting mediated layer-by-layer self-assembly for improved anti-droplet and flame retardent performance,Nativeplusminusquantity;SD/SEdefinitionandrepeatsunreported,https://doi.org/10.1016/j.polymdegradstab.2020.109405,OfficialpublisherPII/nativeDOCX2001510055bytes;allXMLbodytextandTablesS1/S2/S3reviewed;12embeddedimagesunviewedunused;SIrelateddrafttitlevariantnotverbatimmatch;allsixauthorsanddistinctFRPET/PAA/KH550/SBEbetaCD/DDP/captionsmatch;recipeandphosphorusunitconflictsretained,https://ars.els-cdn.com/content/image/1-s2.0-S0141391020303347-mmc1.docx,OwnAA12wtpercent/initiator4wtpercentnativebathinacetone:DIwater2:1;liquorratio25:1presettimeunknown;nativefabricliquidratio50plusminus.5percent;UV10min;UVdoseunreported;PAAaddon2.9plusminus.7percent;KH550positivepH3.5first5min/negativeSBEbetaCDorDDPpH9.5first5min/DIrinseeachstep;subsequent3min;sourceK/S6K/D0bilayers;80Cdry,Own named initial fabricated group,,Owninitial0durabilitycycles;preparationrinse/dryseparate,
10.1016/j.polymdegradstab.2020.109405,DyniscoOxygenIndexApparatus,OwnTable3PDFp7;methodPDFp3,26.8,NativeGB/T5455-1997,0.1,,,,,,,,,,,,,,,,391.1,,NetzschTG209F1,800,OwnTable2PDFp6;methodPDFp3;T5/TmaxdefinitionPDFp5,,429,,,,,N2,,,,OwnPET-co-CEPPAfabric/FRPET-g-PAA@(K/S)9;nativecoatinggroupsnotSI5/8/12;backboneconcentrationunknown,TG+LOI,2026-10-03,Codex complete primary and official supplementary text/tables;one primary reviewer,10,Polymer Degradation and Stability,"BackboneCEPPAcontentunreportedprimary;SI6000mg/gphysicallyinvalidunitnotcorrectedtopppm. Table1bathwtpercentKH5501/SBEbetaCD.5/DDP.1conflictswithprosep4molL1/5/.5;bothretained,exactbathconcentrationunresolved. NamedprimarygroupsTG/LOImatchexplicitTables1/2/3;SIK/S5/hybrid5+3/K/D12differentgroupsnotaliased. MainTGmass/pan/flowunreported. Native±basisunreportednotSD;VFT3repeatsnotassumedLOIorTGreplicates. Table2TGresidueTEMPunlabellednotR800fromprogramend;allcanonicalresidueblank. NativeLOIstandardGB/T5455-1997retainednotcorrectedto5454. NativeArticleInPressaccepted2020-10-17notfinalVOR;yearblank. SI12imagesunviewedunused;alltext/3tablesread.",,polyester,"Own laboratory PET-co-CEPPA160gsm copolyester fabric,FRPET;not pure PET or resin specimen","Own laboratory PET-co-CEPPA160gsm copolyester fabric,FRPET;not pure PET or resin specimen","Own laboratory PET-co-CEPPA160gsm copolyester fabric,FRPET;not pure PET or resin specimen",,,tabulated,OwnprimaryTables1/2/3andFig5explicitlyshareseveninitialFRPET160gsmfabricgroupnames. Control/PAA/K/S6/K/S9/K/D3/K/D9/hybrid6+3areownformulations;noSI5/8/12alias. NativeN210C/minT5/maximumrateTmaxexactmeansjoinownTable3LOI;temperature-unboundresidueleftuncanonicalized. Recipesourceconflictsandbackboneunituncertaintyexplicit;noquantitativecompositioninferred. Initialgroupsnot5/10/20waterwashedstates;threewashedLOIwithoutTGunpaired. Complete12primarytextpagesandallSItext/3tables;12SIimagesunviewedunused.,verified_exact,journal_article,Own primary publisher DOI/title/authors/articlehistory and full12textpages;libraryfolder2021/DOI2020notusedasfinalpublicationyear,,,,,,,source_review_approved,9bf747e079f5c9f7070804ad86eafaaaedb157b99fa1932c5be022a71f9243b5,FRPET-g-PAA@(K/S)9,,,-20.52,0.02,0,9,,150x58,,Unreported;threeVFTrepeatsnotborrowed,NativeownLOIstandard5455retained;notcorrectedto5454withoutsourceevidence,,,,,,Ownp5definesonsetastemperatureof5percentweightloss;canonicalT5notTonset/T10,9.9,,,Unreported;TG-IRMettlerTGA2/NicoletIs50notmainTGinstrument,,,,,Ownp5maximumweightlossRATE;Table2nativeTmax;unannotatedsecondaryDTGpeaksnotestimated,,UnlabelledTable2;programend800aloneinsufficient;noR800orcanonicalresidue,Roomtemperature;numericnotreported;TG-IR20Cnotborrowed,,,1.2,,,,OnlyownFRPET-g-PAAnative2.9plusminus.7;SIcoating5/8/12groupsnotassignedprimary6/9/3/9/hybrid6+3,,,,Primaryunreported;SITableS2native6000mg/ginvalidphysicalunit;retainednotcorrected,,,,,OwnTable1wtpercentKH5501/SBEbetaCD0.5/DDP0.1 versus prosePDFp4molL1/5/.5conflict;exactbathconcentrationunknown;notresolvedbyinvention,,"Official publisher Article In Press,accepted2020-10-17;native final volume/pages xxx;definitive VOR not reviewed",,Ownmaterials/processPDFp2-3;Table1p3;TGTable2p6;LOITable3p7;SIidentity/recipeconflictTablesS1/S2,,,,,,,,23.3,0.8,,,,,OwnpublisherPII;allsixauthors/distinctFRPET/PAA/KH550/SBEbetaCD/DDP/captionsmatch;drafttitlevariantnotverbatimprimarytitle,Construction of nano-multilayer coatings on copolyester fabrics using UV-grafting mediated layer-by-layer self-assembly for improved anti-droplet and flame retardent performance,Nativeplusminusquantity;SD/SEdefinitionandrepeatsunreported,https://doi.org/10.1016/j.polymdegradstab.2020.109405,OfficialpublisherPII/nativeDOCX2001510055bytes;allXMLbodytextandTablesS1/S2/S3reviewed;12embeddedimagesunviewedunused;SIrelateddrafttitlevariantnotverbatimmatch;allsixauthorsanddistinctFRPET/PAA/KH550/SBEbetaCD/DDP/captionsmatch;recipeandphosphorusunitconflictsretained,https://ars.els-cdn.com/content/image/1-s2.0-S0141391020303347-mmc1.docx,OwnAA12wtpercent/initiator4wtpercentnativebathinacetone:DIwater2:1;liquorratio25:1presettimeunknown;nativefabricliquidratio50plusminus.5percent;UV10min;UVdoseunreported;PAAaddon2.9plusminus.7percent;KH550positivepH3.5first5min/negativeSBEbetaCDorDDPpH9.5first5min/DIrinseeachstep;subsequent3min;sourceK/S9K/D0bilayers;80Cdry,Own named initial fabricated group,,Owninitial0durabilitycycles;preparationrinse/dryseparate,
10.1016/j.polymdegradstab.2020.109405,DyniscoOxygenIndexApparatus,OwnTable3PDFp7;methodPDFp3,33.1,NativeGB/T5455-1997,0.3,,,,,,,,,,,,,,,,390.8,,NetzschTG209F1,800,OwnTable2PDFp6;methodPDFp3;T5/TmaxdefinitionPDFp5,,429,,,,,N2,,,,OwnPET-co-CEPPAfabric/FRPET-g-PAA@(K/D)3;nativecoatinggroupsnotSI5/8/12;backboneconcentrationunknown,TG+LOI,2026-10-03,Codex complete primary and official supplementary text/tables;one primary reviewer,10,Polymer Degradation and Stability,"BackboneCEPPAcontentunreportedprimary;SI6000mg/gphysicallyinvalidunitnotcorrectedtopppm. Table1bathwtpercentKH5501/SBEbetaCD.5/DDP.1conflictswithprosep4molL1/5/.5;bothretained,exactbathconcentrationunresolved. NamedprimarygroupsTG/LOImatchexplicitTables1/2/3;SIK/S5/hybrid5+3/K/D12differentgroupsnotaliased. MainTGmass/pan/flowunreported. Native±basisunreportednotSD;VFT3repeatsnotassumedLOIorTGreplicates. Table2TGresidueTEMPunlabellednotR800fromprogramend;allcanonicalresidueblank. NativeLOIstandardGB/T5455-1997retainednotcorrectedto5454. NativeArticleInPressaccepted2020-10-17notfinalVOR;yearblank. SI12imagesunviewedunused;alltext/3tablesread.",,polyester,"Own laboratory PET-co-CEPPA160gsm copolyester fabric,FRPET;not pure PET or resin specimen","Own laboratory PET-co-CEPPA160gsm copolyester fabric,FRPET;not pure PET or resin specimen","Own laboratory PET-co-CEPPA160gsm copolyester fabric,FRPET;not pure PET or resin specimen",,,tabulated,OwnprimaryTables1/2/3andFig5explicitlyshareseveninitialFRPET160gsmfabricgroupnames. Control/PAA/K/S6/K/S9/K/D3/K/D9/hybrid6+3areownformulations;noSI5/8/12alias. NativeN210C/minT5/maximumrateTmaxexactmeansjoinownTable3LOI;temperature-unboundresidueleftuncanonicalized. Recipesourceconflictsandbackboneunituncertaintyexplicit;noquantitativecompositioninferred. Initialgroupsnot5/10/20waterwashedstates;threewashedLOIwithoutTGunpaired. Complete12primarytextpagesandallSItext/3tables;12SIimagesunviewedunused.,verified_exact,journal_article,Own primary publisher DOI/title/authors/articlehistory and full12textpages;libraryfolder2021/DOI2020notusedasfinalpublicationyear,,,,,,,source_review_approved,d75b7ba5d4ee697cb99c61b4cd9211ceccd1697e158e8422fe6ad501488edb21,FRPET-g-PAA@(K/D)3,,,-19.46,0.05,3,0,,150x58,,Unreported;threeVFTrepeatsnotborrowed,NativeownLOIstandard5455retained;notcorrectedto5454withoutsourceevidence,,,,,,Ownp5definesonsetastemperatureof5percentweightloss;canonicalT5notTonset/T10,1.9,,,Unreported;TG-IRMettlerTGA2/NicoletIs50notmainTGinstrument,,,,,Ownp5maximumweightlossRATE;Table2nativeTmax;unannotatedsecondaryDTGpeaksnotestimated,,UnlabelledTable2;programend800aloneinsufficient;noR800orcanonicalresidue,Roomtemperature;numericnotreported;TG-IR20Cnotborrowed,,,2.4,,,,OnlyownFRPET-g-PAAnative2.9plusminus.7;SIcoating5/8/12groupsnotassignedprimary6/9/3/9/hybrid6+3,,,,Primaryunreported;SITableS2native6000mg/ginvalidphysicalunit;retainednotcorrected,,,,,OwnTable1wtpercentKH5501/SBEbetaCD0.5/DDP0.1 versus prosePDFp4molL1/5/.5conflict;exactbathconcentrationunknown;notresolvedbyinvention,,"Official publisher Article In Press,accepted2020-10-17;native final volume/pages xxx;definitive VOR not reviewed",,Ownmaterials/processPDFp2-3;Table1p3;TGTable2p6;LOITable3p7;SIidentity/recipeconflictTablesS1/S2,,,,,,,,21.2,0.3,,,,,OwnpublisherPII;allsixauthors/distinctFRPET/PAA/KH550/SBEbetaCD/DDP/captionsmatch;drafttitlevariantnotverbatimprimarytitle,Construction of nano-multilayer coatings on copolyester fabrics using UV-grafting mediated layer-by-layer self-assembly for improved anti-droplet and flame retardent performance,Nativeplusminusquantity;SD/SEdefinitionandrepeatsunreported,https://doi.org/10.1016/j.polymdegradstab.2020.109405,OfficialpublisherPII/nativeDOCX2001510055bytes;allXMLbodytextandTablesS1/S2/S3reviewed;12embeddedimagesunviewedunused;SIrelateddrafttitlevariantnotverbatimmatch;allsixauthorsanddistinctFRPET/PAA/KH550/SBEbetaCD/DDP/captionsmatch;recipeandphosphorusunitconflictsretained,https://ars.els-cdn.com/content/image/1-s2.0-S0141391020303347-mmc1.docx,OwnAA12wtpercent/initiator4wtpercentnativebathinacetone:DIwater2:1;liquorratio25:1presettimeunknown;nativefabricliquidratio50plusminus.5percent;UV10min;UVdoseunreported;PAAaddon2.9plusminus.7percent;KH550positivepH3.5first5min/negativeSBEbetaCDorDDPpH9.5first5min/DIrinseeachstep;subsequent3min;sourceK/S0K/D3bilayers;80Cdry,Own named initial fabricated group,,Owninitial0durabilitycycles;preparationrinse/dryseparate,
10.1016/j.polymdegradstab.2020.109405,DyniscoOxygenIndexApparatus,OwnTable3PDFp7;methodPDFp3,33.8,NativeGB/T5455-1997,0.2,,,,,,,,,,,,,,,,391.8,,NetzschTG209F1,800,OwnTable2PDFp6;methodPDFp3;T5/TmaxdefinitionPDFp5,,427.7,,,,,N2,,,,OwnPET-co-CEPPAfabric/FRPET-g-PAA@(K/D)9;nativecoatinggroupsnotSI5/8/12;backboneconcentrationunknown,TG+LOI,2026-10-03,Codex complete primary and official supplementary text/tables;one primary reviewer,10,Polymer Degradation and Stability,"BackboneCEPPAcontentunreportedprimary;SI6000mg/gphysicallyinvalidunitnotcorrectedtopppm. Table1bathwtpercentKH5501/SBEbetaCD.5/DDP.1conflictswithprosep4molL1/5/.5;bothretained,exactbathconcentrationunresolved. NamedprimarygroupsTG/LOImatchexplicitTables1/2/3;SIK/S5/hybrid5+3/K/D12differentgroupsnotaliased. MainTGmass/pan/flowunreported. Native±basisunreportednotSD;VFT3repeatsnotassumedLOIorTGreplicates. Table2TGresidueTEMPunlabellednotR800fromprogramend;allcanonicalresidueblank. NativeLOIstandardGB/T5455-1997retainednotcorrectedto5454. NativeArticleInPressaccepted2020-10-17notfinalVOR;yearblank. SI12imagesunviewedunused;alltext/3tablesread.",,polyester,"Own laboratory PET-co-CEPPA160gsm copolyester fabric,FRPET;not pure PET or resin specimen","Own laboratory PET-co-CEPPA160gsm copolyester fabric,FRPET;not pure PET or resin specimen","Own laboratory PET-co-CEPPA160gsm copolyester fabric,FRPET;not pure PET or resin specimen",,,tabulated,OwnprimaryTables1/2/3andFig5explicitlyshareseveninitialFRPET160gsmfabricgroupnames. Control/PAA/K/S6/K/S9/K/D3/K/D9/hybrid6+3areownformulations;noSI5/8/12alias. NativeN210C/minT5/maximumrateTmaxexactmeansjoinownTable3LOI;temperature-unboundresidueleftuncanonicalized. Recipesourceconflictsandbackboneunituncertaintyexplicit;noquantitativecompositioninferred. Initialgroupsnot5/10/20waterwashedstates;threewashedLOIwithoutTGunpaired. Complete12primarytextpagesandallSItext/3tables;12SIimagesunviewedunused.,verified_exact,journal_article,Own primary publisher DOI/title/authors/articlehistory and full12textpages;libraryfolder2021/DOI2020notusedasfinalpublicationyear,,,,,,,source_review_approved,ae0ed23aa47015bc320427beed9e0f0a25f96a7f22da5407eb45ae90f0724716,FRPET-g-PAA@(K/D)9,,,-18.73,0.07,9,0,,150x58,,Unreported;threeVFTrepeatsnotborrowed,NativeownLOIstandard5455retained;notcorrectedto5454withoutsourceevidence,,,,,,Ownp5definesonsetastemperatureof5percentweightloss;canonicalT5notTonset/T10,2.4,,,Unreported;TG-IRMettlerTGA2/NicoletIs50notmainTGinstrument,,,,,Ownp5maximumweightlossRATE;Table2nativeTmax;unannotatedsecondaryDTGpeaksnotestimated,,UnlabelledTable2;programend800aloneinsufficient;noR800orcanonicalresidue,Roomtemperature;numericnotreported;TG-IR20Cnotborrowed,,,1.7,,,,OnlyownFRPET-g-PAAnative2.9plusminus.7;SIcoating5/8/12groupsnotassignedprimary6/9/3/9/hybrid6+3,,,,Primaryunreported;SITableS2native6000mg/ginvalidphysicalunit;retainednotcorrected,,,,,OwnTable1wtpercentKH5501/SBEbetaCD0.5/DDP0.1 versus prosePDFp4molL1/5/.5conflict;exactbathconcentrationunknown;notresolvedbyinvention,,"Official publisher Article In Press,accepted2020-10-17;native final volume/pages xxx;definitive VOR not reviewed",,Ownmaterials/processPDFp2-3;Table1p3;TGTable2p6;LOITable3p7;SIidentity/recipeconflictTablesS1/S2,,,,,,,,22.1,0.4,,,,,OwnpublisherPII;allsixauthors/distinctFRPET/PAA/KH550/SBEbetaCD/DDP/captionsmatch;drafttitlevariantnotverbatimprimarytitle,Construction of nano-multilayer coatings on copolyester fabrics using UV-grafting mediated layer-by-layer self-assembly for improved anti-droplet and flame retardent performance,Nativeplusminusquantity;SD/SEdefinitionandrepeatsunreported,https://doi.org/10.1016/j.polymdegradstab.2020.109405,OfficialpublisherPII/nativeDOCX2001510055bytes;allXMLbodytextandTablesS1/S2/S3reviewed;12embeddedimagesunviewedunused;SIrelateddrafttitlevariantnotverbatimmatch;allsixauthorsanddistinctFRPET/PAA/KH550/SBEbetaCD/DDP/captionsmatch;recipeandphosphorusunitconflictsretained,https://ars.els-cdn.com/content/image/1-s2.0-S0141391020303347-mmc1.docx,OwnAA12wtpercent/initiator4wtpercentnativebathinacetone:DIwater2:1;liquorratio25:1presettimeunknown;nativefabricliquidratio50plusminus.5percent;UV10min;UVdoseunreported;PAAaddon2.9plusminus.7percent;KH550positivepH3.5first5min/negativeSBEbetaCDorDDPpH9.5first5min/DIrinseeachstep;subsequent3min;sourceK/S0K/D9bilayers;80Cdry,Own named initial fabricated group,,Owninitial0durabilitycycles;preparationrinse/dryseparate,
10.1016/j.polymdegradstab.2020.109405,DyniscoOxygenIndexApparatus,OwnTable3PDFp7;methodPDFp3,36.1,NativeGB/T5455-1997,0.2,,,,,,,,,,,,,,,,391.2,,NetzschTG209F1,800,OwnTable2PDFp6;methodPDFp3;T5/TmaxdefinitionPDFp5,,426.7,,,,,N2,,,,OwnPET-co-CEPPAfabric/FRPET-g-PAA@(K/S+K/D)6+3;nativecoatinggroupsnotSI5/8/12;backboneconcentrationunknown,TG+LOI,2026-10-03,Codex complete primary and official supplementary text/tables;one primary reviewer,10,Polymer Degradation and Stability,"BackboneCEPPAcontentunreportedprimary;SI6000mg/gphysicallyinvalidunitnotcorrectedtopppm. Table1bathwtpercentKH5501/SBEbetaCD.5/DDP.1conflictswithprosep4molL1/5/.5;bothretained,exactbathconcentrationunresolved. NamedprimarygroupsTG/LOImatchexplicitTables1/2/3;SIK/S5/hybrid5+3/K/D12differentgroupsnotaliased. MainTGmass/pan/flowunreported. Native±basisunreportednotSD;VFT3repeatsnotassumedLOIorTGreplicates. Table2TGresidueTEMPunlabellednotR800fromprogramend;allcanonicalresidueblank. NativeLOIstandardGB/T5455-1997retainednotcorrectedto5454. NativeArticleInPressaccepted2020-10-17notfinalVOR;yearblank. SI12imagesunviewedunused;alltext/3tablesread.",,polyester,"Own laboratory PET-co-CEPPA160gsm copolyester fabric,FRPET;not pure PET or resin specimen","Own laboratory PET-co-CEPPA160gsm copolyester fabric,FRPET;not pure PET or resin specimen","Own laboratory PET-co-CEPPA160gsm copolyester fabric,FRPET;not pure PET or resin specimen",,,tabulated,OwnprimaryTables1/2/3andFig5explicitlyshareseveninitialFRPET160gsmfabricgroupnames. Control/PAA/K/S6/K/S9/K/D3/K/D9/hybrid6+3areownformulations;noSI5/8/12alias. NativeN210C/minT5/maximumrateTmaxexactmeansjoinownTable3LOI;temperature-unboundresidueleftuncanonicalized. Recipesourceconflictsandbackboneunituncertaintyexplicit;noquantitativecompositioninferred. Initialgroupsnot5/10/20waterwashedstates;threewashedLOIwithoutTGunpaired. Complete12primarytextpagesandallSItext/3tables;12SIimagesunviewedunused.,verified_exact,journal_article,Own primary publisher DOI/title/authors/articlehistory and full12textpages;libraryfolder2021/DOI2020notusedasfinalpublicationyear,,,,,,,source_review_approved,122c265356bdfd7ea26261eb0de7095a2a555a7a35aa49121699a719a70a0c3f,FRPET-g-PAA@(K/S+K/D)6+3,,,-18.63,0.06,3,6,,150x58,,Unreported;threeVFTrepeatsnotborrowed,NativeownLOIstandard5455retained;notcorrectedto5454withoutsourceevidence,,,,,,Ownp5definesonsetastemperatureof5percentweightloss;canonicalT5notTonset/T10,2.6,,,Unreported;TG-IRMettlerTGA2/NicoletIs50notmainTGinstrument,,,,,Ownp5maximumweightlossRATE;Table2nativeTmax;unannotatedsecondaryDTGpeaksnotestimated,,UnlabelledTable2;programend800aloneinsufficient;noR800orcanonicalresidue,Roomtemperature;numericnotreported;TG-IR20Cnotborrowed,,,2.1,,,,OnlyownFRPET-g-PAAnative2.9plusminus.7;SIcoating5/8/12groupsnotassignedprimary6/9/3/9/hybrid6+3,,,,Primaryunreported;SITableS2native6000mg/ginvalidphysicalunit;retainednotcorrected,,,,,OwnTable1wtpercentKH5501/SBEbetaCD0.5/DDP0.1 versus prosePDFp4molL1/5/.5conflict;exactbathconcentrationunknown;notresolvedbyinvention,,"Official publisher Article In Press,accepted2020-10-17;native final volume/pages xxx;definitive VOR not reviewed",,Ownmaterials/processPDFp2-3;Table1p3;TGTable2p6;LOITable3p7;SIidentity/recipeconflictTablesS1/S2,,,,,,,,23.3,0.7,,,,,OwnpublisherPII;allsixauthors/distinctFRPET/PAA/KH550/SBEbetaCD/DDP/captionsmatch;drafttitlevariantnotverbatimprimarytitle,Construction of nano-multilayer coatings on copolyester fabrics using UV-grafting mediated layer-by-layer self-assembly for improved anti-droplet and flame retardent performance,Nativeplusminusquantity;SD/SEdefinitionandrepeatsunreported,https://doi.org/10.1016/j.polymdegradstab.2020.109405,OfficialpublisherPII/nativeDOCX2001510055bytes;allXMLbodytextandTablesS1/S2/S3reviewed;12embeddedimagesunviewedunused;SIrelateddrafttitlevariantnotverbatimmatch;allsixauthorsanddistinctFRPET/PAA/KH550/SBEbetaCD/DDP/captionsmatch;recipeandphosphorusunitconflictsretained,https://ars.els-cdn.com/content/image/1-s2.0-S0141391020303347-mmc1.docx,OwnAA12wtpercent/initiator4wtpercentnativebathinacetone:DIwater2:1;liquorratio25:1presettimeunknown;nativefabricliquidratio50plusminus.5percent;UV10min;UVdoseunreported;PAAaddon2.9plusminus.7percent;KH550positivepH3.5first5min/negativeSBEbetaCDorDDPpH9.5first5min/DIrinseeachstep;subsequent3min;hybridfirstK/D5minafterK/S6;sourceK/S6K/D3bilayers;80Cdry,Own named initial fabricated group,,Owninitial0durabilitycycles;preparationrinse/dryseparate,
10.1016/j.polymdegradstab.2020.109405,,OwnTable5PDFp10,30.4,,0.1,,,,,,,,,,,,,,,,,,,,OwnwashedTGunreported;initialTable2notborrowed,,,,,,,,,,,OwnhybridK/S6+K/D3onFRPET-g-PAA,Raw source facts only,2026-10-03,Codex complete primary and official supplementary text/tables;one primary reviewer,,Polymer Degradation and Stability,"BackboneCEPPAcontentunreportedprimary;SI6000mg/gphysicallyinvalidunitnotcorrectedtopppm. Table1bathwtpercentKH5501/SBEbetaCD.5/DDP.1conflictswithprosep4molL1/5/.5;bothretained,exactbathconcentrationunresolved. NamedprimarygroupsTG/LOImatchexplicitTables1/2/3;SIK/S5/hybrid5+3/K/D12differentgroupsnotaliased. MainTGmass/pan/flowunreported. Native±basisunreportednotSD;VFT3repeatsnotassumedLOIorTGreplicates. Table2TGresidueTEMPunlabellednotR800fromprogramend;allcanonicalresidueblank. NativeLOIstandardGB/T5455-1997retainednotcorrectedto5454. NativeArticleInPressaccepted2020-10-17notfinalVOR;yearblank. SI12imagesunviewedunused;alltext/3tablesread.",,polyester,"Own laboratory PET-co-CEPPA160gsm copolyester fabric,FRPET;not pure PET or resin specimen","Own laboratory PET-co-CEPPA160gsm copolyester fabric,FRPET;not pure PET or resin specimen","Own laboratory PET-co-CEPPA160gsm copolyester fabric,FRPET;not pure PET or resin specimen",,,held_source_facts,,held_washed_LOI_without_own_TG,journal_article,Own primary publisher DOI/title/authors/articlehistory and full12textpages;libraryfolder2021/DOI2020notusedasfinalpublicationyear,,,,,,,held_outside_verified_target,,FRPET-g-PAA@(K/S+K/D)6+3 after5nativewaterwashcycles,,,,,,,,,,,,,,,,,,,,,,,,,,,,,,,,,,,,,,,,,,,,,,,"Official publisher Article In Press,accepted2020-10-17;native final volume/pages xxx;definitive VOR not reviewed",,OwnwaterresistancemethodPDFp9-10;Table5p10,,,,,,,,,,NativeTable5wash0LOI36.1repeatsinitialhybridnotextrasample;washedTGmissing,,,,OwnpublisherPII;allsixauthors/distinctFRPET/PAA/KH550/SBEbetaCD/DDP/captionsmatch;drafttitlevariantnotverbatimprimarytitle,Construction of nano-multilayer coatings on copolyester fabrics using UV-grafting mediated layer-by-layer self-assembly for improved anti-droplet and flame retardent performance,,https://doi.org/10.1016/j.polymdegradstab.2020.109405,OfficialpublisherPII/nativeDOCX2001510055bytes;allXMLbodytextandTablesS1/S2/S3reviewed;12embeddedimagesunviewedunused;SIrelateddrafttitlevariantnotverbatimmatch;allsixauthorsanddistinctFRPET/PAA/KH550/SBEbetaCD/DDP/captionsmatch;recipeandphosphorusunitconflictsretained,https://ars.els-cdn.com/content/image/1-s2.0-S0141391020303347-mmc1.docx,,After5nativewaterwashcycles,,Ownwaterimpregnationpresettime/tempunknown;rinsed/dried;5nativecyclesnotAATCCequivalenthomecycles,
10.1016/j.polymdegradstab.2020.109405,,OwnTable5PDFp10,26.4,,0.3,,,,,,,,,,,,,,,,,,,,OwnwashedTGunreported;initialTable2notborrowed,,,,,,,,,,,OwnhybridK/S6+K/D3onFRPET-g-PAA,Raw source facts only,2026-10-03,Codex complete primary and official supplementary text/tables;one primary reviewer,,Polymer Degradation and Stability,"BackboneCEPPAcontentunreportedprimary;SI6000mg/gphysicallyinvalidunitnotcorrectedtopppm. Table1bathwtpercentKH5501/SBEbetaCD.5/DDP.1conflictswithprosep4molL1/5/.5;bothretained,exactbathconcentrationunresolved. NamedprimarygroupsTG/LOImatchexplicitTables1/2/3;SIK/S5/hybrid5+3/K/D12differentgroupsnotaliased. MainTGmass/pan/flowunreported. Native±basisunreportednotSD;VFT3repeatsnotassumedLOIorTGreplicates. Table2TGresidueTEMPunlabellednotR800fromprogramend;allcanonicalresidueblank. NativeLOIstandardGB/T5455-1997retainednotcorrectedto5454. NativeArticleInPressaccepted2020-10-17notfinalVOR;yearblank. SI12imagesunviewedunused;alltext/3tablesread.",,polyester,"Own laboratory PET-co-CEPPA160gsm copolyester fabric,FRPET;not pure PET or resin specimen","Own laboratory PET-co-CEPPA160gsm copolyester fabric,FRPET;not pure PET or resin specimen","Own laboratory PET-co-CEPPA160gsm copolyester fabric,FRPET;not pure PET or resin specimen",,,held_source_facts,,held_washed_LOI_without_own_TG,journal_article,Own primary publisher DOI/title/authors/articlehistory and full12textpages;libraryfolder2021/DOI2020notusedasfinalpublicationyear,,,,,,,held_outside_verified_target,,FRPET-g-PAA@(K/S+K/D)6+3 after10nativewaterwashcycles,,,,,,,,,,,,,,,,,,,,,,,,,,,,,,,,,,,,,,,,,,,,,,,"Official publisher Article In Press,accepted2020-10-17;native final volume/pages xxx;definitive VOR not reviewed",,OwnwaterresistancemethodPDFp9-10;Table5p10,,,,,,,,,,NativeTable5wash0LOI36.1repeatsinitialhybridnotextrasample;washedTGmissing,,,,OwnpublisherPII;allsixauthors/distinctFRPET/PAA/KH550/SBEbetaCD/DDP/captionsmatch;drafttitlevariantnotverbatimprimarytitle,Construction of nano-multilayer coatings on copolyester fabrics using UV-grafting mediated layer-by-layer self-assembly for improved anti-droplet and flame retardent performance,,https://doi.org/10.1016/j.polymdegradstab.2020.109405,OfficialpublisherPII/nativeDOCX2001510055bytes;allXMLbodytextandTablesS1/S2/S3reviewed;12embeddedimagesunviewedunused;SIrelateddrafttitlevariantnotverbatimmatch;allsixauthorsanddistinctFRPET/PAA/KH550/SBEbetaCD/DDP/captionsmatch;recipeandphosphorusunitconflictsretained,https://ars.els-cdn.com/content/image/1-s2.0-S0141391020303347-mmc1.docx,,After10nativewaterwashcycles,,Ownwaterimpregnationpresettime/tempunknown;rinsed/dried;10nativecyclesnotAATCCequivalenthomecycles,
10.1016/j.polymdegradstab.2020.109405,,OwnTable5PDFp10,29,,0.1,,,,,,,,,,,,,,,,,,,,OwnwashedTGunreported;initialTable2notborrowed,,,,,,,,,,,OwnhybridK/S6+K/D3onFRPET-g-PAA,Raw source facts only,2026-10-03,Codex complete primary and official supplementary text/tables;one primary reviewer,,Polymer Degradation and Stability,"BackboneCEPPAcontentunreportedprimary;SI6000mg/gphysicallyinvalidunitnotcorrectedtopppm. Table1bathwtpercentKH5501/SBEbetaCD.5/DDP.1conflictswithprosep4molL1/5/.5;bothretained,exactbathconcentrationunresolved. NamedprimarygroupsTG/LOImatchexplicitTables1/2/3;SIK/S5/hybrid5+3/K/D12differentgroupsnotaliased. MainTGmass/pan/flowunreported. Native±basisunreportednotSD;VFT3repeatsnotassumedLOIorTGreplicates. Table2TGresidueTEMPunlabellednotR800fromprogramend;allcanonicalresidueblank. NativeLOIstandardGB/T5455-1997retainednotcorrectedto5454. NativeArticleInPressaccepted2020-10-17notfinalVOR;yearblank. SI12imagesunviewedunused;alltext/3tablesread.",,polyester,"Own laboratory PET-co-CEPPA160gsm copolyester fabric,FRPET;not pure PET or resin specimen","Own laboratory PET-co-CEPPA160gsm copolyester fabric,FRPET;not pure PET or resin specimen","Own laboratory PET-co-CEPPA160gsm copolyester fabric,FRPET;not pure PET or resin specimen",,,held_source_facts,,held_washed_LOI_without_own_TG,journal_article,Own primary publisher DOI/title/authors/articlehistory and full12textpages;libraryfolder2021/DOI2020notusedasfinalpublicationyear,,,,,,,held_outside_verified_target,,FRPET-g-PAA@(K/S+K/D)6+3 after20nativewaterwashcycles,,,,,,,,,,,,,,,,,,,,,,,,,,,,,,,,,,,,,,,,,,,,,,,"Official publisher Article In Press,accepted2020-10-17;native final volume/pages xxx;definitive VOR not reviewed",,OwnwaterresistancemethodPDFp9-10;Table5p10,,,,,,,,,,NativeTable5wash0LOI36.1repeatsinitialhybridnotextrasample;washedTGmissing,,,,OwnpublisherPII;allsixauthors/distinctFRPET/PAA/KH550/SBEbetaCD/DDP/captionsmatch;drafttitlevariantnotverbatimprimarytitle,Construction of nano-multilayer coatings on copolyester fabrics using UV-grafting mediated layer-by-layer self-assembly for improved anti-droplet and flame retardent performance,,https://doi.org/10.1016/j.polymdegradstab.2020.109405,OfficialpublisherPII/nativeDOCX2001510055bytes;allXMLbodytextandTablesS1/S2/S3reviewed;12embeddedimagesunviewedunused;SIrelateddrafttitlevariantnotverbatimmatch;allsixauthorsanddistinctFRPET/PAA/KH550/SBEbetaCD/DDP/captionsmatch;recipeandphosphorusunitconflictsretained,https://ars.els-cdn.com/content/image/1-s2.0-S0141391020303347-mmc1.docx,,After20nativewaterwashcycles,,Ownwaterimpregnationpresettime/tempunknown;rinsed/dried;20nativecyclesnotAATCCequivalenthomecycles,
10.1016/j.eurpolymj.2021.110320,"HC-2,JiangningAnalysisInstrumentChina",OwnTable3PDFp7;methodPDFp4,18.5,ASTMD2863-19,,,,,,,,,2.97,,,,,,,,363,,"Q5000IR,TAInstruments",,OwnTable5PDFp9;Fig8PDFp8;methodPDFp4,,456.1,561.5,,,,air,,2.97,700,OwnscouredPA6.6control,TG+LOI,2026-10-03,Codex complete primary text and exact table review;one primary reviewer,20,European Polymer Journal,"PCSprose0.5wtpercentvsTable1CPCS5Wpercent;MEprose0.1wtpercentvsTable1CME1Wpercent;exactbathconcentrationsunresolvednotcorrected. QuartetorderCS/ME-OSA-CS/ME-PAversusprocesslastCS-PA-CS-OSAconflict;exactinitialsequenceunknown. NativeWGformula(A0-A1)/A0definesA0/A1asweightgainpercenttreated/pure;notconventionalbaseline(Wt-W0)/W0;reportedWGnotreinterpretedascomposition. UVdurationandinitiator4wtpercentbasisunknown;80W/cm340-360nmAIRreported. MainTGflow/start/endunknown;TGIR55mL/min5mgnotborrowed. LOIreplicates/uncertaintyunreported;native8QLprose23versusTable3/abstract/conclusion23.5retained,exacttable23.5used. R700notR800orprogramendpoint;waternotunannotateddecompositionpeak. FourwashedverticalonlyfactsNOwashedTG/LOI. NoSIcitedinall13primarytextpages;noimagesused.",,polyamide,"Own100%PA6.6 woven fabric,100gsm,SuzhouXinganlingTextileJiangsu;previouslyscoured;weaveunspecified","Own100%PA6.6 woven fabric,100gsm,SuzhouXinganlingTextileJiangsu;previouslyscoured;weaveunspecified","Own100%PA6.6 woven fabric,100gsm,SuzhouXinganlingTextileJiangsu;previouslyscoured;weaveunspecified",,,tabulated,OwnfiveinitialPA6.6woven100gsmSuzhougroupssameexactlabelsTable1/LOITable3/TGTable5. Q5000IRmain20C/min3-5mgopenaluminapanN2/AIR;T5/chronologicalDTGmaxima/R700ownexacttabledata. PCSonlydistinct2/4/8quadralayergroups;unknownbathconcentration/order/WGbasis/UVdurationretainedaslimitsnotrepaired. Initialpreparationrinsesnot20durabilitycycles. AIRcharoxidationpeaksseparatefromtreatedN2secondpeaks;controldashesnotzero. All13primarytextpagesreviewed;noSIcited;noimagesorcurvedigitizationused.,verified_exact,journal_article,OwncoverDOI/title/authors/journal1472021article110320;all13primarytextpagesreviewed,,,,,2.97,700,source_review_approved,2ce005cff7b38509e12a448e819087996618f8eba4fc2091c0d885a0d7c6a08e,PA6.6 Control,,,,,,,Nativeprose23percent;ownTable3/abstract/conclusion23.5percent;explicitTablevalueusednotaveraged,150x58,,Unreported,,Unreported,0,,,,OwnPDFp8initialdegradationtemperatureatspecificapproximately5percentmassloss;notT10/Tonset,,Unreported;TGIR55mL/min5mgseparate;R700notinferredprogramend,3-5,,,,Openaluminapan,,OwnPDFp8maximumMASSLOSSRATEatdifferentdecompositionstages;chronologicalnativeTmax1/Tmax2/Tmax3,,,,Physicallyabsorbedwatermentionedinstageassignmentnotseparatelyannotatednumericpeak;noestimatedlowTpeak,,,,OwnEq1PDFp3(A0-A1)/A0;A0/A1definedweightgainpercenttreated/pure;denominator/basisambiguousnotcorrected,,,,,,,,,,,,,"Own complete publisher version of record,147(2021)110320",,Ownmaterials/preparationPDFp2-3;recipe/WGTable1p3;methodsPDFp4;LOITable3p7;TGTable5p9,,,,,,,,,,,PCS5vs0.5/ME1vs0.1wtpercentTable1vsprose;quartetorderconflict;unknownactualconcentrations/sequence,,0,,Bio-inspired and dual interaction-based layer-by-layer assembled coatings for superior flame retardancy and hydrophilicity of polyamide 6.6 textiles,,https://doi.org/10.1016/j.eurpolymj.2021.110320,NoSIcitedincomplete13pageprimarytext;noSIvalueused,,OwnpreviouslyscouredPA66wovenfabric,Owninitialnamedcontrol/PCS/QLgroup beforedurabilitywashing,,Owninitial0durabilitycycles;previouslyscouredcontrol,2021
10.1016/j.eurpolymj.2021.110320,"HC-2,JiangningAnalysisInstrumentChina",OwnTable3PDFp7;methodPDFp4,18.5,ASTMD2863-19,,,,,,,,,4.15,,,,,,,,389,,"Q5000IR,TAInstruments",,OwnTable5PDFp9;Fig8PDFp8;methodPDFp4,,436.1,,,,,N2,,4.15,700,OwnscouredPA6.6control,TG+LOI,2026-10-03,Codex complete primary text and exact table review;one primary reviewer,20,European Polymer Journal,"PCSprose0.5wtpercentvsTable1CPCS5Wpercent;MEprose0.1wtpercentvsTable1CME1Wpercent;exactbathconcentrationsunresolvednotcorrected. QuartetorderCS/ME-OSA-CS/ME-PAversusprocesslastCS-PA-CS-OSAconflict;exactinitialsequenceunknown. NativeWGformula(A0-A1)/A0definesA0/A1asweightgainpercenttreated/pure;notconventionalbaseline(Wt-W0)/W0;reportedWGnotreinterpretedascomposition. UVdurationandinitiator4wtpercentbasisunknown;80W/cm340-360nmAIRreported. MainTGflow/start/endunknown;TGIR55mL/min5mgnotborrowed. LOIreplicates/uncertaintyunreported;native8QLprose23versusTable3/abstract/conclusion23.5retained,exacttable23.5used. R700notR800orprogramendpoint;waternotunannotateddecompositionpeak. FourwashedverticalonlyfactsNOwashedTG/LOI. NoSIcitedinall13primarytextpages;noimagesused.",,polyamide,"Own100%PA6.6 woven fabric,100gsm,SuzhouXinganlingTextileJiangsu;previouslyscoured;weaveunspecified","Own100%PA6.6 woven fabric,100gsm,SuzhouXinganlingTextileJiangsu;previouslyscoured;weaveunspecified","Own100%PA6.6 woven fabric,100gsm,SuzhouXinganlingTextileJiangsu;previouslyscoured;weaveunspecified",,,tabulated,OwnfiveinitialPA6.6woven100gsmSuzhougroupssameexactlabelsTable1/LOITable3/TGTable5. Q5000IRmain20C/min3-5mgopenaluminapanN2/AIR;T5/chronologicalDTGmaxima/R700ownexacttabledata. PCSonlydistinct2/4/8quadralayergroups;unknownbathconcentration/order/WGbasis/UVdurationretainedaslimitsnotrepaired. Initialpreparationrinsesnot20durabilitycycles. AIRcharoxidationpeaksseparatefromtreatedN2secondpeaks;controldashesnotzero. All13primarytextpagesreviewed;noSIcited;noimagesorcurvedigitizationused.,verified_exact,journal_article,OwncoverDOI/title/authors/journal1472021article110320;all13primarytextpagesreviewed,,,,,4.15,700,source_review_approved,c898ed0f8765b2f7643bc2337ccd2b6623fa773c8f570094277ed48b233a8972,PA6.6 Control,,,,,,,Nativeprose23percent;ownTable3/abstract/conclusion23.5percent;explicitTablevalueusednotaveraged,150x58,,Unreported,,Unreported,0,,,,OwnPDFp8initialdegradationtemperatureatspecificapproximately5percentmassloss;notT10/Tonset,,Unreported;TGIR55mL/min5mgseparate;R700notinferredprogramend,3-5,,,,Openaluminapan,,OwnPDFp8maximumMASSLOSSRATEatdifferentdecompositionstages;chronologicalnativeTmax1/Tmax2/Tmax3,,,,Physicallyabsorbedwatermentionedinstageassignmentnotseparatelyannotatednumericpeak;noestimatedlowTpeak,,,,OwnEq1PDFp3(A0-A1)/A0;A0/A1definedweightgainpercenttreated/pure;denominator/basisambiguousnotcorrected,,,,,,,,,,,,,"Own complete publisher version of record,147(2021)110320",,Ownmaterials/preparationPDFp2-3;recipe/WGTable1p3;methodsPDFp4;LOITable3p7;TGTable5p9,,,,,,,,,,,PCS5vs0.5/ME1vs0.1wtpercentTable1vsprose;quartetorderconflict;unknownactualconcentrations/sequence,,0,,Bio-inspired and dual interaction-based layer-by-layer assembled coatings for superior flame retardancy and hydrophilicity of polyamide 6.6 textiles,,https://doi.org/10.1016/j.eurpolymj.2021.110320,NoSIcitedincomplete13pageprimarytext;noSIvalueused,,OwnpreviouslyscouredPA66wovenfabric,Owninitialnamedcontrol/PCS/QLgroup beforedurabilitywashing,,Owninitial0durabilitycycles;previouslyscouredcontrol,2021
10.1016/j.eurpolymj.2021.110320,"HC-2,JiangningAnalysisInstrumentChina",OwnTable3PDFp7;methodPDFp4,20.5,ASTMD2863-19,,,,,,,,,3.13,,,,,,,,343,,"Q5000IR,TAInstruments",,OwnTable5PDFp9;Fig8PDFp8;methodPDFp4,,405.5,471,590.9,,,air,,3.13,700,OwnPA6.6/PA6.6-g-PCS;PCSgraftonly;nativebathconcentration/orderconflictsretainednotfinalfabricmassfractions,TG+LOI,2026-10-03,Codex complete primary text and exact table review;one primary reviewer,20,European Polymer Journal,"PCSprose0.5wtpercentvsTable1CPCS5Wpercent;MEprose0.1wtpercentvsTable1CME1Wpercent;exactbathconcentrationsunresolvednotcorrected. QuartetorderCS/ME-OSA-CS/ME-PAversusprocesslastCS-PA-CS-OSAconflict;exactinitialsequenceunknown. NativeWGformula(A0-A1)/A0definesA0/A1asweightgainpercenttreated/pure;notconventionalbaseline(Wt-W0)/W0;reportedWGnotreinterpretedascomposition. UVdurationandinitiator4wtpercentbasisunknown;80W/cm340-360nmAIRreported. MainTGflow/start/endunknown;TGIR55mL/min5mgnotborrowed. LOIreplicates/uncertaintyunreported;native8QLprose23versusTable3/abstract/conclusion23.5retained,exacttable23.5used. R700notR800orprogramendpoint;waternotunannotateddecompositionpeak. FourwashedverticalonlyfactsNOwashedTG/LOI. NoSIcitedinall13primarytextpages;noimagesused.",,polyamide,"Own100%PA6.6 woven fabric,100gsm,SuzhouXinganlingTextileJiangsu;previouslyscoured;weaveunspecified","Own100%PA6.6 woven fabric,100gsm,SuzhouXinganlingTextileJiangsu;previouslyscoured;weaveunspecified","Own100%PA6.6 woven fabric,100gsm,SuzhouXinganlingTextileJiangsu;previouslyscoured;weaveunspecified",,,tabulated,OwnfiveinitialPA6.6woven100gsmSuzhougroupssameexactlabelsTable1/LOITable3/TGTable5. Q5000IRmain20C/min3-5mgopenaluminapanN2/AIR;T5/chronologicalDTGmaxima/R700ownexacttabledata. PCSonlydistinct2/4/8quadralayergroups;unknownbathconcentration/order/WGbasis/UVdurationretainedaslimitsnotrepaired. Initialpreparationrinsesnot20durabilitycycles. AIRcharoxidationpeaksseparatefromtreatedN2secondpeaks;controldashesnotzero. All13primarytextpagesreviewed;noSIcited;noimagesorcurvedigitizationused.,verified_exact,journal_article,OwncoverDOI/title/authors/journal1472021article110320;all13primarytextpagesreviewed,,,,,3.13,700,source_review_approved,a145b64178974c67bc2943a2ea16a154b93c4992636fcf647cd4ad53810065c7,PA6.6-g-PCS,,,,,,,Nativeprose23percent;ownTable3/abstract/conclusion23.5percent;explicitTablevalueusednotaveraged,150x58,,Unreported,,Unreported,0,,,,OwnPDFp8initialdegradationtemperatureatspecificapproximately5percentmassloss;notT10/Tonset,,Unreported;TGIR55mL/min5mgseparate;R700notinferredprogramend,3-5,,,,Openaluminapan,,OwnPDFp8maximumMASSLOSSRATEatdifferentdecompositionstages;chronologicalnativeTmax1/Tmax2/Tmax3,,,,Physicallyabsorbedwatermentionedinstageassignmentnotseparatelyannotatednumericpeak;noestimatedlowTpeak,,,,OwnEq1PDFp3(A0-A1)/A0;A0/A1definedweightgainpercenttreated/pure;denominator/basisambiguousnotcorrected,,,,,,,,,,,,,"Own complete publisher version of record,147(2021)110320",,Ownmaterials/preparationPDFp2-3;recipe/WGTable1p3;methodsPDFp4;LOITable3p7;TGTable5p9,,,0.5,5,,,,,,,PCS5vs0.5/ME1vs0.1wtpercentTable1vsprose;quartetorderconflict;unknownactualconcentrations/sequence,,2.6,,Bio-inspired and dual interaction-based layer-by-layer assembled coatings for superior flame retardancy and hydrophilicity of polyamide 6.6 textiles,,https://doi.org/10.1016/j.eurpolymj.2021.110320,NoSIcitedincomplete13pageprimarytext;noSIvalueused,,OwnPCSsynthesisCS16g86mmol/methanesulfonic128mL/P2O514.4g100.8mmol0-5C2h;etherprecipitationacetone/methanol/ether20mLeach3washes60Cvac24hdry;PCSglacialacetic2volpercent/DIwaternativeprose.5wtpercentvsTable5Wpercent;Darocur1173native4wtpercentbasisunknown2hstir;fabric80C1hsoak80C10mindry;UV80W/cm340-360nmAIRdurationunknown;DIwashonce80C30mindry,Owninitialnamedcontrol/PCS/QLgroup beforedurabilitywashing,,Owninitial0durabilitycycles;PCSonceDIwashandLbLintersteprinsesarepreparation,2021
10.1016/j.eurpolymj.2021.110320,"HC-2,JiangningAnalysisInstrumentChina",OwnTable3PDFp7;methodPDFp4,20.5,ASTMD2863-19,,,,,,,,,5.8,,,,,,,,357,,"Q5000IR,TAInstruments",,OwnTable5PDFp9;Fig8PDFp8;methodPDFp4,,398.6,461,,,,N2,,5.8,700,OwnPA6.6/PA6.6-g-PCS;PCSgraftonly;nativebathconcentration/orderconflictsretainednotfinalfabricmassfractions,TG+LOI,2026-10-03,Codex complete primary text and exact table review;one primary reviewer,20,European Polymer Journal,"PCSprose0.5wtpercentvsTable1CPCS5Wpercent;MEprose0.1wtpercentvsTable1CME1Wpercent;exactbathconcentrationsunresolvednotcorrected. QuartetorderCS/ME-OSA-CS/ME-PAversusprocesslastCS-PA-CS-OSAconflict;exactinitialsequenceunknown. NativeWGformula(A0-A1)/A0definesA0/A1asweightgainpercenttreated/pure;notconventionalbaseline(Wt-W0)/W0;reportedWGnotreinterpretedascomposition. UVdurationandinitiator4wtpercentbasisunknown;80W/cm340-360nmAIRreported. MainTGflow/start/endunknown;TGIR55mL/min5mgnotborrowed. LOIreplicates/uncertaintyunreported;native8QLprose23versusTable3/abstract/conclusion23.5retained,exacttable23.5used. R700notR800orprogramendpoint;waternotunannotateddecompositionpeak. FourwashedverticalonlyfactsNOwashedTG/LOI. NoSIcitedinall13primarytextpages;noimagesused.",,polyamide,"Own100%PA6.6 woven fabric,100gsm,SuzhouXinganlingTextileJiangsu;previouslyscoured;weaveunspecified","Own100%PA6.6 woven fabric,100gsm,SuzhouXinganlingTextileJiangsu;previouslyscoured;weaveunspecified","Own100%PA6.6 woven fabric,100gsm,SuzhouXinganlingTextileJiangsu;previouslyscoured;weaveunspecified",,,tabulated,OwnfiveinitialPA6.6woven100gsmSuzhougroupssameexactlabelsTable1/LOITable3/TGTable5. Q5000IRmain20C/min3-5mgopenaluminapanN2/AIR;T5/chronologicalDTGmaxima/R700ownexacttabledata. PCSonlydistinct2/4/8quadralayergroups;unknownbathconcentration/order/WGbasis/UVdurationretainedaslimitsnotrepaired. Initialpreparationrinsesnot20durabilitycycles. AIRcharoxidationpeaksseparatefromtreatedN2secondpeaks;controldashesnotzero. All13primarytextpagesreviewed;noSIcited;noimagesorcurvedigitizationused.,verified_exact,journal_article,OwncoverDOI/title/authors/journal1472021article110320;all13primarytextpagesreviewed,,,,,5.8,700,source_review_approved,c38d166b99a6a3ae82437975f93709d3fd4486d164f7388c0e7a9295cc43e0d8,PA6.6-g-PCS,,,,,,,Nativeprose23percent;ownTable3/abstract/conclusion23.5percent;explicitTablevalueusednotaveraged,150x58,,Unreported,,Unreported,0,,,,OwnPDFp8initialdegradationtemperatureatspecificapproximately5percentmassloss;notT10/Tonset,,Unreported;TGIR55mL/min5mgseparate;R700notinferredprogramend,3-5,,,,Openaluminapan,,OwnPDFp8maximumMASSLOSSRATEatdifferentdecompositionstages;chronologicalnativeTmax1/Tmax2/Tmax3,,,,Physicallyabsorbedwatermentionedinstageassignmentnotseparatelyannotatednumericpeak;noestimatedlowTpeak,,,,OwnEq1PDFp3(A0-A1)/A0;A0/A1definedweightgainpercenttreated/pure;denominator/basisambiguousnotcorrected,,,,,,,,,,,,,"Own complete publisher version of record,147(2021)110320",,Ownmaterials/preparationPDFp2-3;recipe/WGTable1p3;methodsPDFp4;LOITable3p7;TGTable5p9,,,0.5,5,,,,,,,PCS5vs0.5/ME1vs0.1wtpercentTable1vsprose;quartetorderconflict;unknownactualconcentrations/sequence,,2.6,,Bio-inspired and dual interaction-based layer-by-layer assembled coatings for superior flame retardancy and hydrophilicity of polyamide 6.6 textiles,,https://doi.org/10.1016/j.eurpolymj.2021.110320,NoSIcitedincomplete13pageprimarytext;noSIvalueused,,OwnPCSsynthesisCS16g86mmol/methanesulfonic128mL/P2O514.4g100.8mmol0-5C2h;etherprecipitationacetone/methanol/ether20mLeach3washes60Cvac24hdry;PCSglacialacetic2volpercent/DIwaternativeprose.5wtpercentvsTable5Wpercent;Darocur1173native4wtpercentbasisunknown2hstir;fabric80C1hsoak80C10mindry;UV80W/cm340-360nmAIRdurationunknown;DIwashonce80C30mindry,Owninitialnamedcontrol/PCS/QLgroup beforedurabilitywashing,,Owninitial0durabilitycycles;PCSonceDIwashandLbLintersteprinsesarepreparation,2021
10.1016/j.eurpolymj.2021.110320,"HC-2,JiangningAnalysisInstrumentChina",OwnTable3PDFp7;methodPDFp4,22,ASTMD2863-19,,,,,,,,,4.05,,,,,,,,324,,"Q5000IR,TAInstruments",,OwnTable5PDFp9;Fig8PDFp8;methodPDFp4,,397.1,465.2,605.5,,,air,,4.05,700,OwnPA6.6/PA6.6-g-PCS-2QL;PCSgraftplusCS/ME-OSA-CS/ME-PAquadralayers;nativebathconcentration/orderconflictsretainednotfinalfabricmassfractions,TG+LOI,2026-10-03,Codex complete primary text and exact table review;one primary reviewer,20,European Polymer Journal,"PCSprose0.5wtpercentvsTable1CPCS5Wpercent;MEprose0.1wtpercentvsTable1CME1Wpercent;exactbathconcentrationsunresolvednotcorrected. QuartetorderCS/ME-OSA-CS/ME-PAversusprocesslastCS-PA-CS-OSAconflict;exactinitialsequenceunknown. NativeWGformula(A0-A1)/A0definesA0/A1asweightgainpercenttreated/pure;notconventionalbaseline(Wt-W0)/W0;reportedWGnotreinterpretedascomposition. UVdurationandinitiator4wtpercentbasisunknown;80W/cm340-360nmAIRreported. MainTGflow/start/endunknown;TGIR55mL/min5mgnotborrowed. LOIreplicates/uncertaintyunreported;native8QLprose23versusTable3/abstract/conclusion23.5retained,exacttable23.5used. R700notR800orprogramendpoint;waternotunannotateddecompositionpeak. FourwashedverticalonlyfactsNOwashedTG/LOI. NoSIcitedinall13primarytextpages;noimagesused.",,polyamide,"Own100%PA6.6 woven fabric,100gsm,SuzhouXinganlingTextileJiangsu;previouslyscoured;weaveunspecified","Own100%PA6.6 woven fabric,100gsm,SuzhouXinganlingTextileJiangsu;previouslyscoured;weaveunspecified","Own100%PA6.6 woven fabric,100gsm,SuzhouXinganlingTextileJiangsu;previouslyscoured;weaveunspecified",,,tabulated,OwnfiveinitialPA6.6woven100gsmSuzhougroupssameexactlabelsTable1/LOITable3/TGTable5. Q5000IRmain20C/min3-5mgopenaluminapanN2/AIR;T5/chronologicalDTGmaxima/R700ownexacttabledata. PCSonlydistinct2/4/8quadralayergroups;unknownbathconcentration/order/WGbasis/UVdurationretainedaslimitsnotrepaired. Initialpreparationrinsesnot20durabilitycycles. AIRcharoxidationpeaksseparatefromtreatedN2secondpeaks;controldashesnotzero. All13primarytextpagesreviewed;noSIcited;noimagesorcurvedigitizationused.,verified_exact,journal_article,OwncoverDOI/title/authors/journal1472021article110320;all13primarytextpagesreviewed,,,,,4.05,700,source_review_approved,1a80c096570855caf0b4bf617ea4030387431721133aba4dd7832a351a4dd6f5,PA6.6-g-PCS-2QL,,,,,,,Nativeprose23percent;ownTable3/abstract/conclusion23.5percent;explicitTablevalueusednotaveraged,150x58,,Unreported,,Unreported,2,,,,OwnPDFp8initialdegradationtemperatureatspecificapproximately5percentmassloss;notT10/Tonset,,Unreported;TGIR55mL/min5mgseparate;R700notinferredprogramend,3-5,,,,Openaluminapan,,OwnPDFp8maximumMASSLOSSRATEatdifferentdecompositionstages;chronologicalnativeTmax1/Tmax2/Tmax3,,,,Physicallyabsorbedwatermentionedinstageassignmentnotseparatelyannotatednumericpeak;noestimatedlowTpeak,,,,OwnEq1PDFp3(A0-A1)/A0;A0/A1definedweightgainpercenttreated/pure;denominator/basisambiguousnotcorrected,,,,,,,,,,,,,"Own complete publisher version of record,147(2021)110320",,Ownmaterials/preparationPDFp2-3;recipe/WGTable1p3;methodsPDFp4;LOITable3p7;TGTable5p9,0.1,1,0.5,5,,,,,,,PCS5vs0.5/ME1vs0.1wtpercentTable1vsprose;quartetorderconflict;unknownactualconcentrations/sequence,,7.6,,Bio-inspired and dual interaction-based layer-by-layer assembled coatings for superior flame retardancy and hydrophilicity of polyamide 6.6 textiles,,https://doi.org/10.1016/j.eurpolymj.2021.110320,NoSIcitedincomplete13pageprimarytext;noSIvalueused,,OwnPCSsynthesisCS16g86mmol/methanesulfonic128mL/P2O514.4g100.8mmol0-5C2h;etherprecipitationacetone/methanol/ether20mLeach3washes60Cvac24hdry;PCSglacialacetic2volpercent/DIwaternativeprose.5wtpercentvsTable5Wpercent;Darocur1173native4wtpercentbasisunknown2hstir;fabric80C1hsoak80C10mindry;UV80W/cm340-360nmAIRdurationunknown;DIwashonce80C30mindry;CSnative.5wtpercent/MEnativeprose.1vsTable1wtpercentpH4acetic2volpercent;OSA.5wtpercentpHunadjusted;PA2wtpercentpH4NaOH1M;12hstir;native2QL;initial5mineach/subsequent2mineach/DIrinseeachstep80C6hdry;quartetsequenceconflictretained,Owninitialnamedcontrol/PCS/QLgroup beforedurabilitywashing,,Owninitial0durabilitycycles;PCSonceDIwashandLbLintersteprinsesarepreparation,2021
10.1016/j.eurpolymj.2021.110320,"HC-2,JiangningAnalysisInstrumentChina",OwnTable3PDFp7;methodPDFp4,22,ASTMD2863-19,,,,,,,,,8.5,,,,,,,,316,,"Q5000IR,TAInstruments",,OwnTable5PDFp9;Fig8PDFp8;methodPDFp4,,396.6,462,,,,N2,,8.5,700,OwnPA6.6/PA6.6-g-PCS-2QL;PCSgraftplusCS/ME-OSA-CS/ME-PAquadralayers;nativebathconcentration/orderconflictsretainednotfinalfabricmassfractions,TG+LOI,2026-10-03,Codex complete primary text and exact table review;one primary reviewer,20,European Polymer Journal,"PCSprose0.5wtpercentvsTable1CPCS5Wpercent;MEprose0.1wtpercentvsTable1CME1Wpercent;exactbathconcentrationsunresolvednotcorrected. QuartetorderCS/ME-OSA-CS/ME-PAversusprocesslastCS-PA-CS-OSAconflict;exactinitialsequenceunknown. NativeWGformula(A0-A1)/A0definesA0/A1asweightgainpercenttreated/pure;notconventionalbaseline(Wt-W0)/W0;reportedWGnotreinterpretedascomposition. UVdurationandinitiator4wtpercentbasisunknown;80W/cm340-360nmAIRreported. MainTGflow/start/endunknown;TGIR55mL/min5mgnotborrowed. LOIreplicates/uncertaintyunreported;native8QLprose23versusTable3/abstract/conclusion23.5retained,exacttable23.5used. R700notR800orprogramendpoint;waternotunannotateddecompositionpeak. FourwashedverticalonlyfactsNOwashedTG/LOI. NoSIcitedinall13primarytextpages;noimagesused.",,polyamide,"Own100%PA6.6 woven fabric,100gsm,SuzhouXinganlingTextileJiangsu;previouslyscoured;weaveunspecified","Own100%PA6.6 woven fabric,100gsm,SuzhouXinganlingTextileJiangsu;previouslyscoured;weaveunspecified","Own100%PA6.6 woven fabric,100gsm,SuzhouXinganlingTextileJiangsu;previouslyscoured;weaveunspecified",,,tabulated,OwnfiveinitialPA6.6woven100gsmSuzhougroupssameexactlabelsTable1/LOITable3/TGTable5. Q5000IRmain20C/min3-5mgopenaluminapanN2/AIR;T5/chronologicalDTGmaxima/R700ownexacttabledata. PCSonlydistinct2/4/8quadralayergroups;unknownbathconcentration/order/WGbasis/UVdurationretainedaslimitsnotrepaired. Initialpreparationrinsesnot20durabilitycycles. AIRcharoxidationpeaksseparatefromtreatedN2secondpeaks;controldashesnotzero. All13primarytextpagesreviewed;noSIcited;noimagesorcurvedigitizationused.,verified_exact,journal_article,OwncoverDOI/title/authors/journal1472021article110320;all13primarytextpagesreviewed,,,,,8.5,700,source_review_approved,cf2da771306d4140abd104b30a1bc343db36664dd7456a8bc38e3ca199268e22,PA6.6-g-PCS-2QL,,,,,,,Nativeprose23percent;ownTable3/abstract/conclusion23.5percent;explicitTablevalueusednotaveraged,150x58,,Unreported,,Unreported,2,,,,OwnPDFp8initialdegradationtemperatureatspecificapproximately5percentmassloss;notT10/Tonset,,Unreported;TGIR55mL/min5mgseparate;R700notinferredprogramend,3-5,,,,Openaluminapan,,OwnPDFp8maximumMASSLOSSRATEatdifferentdecompositionstages;chronologicalnativeTmax1/Tmax2/Tmax3,,,,Physicallyabsorbedwatermentionedinstageassignmentnotseparatelyannotatednumericpeak;noestimatedlowTpeak,,,,OwnEq1PDFp3(A0-A1)/A0;A0/A1definedweightgainpercenttreated/pure;denominator/basisambiguousnotcorrected,,,,,,,,,,,,,"Own complete publisher version of record,147(2021)110320",,Ownmaterials/preparationPDFp2-3;recipe/WGTable1p3;methodsPDFp4;LOITable3p7;TGTable5p9,0.1,1,0.5,5,,,,,,,PCS5vs0.5/ME1vs0.1wtpercentTable1vsprose;quartetorderconflict;unknownactualconcentrations/sequence,,7.6,,Bio-inspired and dual interaction-based layer-by-layer assembled coatings for superior flame retardancy and hydrophilicity of polyamide 6.6 textiles,,https://doi.org/10.1016/j.eurpolymj.2021.110320,NoSIcitedincomplete13pageprimarytext;noSIvalueused,,OwnPCSsynthesisCS16g86mmol/methanesulfonic128mL/P2O514.4g100.8mmol0-5C2h;etherprecipitationacetone/methanol/ether20mLeach3washes60Cvac24hdry;PCSglacialacetic2volpercent/DIwaternativeprose.5wtpercentvsTable5Wpercent;Darocur1173native4wtpercentbasisunknown2hstir;fabric80C1hsoak80C10mindry;UV80W/cm340-360nmAIRdurationunknown;DIwashonce80C30mindry;CSnative.5wtpercent/MEnativeprose.1vsTable1wtpercentpH4acetic2volpercent;OSA.5wtpercentpHunadjusted;PA2wtpercentpH4NaOH1M;12hstir;native2QL;initial5mineach/subsequent2mineach/DIrinseeachstep80C6hdry;quartetsequenceconflictretained,Owninitialnamedcontrol/PCS/QLgroup beforedurabilitywashing,,Owninitial0durabilitycycles;PCSonceDIwashandLbLintersteprinsesarepreparation,2021
10.1016/j.eurpolymj.2021.110320,"HC-2,JiangningAnalysisInstrumentChina",OwnTable3PDFp7;methodPDFp4,22.5,ASTMD2863-19,,,,,,,,,3.43,,,,,,,,276,,"Q5000IR,TAInstruments",,OwnTable5PDFp9;Fig8PDFp8;methodPDFp4,,388.7,466,598.1,,,air,,3.43,700,OwnPA6.6/PA6.6-g-PCS-4QL;PCSgraftplusCS/ME-OSA-CS/ME-PAquadralayers;nativebathconcentration/orderconflictsretainednotfinalfabricmassfractions,TG+LOI,2026-10-03,Codex complete primary text and exact table review;one primary reviewer,20,European Polymer Journal,"PCSprose0.5wtpercentvsTable1CPCS5Wpercent;MEprose0.1wtpercentvsTable1CME1Wpercent;exactbathconcentrationsunresolvednotcorrected. QuartetorderCS/ME-OSA-CS/ME-PAversusprocesslastCS-PA-CS-OSAconflict;exactinitialsequenceunknown. NativeWGformula(A0-A1)/A0definesA0/A1asweightgainpercenttreated/pure;notconventionalbaseline(Wt-W0)/W0;reportedWGnotreinterpretedascomposition. UVdurationandinitiator4wtpercentbasisunknown;80W/cm340-360nmAIRreported. MainTGflow/start/endunknown;TGIR55mL/min5mgnotborrowed. LOIreplicates/uncertaintyunreported;native8QLprose23versusTable3/abstract/conclusion23.5retained,exacttable23.5used. R700notR800orprogramendpoint;waternotunannotateddecompositionpeak. FourwashedverticalonlyfactsNOwashedTG/LOI. NoSIcitedinall13primarytextpages;noimagesused.",,polyamide,"Own100%PA6.6 woven fabric,100gsm,SuzhouXinganlingTextileJiangsu;previouslyscoured;weaveunspecified","Own100%PA6.6 woven fabric,100gsm,SuzhouXinganlingTextileJiangsu;previouslyscoured;weaveunspecified","Own100%PA6.6 woven fabric,100gsm,SuzhouXinganlingTextileJiangsu;previouslyscoured;weaveunspecified",,,tabulated,OwnfiveinitialPA6.6woven100gsmSuzhougroupssameexactlabelsTable1/LOITable3/TGTable5. Q5000IRmain20C/min3-5mgopenaluminapanN2/AIR;T5/chronologicalDTGmaxima/R700ownexacttabledata. PCSonlydistinct2/4/8quadralayergroups;unknownbathconcentration/order/WGbasis/UVdurationretainedaslimitsnotrepaired. Initialpreparationrinsesnot20durabilitycycles. AIRcharoxidationpeaksseparatefromtreatedN2secondpeaks;controldashesnotzero. All13primarytextpagesreviewed;noSIcited;noimagesorcurvedigitizationused.,verified_exact,journal_article,OwncoverDOI/title/authors/journal1472021article110320;all13primarytextpagesreviewed,,,,,3.43,700,source_review_approved,fa2ae2efff55d0d177a05e833052810ea19a96a061facaacce8a9297130c83a6,PA6.6-g-PCS-4QL,,,,,,,Nativeprose23percent;ownTable3/abstract/conclusion23.5percent;explicitTablevalueusednotaveraged,150x58,,Unreported,,Unreported,4,,,,OwnPDFp8initialdegradationtemperatureatspecificapproximately5percentmassloss;notT10/Tonset,,Unreported;TGIR55mL/min5mgseparate;R700notinferredprogramend,3-5,,,,Openaluminapan,,OwnPDFp8maximumMASSLOSSRATEatdifferentdecompositionstages;chronologicalnativeTmax1/Tmax2/Tmax3,,,,Physicallyabsorbedwatermentionedinstageassignmentnotseparatelyannotatednumericpeak;noestimatedlowTpeak,,,,OwnEq1PDFp3(A0-A1)/A0;A0/A1definedweightgainpercenttreated/pure;denominator/basisambiguousnotcorrected,,,,,,,,,,,,,"Own complete publisher version of record,147(2021)110320",,Ownmaterials/preparationPDFp2-3;recipe/WGTable1p3;methodsPDFp4;LOITable3p7;TGTable5p9,0.1,1,0.5,5,,,,,,,PCS5vs0.5/ME1vs0.1wtpercentTable1vsprose;quartetorderconflict;unknownactualconcentrations/sequence,,9.4,,Bio-inspired and dual interaction-based layer-by-layer assembled coatings for superior flame retardancy and hydrophilicity of polyamide 6.6 textiles,,https://doi.org/10.1016/j.eurpolymj.2021.110320,NoSIcitedincomplete13pageprimarytext;noSIvalueused,,OwnPCSsynthesisCS16g86mmol/methanesulfonic128mL/P2O514.4g100.8mmol0-5C2h;etherprecipitationacetone/methanol/ether20mLeach3washes60Cvac24hdry;PCSglacialacetic2volpercent/DIwaternativeprose.5wtpercentvsTable5Wpercent;Darocur1173native4wtpercentbasisunknown2hstir;fabric80C1hsoak80C10mindry;UV80W/cm340-360nmAIRdurationunknown;DIwashonce80C30mindry;CSnative.5wtpercent/MEnativeprose.1vsTable1wtpercentpH4acetic2volpercent;OSA.5wtpercentpHunadjusted;PA2wtpercentpH4NaOH1M;12hstir;native4QL;initial5mineach/subsequent2mineach/DIrinseeachstep80C6hdry;quartetsequenceconflictretained,Owninitialnamedcontrol/PCS/QLgroup beforedurabilitywashing,,Owninitial0durabilitycycles;PCSonceDIwashandLbLintersteprinsesarepreparation,2021
10.1016/j.eurpolymj.2021.110320,"HC-2,JiangningAnalysisInstrumentChina",OwnTable3PDFp7;methodPDFp4,22.5,ASTMD2863-19,,,,,,,,,8.17,,,,,,,,315,,"Q5000IR,TAInstruments",,OwnTable5PDFp9;Fig8PDFp8;methodPDFp4,,384.1,459.6,,,,N2,,8.17,700,OwnPA6.6/PA6.6-g-PCS-4QL;PCSgraftplusCS/ME-OSA-CS/ME-PAquadralayers;nativebathconcentration/orderconflictsretainednotfinalfabricmassfractions,TG+LOI,2026-10-03,Codex complete primary text and exact table review;one primary reviewer,20,European Polymer Journal,"PCSprose0.5wtpercentvsTable1CPCS5Wpercent;MEprose0.1wtpercentvsTable1CME1Wpercent;exactbathconcentrationsunresolvednotcorrected. QuartetorderCS/ME-OSA-CS/ME-PAversusprocesslastCS-PA-CS-OSAconflict;exactinitialsequenceunknown. NativeWGformula(A0-A1)/A0definesA0/A1asweightgainpercenttreated/pure;notconventionalbaseline(Wt-W0)/W0;reportedWGnotreinterpretedascomposition. UVdurationandinitiator4wtpercentbasisunknown;80W/cm340-360nmAIRreported. MainTGflow/start/endunknown;TGIR55mL/min5mgnotborrowed. LOIreplicates/uncertaintyunreported;native8QLprose23versusTable3/abstract/conclusion23.5retained,exacttable23.5used. R700notR800orprogramendpoint;waternotunannotateddecompositionpeak. FourwashedverticalonlyfactsNOwashedTG/LOI. NoSIcitedinall13primarytextpages;noimagesused.",,polyamide,"Own100%PA6.6 woven fabric,100gsm,SuzhouXinganlingTextileJiangsu;previouslyscoured;weaveunspecified","Own100%PA6.6 woven fabric,100gsm,SuzhouXinganlingTextileJiangsu;previouslyscoured;weaveunspecified","Own100%PA6.6 woven fabric,100gsm,SuzhouXinganlingTextileJiangsu;previouslyscoured;weaveunspecified",,,tabulated,OwnfiveinitialPA6.6woven100gsmSuzhougroupssameexactlabelsTable1/LOITable3/TGTable5. Q5000IRmain20C/min3-5mgopenaluminapanN2/AIR;T5/chronologicalDTGmaxima/R700ownexacttabledata. PCSonlydistinct2/4/8quadralayergroups;unknownbathconcentration/order/WGbasis/UVdurationretainedaslimitsnotrepaired. Initialpreparationrinsesnot20durabilitycycles. AIRcharoxidationpeaksseparatefromtreatedN2secondpeaks;controldashesnotzero. All13primarytextpagesreviewed;noSIcited;noimagesorcurvedigitizationused.,verified_exact,journal_article,OwncoverDOI/title/authors/journal1472021article110320;all13primarytextpagesreviewed,,,,,8.17,700,source_review_approved,fedeca763fc0ddefb36d70fdf4c59140228c35b923a1ec49f16c9c5e46bc1cdc,PA6.6-g-PCS-4QL,,,,,,,Nativeprose23percent;ownTable3/abstract/conclusion23.5percent;explicitTablevalueusednotaveraged,150x58,,Unreported,,Unreported,4,,,,OwnPDFp8initialdegradationtemperatureatspecificapproximately5percentmassloss;notT10/Tonset,,Unreported;TGIR55mL/min5mgseparate;R700notinferredprogramend,3-5,,,,Openaluminapan,,OwnPDFp8maximumMASSLOSSRATEatdifferentdecompositionstages;chronologicalnativeTmax1/Tmax2/Tmax3,,,,Physicallyabsorbedwatermentionedinstageassignmentnotseparatelyannotatednumericpeak;noestimatedlowTpeak,,,,OwnEq1PDFp3(A0-A1)/A0;A0/A1definedweightgainpercenttreated/pure;denominator/basisambiguousnotcorrected,,,,,,,,,,,,,"Own complete publisher version of record,147(2021)110320",,Ownmaterials/preparationPDFp2-3;recipe/WGTable1p3;methodsPDFp4;LOITable3p7;TGTable5p9,0.1,1,0.5,5,,,,,,,PCS5vs0.5/ME1vs0.1wtpercentTable1vsprose;quartetorderconflict;unknownactualconcentrations/sequence,,9.4,,Bio-inspired and dual interaction-based layer-by-layer assembled coatings for superior flame retardancy and hydrophilicity of polyamide 6.6 textiles,,https://doi.org/10.1016/j.eurpolymj.2021.110320,NoSIcitedincomplete13pageprimarytext;noSIvalueused,,OwnPCSsynthesisCS16g86mmol/methanesulfonic128mL/P2O514.4g100.8mmol0-5C2h;etherprecipitationacetone/methanol/ether20mLeach3washes60Cvac24hdry;PCSglacialacetic2volpercent/DIwaternativeprose.5wtpercentvsTable5Wpercent;Darocur1173native4wtpercentbasisunknown2hstir;fabric80C1hsoak80C10mindry;UV80W/cm340-360nmAIRdurationunknown;DIwashonce80C30mindry;CSnative.5wtpercent/MEnativeprose.1vsTable1wtpercentpH4acetic2volpercent;OSA.5wtpercentpHunadjusted;PA2wtpercentpH4NaOH1M;12hstir;native4QL;initial5mineach/subsequent2mineach/DIrinseeachstep80C6hdry;quartetsequenceconflictretained,Owninitialnamedcontrol/PCS/QLgroup beforedurabilitywashing,,Owninitial0durabilitycycles;PCSonceDIwashandLbLintersteprinsesarepreparation,2021
10.1016/j.eurpolymj.2021.110320,"HC-2,JiangningAnalysisInstrumentChina",OwnTable3PDFp7;methodPDFp4,23.5,ASTMD2863-19,,,,,,,,,4.27,,,,,,,,260,,"Q5000IR,TAInstruments",,OwnTable5PDFp9;Fig8PDFp8;methodPDFp4,,376.9,460.2,605,,,air,,4.27,700,OwnPA6.6/PA6.6-g-PCS-8QL;PCSgraftplusCS/ME-OSA-CS/ME-PAquadralayers;nativebathconcentration/orderconflictsretainednotfinalfabricmassfractions,TG+LOI,2026-10-03,Codex complete primary text and exact table review;one primary reviewer,20,European Polymer Journal,"PCSprose0.5wtpercentvsTable1CPCS5Wpercent;MEprose0.1wtpercentvsTable1CME1Wpercent;exactbathconcentrationsunresolvednotcorrected. QuartetorderCS/ME-OSA-CS/ME-PAversusprocesslastCS-PA-CS-OSAconflict;exactinitialsequenceunknown. NativeWGformula(A0-A1)/A0definesA0/A1asweightgainpercenttreated/pure;notconventionalbaseline(Wt-W0)/W0;reportedWGnotreinterpretedascomposition. UVdurationandinitiator4wtpercentbasisunknown;80W/cm340-360nmAIRreported. MainTGflow/start/endunknown;TGIR55mL/min5mgnotborrowed. LOIreplicates/uncertaintyunreported;native8QLprose23versusTable3/abstract/conclusion23.5retained,exacttable23.5used. R700notR800orprogramendpoint;waternotunannotateddecompositionpeak. FourwashedverticalonlyfactsNOwashedTG/LOI. NoSIcitedinall13primarytextpages;noimagesused.",,polyamide,"Own100%PA6.6 woven fabric,100gsm,SuzhouXinganlingTextileJiangsu;previouslyscoured;weaveunspecified","Own100%PA6.6 woven fabric,100gsm,SuzhouXinganlingTextileJiangsu;previouslyscoured;weaveunspecified","Own100%PA6.6 woven fabric,100gsm,SuzhouXinganlingTextileJiangsu;previouslyscoured;weaveunspecified",,,tabulated,OwnfiveinitialPA6.6woven100gsmSuzhougroupssameexactlabelsTable1/LOITable3/TGTable5. Q5000IRmain20C/min3-5mgopenaluminapanN2/AIR;T5/chronologicalDTGmaxima/R700ownexacttabledata. PCSonlydistinct2/4/8quadralayergroups;unknownbathconcentration/order/WGbasis/UVdurationretainedaslimitsnotrepaired. Initialpreparationrinsesnot20durabilitycycles. AIRcharoxidationpeaksseparatefromtreatedN2secondpeaks;controldashesnotzero. All13primarytextpagesreviewed;noSIcited;noimagesorcurvedigitizationused.,verified_exact,journal_article,OwncoverDOI/title/authors/journal1472021article110320;all13primarytextpagesreviewed,,,,,4.27,700,source_review_approved,289e962fd0649058adfa2c71082f20780c5d3db386172a92502ee85536574645,PA6.6-g-PCS-8QL,,,,,,,Nativeprose23percent;ownTable3/abstract/conclusion23.5percent;explicitTablevalueusednotaveraged,150x58,,Unreported,,Unreported,8,,,,OwnPDFp8initialdegradationtemperatureatspecificapproximately5percentmassloss;notT10/Tonset,,Unreported;TGIR55mL/min5mgseparate;R700notinferredprogramend,3-5,,,,Openaluminapan,,OwnPDFp8maximumMASSLOSSRATEatdifferentdecompositionstages;chronologicalnativeTmax1/Tmax2/Tmax3,,,,Physicallyabsorbedwatermentionedinstageassignmentnotseparatelyannotatednumericpeak;noestimatedlowTpeak,,,,OwnEq1PDFp3(A0-A1)/A0;A0/A1definedweightgainpercenttreated/pure;denominator/basisambiguousnotcorrected,,,,,,,,,,,,,"Own complete publisher version of record,147(2021)110320",,Ownmaterials/preparationPDFp2-3;recipe/WGTable1p3;methodsPDFp4;LOITable3p7;TGTable5p9,0.1,1,0.5,5,,,,,,,PCS5vs0.5/ME1vs0.1wtpercentTable1vsprose;quartetorderconflict;unknownactualconcentrations/sequence,,12.8,,Bio-inspired and dual interaction-based layer-by-layer assembled coatings for superior flame retardancy and hydrophilicity of polyamide 6.6 textiles,,https://doi.org/10.1016/j.eurpolymj.2021.110320,NoSIcitedincomplete13pageprimarytext;noSIvalueused,,OwnPCSsynthesisCS16g86mmol/methanesulfonic128mL/P2O514.4g100.8mmol0-5C2h;etherprecipitationacetone/methanol/ether20mLeach3washes60Cvac24hdry;PCSglacialacetic2volpercent/DIwaternativeprose.5wtpercentvsTable5Wpercent;Darocur1173native4wtpercentbasisunknown2hstir;fabric80C1hsoak80C10mindry;UV80W/cm340-360nmAIRdurationunknown;DIwashonce80C30mindry;CSnative.5wtpercent/MEnativeprose.1vsTable1wtpercentpH4acetic2volpercent;OSA.5wtpercentpHunadjusted;PA2wtpercentpH4NaOH1M;12hstir;native8QL;initial5mineach/subsequent2mineach/DIrinseeachstep80C6hdry;quartetsequenceconflictretained,Owninitialnamedcontrol/PCS/QLgroup beforedurabilitywashing,,Owninitial0durabilitycycles;PCSonceDIwashandLbLintersteprinsesarepreparation,2021
10.1016/j.eurpolymj.2021.110320,"HC-2,JiangningAnalysisInstrumentChina",OwnTable3PDFp7;methodPDFp4,23.5,ASTMD2863-19,,,,,,,,,10.59,,,,,,,,278,,"Q5000IR,TAInstruments",,OwnTable5PDFp9;Fig8PDFp8;methodPDFp4,,377,448.5,,,,N2,,10.59,700,OwnPA6.6/PA6.6-g-PCS-8QL;PCSgraftplusCS/ME-OSA-CS/ME-PAquadralayers;nativebathconcentration/orderconflictsretainednotfinalfabricmassfractions,TG+LOI,2026-10-03,Codex complete primary text and exact table review;one primary reviewer,20,European Polymer Journal,"PCSprose0.5wtpercentvsTable1CPCS5Wpercent;MEprose0.1wtpercentvsTable1CME1Wpercent;exactbathconcentrationsunresolvednotcorrected. QuartetorderCS/ME-OSA-CS/ME-PAversusprocesslastCS-PA-CS-OSAconflict;exactinitialsequenceunknown. NativeWGformula(A0-A1)/A0definesA0/A1asweightgainpercenttreated/pure;notconventionalbaseline(Wt-W0)/W0;reportedWGnotreinterpretedascomposition. UVdurationandinitiator4wtpercentbasisunknown;80W/cm340-360nmAIRreported. MainTGflow/start/endunknown;TGIR55mL/min5mgnotborrowed. LOIreplicates/uncertaintyunreported;native8QLprose23versusTable3/abstract/conclusion23.5retained,exacttable23.5used. R700notR800orprogramendpoint;waternotunannotateddecompositionpeak. FourwashedverticalonlyfactsNOwashedTG/LOI. NoSIcitedinall13primarytextpages;noimagesused.",,polyamide,"Own100%PA6.6 woven fabric,100gsm,SuzhouXinganlingTextileJiangsu;previouslyscoured;weaveunspecified","Own100%PA6.6 woven fabric,100gsm,SuzhouXinganlingTextileJiangsu;previouslyscoured;weaveunspecified","Own100%PA6.6 woven fabric,100gsm,SuzhouXinganlingTextileJiangsu;previouslyscoured;weaveunspecified",,,tabulated,OwnfiveinitialPA6.6woven100gsmSuzhougroupssameexactlabelsTable1/LOITable3/TGTable5. Q5000IRmain20C/min3-5mgopenaluminapanN2/AIR;T5/chronologicalDTGmaxima/R700ownexacttabledata. PCSonlydistinct2/4/8quadralayergroups;unknownbathconcentration/order/WGbasis/UVdurationretainedaslimitsnotrepaired. Initialpreparationrinsesnot20durabilitycycles. AIRcharoxidationpeaksseparatefromtreatedN2secondpeaks;controldashesnotzero. All13primarytextpagesreviewed;noSIcited;noimagesorcurvedigitizationused.,verified_exact,journal_article,OwncoverDOI/title/authors/journal1472021article110320;all13primarytextpagesreviewed,,,,,10.59,700,source_review_approved,5f485f3b0bd0c06203eeaedc91ebcded5f6063199c40be8c67b454afb78e4df7,PA6.6-g-PCS-8QL,,,,,,,Nativeprose23percent;ownTable3/abstract/conclusion23.5percent;explicitTablevalueusednotaveraged,150x58,,Unreported,,Unreported,8,,,,OwnPDFp8initialdegradationtemperatureatspecificapproximately5percentmassloss;notT10/Tonset,,Unreported;TGIR55mL/min5mgseparate;R700notinferredprogramend,3-5,,,,Openaluminapan,,OwnPDFp8maximumMASSLOSSRATEatdifferentdecompositionstages;chronologicalnativeTmax1/Tmax2/Tmax3,,,,Physicallyabsorbedwatermentionedinstageassignmentnotseparatelyannotatednumericpeak;noestimatedlowTpeak,,,,OwnEq1PDFp3(A0-A1)/A0;A0/A1definedweightgainpercenttreated/pure;denominator/basisambiguousnotcorrected,,,,,,,,,,,,,"Own complete publisher version of record,147(2021)110320",,Ownmaterials/preparationPDFp2-3;recipe/WGTable1p3;methodsPDFp4;LOITable3p7;TGTable5p9,0.1,1,0.5,5,,,,,,,PCS5vs0.5/ME1vs0.1wtpercentTable1vsprose;quartetorderconflict;unknownactualconcentrations/sequence,,12.8,,Bio-inspired and dual interaction-based layer-by-layer assembled coatings for superior flame retardancy and hydrophilicity of polyamide 6.6 textiles,,https://doi.org/10.1016/j.eurpolymj.2021.110320,NoSIcitedincomplete13pageprimarytext;noSIvalueused,,OwnPCSsynthesisCS16g86mmol/methanesulfonic128mL/P2O514.4g100.8mmol0-5C2h;etherprecipitationacetone/methanol/ether20mLeach3washes60Cvac24hdry;PCSglacialacetic2volpercent/DIwaternativeprose.5wtpercentvsTable5Wpercent;Darocur1173native4wtpercentbasisunknown2hstir;fabric80C1hsoak80C10mindry;UV80W/cm340-360nmAIRdurationunknown;DIwashonce80C30mindry;CSnative.5wtpercent/MEnativeprose.1vsTable1wtpercentpH4acetic2volpercent;OSA.5wtpercentpHunadjusted;PA2wtpercentpH4NaOH1M;12hstir;native8QL;initial5mineach/subsequent2mineach/DIrinseeachstep80C6hdry;quartetsequenceconflictretained,Owninitialnamedcontrol/PCS/QLgroup beforedurabilitywashing,,Owninitial0durabilitycycles;PCSonceDIwashandLbLintersteprinsesarepreparation,2021
10.1016/j.eurpolymj.2021.110320,,OwnwashedLOIunreported;initialTable3notborrowed,,,,,,,,,,,,,,,,,,,,,,,OwnwashedTGunreported;initialTable5notborrowed,,,,,,,,,,,OwnPA6.6/PA6.6-g-PCS,Raw source facts only,2026-10-03,Codex complete primary text and exact table review;one primary reviewer,,European Polymer Journal,"PCSprose0.5wtpercentvsTable1CPCS5Wpercent;MEprose0.1wtpercentvsTable1CME1Wpercent;exactbathconcentrationsunresolvednotcorrected. QuartetorderCS/ME-OSA-CS/ME-PAversusprocesslastCS-PA-CS-OSAconflict;exactinitialsequenceunknown. NativeWGformula(A0-A1)/A0definesA0/A1asweightgainpercenttreated/pure;notconventionalbaseline(Wt-W0)/W0;reportedWGnotreinterpretedascomposition. UVdurationandinitiator4wtpercentbasisunknown;80W/cm340-360nmAIRreported. MainTGflow/start/endunknown;TGIR55mL/min5mgnotborrowed. LOIreplicates/uncertaintyunreported;native8QLprose23versusTable3/abstract/conclusion23.5retained,exacttable23.5used. R700notR800orprogramendpoint;waternotunannotateddecompositionpeak. FourwashedverticalonlyfactsNOwashedTG/LOI. NoSIcitedinall13primarytextpages;noimagesused.",,polyamide,"Own100%PA6.6 woven fabric,100gsm,SuzhouXinganlingTextileJiangsu;previouslyscoured;weaveunspecified","Own100%PA6.6 woven fabric,100gsm,SuzhouXinganlingTextileJiangsu;previouslyscoured;weaveunspecified","Own100%PA6.6 woven fabric,100gsm,SuzhouXinganlingTextileJiangsu;previouslyscoured;weaveunspecified",,,held_source_facts,,held_washed_vertical_only_without_own_TG_LOI,journal_article,OwncoverDOI/title/authors/journal1472021article110320;all13primarytextpagesreviewed,,,,,,,held_outside_verified_target,,PA6.6-g-PCS after20nativewashingcycles,,,,,,,,,,,,,,,,,,,,,,,,,,,,,,,,,,,,,,,,,,,,,,,"Own complete publisher version of record,147(2021)110320",,OwnTable6PDFp11;washmethodPDFp4/11,,,,,,,,,,OwnTable6PDFp11verticalonlyafterflame=50s/drops=18;NOownwashedLOIorTG,,,,,Bio-inspired and dual interaction-based layer-by-layer assembled coatings for superior flame retardancy and hydrophilicity of polyamide 6.6 textiles,,https://doi.org/10.1016/j.eurpolymj.2021.110320,NoSIcitedincomplete13pageprimarytext;noSIvalueused,,,After20nativewashingcycles,,AATCC61(2A)-1996ECE nonphosphate/nonionic;38plusminus3Cmethodvsp11nominal40C;20nativecycles1cycle5homeequivalentsnotextrastates,2021
10.1016/j.eurpolymj.2021.110320,,OwnwashedLOIunreported;initialTable3notborrowed,,,,,,,,,,,,,,,,,,,,,,,OwnwashedTGunreported;initialTable5notborrowed,,,,,,,,,,,OwnPA6.6/PA6.6-g-PCS-2QL,Raw source facts only,2026-10-03,Codex complete primary text and exact table review;one primary reviewer,,European Polymer Journal,"PCSprose0.5wtpercentvsTable1CPCS5Wpercent;MEprose0.1wtpercentvsTable1CME1Wpercent;exactbathconcentrationsunresolvednotcorrected. QuartetorderCS/ME-OSA-CS/ME-PAversusprocesslastCS-PA-CS-OSAconflict;exactinitialsequenceunknown. NativeWGformula(A0-A1)/A0definesA0/A1asweightgainpercenttreated/pure;notconventionalbaseline(Wt-W0)/W0;reportedWGnotreinterpretedascomposition. UVdurationandinitiator4wtpercentbasisunknown;80W/cm340-360nmAIRreported. MainTGflow/start/endunknown;TGIR55mL/min5mgnotborrowed. LOIreplicates/uncertaintyunreported;native8QLprose23versusTable3/abstract/conclusion23.5retained,exacttable23.5used. R700notR800orprogramendpoint;waternotunannotateddecompositionpeak. FourwashedverticalonlyfactsNOwashedTG/LOI. NoSIcitedinall13primarytextpages;noimagesused.",,polyamide,"Own100%PA6.6 woven fabric,100gsm,SuzhouXinganlingTextileJiangsu;previouslyscoured;weaveunspecified","Own100%PA6.6 woven fabric,100gsm,SuzhouXinganlingTextileJiangsu;previouslyscoured;weaveunspecified","Own100%PA6.6 woven fabric,100gsm,SuzhouXinganlingTextileJiangsu;previouslyscoured;weaveunspecified",,,held_source_facts,,held_washed_vertical_only_without_own_TG_LOI,journal_article,OwncoverDOI/title/authors/journal1472021article110320;all13primarytextpagesreviewed,,,,,,,held_outside_verified_target,,PA6.6-g-PCS-2QL after20nativewashingcycles,,,,,,,,,,,,,,,,,,,,,,,,,,,,,,,,,,,,,,,,,,,,,,,"Own complete publisher version of record,147(2021)110320",,OwnTable6PDFp11;washmethodPDFp4/11,,,,,,,,,,OwnTable6PDFp11verticalonlyafterflame=27s/drops=1;NOownwashedLOIorTG,,,,,Bio-inspired and dual interaction-based layer-by-layer assembled coatings for superior flame retardancy and hydrophilicity of polyamide 6.6 textiles,,https://doi.org/10.1016/j.eurpolymj.2021.110320,NoSIcitedincomplete13pageprimarytext;noSIvalueused,,,After20nativewashingcycles,,AATCC61(2A)-1996ECE nonphosphate/nonionic;38plusminus3Cmethodvsp11nominal40C;20nativecycles1cycle5homeequivalentsnotextrastates,2021
10.1016/j.eurpolymj.2021.110320,,OwnwashedLOIunreported;initialTable3notborrowed,,,,,,,,,,,,,,,,,,,,,,,OwnwashedTGunreported;initialTable5notborrowed,,,,,,,,,,,OwnPA6.6/PA6.6-g-PCS-4QL,Raw source facts only,2026-10-03,Codex complete primary text and exact table review;one primary reviewer,,European Polymer Journal,"PCSprose0.5wtpercentvsTable1CPCS5Wpercent;MEprose0.1wtpercentvsTable1CME1Wpercent;exactbathconcentrationsunresolvednotcorrected. QuartetorderCS/ME-OSA-CS/ME-PAversusprocesslastCS-PA-CS-OSAconflict;exactinitialsequenceunknown. NativeWGformula(A0-A1)/A0definesA0/A1asweightgainpercenttreated/pure;notconventionalbaseline(Wt-W0)/W0;reportedWGnotreinterpretedascomposition. UVdurationandinitiator4wtpercentbasisunknown;80W/cm340-360nmAIRreported. MainTGflow/start/endunknown;TGIR55mL/min5mgnotborrowed. LOIreplicates/uncertaintyunreported;native8QLprose23versusTable3/abstract/conclusion23.5retained,exacttable23.5used. R700notR800orprogramendpoint;waternotunannotateddecompositionpeak. FourwashedverticalonlyfactsNOwashedTG/LOI. NoSIcitedinall13primarytextpages;noimagesused.",,polyamide,"Own100%PA6.6 woven fabric,100gsm,SuzhouXinganlingTextileJiangsu;previouslyscoured;weaveunspecified","Own100%PA6.6 woven fabric,100gsm,SuzhouXinganlingTextileJiangsu;previouslyscoured;weaveunspecified","Own100%PA6.6 woven fabric,100gsm,SuzhouXinganlingTextileJiangsu;previouslyscoured;weaveunspecified",,,held_source_facts,,held_washed_vertical_only_without_own_TG_LOI,journal_article,OwncoverDOI/title/authors/journal1472021article110320;all13primarytextpagesreviewed,,,,,,,held_outside_verified_target,,PA6.6-g-PCS-4QL after20nativewashingcycles,,,,,,,,,,,,,,,,,,,,,,,,,,,,,,,,,,,,,,,,,,,,,,,"Own complete publisher version of record,147(2021)110320",,OwnTable6PDFp11;washmethodPDFp4/11,,,,,,,,,,OwnTable6PDFp11verticalonlyafterflame=25s/drops=0;NOownwashedLOIorTG,,,,,Bio-inspired and dual interaction-based layer-by-layer assembled coatings for superior flame retardancy and hydrophilicity of polyamide 6.6 textiles,,https://doi.org/10.1016/j.eurpolymj.2021.110320,NoSIcitedincomplete13pageprimarytext;noSIvalueused,,,After20nativewashingcycles,,AATCC61(2A)-1996ECE nonphosphate/nonionic;38plusminus3Cmethodvsp11nominal40C;20nativecycles1cycle5homeequivalentsnotextrastates,2021
10.1016/j.eurpolymj.2021.110320,,OwnwashedLOIunreported;initialTable3notborrowed,,,,,,,,,,,,,,,,,,,,,,,OwnwashedTGunreported;initialTable5notborrowed,,,,,,,,,,,OwnPA6.6/PA6.6-g-PCS-8QL,Raw source facts only,2026-10-03,Codex complete primary text and exact table review;one primary reviewer,,European Polymer Journal,"PCSprose0.5wtpercentvsTable1CPCS5Wpercent;MEprose0.1wtpercentvsTable1CME1Wpercent;exactbathconcentrationsunresolvednotcorrected. QuartetorderCS/ME-OSA-CS/ME-PAversusprocesslastCS-PA-CS-OSAconflict;exactinitialsequenceunknown. NativeWGformula(A0-A1)/A0definesA0/A1asweightgainpercenttreated/pure;notconventionalbaseline(Wt-W0)/W0;reportedWGnotreinterpretedascomposition. UVdurationandinitiator4wtpercentbasisunknown;80W/cm340-360nmAIRreported. MainTGflow/start/endunknown;TGIR55mL/min5mgnotborrowed. LOIreplicates/uncertaintyunreported;native8QLprose23versusTable3/abstract/conclusion23.5retained,exacttable23.5used. R700notR800orprogramendpoint;waternotunannotateddecompositionpeak. FourwashedverticalonlyfactsNOwashedTG/LOI. NoSIcitedinall13primarytextpages;noimagesused.",,polyamide,"Own100%PA6.6 woven fabric,100gsm,SuzhouXinganlingTextileJiangsu;previouslyscoured;weaveunspecified","Own100%PA6.6 woven fabric,100gsm,SuzhouXinganlingTextileJiangsu;previouslyscoured;weaveunspecified","Own100%PA6.6 woven fabric,100gsm,SuzhouXinganlingTextileJiangsu;previouslyscoured;weaveunspecified",,,held_source_facts,,held_washed_vertical_only_without_own_TG_LOI,journal_article,OwncoverDOI/title/authors/journal1472021article110320;all13primarytextpagesreviewed,,,,,,,held_outside_verified_target,,PA6.6-g-PCS-8QL after20nativewashingcycles,,,,,,,,,,,,,,,,,,,,,,,,,,,,,,,,,,,,,,,,,,,,,,,"Own complete publisher version of record,147(2021)110320",,OwnTable6PDFp11;washmethodPDFp4/11,,,,,,,,,,OwnTable6PDFp11verticalonlyafterflame=33s/drops=0;NOownwashedLOIorTG,,,,,Bio-inspired and dual interaction-based layer-by-layer assembled coatings for superior flame retardancy and hydrophilicity of polyamide 6.6 textiles,,https://doi.org/10.1016/j.eurpolymj.2021.110320,NoSIcitedincomplete13pageprimarytext;noSIvalueused,,,After20nativewashingcycles,,AATCC61(2A)-1996ECE nonphosphate/nonionic;38plusminus3Cmethodvsp11nominal40C;20nativecycles1cycle5homeequivalentsnotextrastates,2021
