DOI,LOI_instrument,LOI_locator,LOI_pct,LOI_sample_dimensions_mm,LOI_standard,LOI_uncertainty_pct,R400_pct,R500_pct,R550_pct,R600_pct,R650_pct,R700_pct,R750_pct,R800_pct,T10_C,T1_C,T20_C,T40_C,T50_C,T5_C,T80_C,TGA_instrument,TG_end_C,TG_locator,TG_start_C,Tmax1_C,Tmax2_C,Tmax3_C,Tmax4_C,Tonset_C,atmosphere,char_pct,char_temp_C,composition,conditions_locator,direct_numeric_use,evidence_reviewed_at,evidence_reviewed_by,heating_rate_C_min,journal,limitations,material_category,material_form,material_form_LOI,material_form_TGA,native_sample_label,numeric_evidence_type,pairing_evidence,pairing_status,publication_type,publication_type_evidence,residue_at_Tmax1_pct,residue_at_Tmax2_pct,residue_at_Tmax3_pct,residue_at_Tmax_pct,residue_pct,residue_temp_C,review_disposition,reviewed_measurement_fingerprint,sample_state,source_CYPA_bath_g_L,source_DHTP_bath_wt_pct,source_DOPO_PiP_Si_bath_g_L,source_LOI_uncertainty_type,source_MPTES_bath_wt_pct,source_PEPAS_bath_g_L,source_R700_pct,source_TG_mass_mg,source_TG_mass_qualifier,source_TG_pan,source_TG_sample_drying,source_Table1_sample_number,source_Tmax_native_description,source_Tonset_definition,source_WG_pct,source_addon_Table2_pct,source_addon_conflict,source_addon_pct,source_addon_prose_conclusion_pct,source_document_version,source_duplicate_candidate_DOI,source_duplicate_candidate_basis,source_location,source_mass_loss_rate_at_reported_max_ug_min,source_nanoSiO2_deposition,source_native_LC,source_native_R600,source_native_R800,source_native_Tonset10percent_C,source_native_Vmax1_pct_min,source_native_Vmax2_pct_min,source_preparation,source_reported_R600_pct,source_reported_R800_pct,source_reported_T10_C,source_reported_Tmax1_C,source_reported_Tmax2_C,source_reported_Tonset_C,source_reported_atmosphere,source_reported_char_temp_C,source_reported_heating_rate_C_min,source_reported_residue_pct,source_reported_residue_temp_C,source_reported_residue_temperature_C,source_residue_at_Tmax1_pct,source_residue_at_Tmax2_pct,source_title,source_url,source_washing,source_weight_loss_after_wash_pct,supplement_review_status,treatment_method,treatment_state,washing_state,year
10.1016/j.apsusc.2019.145175,HC2C,OwnTable1PDFp9;abstractp1,17.8,150x48,GB/T5454-1997,0.45,,,,,,,,,,,,,,,,TG209,700,OwnthermaltextPDFp8;Fig11bPDFp9,30,,,,,,N2,7.92,700,Originalwoven cotton;noPEPAS/CYPA/SiO2,TG/LOImethodsPDFp4;preparationPDFp3;sampledosecrosswalkp4,TG+LOI,2026-10-02,Codex11nativepublisher/textpages;oneprimaryreviewer,10,Applied Surface Science,"All11native/textpagesreviewed,noSIcited. OwnTable1p9OCFloi17.8plusminus.45/TCFSi31.8plusminus.84;uncertaintytype/repeatsnotreported. TCFSiunambiguously300g/LPEPAS125g/LCYPA+hydrothermalnanoSiO2;p4scopeappliessameunlessotherwisestated. Ownthermaltextp7airTonsetOCF292.73/TCFSi246.98andreportedmaximumdecompositiontemperature354.43/305.65withcorrespondingmasslossrates2943.38/452.44ug/min. AirR700p8OCF3.41/TCFSi15.02. N2R700p8OCF7.92/TCFSi37.94;N2numericonset/peaksnotreportedandnotestimatedfromFig11p9. Thirtyto110Cfirsteventexplicitwaterlossnotdecompositiononset;onsetsarenotT5/T10. MethodsTG209dryapproximately5mg10C/min30-700CN2airp4;flow/dryprotocol/repeatsunreported. LOIHC2CGBT5454-1997150x48mmnot58. Own11Table1samplelabels0-10retained:5TCFdoseLOIs22.6/27.6/29.4/24/29.6noowndoseTG;fourwashedTCF3/TCFSi20/50nativeLCLOI26.6/27.8/23/25.2noownwashedTG;washingprotocolcitesRefs25/26notreprinted,countsnotconvertedtohomecycles. Initialpostpreparationrinseisnot20LC. Fig12captionduplicatesTCFSiAF50TLandbodyafterflameversusabstractafterglowwordingnotusedasTGdata. XPS/EDSsurfacefractionsnotbulkSiO2loading;noFRpowder/fabricmixing. Twoindependentinitialstatesfourgasconditionsapproved;nineheldfacts.",cotton,"Original woven cotton fabric,112 g/m2,JiangsuYuedaHomeTextileChina;weave pattern and fiber purity not specified","Original woven cotton fabric,112 g/m2,JiangsuYuedaHomeTextileChina;weave pattern and fiber purity not specified","Original woven cotton fabric,112 g/m2,JiangsuYuedaHomeTextileChina;weave pattern and fiber purity not specified",OCF,explicit_text,Owninitialwoven112gm2OCF/TCFSi;TCFSiisexplicitTCF300g/LPEPAS125g/LCYPA+hydrothermalnanoSiO2p3-4. SameTable1p9LOI17.8plusminus.45/31.8plusminus.84andownthermaltextp7-8gas-specificR700;TG209N2air10C/min30-700Capprox5mgp4. Onlyaironset/maximumdecompositiontemperatureexplicit;noN2temperaturesborrowedfromairorcurvedigitized;30-110Cwaterlossnotdecompositiononset;noT5/T10definitioninvented;postpreparationrinseinitialnot20/50LCwash;all11pagesnoSIcited.,verified_exact,journal_article,DOI/title/authorsFullLengthArticlePDFp1,,,,,7.92,700,source_review_approved,af62ac6332f1fc5eebc312fe6ae797efbd9821d729bcf908865596f8b2eed47f,OCF,0,,,Nativeplusminus;typeandreplicatesunreported,,0,7.92,5,approximately,,Driedsample;TGspecificdryingprotocolunreported,0,,,,,,,,NativepublisherVersionofRecordPDF5072020Article145175;onlineDecember2019,,,PreparationsPDFp3;TG/LOImethodsp4;ownthermaltextp7-8;Fig11andTable1p9;washedstatetextp9-10,,no,,,,,,,"PEPAS150-350g/L+CYPA50-150g/LaqueouspH8-9;fabric60C30minbathratio1:50;heat90Craise pH10another30min;DIwaterrinse,dry105C10min. TCFSiusesTCF300g/LPEPAS125g/LCYPA,hydrothermalnanoSiO2deposition:35mLsodiumsilicate40percentsolids+150mLDIwater,70C+0.4gstearicacid(nativehvacidity),pH7-8byH2SO4aqueous10volpercent;reactor160C12h,bath1:50,coolrunningwater,DIrinse,dry105C10min",,,,,,,,,,,,,,,Construction of anti-flame network structures in cotton fabrics with pentaerythritol phosphate urea salt and nano SiO2,https://doi.org/10.1016/j.apsusc.2019.145175,,,NoSIcitedall11pages,Originalcontrolasreported,Initialaspreparedfabric,Initialasprepared;postpreparationrinseincluded;nodurabilitylaundering,2020
10.1016/j.apsusc.2019.145175,HC2C,OwnTable1PDFp9;abstractp1,17.8,150x48,GB/T5454-1997,0.45,,,,,,,,,,,,,,,,TG209,700,OwnthermaltextPDFpp7-8;Fig11aPDFp9,30,354.43,,,,292.73,air,3.41,700,Originalwoven cotton;noPEPAS/CYPA/SiO2,TG/LOImethodsPDFp4;preparationPDFp3;sampledosecrosswalkp4,TG+LOI,2026-10-02,Codex11nativepublisher/textpages;oneprimaryreviewer,10,Applied Surface Science,"All11native/textpagesreviewed,noSIcited. OwnTable1p9OCFloi17.8plusminus.45/TCFSi31.8plusminus.84;uncertaintytype/repeatsnotreported. TCFSiunambiguously300g/LPEPAS125g/LCYPA+hydrothermalnanoSiO2;p4scopeappliessameunlessotherwisestated. Ownthermaltextp7airTonsetOCF292.73/TCFSi246.98andreportedmaximumdecompositiontemperature354.43/305.65withcorrespondingmasslossrates2943.38/452.44ug/min. AirR700p8OCF3.41/TCFSi15.02. N2R700p8OCF7.92/TCFSi37.94;N2numericonset/peaksnotreportedandnotestimatedfromFig11p9. Thirtyto110Cfirsteventexplicitwaterlossnotdecompositiononset;onsetsarenotT5/T10. MethodsTG209dryapproximately5mg10C/min30-700CN2airp4;flow/dryprotocol/repeatsunreported. LOIHC2CGBT5454-1997150x48mmnot58. Own11Table1samplelabels0-10retained:5TCFdoseLOIs22.6/27.6/29.4/24/29.6noowndoseTG;fourwashedTCF3/TCFSi20/50nativeLCLOI26.6/27.8/23/25.2noownwashedTG;washingprotocolcitesRefs25/26notreprinted,countsnotconvertedtohomecycles. Initialpostpreparationrinseisnot20LC. Fig12captionduplicatesTCFSiAF50TLandbodyafterflameversusabstractafterglowwordingnotusedasTGdata. XPS/EDSsurfacefractionsnotbulkSiO2loading;noFRpowder/fabricmixing. Twoindependentinitialstatesfourgasconditionsapproved;nineheldfacts.",cotton,"Original woven cotton fabric,112 g/m2,JiangsuYuedaHomeTextileChina;weave pattern and fiber purity not specified","Original woven cotton fabric,112 g/m2,JiangsuYuedaHomeTextileChina;weave pattern and fiber purity not specified","Original woven cotton fabric,112 g/m2,JiangsuYuedaHomeTextileChina;weave pattern and fiber purity not specified",OCF,explicit_text,Owninitialwoven112gm2OCF/TCFSi;TCFSiisexplicitTCF300g/LPEPAS125g/LCYPA+hydrothermalnanoSiO2p3-4. SameTable1p9LOI17.8plusminus.45/31.8plusminus.84andownthermaltextp7-8gas-specificR700;TG209N2air10C/min30-700Capprox5mgp4. Onlyaironset/maximumdecompositiontemperatureexplicit;noN2temperaturesborrowedfromairorcurvedigitized;30-110Cwaterlossnotdecompositiononset;noT5/T10definitioninvented;postpreparationrinseinitialnot20/50LCwash;all11pagesnoSIcited.,verified_exact,journal_article,DOI/title/authorsFullLengthArticlePDFp1,,,,,3.41,700,source_review_approved,a485ea6cca4d53a80985b914cf94deae6b8b89bb140bd7b55e275a530dbf5643,OCF,0,,,Nativeplusminus;typeandreplicatesunreported,,0,3.41,5,approximately,,Driedsample;TGspecificdryingprotocolunreported,0,ReportedhighestthermaldecompositiontemperaturewithcorrespondingmasslossratePDFp7,Nativeonsetofpolymerdecompositionstage;not30-110Cwaterloss;notmasslossthreshold,,,,,,NativepublisherVersionofRecordPDF5072020Article145175;onlineDecember2019,,,PreparationsPDFp3;TG/LOImethodsp4;ownthermaltextp7-8;Fig11andTable1p9;washedstatetextp9-10,2943.38,no,,,,,,,"PEPAS150-350g/L+CYPA50-150g/LaqueouspH8-9;fabric60C30minbathratio1:50;heat90Craise pH10another30min;DIwaterrinse,dry105C10min. TCFSiusesTCF300g/LPEPAS125g/LCYPA,hydrothermalnanoSiO2deposition:35mLsodiumsilicate40percentsolids+150mLDIwater,70C+0.4gstearicacid(nativehvacidity),pH7-8byH2SO4aqueous10volpercent;reactor160C12h,bath1:50,coolrunningwater,DIrinse,dry105C10min",,,,,,,,,,,,,,,Construction of anti-flame network structures in cotton fabrics with pentaerythritol phosphate urea salt and nano SiO2,https://doi.org/10.1016/j.apsusc.2019.145175,,,NoSIcitedall11pages,Originalcontrolasreported,Initialaspreparedfabric,Initialasprepared;postpreparationrinseincluded;nodurabilitylaundering,2020
10.1016/j.apsusc.2019.145175,HC2C,OwnTable1PDFp9;abstractp1,31.8,150x48,GB/T5454-1997,0.84,,,,,,,,,,,,,,,,TG209,700,OwnthermaltextPDFp8;Fig11bPDFp9,30,,,,,,N2,37.94,700,Cotton;PEPAS300g/LCYPA125g/L+hydrothermalnanoSiO2;actualSiO2loadingnotreported,TG/LOImethodsPDFp4;preparationPDFp3;sampledosecrosswalkp4,TG+LOI,2026-10-02,Codex11nativepublisher/textpages;oneprimaryreviewer,10,Applied Surface Science,"All11native/textpagesreviewed,noSIcited. OwnTable1p9OCFloi17.8plusminus.45/TCFSi31.8plusminus.84;uncertaintytype/repeatsnotreported. TCFSiunambiguously300g/LPEPAS125g/LCYPA+hydrothermalnanoSiO2;p4scopeappliessameunlessotherwisestated. Ownthermaltextp7airTonsetOCF292.73/TCFSi246.98andreportedmaximumdecompositiontemperature354.43/305.65withcorrespondingmasslossrates2943.38/452.44ug/min. AirR700p8OCF3.41/TCFSi15.02. N2R700p8OCF7.92/TCFSi37.94;N2numericonset/peaksnotreportedandnotestimatedfromFig11p9. Thirtyto110Cfirsteventexplicitwaterlossnotdecompositiononset;onsetsarenotT5/T10. MethodsTG209dryapproximately5mg10C/min30-700CN2airp4;flow/dryprotocol/repeatsunreported. LOIHC2CGBT5454-1997150x48mmnot58. Own11Table1samplelabels0-10retained:5TCFdoseLOIs22.6/27.6/29.4/24/29.6noowndoseTG;fourwashedTCF3/TCFSi20/50nativeLCLOI26.6/27.8/23/25.2noownwashedTG;washingprotocolcitesRefs25/26notreprinted,countsnotconvertedtohomecycles. Initialpostpreparationrinseisnot20LC. Fig12captionduplicatesTCFSiAF50TLandbodyafterflameversusabstractafterglowwordingnotusedasTGdata. XPS/EDSsurfacefractionsnotbulkSiO2loading;noFRpowder/fabricmixing. Twoindependentinitialstatesfourgasconditionsapproved;nineheldfacts.",cotton,"Original woven cotton fabric,112 g/m2,JiangsuYuedaHomeTextileChina;weave pattern and fiber purity not specified","Original woven cotton fabric,112 g/m2,JiangsuYuedaHomeTextileChina;weave pattern and fiber purity not specified","Original woven cotton fabric,112 g/m2,JiangsuYuedaHomeTextileChina;weave pattern and fiber purity not specified",TCFSi,explicit_text,Owninitialwoven112gm2OCF/TCFSi;TCFSiisexplicitTCF300g/LPEPAS125g/LCYPA+hydrothermalnanoSiO2p3-4. SameTable1p9LOI17.8plusminus.45/31.8plusminus.84andownthermaltextp7-8gas-specificR700;TG209N2air10C/min30-700Capprox5mgp4. Onlyaironset/maximumdecompositiontemperatureexplicit;noN2temperaturesborrowedfromairorcurvedigitized;30-110Cwaterlossnotdecompositiononset;noT5/T10definitioninvented;postpreparationrinseinitialnot20/50LCwash;all11pagesnoSIcited.,verified_exact,journal_article,DOI/title/authorsFullLengthArticlePDFp1,,,,,37.94,700,source_review_approved,ddba8cc12127d00553fd7f644822212eaf69d69612765dade84536b67d2c7e5f,TCFSi,125,,,Nativeplusminus;typeandreplicatesunreported,,300,37.94,5,approximately,,Driedsample;TGspecificdryingprotocolunreported,6,,,,,,,,NativepublisherVersionofRecordPDF5072020Article145175;onlineDecember2019,,,PreparationsPDFp3;TG/LOImethodsp4;ownthermaltextp7-8;Fig11andTable1p9;washedstatetextp9-10,,yes,,,,,,,"PEPAS150-350g/L+CYPA50-150g/LaqueouspH8-9;fabric60C30minbathratio1:50;heat90Craise pH10another30min;DIwaterrinse,dry105C10min. TCFSiusesTCF300g/LPEPAS125g/LCYPA,hydrothermalnanoSiO2deposition:35mLsodiumsilicate40percentsolids+150mLDIwater,70C+0.4gstearicacid(nativehvacidity),pH7-8byH2SO4aqueous10volpercent;reactor160C12h,bath1:50,coolrunningwater,DIrinse,dry105C10min",,,,,,,,,,,,,,,Construction of anti-flame network structures in cotton fabrics with pentaerythritol phosphate urea salt and nano SiO2,https://doi.org/10.1016/j.apsusc.2019.145175,,,NoSIcitedall11pages,"PEPAS150-350g/L+CYPA50-150g/LaqueouspH8-9;fabric60C30minbathratio1:50;heat90Craise pH10another30min;DIwaterrinse,dry105C10min. TCFSiusesTCF300g/LPEPAS125g/LCYPA,hydrothermalnanoSiO2deposition:35mLsodiumsilicate40percentsolids+150mLDIwater,70C+0.4gstearicacid(nativehvacidity),pH7-8byH2SO4aqueous10volpercent;reactor160C12h,bath1:50,coolrunningwater,DIrinse,dry105C10min",Initialaspreparedfabric,Initialasprepared;postpreparationrinseincluded;nodurabilitylaundering,2020
10.1016/j.apsusc.2019.145175,HC2C,OwnTable1PDFp9;abstractp1,31.8,150x48,GB/T5454-1997,0.84,,,,,,,,,,,,,,,,TG209,700,OwnthermaltextPDFpp7-8;Fig11aPDFp9,30,305.65,,,,246.98,air,15.02,700,Cotton;PEPAS300g/LCYPA125g/L+hydrothermalnanoSiO2;actualSiO2loadingnotreported,TG/LOImethodsPDFp4;preparationPDFp3;sampledosecrosswalkp4,TG+LOI,2026-10-02,Codex11nativepublisher/textpages;oneprimaryreviewer,10,Applied Surface Science,"All11native/textpagesreviewed,noSIcited. OwnTable1p9OCFloi17.8plusminus.45/TCFSi31.8plusminus.84;uncertaintytype/repeatsnotreported. TCFSiunambiguously300g/LPEPAS125g/LCYPA+hydrothermalnanoSiO2;p4scopeappliessameunlessotherwisestated. Ownthermaltextp7airTonsetOCF292.73/TCFSi246.98andreportedmaximumdecompositiontemperature354.43/305.65withcorrespondingmasslossrates2943.38/452.44ug/min. AirR700p8OCF3.41/TCFSi15.02. N2R700p8OCF7.92/TCFSi37.94;N2numericonset/peaksnotreportedandnotestimatedfromFig11p9. Thirtyto110Cfirsteventexplicitwaterlossnotdecompositiononset;onsetsarenotT5/T10. MethodsTG209dryapproximately5mg10C/min30-700CN2airp4;flow/dryprotocol/repeatsunreported. LOIHC2CGBT5454-1997150x48mmnot58. Own11Table1samplelabels0-10retained:5TCFdoseLOIs22.6/27.6/29.4/24/29.6noowndoseTG;fourwashedTCF3/TCFSi20/50nativeLCLOI26.6/27.8/23/25.2noownwashedTG;washingprotocolcitesRefs25/26notreprinted,countsnotconvertedtohomecycles. Initialpostpreparationrinseisnot20LC. Fig12captionduplicatesTCFSiAF50TLandbodyafterflameversusabstractafterglowwordingnotusedasTGdata. XPS/EDSsurfacefractionsnotbulkSiO2loading;noFRpowder/fabricmixing. Twoindependentinitialstatesfourgasconditionsapproved;nineheldfacts.",cotton,"Original woven cotton fabric,112 g/m2,JiangsuYuedaHomeTextileChina;weave pattern and fiber purity not specified","Original woven cotton fabric,112 g/m2,JiangsuYuedaHomeTextileChina;weave pattern and fiber purity not specified","Original woven cotton fabric,112 g/m2,JiangsuYuedaHomeTextileChina;weave pattern and fiber purity not specified",TCFSi,explicit_text,Owninitialwoven112gm2OCF/TCFSi;TCFSiisexplicitTCF300g/LPEPAS125g/LCYPA+hydrothermalnanoSiO2p3-4. SameTable1p9LOI17.8plusminus.45/31.8plusminus.84andownthermaltextp7-8gas-specificR700;TG209N2air10C/min30-700Capprox5mgp4. Onlyaironset/maximumdecompositiontemperatureexplicit;noN2temperaturesborrowedfromairorcurvedigitized;30-110Cwaterlossnotdecompositiononset;noT5/T10definitioninvented;postpreparationrinseinitialnot20/50LCwash;all11pagesnoSIcited.,verified_exact,journal_article,DOI/title/authorsFullLengthArticlePDFp1,,,,,15.02,700,source_review_approved,898a83f5dc474e61a85d3d6b43ac7e161da28beaa75f23de787c8f791b1c93cd,TCFSi,125,,,Nativeplusminus;typeandreplicatesunreported,,300,15.02,5,approximately,,Driedsample;TGspecificdryingprotocolunreported,6,ReportedhighestthermaldecompositiontemperaturewithcorrespondingmasslossratePDFp7,Nativeonsetofpolymerdecompositionstage;not30-110Cwaterloss;notmasslossthreshold,,,,,,NativepublisherVersionofRecordPDF5072020Article145175;onlineDecember2019,,,PreparationsPDFp3;TG/LOImethodsp4;ownthermaltextp7-8;Fig11andTable1p9;washedstatetextp9-10,452.44,yes,,,,,,,"PEPAS150-350g/L+CYPA50-150g/LaqueouspH8-9;fabric60C30minbathratio1:50;heat90Craise pH10another30min;DIwaterrinse,dry105C10min. TCFSiusesTCF300g/LPEPAS125g/LCYPA,hydrothermalnanoSiO2deposition:35mLsodiumsilicate40percentsolids+150mLDIwater,70C+0.4gstearicacid(nativehvacidity),pH7-8byH2SO4aqueous10volpercent;reactor160C12h,bath1:50,coolrunningwater,DIrinse,dry105C10min",,,,,,,,,,,,,,,Construction of anti-flame network structures in cotton fabrics with pentaerythritol phosphate urea salt and nano SiO2,https://doi.org/10.1016/j.apsusc.2019.145175,,,NoSIcitedall11pages,"PEPAS150-350g/L+CYPA50-150g/LaqueouspH8-9;fabric60C30minbathratio1:50;heat90Craise pH10another30min;DIwaterrinse,dry105C10min. TCFSiusesTCF300g/LPEPAS125g/LCYPA,hydrothermalnanoSiO2deposition:35mLsodiumsilicate40percentsolids+150mLDIwater,70C+0.4gstearicacid(nativehvacidity),pH7-8byH2SO4aqueous10volpercent;reactor160C12h,bath1:50,coolrunningwater,DIrinse,dry105C10min",Initialaspreparedfabric,Initialasprepared;postpreparationrinseincluded;nodurabilitylaundering,2020
10.1016/j.apsusc.2019.145175,HC2C,OwnTable1PDFp9;abstractp1,22.6,150x48,GB/T5454-1997,0.55,,,,,,,,,,,,,,,,,,NoownTCFdose-specificTG;TGonlyOCFandTCFSi,,,,,,,,,,Cotton;PEPAS150g/LCYPA125g/L;noSiO2,TG/LOImethodsPDFp4;preparationPDFp3;sampledosecrosswalkp4,RawownLOIfactsnotapprovedpair,2026-10-02,Codex11nativepublisher/textpages;oneprimaryreviewer,,Applied Surface Science,"All11native/textpagesreviewed,noSIcited. OwnTable1p9OCFloi17.8plusminus.45/TCFSi31.8plusminus.84;uncertaintytype/repeatsnotreported. TCFSiunambiguously300g/LPEPAS125g/LCYPA+hydrothermalnanoSiO2;p4scopeappliessameunlessotherwisestated. Ownthermaltextp7airTonsetOCF292.73/TCFSi246.98andreportedmaximumdecompositiontemperature354.43/305.65withcorrespondingmasslossrates2943.38/452.44ug/min. AirR700p8OCF3.41/TCFSi15.02. N2R700p8OCF7.92/TCFSi37.94;N2numericonset/peaksnotreportedandnotestimatedfromFig11p9. Thirtyto110Cfirsteventexplicitwaterlossnotdecompositiononset;onsetsarenotT5/T10. MethodsTG209dryapproximately5mg10C/min30-700CN2airp4;flow/dryprotocol/repeatsunreported. LOIHC2CGBT5454-1997150x48mmnot58. Own11Table1samplelabels0-10retained:5TCFdoseLOIs22.6/27.6/29.4/24/29.6noowndoseTG;fourwashedTCF3/TCFSi20/50nativeLCLOI26.6/27.8/23/25.2noownwashedTG;washingprotocolcitesRefs25/26notreprinted,countsnotconvertedtohomecycles. Initialpostpreparationrinseisnot20LC. Fig12captionduplicatesTCFSiAF50TLandbodyafterflameversusabstractafterglowwordingnotusedasTGdata. XPS/EDSsurfacefractionsnotbulkSiO2loading;noFRpowder/fabricmixing. Twoindependentinitialstatesfourgasconditionsapproved;nineheldfacts.",cotton,"Original woven cotton fabric,112 g/m2,JiangsuYuedaHomeTextileChina;weave pattern and fiber purity not specified","Original woven cotton fabric,112 g/m2,JiangsuYuedaHomeTextileChina;weave pattern and fiber purity not specified",,"TCF,samplenumber1",held_source_facts,,held_dose_specific_LOI_no_own_TG,journal_article,DOI/title/authorsFullLengthArticlePDFp1,,,,,,,held_outside_verified_target,,TCF1,125,,,Nativeplusminus;typeandreplicatesunreported,,150,,,,,,1,,,,,,,,NativepublisherVersionofRecordPDF5072020Article145175;onlineDecember2019,,,PreparationsPDFp3;TG/LOImethodsp4;ownthermaltextp7-8;Fig11andTable1p9;washedstatetextp9-10,,no,,,,,,,"PEPAS150-350g/L+CYPA50-150g/LaqueouspH8-9;fabric60C30minbathratio1:50;heat90Craise pH10another30min;DIwaterrinse,dry105C10min. TCFSiusesTCF300g/LPEPAS125g/LCYPA,hydrothermalnanoSiO2deposition:35mLsodiumsilicate40percentsolids+150mLDIwater,70C+0.4gstearicacid(nativehvacidity),pH7-8byH2SO4aqueous10volpercent;reactor160C12h,bath1:50,coolrunningwater,DIrinse,dry105C10min",,,,,,,,,,,,,,,Construction of anti-flame network structures in cotton fabrics with pentaerythritol phosphate urea salt and nano SiO2,https://doi.org/10.1016/j.apsusc.2019.145175,,,NoSIcitedall11pages,"PEPAS150-350g/L+CYPA50-150g/LaqueouspH8-9;fabric60C30minbathratio1:50;heat90Craise pH10another30min;DIwaterrinse,dry105C10min. TCFSiusesTCF300g/LPEPAS125g/LCYPA,hydrothermalnanoSiO2deposition:35mLsodiumsilicate40percentsolids+150mLDIwater,70C+0.4gstearicacid(nativehvacidity),pH7-8byH2SO4aqueous10volpercent;reactor160C12h,bath1:50,coolrunningwater,DIrinse,dry105C10min",Initialaspreparedfabric,Initialasprepared;postpreparationrinseincluded;nodurabilitylaundering,2020
10.1016/j.apsusc.2019.145175,HC2C,OwnTable1PDFp9;abstractp1,27.6,150x48,GB/T5454-1997,0.55,,,,,,,,,,,,,,,,,,NoownTCFdose-specificTG;TGonlyOCFandTCFSi,,,,,,,,,,Cotton;PEPAS250g/LCYPA125g/L;noSiO2,TG/LOImethodsPDFp4;preparationPDFp3;sampledosecrosswalkp4,RawownLOIfactsnotapprovedpair,2026-10-02,Codex11nativepublisher/textpages;oneprimaryreviewer,,Applied Surface Science,"All11native/textpagesreviewed,noSIcited. OwnTable1p9OCFloi17.8plusminus.45/TCFSi31.8plusminus.84;uncertaintytype/repeatsnotreported. TCFSiunambiguously300g/LPEPAS125g/LCYPA+hydrothermalnanoSiO2;p4scopeappliessameunlessotherwisestated. Ownthermaltextp7airTonsetOCF292.73/TCFSi246.98andreportedmaximumdecompositiontemperature354.43/305.65withcorrespondingmasslossrates2943.38/452.44ug/min. AirR700p8OCF3.41/TCFSi15.02. N2R700p8OCF7.92/TCFSi37.94;N2numericonset/peaksnotreportedandnotestimatedfromFig11p9. Thirtyto110Cfirsteventexplicitwaterlossnotdecompositiononset;onsetsarenotT5/T10. MethodsTG209dryapproximately5mg10C/min30-700CN2airp4;flow/dryprotocol/repeatsunreported. LOIHC2CGBT5454-1997150x48mmnot58. Own11Table1samplelabels0-10retained:5TCFdoseLOIs22.6/27.6/29.4/24/29.6noowndoseTG;fourwashedTCF3/TCFSi20/50nativeLCLOI26.6/27.8/23/25.2noownwashedTG;washingprotocolcitesRefs25/26notreprinted,countsnotconvertedtohomecycles. Initialpostpreparationrinseisnot20LC. Fig12captionduplicatesTCFSiAF50TLandbodyafterflameversusabstractafterglowwordingnotusedasTGdata. XPS/EDSsurfacefractionsnotbulkSiO2loading;noFRpowder/fabricmixing. Twoindependentinitialstatesfourgasconditionsapproved;nineheldfacts.",cotton,"Original woven cotton fabric,112 g/m2,JiangsuYuedaHomeTextileChina;weave pattern and fiber purity not specified","Original woven cotton fabric,112 g/m2,JiangsuYuedaHomeTextileChina;weave pattern and fiber purity not specified",,"TCF,samplenumber2",held_source_facts,,held_dose_specific_LOI_no_own_TG,journal_article,DOI/title/authorsFullLengthArticlePDFp1,,,,,,,held_outside_verified_target,,TCF2,125,,,Nativeplusminus;typeandreplicatesunreported,,250,,,,,,2,,,,,,,,NativepublisherVersionofRecordPDF5072020Article145175;onlineDecember2019,,,PreparationsPDFp3;TG/LOImethodsp4;ownthermaltextp7-8;Fig11andTable1p9;washedstatetextp9-10,,no,,,,,,,"PEPAS150-350g/L+CYPA50-150g/LaqueouspH8-9;fabric60C30minbathratio1:50;heat90Craise pH10another30min;DIwaterrinse,dry105C10min. TCFSiusesTCF300g/LPEPAS125g/LCYPA,hydrothermalnanoSiO2deposition:35mLsodiumsilicate40percentsolids+150mLDIwater,70C+0.4gstearicacid(nativehvacidity),pH7-8byH2SO4aqueous10volpercent;reactor160C12h,bath1:50,coolrunningwater,DIrinse,dry105C10min",,,,,,,,,,,,,,,Construction of anti-flame network structures in cotton fabrics with pentaerythritol phosphate urea salt and nano SiO2,https://doi.org/10.1016/j.apsusc.2019.145175,,,NoSIcitedall11pages,"PEPAS150-350g/L+CYPA50-150g/LaqueouspH8-9;fabric60C30minbathratio1:50;heat90Craise pH10another30min;DIwaterrinse,dry105C10min. TCFSiusesTCF300g/LPEPAS125g/LCYPA,hydrothermalnanoSiO2deposition:35mLsodiumsilicate40percentsolids+150mLDIwater,70C+0.4gstearicacid(nativehvacidity),pH7-8byH2SO4aqueous10volpercent;reactor160C12h,bath1:50,coolrunningwater,DIrinse,dry105C10min",Initialaspreparedfabric,Initialasprepared;postpreparationrinseincluded;nodurabilitylaundering,2020
10.1016/j.apsusc.2019.145175,HC2C,OwnTable1PDFp9;abstractp1,29.4,150x48,GB/T5454-1997,0.55,,,,,,,,,,,,,,,,,,NoownTCFdose-specificTG;TGonlyOCFandTCFSi,,,,,,,,,,Cotton;PEPAS300g/LCYPA125g/L;noSiO2,TG/LOImethodsPDFp4;preparationPDFp3;sampledosecrosswalkp4,RawownLOIfactsnotapprovedpair,2026-10-02,Codex11nativepublisher/textpages;oneprimaryreviewer,,Applied Surface Science,"All11native/textpagesreviewed,noSIcited. OwnTable1p9OCFloi17.8plusminus.45/TCFSi31.8plusminus.84;uncertaintytype/repeatsnotreported. TCFSiunambiguously300g/LPEPAS125g/LCYPA+hydrothermalnanoSiO2;p4scopeappliessameunlessotherwisestated. Ownthermaltextp7airTonsetOCF292.73/TCFSi246.98andreportedmaximumdecompositiontemperature354.43/305.65withcorrespondingmasslossrates2943.38/452.44ug/min. AirR700p8OCF3.41/TCFSi15.02. N2R700p8OCF7.92/TCFSi37.94;N2numericonset/peaksnotreportedandnotestimatedfromFig11p9. Thirtyto110Cfirsteventexplicitwaterlossnotdecompositiononset;onsetsarenotT5/T10. MethodsTG209dryapproximately5mg10C/min30-700CN2airp4;flow/dryprotocol/repeatsunreported. LOIHC2CGBT5454-1997150x48mmnot58. Own11Table1samplelabels0-10retained:5TCFdoseLOIs22.6/27.6/29.4/24/29.6noowndoseTG;fourwashedTCF3/TCFSi20/50nativeLCLOI26.6/27.8/23/25.2noownwashedTG;washingprotocolcitesRefs25/26notreprinted,countsnotconvertedtohomecycles. Initialpostpreparationrinseisnot20LC. Fig12captionduplicatesTCFSiAF50TLandbodyafterflameversusabstractafterglowwordingnotusedasTGdata. XPS/EDSsurfacefractionsnotbulkSiO2loading;noFRpowder/fabricmixing. Twoindependentinitialstatesfourgasconditionsapproved;nineheldfacts.",cotton,"Original woven cotton fabric,112 g/m2,JiangsuYuedaHomeTextileChina;weave pattern and fiber purity not specified","Original woven cotton fabric,112 g/m2,JiangsuYuedaHomeTextileChina;weave pattern and fiber purity not specified",,"TCF,samplenumber3",held_source_facts,,held_dose_specific_LOI_no_own_TG,journal_article,DOI/title/authorsFullLengthArticlePDFp1,,,,,,,held_outside_verified_target,,TCF3,125,,,Nativeplusminus;typeandreplicatesunreported,,300,,,,,,3,,,,,,,,NativepublisherVersionofRecordPDF5072020Article145175;onlineDecember2019,,,PreparationsPDFp3;TG/LOImethodsp4;ownthermaltextp7-8;Fig11andTable1p9;washedstatetextp9-10,,no,,,,,,,"PEPAS150-350g/L+CYPA50-150g/LaqueouspH8-9;fabric60C30minbathratio1:50;heat90Craise pH10another30min;DIwaterrinse,dry105C10min. TCFSiusesTCF300g/LPEPAS125g/LCYPA,hydrothermalnanoSiO2deposition:35mLsodiumsilicate40percentsolids+150mLDIwater,70C+0.4gstearicacid(nativehvacidity),pH7-8byH2SO4aqueous10volpercent;reactor160C12h,bath1:50,coolrunningwater,DIrinse,dry105C10min",,,,,,,,,,,,,,,Construction of anti-flame network structures in cotton fabrics with pentaerythritol phosphate urea salt and nano SiO2,https://doi.org/10.1016/j.apsusc.2019.145175,,,NoSIcitedall11pages,"PEPAS150-350g/L+CYPA50-150g/LaqueouspH8-9;fabric60C30minbathratio1:50;heat90Craise pH10another30min;DIwaterrinse,dry105C10min. TCFSiusesTCF300g/LPEPAS125g/LCYPA,hydrothermalnanoSiO2deposition:35mLsodiumsilicate40percentsolids+150mLDIwater,70C+0.4gstearicacid(nativehvacidity),pH7-8byH2SO4aqueous10volpercent;reactor160C12h,bath1:50,coolrunningwater,DIrinse,dry105C10min",Initialaspreparedfabric,Initialasprepared;postpreparationrinseincluded;nodurabilitylaundering,2020
10.1016/j.apsusc.2019.145175,HC2C,OwnTable1PDFp9;abstractp1,24,150x48,GB/T5454-1997,0.71,,,,,,,,,,,,,,,,,,NoownTCFdose-specificTG;TGonlyOCFandTCFSi,,,,,,,,,,Cotton;PEPAS300g/LCYPA75g/L;noSiO2,TG/LOImethodsPDFp4;preparationPDFp3;sampledosecrosswalkp4,RawownLOIfactsnotapprovedpair,2026-10-02,Codex11nativepublisher/textpages;oneprimaryreviewer,,Applied Surface Science,"All11native/textpagesreviewed,noSIcited. OwnTable1p9OCFloi17.8plusminus.45/TCFSi31.8plusminus.84;uncertaintytype/repeatsnotreported. TCFSiunambiguously300g/LPEPAS125g/LCYPA+hydrothermalnanoSiO2;p4scopeappliessameunlessotherwisestated. Ownthermaltextp7airTonsetOCF292.73/TCFSi246.98andreportedmaximumdecompositiontemperature354.43/305.65withcorrespondingmasslossrates2943.38/452.44ug/min. AirR700p8OCF3.41/TCFSi15.02. N2R700p8OCF7.92/TCFSi37.94;N2numericonset/peaksnotreportedandnotestimatedfromFig11p9. Thirtyto110Cfirsteventexplicitwaterlossnotdecompositiononset;onsetsarenotT5/T10. MethodsTG209dryapproximately5mg10C/min30-700CN2airp4;flow/dryprotocol/repeatsunreported. LOIHC2CGBT5454-1997150x48mmnot58. Own11Table1samplelabels0-10retained:5TCFdoseLOIs22.6/27.6/29.4/24/29.6noowndoseTG;fourwashedTCF3/TCFSi20/50nativeLCLOI26.6/27.8/23/25.2noownwashedTG;washingprotocolcitesRefs25/26notreprinted,countsnotconvertedtohomecycles. Initialpostpreparationrinseisnot20LC. Fig12captionduplicatesTCFSiAF50TLandbodyafterflameversusabstractafterglowwordingnotusedasTGdata. XPS/EDSsurfacefractionsnotbulkSiO2loading;noFRpowder/fabricmixing. Twoindependentinitialstatesfourgasconditionsapproved;nineheldfacts.",cotton,"Original woven cotton fabric,112 g/m2,JiangsuYuedaHomeTextileChina;weave pattern and fiber purity not specified","Original woven cotton fabric,112 g/m2,JiangsuYuedaHomeTextileChina;weave pattern and fiber purity not specified",,"TCF,samplenumber4",held_source_facts,,held_dose_specific_LOI_no_own_TG,journal_article,DOI/title/authorsFullLengthArticlePDFp1,,,,,,,held_outside_verified_target,,TCF4,75,,,Nativeplusminus;typeandreplicatesunreported,,300,,,,,,4,,,,,,,,NativepublisherVersionofRecordPDF5072020Article145175;onlineDecember2019,,,PreparationsPDFp3;TG/LOImethodsp4;ownthermaltextp7-8;Fig11andTable1p9;washedstatetextp9-10,,no,,,,,,,"PEPAS150-350g/L+CYPA50-150g/LaqueouspH8-9;fabric60C30minbathratio1:50;heat90Craise pH10another30min;DIwaterrinse,dry105C10min. TCFSiusesTCF300g/LPEPAS125g/LCYPA,hydrothermalnanoSiO2deposition:35mLsodiumsilicate40percentsolids+150mLDIwater,70C+0.4gstearicacid(nativehvacidity),pH7-8byH2SO4aqueous10volpercent;reactor160C12h,bath1:50,coolrunningwater,DIrinse,dry105C10min",,,,,,,,,,,,,,,Construction of anti-flame network structures in cotton fabrics with pentaerythritol phosphate urea salt and nano SiO2,https://doi.org/10.1016/j.apsusc.2019.145175,,,NoSIcitedall11pages,"PEPAS150-350g/L+CYPA50-150g/LaqueouspH8-9;fabric60C30minbathratio1:50;heat90Craise pH10another30min;DIwaterrinse,dry105C10min. TCFSiusesTCF300g/LPEPAS125g/LCYPA,hydrothermalnanoSiO2deposition:35mLsodiumsilicate40percentsolids+150mLDIwater,70C+0.4gstearicacid(nativehvacidity),pH7-8byH2SO4aqueous10volpercent;reactor160C12h,bath1:50,coolrunningwater,DIrinse,dry105C10min",Initialaspreparedfabric,Initialasprepared;postpreparationrinseincluded;nodurabilitylaundering,2020
10.1016/j.apsusc.2019.145175,HC2C,OwnTable1PDFp9;abstractp1,29.6,150x48,GB/T5454-1997,0.55,,,,,,,,,,,,,,,,,,NoownTCFdose-specificTG;TGonlyOCFandTCFSi,,,,,,,,,,Cotton;PEPAS300g/LCYPA150g/L;noSiO2,TG/LOImethodsPDFp4;preparationPDFp3;sampledosecrosswalkp4,RawownLOIfactsnotapprovedpair,2026-10-02,Codex11nativepublisher/textpages;oneprimaryreviewer,,Applied Surface Science,"All11native/textpagesreviewed,noSIcited. OwnTable1p9OCFloi17.8plusminus.45/TCFSi31.8plusminus.84;uncertaintytype/repeatsnotreported. TCFSiunambiguously300g/LPEPAS125g/LCYPA+hydrothermalnanoSiO2;p4scopeappliessameunlessotherwisestated. Ownthermaltextp7airTonsetOCF292.73/TCFSi246.98andreportedmaximumdecompositiontemperature354.43/305.65withcorrespondingmasslossrates2943.38/452.44ug/min. AirR700p8OCF3.41/TCFSi15.02. N2R700p8OCF7.92/TCFSi37.94;N2numericonset/peaksnotreportedandnotestimatedfromFig11p9. Thirtyto110Cfirsteventexplicitwaterlossnotdecompositiononset;onsetsarenotT5/T10. MethodsTG209dryapproximately5mg10C/min30-700CN2airp4;flow/dryprotocol/repeatsunreported. LOIHC2CGBT5454-1997150x48mmnot58. Own11Table1samplelabels0-10retained:5TCFdoseLOIs22.6/27.6/29.4/24/29.6noowndoseTG;fourwashedTCF3/TCFSi20/50nativeLCLOI26.6/27.8/23/25.2noownwashedTG;washingprotocolcitesRefs25/26notreprinted,countsnotconvertedtohomecycles. Initialpostpreparationrinseisnot20LC. Fig12captionduplicatesTCFSiAF50TLandbodyafterflameversusabstractafterglowwordingnotusedasTGdata. XPS/EDSsurfacefractionsnotbulkSiO2loading;noFRpowder/fabricmixing. Twoindependentinitialstatesfourgasconditionsapproved;nineheldfacts.",cotton,"Original woven cotton fabric,112 g/m2,JiangsuYuedaHomeTextileChina;weave pattern and fiber purity not specified","Original woven cotton fabric,112 g/m2,JiangsuYuedaHomeTextileChina;weave pattern and fiber purity not specified",,"TCF,samplenumber5",held_source_facts,,held_dose_specific_LOI_no_own_TG,journal_article,DOI/title/authorsFullLengthArticlePDFp1,,,,,,,held_outside_verified_target,,TCF5,150,,,Nativeplusminus;typeandreplicatesunreported,,300,,,,,,5,,,,,,,,NativepublisherVersionofRecordPDF5072020Article145175;onlineDecember2019,,,PreparationsPDFp3;TG/LOImethodsp4;ownthermaltextp7-8;Fig11andTable1p9;washedstatetextp9-10,,no,,,,,,,"PEPAS150-350g/L+CYPA50-150g/LaqueouspH8-9;fabric60C30minbathratio1:50;heat90Craise pH10another30min;DIwaterrinse,dry105C10min. TCFSiusesTCF300g/LPEPAS125g/LCYPA,hydrothermalnanoSiO2deposition:35mLsodiumsilicate40percentsolids+150mLDIwater,70C+0.4gstearicacid(nativehvacidity),pH7-8byH2SO4aqueous10volpercent;reactor160C12h,bath1:50,coolrunningwater,DIrinse,dry105C10min",,,,,,,,,,,,,,,Construction of anti-flame network structures in cotton fabrics with pentaerythritol phosphate urea salt and nano SiO2,https://doi.org/10.1016/j.apsusc.2019.145175,,,NoSIcitedall11pages,"PEPAS150-350g/L+CYPA50-150g/LaqueouspH8-9;fabric60C30minbathratio1:50;heat90Craise pH10another30min;DIwaterrinse,dry105C10min. TCFSiusesTCF300g/LPEPAS125g/LCYPA,hydrothermalnanoSiO2deposition:35mLsodiumsilicate40percentsolids+150mLDIwater,70C+0.4gstearicacid(nativehvacidity),pH7-8byH2SO4aqueous10volpercent;reactor160C12h,bath1:50,coolrunningwater,DIrinse,dry105C10min",Initialaspreparedfabric,Initialasprepared;postpreparationrinseincluded;nodurabilitylaundering,2020
10.1016/j.apsusc.2019.145175,HC2C,OwnTable1PDFp9;abstractp1,26.6,150x48,GB/T5454-1997,0.45,,,,,,,,,,,,,,,,,,Noownsamewashed-stateTG,,,,,,,,,,Cotton;PEPAS300g/LCYPA125g/L;noSiO2,TG/LOImethodsPDFp4;preparationPDFp3;sampledosecrosswalkp4,RawownwashedLOIfactsnotapprovedpair,2026-10-02,Codex11nativepublisher/textpages;oneprimaryreviewer,,Applied Surface Science,"All11native/textpagesreviewed,noSIcited. OwnTable1p9OCFloi17.8plusminus.45/TCFSi31.8plusminus.84;uncertaintytype/repeatsnotreported. TCFSiunambiguously300g/LPEPAS125g/LCYPA+hydrothermalnanoSiO2;p4scopeappliessameunlessotherwisestated. Ownthermaltextp7airTonsetOCF292.73/TCFSi246.98andreportedmaximumdecompositiontemperature354.43/305.65withcorrespondingmasslossrates2943.38/452.44ug/min. AirR700p8OCF3.41/TCFSi15.02. N2R700p8OCF7.92/TCFSi37.94;N2numericonset/peaksnotreportedandnotestimatedfromFig11p9. Thirtyto110Cfirsteventexplicitwaterlossnotdecompositiononset;onsetsarenotT5/T10. MethodsTG209dryapproximately5mg10C/min30-700CN2airp4;flow/dryprotocol/repeatsunreported. LOIHC2CGBT5454-1997150x48mmnot58. Own11Table1samplelabels0-10retained:5TCFdoseLOIs22.6/27.6/29.4/24/29.6noowndoseTG;fourwashedTCF3/TCFSi20/50nativeLCLOI26.6/27.8/23/25.2noownwashedTG;washingprotocolcitesRefs25/26notreprinted,countsnotconvertedtohomecycles. Initialpostpreparationrinseisnot20LC. Fig12captionduplicatesTCFSiAF50TLandbodyafterflameversusabstractafterglowwordingnotusedasTGdata. XPS/EDSsurfacefractionsnotbulkSiO2loading;noFRpowder/fabricmixing. Twoindependentinitialstatesfourgasconditionsapproved;nineheldfacts.",cotton,"Original woven cotton fabric,112 g/m2,JiangsuYuedaHomeTextileChina;weave pattern and fiber purity not specified","Original woven cotton fabric,112 g/m2,JiangsuYuedaHomeTextileChina;weave pattern and fiber purity not specified",,TCF3(AF20TL),held_source_facts,,held_washed_LOI_no_own_TG,journal_article,DOI/title/authorsFullLengthArticlePDFp1,,,,,,,held_outside_verified_target,,TCF3-AF20TL,125,,,Nativeplusminus;typeandreplicatesunreported,,300,,,,,,7,,,,,,,,NativepublisherVersionofRecordPDF5072020Article145175;onlineDecember2019,,,PreparationsPDFp3;TG/LOImethodsp4;ownthermaltextp7-8;Fig11andTable1p9;washedstatetextp9-10,,no,20,,,,,,"PEPAS150-350g/L+CYPA50-150g/LaqueouspH8-9;fabric60C30minbathratio1:50;heat90Craise pH10another30min;DIwaterrinse,dry105C10min. TCFSiusesTCF300g/LPEPAS125g/LCYPA,hydrothermalnanoSiO2deposition:35mLsodiumsilicate40percentsolids+150mLDIwater,70C+0.4gstearicacid(nativehvacidity),pH7-8byH2SO4aqueous10volpercent;reactor160C12h,bath1:50,coolrunningwater,DIrinse,dry105C10min",,,,,,,,,,,,,,,Construction of anti-flame network structures in cotton fabrics with pentaerythritol phosphate urea salt and nano SiO2,https://doi.org/10.1016/j.apsusc.2019.145175,MethodcitespreviousworkRefs25/26;durabilityacceleratedlaundering;T/time/detergentnotreprinted;homeconversionunreported,,NoSIcitedall11pages,"PEPAS150-350g/L+CYPA50-150g/LaqueouspH8-9;fabric60C30minbathratio1:50;heat90Craise pH10another30min;DIwaterrinse,dry105C10min. TCFSiusesTCF300g/LPEPAS125g/LCYPA,hydrothermalnanoSiO2deposition:35mLsodiumsilicate40percentsolids+150mLDIwater,70C+0.4gstearicacid(nativehvacidity),pH7-8byH2SO4aqueous10volpercent;reactor160C12h,bath1:50,coolrunningwater,DIrinse,dry105C10min",After20nativelaunderings,After20nativelaunderings;protocolcitedRefs25/26notreprinted,2020
10.1016/j.apsusc.2019.145175,HC2C,OwnTable1PDFp9;abstractp1,27.8,150x48,GB/T5454-1997,0.55,,,,,,,,,,,,,,,,,,Noownsamewashed-stateTG,,,,,,,,,,Cotton;PEPAS300g/LCYPA125g/L+hydrothermalnanoSiO2,TG/LOImethodsPDFp4;preparationPDFp3;sampledosecrosswalkp4,RawownwashedLOIfactsnotapprovedpair,2026-10-02,Codex11nativepublisher/textpages;oneprimaryreviewer,,Applied Surface Science,"All11native/textpagesreviewed,noSIcited. OwnTable1p9OCFloi17.8plusminus.45/TCFSi31.8plusminus.84;uncertaintytype/repeatsnotreported. TCFSiunambiguously300g/LPEPAS125g/LCYPA+hydrothermalnanoSiO2;p4scopeappliessameunlessotherwisestated. Ownthermaltextp7airTonsetOCF292.73/TCFSi246.98andreportedmaximumdecompositiontemperature354.43/305.65withcorrespondingmasslossrates2943.38/452.44ug/min. AirR700p8OCF3.41/TCFSi15.02. N2R700p8OCF7.92/TCFSi37.94;N2numericonset/peaksnotreportedandnotestimatedfromFig11p9. Thirtyto110Cfirsteventexplicitwaterlossnotdecompositiononset;onsetsarenotT5/T10. MethodsTG209dryapproximately5mg10C/min30-700CN2airp4;flow/dryprotocol/repeatsunreported. LOIHC2CGBT5454-1997150x48mmnot58. Own11Table1samplelabels0-10retained:5TCFdoseLOIs22.6/27.6/29.4/24/29.6noowndoseTG;fourwashedTCF3/TCFSi20/50nativeLCLOI26.6/27.8/23/25.2noownwashedTG;washingprotocolcitesRefs25/26notreprinted,countsnotconvertedtohomecycles. Initialpostpreparationrinseisnot20LC. Fig12captionduplicatesTCFSiAF50TLandbodyafterflameversusabstractafterglowwordingnotusedasTGdata. XPS/EDSsurfacefractionsnotbulkSiO2loading;noFRpowder/fabricmixing. Twoindependentinitialstatesfourgasconditionsapproved;nineheldfacts.",cotton,"Original woven cotton fabric,112 g/m2,JiangsuYuedaHomeTextileChina;weave pattern and fiber purity not specified","Original woven cotton fabric,112 g/m2,JiangsuYuedaHomeTextileChina;weave pattern and fiber purity not specified",,TCFSi(AF20TL),held_source_facts,,held_washed_LOI_no_own_TG,journal_article,DOI/title/authorsFullLengthArticlePDFp1,,,,,,,held_outside_verified_target,,TCFSi-AF20TL,125,,,Nativeplusminus;typeandreplicatesunreported,,300,,,,,,8,,,,,,,,NativepublisherVersionofRecordPDF5072020Article145175;onlineDecember2019,,,PreparationsPDFp3;TG/LOImethodsp4;ownthermaltextp7-8;Fig11andTable1p9;washedstatetextp9-10,,yes,20,,,,,,"PEPAS150-350g/L+CYPA50-150g/LaqueouspH8-9;fabric60C30minbathratio1:50;heat90Craise pH10another30min;DIwaterrinse,dry105C10min. TCFSiusesTCF300g/LPEPAS125g/LCYPA,hydrothermalnanoSiO2deposition:35mLsodiumsilicate40percentsolids+150mLDIwater,70C+0.4gstearicacid(nativehvacidity),pH7-8byH2SO4aqueous10volpercent;reactor160C12h,bath1:50,coolrunningwater,DIrinse,dry105C10min",,,,,,,,,,,,,,,Construction of anti-flame network structures in cotton fabrics with pentaerythritol phosphate urea salt and nano SiO2,https://doi.org/10.1016/j.apsusc.2019.145175,MethodcitespreviousworkRefs25/26;durabilityacceleratedlaundering;T/time/detergentnotreprinted;homeconversionunreported,,NoSIcitedall11pages,"PEPAS150-350g/L+CYPA50-150g/LaqueouspH8-9;fabric60C30minbathratio1:50;heat90Craise pH10another30min;DIwaterrinse,dry105C10min. TCFSiusesTCF300g/LPEPAS125g/LCYPA,hydrothermalnanoSiO2deposition:35mLsodiumsilicate40percentsolids+150mLDIwater,70C+0.4gstearicacid(nativehvacidity),pH7-8byH2SO4aqueous10volpercent;reactor160C12h,bath1:50,coolrunningwater,DIrinse,dry105C10min",After20nativelaunderings,After20nativelaunderings;protocolcitedRefs25/26notreprinted,2020
10.1016/j.apsusc.2019.145175,HC2C,OwnTable1PDFp9;abstractp1,23,150x48,GB/T5454-1997,0.71,,,,,,,,,,,,,,,,,,Noownsamewashed-stateTG,,,,,,,,,,Cotton;PEPAS300g/LCYPA125g/L;noSiO2,TG/LOImethodsPDFp4;preparationPDFp3;sampledosecrosswalkp4,RawownwashedLOIfactsnotapprovedpair,2026-10-02,Codex11nativepublisher/textpages;oneprimaryreviewer,,Applied Surface Science,"All11native/textpagesreviewed,noSIcited. OwnTable1p9OCFloi17.8plusminus.45/TCFSi31.8plusminus.84;uncertaintytype/repeatsnotreported. TCFSiunambiguously300g/LPEPAS125g/LCYPA+hydrothermalnanoSiO2;p4scopeappliessameunlessotherwisestated. Ownthermaltextp7airTonsetOCF292.73/TCFSi246.98andreportedmaximumdecompositiontemperature354.43/305.65withcorrespondingmasslossrates2943.38/452.44ug/min. AirR700p8OCF3.41/TCFSi15.02. N2R700p8OCF7.92/TCFSi37.94;N2numericonset/peaksnotreportedandnotestimatedfromFig11p9. Thirtyto110Cfirsteventexplicitwaterlossnotdecompositiononset;onsetsarenotT5/T10. MethodsTG209dryapproximately5mg10C/min30-700CN2airp4;flow/dryprotocol/repeatsunreported. LOIHC2CGBT5454-1997150x48mmnot58. Own11Table1samplelabels0-10retained:5TCFdoseLOIs22.6/27.6/29.4/24/29.6noowndoseTG;fourwashedTCF3/TCFSi20/50nativeLCLOI26.6/27.8/23/25.2noownwashedTG;washingprotocolcitesRefs25/26notreprinted,countsnotconvertedtohomecycles. Initialpostpreparationrinseisnot20LC. Fig12captionduplicatesTCFSiAF50TLandbodyafterflameversusabstractafterglowwordingnotusedasTGdata. XPS/EDSsurfacefractionsnotbulkSiO2loading;noFRpowder/fabricmixing. Twoindependentinitialstatesfourgasconditionsapproved;nineheldfacts.",cotton,"Original woven cotton fabric,112 g/m2,JiangsuYuedaHomeTextileChina;weave pattern and fiber purity not specified","Original woven cotton fabric,112 g/m2,JiangsuYuedaHomeTextileChina;weave pattern and fiber purity not specified",,TCF3(AF50TL),held_source_facts,,held_washed_LOI_no_own_TG,journal_article,DOI/title/authorsFullLengthArticlePDFp1,,,,,,,held_outside_verified_target,,TCF3-AF50TL,125,,,Nativeplusminus;typeandreplicatesunreported,,300,,,,,,9,,,,,,,,NativepublisherVersionofRecordPDF5072020Article145175;onlineDecember2019,,,PreparationsPDFp3;TG/LOImethodsp4;ownthermaltextp7-8;Fig11andTable1p9;washedstatetextp9-10,,no,50,,,,,,"PEPAS150-350g/L+CYPA50-150g/LaqueouspH8-9;fabric60C30minbathratio1:50;heat90Craise pH10another30min;DIwaterrinse,dry105C10min. TCFSiusesTCF300g/LPEPAS125g/LCYPA,hydrothermalnanoSiO2deposition:35mLsodiumsilicate40percentsolids+150mLDIwater,70C+0.4gstearicacid(nativehvacidity),pH7-8byH2SO4aqueous10volpercent;reactor160C12h,bath1:50,coolrunningwater,DIrinse,dry105C10min",,,,,,,,,,,,,,,Construction of anti-flame network structures in cotton fabrics with pentaerythritol phosphate urea salt and nano SiO2,https://doi.org/10.1016/j.apsusc.2019.145175,MethodcitespreviousworkRefs25/26;durabilityacceleratedlaundering;T/time/detergentnotreprinted;homeconversionunreported,,NoSIcitedall11pages,"PEPAS150-350g/L+CYPA50-150g/LaqueouspH8-9;fabric60C30minbathratio1:50;heat90Craise pH10another30min;DIwaterrinse,dry105C10min. TCFSiusesTCF300g/LPEPAS125g/LCYPA,hydrothermalnanoSiO2deposition:35mLsodiumsilicate40percentsolids+150mLDIwater,70C+0.4gstearicacid(nativehvacidity),pH7-8byH2SO4aqueous10volpercent;reactor160C12h,bath1:50,coolrunningwater,DIrinse,dry105C10min",After50nativelaunderings,After50nativelaunderings;protocolcitedRefs25/26notreprinted,2020
10.1016/j.apsusc.2019.145175,HC2C,OwnTable1PDFp9;abstractp1,25.2,150x48,GB/T5454-1997,0.84,,,,,,,,,,,,,,,,,,Noownsamewashed-stateTG,,,,,,,,,,Cotton;PEPAS300g/LCYPA125g/L+hydrothermalnanoSiO2,TG/LOImethodsPDFp4;preparationPDFp3;sampledosecrosswalkp4,RawownwashedLOIfactsnotapprovedpair,2026-10-02,Codex11nativepublisher/textpages;oneprimaryreviewer,,Applied Surface Science,"All11native/textpagesreviewed,noSIcited. OwnTable1p9OCFloi17.8plusminus.45/TCFSi31.8plusminus.84;uncertaintytype/repeatsnotreported. TCFSiunambiguously300g/LPEPAS125g/LCYPA+hydrothermalnanoSiO2;p4scopeappliessameunlessotherwisestated. Ownthermaltextp7airTonsetOCF292.73/TCFSi246.98andreportedmaximumdecompositiontemperature354.43/305.65withcorrespondingmasslossrates2943.38/452.44ug/min. AirR700p8OCF3.41/TCFSi15.02. N2R700p8OCF7.92/TCFSi37.94;N2numericonset/peaksnotreportedandnotestimatedfromFig11p9. Thirtyto110Cfirsteventexplicitwaterlossnotdecompositiononset;onsetsarenotT5/T10. MethodsTG209dryapproximately5mg10C/min30-700CN2airp4;flow/dryprotocol/repeatsunreported. LOIHC2CGBT5454-1997150x48mmnot58. Own11Table1samplelabels0-10retained:5TCFdoseLOIs22.6/27.6/29.4/24/29.6noowndoseTG;fourwashedTCF3/TCFSi20/50nativeLCLOI26.6/27.8/23/25.2noownwashedTG;washingprotocolcitesRefs25/26notreprinted,countsnotconvertedtohomecycles. Initialpostpreparationrinseisnot20LC. Fig12captionduplicatesTCFSiAF50TLandbodyafterflameversusabstractafterglowwordingnotusedasTGdata. XPS/EDSsurfacefractionsnotbulkSiO2loading;noFRpowder/fabricmixing. Twoindependentinitialstatesfourgasconditionsapproved;nineheldfacts.",cotton,"Original woven cotton fabric,112 g/m2,JiangsuYuedaHomeTextileChina;weave pattern and fiber purity not specified","Original woven cotton fabric,112 g/m2,JiangsuYuedaHomeTextileChina;weave pattern and fiber purity not specified",,TCFSi(AF50TL),held_source_facts,,held_washed_LOI_no_own_TG,journal_article,DOI/title/authorsFullLengthArticlePDFp1,,,,,,,held_outside_verified_target,,TCFSi-AF50TL,125,,,Nativeplusminus;typeandreplicatesunreported,,300,,,,,,10,,,,,,,,NativepublisherVersionofRecordPDF5072020Article145175;onlineDecember2019,,,PreparationsPDFp3;TG/LOImethodsp4;ownthermaltextp7-8;Fig11andTable1p9;washedstatetextp9-10,,yes,50,,,,,,"PEPAS150-350g/L+CYPA50-150g/LaqueouspH8-9;fabric60C30minbathratio1:50;heat90Craise pH10another30min;DIwaterrinse,dry105C10min. TCFSiusesTCF300g/LPEPAS125g/LCYPA,hydrothermalnanoSiO2deposition:35mLsodiumsilicate40percentsolids+150mLDIwater,70C+0.4gstearicacid(nativehvacidity),pH7-8byH2SO4aqueous10volpercent;reactor160C12h,bath1:50,coolrunningwater,DIrinse,dry105C10min",,,,,,,,,,,,,,,Construction of anti-flame network structures in cotton fabrics with pentaerythritol phosphate urea salt and nano SiO2,https://doi.org/10.1016/j.apsusc.2019.145175,MethodcitespreviousworkRefs25/26;durabilityacceleratedlaundering;T/time/detergentnotreprinted;homeconversionunreported,,NoSIcitedall11pages,"PEPAS150-350g/L+CYPA50-150g/LaqueouspH8-9;fabric60C30minbathratio1:50;heat90Craise pH10another30min;DIwaterrinse,dry105C10min. TCFSiusesTCF300g/LPEPAS125g/LCYPA,hydrothermalnanoSiO2deposition:35mLsodiumsilicate40percentsolids+150mLDIwater,70C+0.4gstearicacid(nativehvacidity),pH7-8byH2SO4aqueous10volpercent;reactor160C12h,bath1:50,coolrunningwater,DIrinse,dry105C10min",After50nativelaunderings,After50nativelaunderings;protocolcitedRefs25/26notreprinted,2020
10.1016/j.carbpol.2017.05.054,AST1004050,OwnTable2PDFp8printed282,18.3,50x150,ASTM D2863-08,,,,,,,,,,324,,,,,,,204F1,800,OwnTable1Fig4PDFp7printed281,30,354,,,,,N2,13.0,600,Originalplaincottoncontrol,TG/LOImethodsPDFp3printed277,TG+LOI,2026-10-02,Codexall9native/textpagesandonecompletepublisherSITableS1;oneprimaryreviewer,10,Carbohydrate Polymers,"All9native/textprimarypagespluscompletepublisherCDNSITableS1reviewed(XMLalltabledetails,foot/endnotesempty,nodrawingmedia,oneconvertednativepage). ExactofficialElsevierPIIS0144861717305714mmc1.docxwasinitiallyacandidateendpoint;HTTP200andTableS1sameDHTP2/5/8andallfourbreakingstrength/stiffnesspairs933.2/3.02,938.6/4.57,974.7/5.41,1058/5.85matchprimaryp8,establishingcontentidentity;notclaimingScienceDirectparentfulltextreview(403). OwnTable1p7TG10C/min30-800CN2air5mgopenaluminapan204F1p3;nativeTonset10percentisT10notT5/genericonset;R600notR800despitemethodendpoint800. OwnTable2p8onlyuntreatedandDHTP2/5/8LOI18.3/26.1/26.7/27.2;MPTES-onlypretreatedTGhasnoownLOIeventhoughcaptionmentionspretreated. AircontrolR600lessthan1.0rawboundcanonicalblank;ownT10/DTGpeaksvalid. VariableR@TmaxandmaximumratesnotfixedR600;waterlossbelow100Cexcluded. Eightconditions/fourinitialstatesapproved. DHTP8addon60.4Table2versus61.4prose/conclusionrawboth;addoncanonicalblank,doseidentity2/5/8explicitandnotambiguous. Table3zeroLCduplicatesinitialnotextra;LC1/5/30ninewashedLOIrecordsnoownwashedTG;ISO6330-2012flakedsoapwashT/dryprotocolunreported;EDXsurfacefractionsnotbulkloading. Elevenheldfacts(twoMPTES-onlyTG,ninewashedLOI).",cotton,"Plain cotton woven fabric,228g/m2,SaintyearHoldingGroupChina;cotton purity percentage unreported","Plain cotton woven fabric,228g/m2,SaintyearHoldingGroupChina;cotton purity percentage unreported","Plain cotton woven fabric,228g/m2,SaintyearHoldingGroupChina;cotton purity percentage unreported",Untreated,tabulated,OwnTable1p7andTable2p8explicituntreated/2/5/8wtpercentDHTPinitialsame228gm2plaincotton;5wtpercentMPTESpretreatmentnotuntreatedcontrol;204F1N2air10C/min30-800C5mgopenaluminapanp3. Whole9native/textpagesandcompletepublisherPIImatchedSITableS1reviewed. Tonset10percentstoredT10notT5/genericonset;R600ownexacttableonlynotR800;aircontrolresidueboundheldrawwithoutguess;variableresidueatpeakseparate;waterlossbelow100excluded;UVpreparationrinseinitialnotLC1/5/30;8wtpercentbathidentityknownaddonconflict60.4/61.4rawpreservednotusedasloading.,verified_exact,journal_article,DOI/title/authorsfullpublisherPDFp1,,,,,13.0,600,source_review_approved,eb86342bcb06d9c9fd3b1c7f21ed83265ed9a2ab73116e8998cf3036c494c3df,Untreated,,0,,,0,,,5,,openaluminapan,,,,NativenotationTonset10percent;10percentmasslossthresholdrecordedasT10notgenericTonset/T5,,,,,,NativepublisherVersionofRecord1722017pp275-283,,,Materials/preparation/TG/LOImethodsPDFp3printed277;Table1Fig4p7printed281;Table2/3p8printed282;AppendixAp9;SITableS1,,,,13.0,,324,-1.9,,"Clean15g/LNaOH+7g/LLevellingAgentOwater70C20min. MPTES5wtpercent80:20ethanol/waterRT30minmildshaking;fabricdip3min,cure120C5min. DHTP2/5/8wtpercentwithDMPA0.5wtpercentinitiator,dip5minUVirradiation20minRT;dip/UVprocessrepeated3times;DIwaterrinse,dry60Cdurationunreported. UVdose/wavelengthunreported;preparationrinseinitialnotdurabilitywash",,,,,,,,,,,,600,52.5,,Durable flame retardant finishing of cotton fabrics with halogen-free organophosphonate by UV photoinitiated thiol-ene click chemistry,https://doi.org/10.1016/j.carbpol.2017.05.054,,,CompletepublisherCDNSITableS1XMLandoneconvertednativepage;PIIandallfourmechanicalpairsmatchprimaryp8,Untreatedcontrolasreported,Initialaspreparedfabric,Initialasprepared;preparationrinseincluded;0durabilitywashcycles,2017
10.1016/j.carbpol.2017.05.054,AST1004050,OwnTable2PDFp8printed282,18.3,50x150,ASTM D2863-08,,,,,,,,,,318,,,,,,,204F1,800,OwnTable1Fig4PDFp7printed281,30,354,488,,,,air,,,Originalplaincottoncontrol,TG/LOImethodsPDFp3printed277,TG+LOI,2026-10-02,Codexall9native/textpagesandonecompletepublisherSITableS1;oneprimaryreviewer,10,Carbohydrate Polymers,"All9native/textprimarypagespluscompletepublisherCDNSITableS1reviewed(XMLalltabledetails,foot/endnotesempty,nodrawingmedia,oneconvertednativepage). ExactofficialElsevierPIIS0144861717305714mmc1.docxwasinitiallyacandidateendpoint;HTTP200andTableS1sameDHTP2/5/8andallfourbreakingstrength/stiffnesspairs933.2/3.02,938.6/4.57,974.7/5.41,1058/5.85matchprimaryp8,establishingcontentidentity;notclaimingScienceDirectparentfulltextreview(403). OwnTable1p7TG10C/min30-800CN2air5mgopenaluminapan204F1p3;nativeTonset10percentisT10notT5/genericonset;R600notR800despitemethodendpoint800. OwnTable2p8onlyuntreatedandDHTP2/5/8LOI18.3/26.1/26.7/27.2;MPTES-onlypretreatedTGhasnoownLOIeventhoughcaptionmentionspretreated. AircontrolR600lessthan1.0rawboundcanonicalblank;ownT10/DTGpeaksvalid. VariableR@TmaxandmaximumratesnotfixedR600;waterlossbelow100Cexcluded. Eightconditions/fourinitialstatesapproved. DHTP8addon60.4Table2versus61.4prose/conclusionrawboth;addoncanonicalblank,doseidentity2/5/8explicitandnotambiguous. Table3zeroLCduplicatesinitialnotextra;LC1/5/30ninewashedLOIrecordsnoownwashedTG;ISO6330-2012flakedsoapwashT/dryprotocolunreported;EDXsurfacefractionsnotbulkloading. Elevenheldfacts(twoMPTES-onlyTG,ninewashedLOI).",cotton,"Plain cotton woven fabric,228g/m2,SaintyearHoldingGroupChina;cotton purity percentage unreported","Plain cotton woven fabric,228g/m2,SaintyearHoldingGroupChina;cotton purity percentage unreported","Plain cotton woven fabric,228g/m2,SaintyearHoldingGroupChina;cotton purity percentage unreported",Untreated,tabulated,OwnTable1p7andTable2p8explicituntreated/2/5/8wtpercentDHTPinitialsame228gm2plaincotton;5wtpercentMPTESpretreatmentnotuntreatedcontrol;204F1N2air10C/min30-800C5mgopenaluminapanp3. Whole9native/textpagesandcompletepublisherPIImatchedSITableS1reviewed. Tonset10percentstoredT10notT5/genericonset;R600ownexacttableonlynotR800;aircontrolresidueboundheldrawwithoutguess;variableresidueatpeakseparate;waterlossbelow100excluded;UVpreparationrinseinitialnotLC1/5/30;8wtpercentbathidentityknownaddonconflict60.4/61.4rawpreservednotusedasloading.,verified_exact,journal_article,DOI/title/authorsfullpublisherPDFp1,,,,,,,source_review_approved,d5ab54b5c8f997488d4fa1a9626f6c59f6f482301f88e3aeba2900a3a388cc4d,Untreated,,0,,,0,,,5,,openaluminapan,,,,NativenotationTonset10percent;10percentmasslossthresholdrecordedasT10notgenericTonset/T5,,,,,,NativepublisherVersionofRecord1722017pp275-283,,,Materials/preparation/TG/LOImethodsPDFp3printed277;Table1Fig4p7printed281;Table2/3p8printed282;AppendixAp9;SITableS1,,,,less than1.0,,318,-1.7,-0.3,"Clean15g/LNaOH+7g/LLevellingAgentOwater70C20min. MPTES5wtpercent80:20ethanol/waterRT30minmildshaking;fabricdip3min,cure120C5min. DHTP2/5/8wtpercentwithDMPA0.5wtpercentinitiator,dip5minUVirradiation20minRT;dip/UVprocessrepeated3times;DIwaterrinse,dry60Cdurationunreported. UVdose/wavelengthunreported;preparationrinseinitialnotdurabilitywash",,,,,,,,,,,,600,44.2,4.8,Durable flame retardant finishing of cotton fabrics with halogen-free organophosphonate by UV photoinitiated thiol-ene click chemistry,https://doi.org/10.1016/j.carbpol.2017.05.054,,,CompletepublisherCDNSITableS1XMLandoneconvertednativepage;PIIandallfourmechanicalpairsmatchprimaryp8,Untreatedcontrolasreported,Initialaspreparedfabric,Initialasprepared;preparationrinseincluded;0durabilitywashcycles,2017
10.1016/j.carbpol.2017.05.054,AST1004050,OwnTable2PDFp8printed282,26.1,50x150,ASTM D2863-08,,,,,,,,,,305,,,,,,,204F1,800,OwnTable1Fig4PDFp7printed281,30,339,,,,,N2,43.1,600,"Cotton5wtpercentMPTESpretreatment;DHTP2wtpercentbath,DMPA0.5wtpercentUVinitiator",TG/LOImethodsPDFp3printed277,TG+LOI,2026-10-02,Codexall9native/textpagesandonecompletepublisherSITableS1;oneprimaryreviewer,10,Carbohydrate Polymers,"All9native/textprimarypagespluscompletepublisherCDNSITableS1reviewed(XMLalltabledetails,foot/endnotesempty,nodrawingmedia,oneconvertednativepage). ExactofficialElsevierPIIS0144861717305714mmc1.docxwasinitiallyacandidateendpoint;HTTP200andTableS1sameDHTP2/5/8andallfourbreakingstrength/stiffnesspairs933.2/3.02,938.6/4.57,974.7/5.41,1058/5.85matchprimaryp8,establishingcontentidentity;notclaimingScienceDirectparentfulltextreview(403). OwnTable1p7TG10C/min30-800CN2air5mgopenaluminapan204F1p3;nativeTonset10percentisT10notT5/genericonset;R600notR800despitemethodendpoint800. OwnTable2p8onlyuntreatedandDHTP2/5/8LOI18.3/26.1/26.7/27.2;MPTES-onlypretreatedTGhasnoownLOIeventhoughcaptionmentionspretreated. AircontrolR600lessthan1.0rawboundcanonicalblank;ownT10/DTGpeaksvalid. VariableR@TmaxandmaximumratesnotfixedR600;waterlossbelow100Cexcluded. Eightconditions/fourinitialstatesapproved. DHTP8addon60.4Table2versus61.4prose/conclusionrawboth;addoncanonicalblank,doseidentity2/5/8explicitandnotambiguous. Table3zeroLCduplicatesinitialnotextra;LC1/5/30ninewashedLOIrecordsnoownwashedTG;ISO6330-2012flakedsoapwashT/dryprotocolunreported;EDXsurfacefractionsnotbulkloading. Elevenheldfacts(twoMPTES-onlyTG,ninewashedLOI).",cotton,"Plain cotton woven fabric,228g/m2,SaintyearHoldingGroupChina;cotton purity percentage unreported","Plain cotton woven fabric,228g/m2,SaintyearHoldingGroupChina;cotton purity percentage unreported","Plain cotton woven fabric,228g/m2,SaintyearHoldingGroupChina;cotton purity percentage unreported",2%DHTP treated,tabulated,OwnTable1p7andTable2p8explicituntreated/2/5/8wtpercentDHTPinitialsame228gm2plaincotton;5wtpercentMPTESpretreatmentnotuntreatedcontrol;204F1N2air10C/min30-800C5mgopenaluminapanp3. Whole9native/textpagesandcompletepublisherPIImatchedSITableS1reviewed. Tonset10percentstoredT10notT5/genericonset;R600ownexacttableonlynotR800;aircontrolresidueboundheldrawwithoutguess;variableresidueatpeakseparate;waterlossbelow100excluded;UVpreparationrinseinitialnotLC1/5/30;8wtpercentbathidentityknownaddonconflict60.4/61.4rawpreservednotusedasloading.,verified_exact,journal_article,DOI/title/authorsfullpublisherPDFp1,,,,,43.1,600,source_review_approved,90384a368a08ee6066001b0ffb706fe6b54fb2916c9b43cb55976d10a1175c96,2%DHTP treated,,2,,,5,,,5,,openaluminapan,,,,NativenotationTonset10percent;10percentmasslossthresholdrecordedasT10notgenericTonset/T5,,,,30.7,,NativepublisherVersionofRecord1722017pp275-283,,,Materials/preparation/TG/LOImethodsPDFp3printed277;Table1Fig4p7printed281;Table2/3p8printed282;AppendixAp9;SITableS1,,,,43.1,,305,-1,,"Clean15g/LNaOH+7g/LLevellingAgentOwater70C20min. MPTES5wtpercent80:20ethanol/waterRT30minmildshaking;fabricdip3min,cure120C5min. DHTP2/5/8wtpercentwithDMPA0.5wtpercentinitiator,dip5minUVirradiation20minRT;dip/UVprocessrepeated3times;DIwaterrinse,dry60Cdurationunreported. UVdose/wavelengthunreported;preparationrinseinitialnotdurabilitywash",,,,,,,,,,,,600,68.5,,Durable flame retardant finishing of cotton fabrics with halogen-free organophosphonate by UV photoinitiated thiol-ene click chemistry,https://doi.org/10.1016/j.carbpol.2017.05.054,,,CompletepublisherCDNSITableS1XMLandoneconvertednativepage;PIIandallfourmechanicalpairsmatchprimaryp8,"Clean15g/LNaOH+7g/LLevellingAgentOwater70C20min. MPTES5wtpercent80:20ethanol/waterRT30minmildshaking;fabricdip3min,cure120C5min. DHTP2/5/8wtpercentwithDMPA0.5wtpercentinitiator,dip5minUVirradiation20minRT;dip/UVprocessrepeated3times;DIwaterrinse,dry60Cdurationunreported. UVdose/wavelengthunreported;preparationrinseinitialnotdurabilitywash",Initialaspreparedfabric,Initialasprepared;preparationrinseincluded;0durabilitywashcycles,2017
10.1016/j.carbpol.2017.05.054,AST1004050,OwnTable2PDFp8printed282,26.1,50x150,ASTM D2863-08,,,,,,,,,,250,,,,,,,204F1,800,OwnTable1Fig4PDFp7printed281,30,322,511,,,,air,12.7,600,"Cotton5wtpercentMPTESpretreatment;DHTP2wtpercentbath,DMPA0.5wtpercentUVinitiator",TG/LOImethodsPDFp3printed277,TG+LOI,2026-10-02,Codexall9native/textpagesandonecompletepublisherSITableS1;oneprimaryreviewer,10,Carbohydrate Polymers,"All9native/textprimarypagespluscompletepublisherCDNSITableS1reviewed(XMLalltabledetails,foot/endnotesempty,nodrawingmedia,oneconvertednativepage). ExactofficialElsevierPIIS0144861717305714mmc1.docxwasinitiallyacandidateendpoint;HTTP200andTableS1sameDHTP2/5/8andallfourbreakingstrength/stiffnesspairs933.2/3.02,938.6/4.57,974.7/5.41,1058/5.85matchprimaryp8,establishingcontentidentity;notclaimingScienceDirectparentfulltextreview(403). OwnTable1p7TG10C/min30-800CN2air5mgopenaluminapan204F1p3;nativeTonset10percentisT10notT5/genericonset;R600notR800despitemethodendpoint800. OwnTable2p8onlyuntreatedandDHTP2/5/8LOI18.3/26.1/26.7/27.2;MPTES-onlypretreatedTGhasnoownLOIeventhoughcaptionmentionspretreated. AircontrolR600lessthan1.0rawboundcanonicalblank;ownT10/DTGpeaksvalid. VariableR@TmaxandmaximumratesnotfixedR600;waterlossbelow100Cexcluded. Eightconditions/fourinitialstatesapproved. DHTP8addon60.4Table2versus61.4prose/conclusionrawboth;addoncanonicalblank,doseidentity2/5/8explicitandnotambiguous. Table3zeroLCduplicatesinitialnotextra;LC1/5/30ninewashedLOIrecordsnoownwashedTG;ISO6330-2012flakedsoapwashT/dryprotocolunreported;EDXsurfacefractionsnotbulkloading. Elevenheldfacts(twoMPTES-onlyTG,ninewashedLOI).",cotton,"Plain cotton woven fabric,228g/m2,SaintyearHoldingGroupChina;cotton purity percentage unreported","Plain cotton woven fabric,228g/m2,SaintyearHoldingGroupChina;cotton purity percentage unreported","Plain cotton woven fabric,228g/m2,SaintyearHoldingGroupChina;cotton purity percentage unreported",2%DHTP treated,tabulated,OwnTable1p7andTable2p8explicituntreated/2/5/8wtpercentDHTPinitialsame228gm2plaincotton;5wtpercentMPTESpretreatmentnotuntreatedcontrol;204F1N2air10C/min30-800C5mgopenaluminapanp3. Whole9native/textpagesandcompletepublisherPIImatchedSITableS1reviewed. Tonset10percentstoredT10notT5/genericonset;R600ownexacttableonlynotR800;aircontrolresidueboundheldrawwithoutguess;variableresidueatpeakseparate;waterlossbelow100excluded;UVpreparationrinseinitialnotLC1/5/30;8wtpercentbathidentityknownaddonconflict60.4/61.4rawpreservednotusedasloading.,verified_exact,journal_article,DOI/title/authorsfullpublisherPDFp1,,,,,12.7,600,source_review_approved,af260321d8a190fa132226565dc2a648500dfdfbc4cf2110b6888e38dd6da6a0,2%DHTP treated,,2,,,5,,,5,,openaluminapan,,,,NativenotationTonset10percent;10percentmasslossthresholdrecordedasT10notgenericTonset/T5,,,,30.7,,NativepublisherVersionofRecord1722017pp275-283,,,Materials/preparation/TG/LOImethodsPDFp3printed277;Table1Fig4p7printed281;Table2/3p8printed282;AppendixAp9;SITableS1,,,,12.7,,250,-0.9,-0.2,"Clean15g/LNaOH+7g/LLevellingAgentOwater70C20min. MPTES5wtpercent80:20ethanol/waterRT30minmildshaking;fabricdip3min,cure120C5min. DHTP2/5/8wtpercentwithDMPA0.5wtpercentinitiator,dip5minUVirradiation20minRT;dip/UVprocessrepeated3times;DIwaterrinse,dry60Cdurationunreported. UVdose/wavelengthunreported;preparationrinseinitialnotdurabilitywash",,,,,,,,,,,,600,64.1,27.2,Durable flame retardant finishing of cotton fabrics with halogen-free organophosphonate by UV photoinitiated thiol-ene click chemistry,https://doi.org/10.1016/j.carbpol.2017.05.054,,,CompletepublisherCDNSITableS1XMLandoneconvertednativepage;PIIandallfourmechanicalpairsmatchprimaryp8,"Clean15g/LNaOH+7g/LLevellingAgentOwater70C20min. MPTES5wtpercent80:20ethanol/waterRT30minmildshaking;fabricdip3min,cure120C5min. DHTP2/5/8wtpercentwithDMPA0.5wtpercentinitiator,dip5minUVirradiation20minRT;dip/UVprocessrepeated3times;DIwaterrinse,dry60Cdurationunreported. UVdose/wavelengthunreported;preparationrinseinitialnotdurabilitywash",Initialaspreparedfabric,Initialasprepared;preparationrinseincluded;0durabilitywashcycles,2017
10.1016/j.carbpol.2017.05.054,AST1004050,OwnTable2PDFp8printed282,26.7,50x150,ASTM D2863-08,,,,,,,,,,291,,,,,,,204F1,800,OwnTable1Fig4PDFp7printed281,30,331,,,,,N2,45.2,600,"Cotton5wtpercentMPTESpretreatment;DHTP5wtpercentbath,DMPA0.5wtpercentUVinitiator",TG/LOImethodsPDFp3printed277,TG+LOI,2026-10-02,Codexall9native/textpagesandonecompletepublisherSITableS1;oneprimaryreviewer,10,Carbohydrate Polymers,"All9native/textprimarypagespluscompletepublisherCDNSITableS1reviewed(XMLalltabledetails,foot/endnotesempty,nodrawingmedia,oneconvertednativepage). ExactofficialElsevierPIIS0144861717305714mmc1.docxwasinitiallyacandidateendpoint;HTTP200andTableS1sameDHTP2/5/8andallfourbreakingstrength/stiffnesspairs933.2/3.02,938.6/4.57,974.7/5.41,1058/5.85matchprimaryp8,establishingcontentidentity;notclaimingScienceDirectparentfulltextreview(403). OwnTable1p7TG10C/min30-800CN2air5mgopenaluminapan204F1p3;nativeTonset10percentisT10notT5/genericonset;R600notR800despitemethodendpoint800. OwnTable2p8onlyuntreatedandDHTP2/5/8LOI18.3/26.1/26.7/27.2;MPTES-onlypretreatedTGhasnoownLOIeventhoughcaptionmentionspretreated. AircontrolR600lessthan1.0rawboundcanonicalblank;ownT10/DTGpeaksvalid. VariableR@TmaxandmaximumratesnotfixedR600;waterlossbelow100Cexcluded. Eightconditions/fourinitialstatesapproved. DHTP8addon60.4Table2versus61.4prose/conclusionrawboth;addoncanonicalblank,doseidentity2/5/8explicitandnotambiguous. Table3zeroLCduplicatesinitialnotextra;LC1/5/30ninewashedLOIrecordsnoownwashedTG;ISO6330-2012flakedsoapwashT/dryprotocolunreported;EDXsurfacefractionsnotbulkloading. Elevenheldfacts(twoMPTES-onlyTG,ninewashedLOI).",cotton,"Plain cotton woven fabric,228g/m2,SaintyearHoldingGroupChina;cotton purity percentage unreported","Plain cotton woven fabric,228g/m2,SaintyearHoldingGroupChina;cotton purity percentage unreported","Plain cotton woven fabric,228g/m2,SaintyearHoldingGroupChina;cotton purity percentage unreported",5%DHTP treated,tabulated,OwnTable1p7andTable2p8explicituntreated/2/5/8wtpercentDHTPinitialsame228gm2plaincotton;5wtpercentMPTESpretreatmentnotuntreatedcontrol;204F1N2air10C/min30-800C5mgopenaluminapanp3. Whole9native/textpagesandcompletepublisherPIImatchedSITableS1reviewed. Tonset10percentstoredT10notT5/genericonset;R600ownexacttableonlynotR800;aircontrolresidueboundheldrawwithoutguess;variableresidueatpeakseparate;waterlossbelow100excluded;UVpreparationrinseinitialnotLC1/5/30;8wtpercentbathidentityknownaddonconflict60.4/61.4rawpreservednotusedasloading.,verified_exact,journal_article,DOI/title/authorsfullpublisherPDFp1,,,,,45.2,600,source_review_approved,c15421c820d8b88c1b2304bf0ea61986ca97fcf08ba0bb8687547e6d99841ec6,5%DHTP treated,,5,,,5,,,5,,openaluminapan,,,,NativenotationTonset10percent;10percentmasslossthresholdrecordedasT10notgenericTonset/T5,,,,47.7,,NativepublisherVersionofRecord1722017pp275-283,,,Materials/preparation/TG/LOImethodsPDFp3printed277;Table1Fig4p7printed281;Table2/3p8printed282;AppendixAp9;SITableS1,,,,45.2,,291,-0.9,,"Clean15g/LNaOH+7g/LLevellingAgentOwater70C20min. MPTES5wtpercent80:20ethanol/waterRT30minmildshaking;fabricdip3min,cure120C5min. DHTP2/5/8wtpercentwithDMPA0.5wtpercentinitiator,dip5minUVirradiation20minRT;dip/UVprocessrepeated3times;DIwaterrinse,dry60Cdurationunreported. UVdose/wavelengthunreported;preparationrinseinitialnotdurabilitywash",,,,,,,,,,,,600,68.8,,Durable flame retardant finishing of cotton fabrics with halogen-free organophosphonate by UV photoinitiated thiol-ene click chemistry,https://doi.org/10.1016/j.carbpol.2017.05.054,,,CompletepublisherCDNSITableS1XMLandoneconvertednativepage;PIIandallfourmechanicalpairsmatchprimaryp8,"Clean15g/LNaOH+7g/LLevellingAgentOwater70C20min. MPTES5wtpercent80:20ethanol/waterRT30minmildshaking;fabricdip3min,cure120C5min. DHTP2/5/8wtpercentwithDMPA0.5wtpercentinitiator,dip5minUVirradiation20minRT;dip/UVprocessrepeated3times;DIwaterrinse,dry60Cdurationunreported. UVdose/wavelengthunreported;preparationrinseinitialnotdurabilitywash",Initialaspreparedfabric,Initialasprepared;preparationrinseincluded;0durabilitywashcycles,2017
10.1016/j.carbpol.2017.05.054,AST1004050,OwnTable2PDFp8printed282,26.7,50x150,ASTM D2863-08,,,,,,,,,,276,,,,,,,204F1,800,OwnTable1Fig4PDFp7printed281,30,320,513,,,,air,16.7,600,"Cotton5wtpercentMPTESpretreatment;DHTP5wtpercentbath,DMPA0.5wtpercentUVinitiator",TG/LOImethodsPDFp3printed277,TG+LOI,2026-10-02,Codexall9native/textpagesandonecompletepublisherSITableS1;oneprimaryreviewer,10,Carbohydrate Polymers,"All9native/textprimarypagespluscompletepublisherCDNSITableS1reviewed(XMLalltabledetails,foot/endnotesempty,nodrawingmedia,oneconvertednativepage). ExactofficialElsevierPIIS0144861717305714mmc1.docxwasinitiallyacandidateendpoint;HTTP200andTableS1sameDHTP2/5/8andallfourbreakingstrength/stiffnesspairs933.2/3.02,938.6/4.57,974.7/5.41,1058/5.85matchprimaryp8,establishingcontentidentity;notclaimingScienceDirectparentfulltextreview(403). OwnTable1p7TG10C/min30-800CN2air5mgopenaluminapan204F1p3;nativeTonset10percentisT10notT5/genericonset;R600notR800despitemethodendpoint800. OwnTable2p8onlyuntreatedandDHTP2/5/8LOI18.3/26.1/26.7/27.2;MPTES-onlypretreatedTGhasnoownLOIeventhoughcaptionmentionspretreated. AircontrolR600lessthan1.0rawboundcanonicalblank;ownT10/DTGpeaksvalid. VariableR@TmaxandmaximumratesnotfixedR600;waterlossbelow100Cexcluded. Eightconditions/fourinitialstatesapproved. DHTP8addon60.4Table2versus61.4prose/conclusionrawboth;addoncanonicalblank,doseidentity2/5/8explicitandnotambiguous. Table3zeroLCduplicatesinitialnotextra;LC1/5/30ninewashedLOIrecordsnoownwashedTG;ISO6330-2012flakedsoapwashT/dryprotocolunreported;EDXsurfacefractionsnotbulkloading. Elevenheldfacts(twoMPTES-onlyTG,ninewashedLOI).",cotton,"Plain cotton woven fabric,228g/m2,SaintyearHoldingGroupChina;cotton purity percentage unreported","Plain cotton woven fabric,228g/m2,SaintyearHoldingGroupChina;cotton purity percentage unreported","Plain cotton woven fabric,228g/m2,SaintyearHoldingGroupChina;cotton purity percentage unreported",5%DHTP treated,tabulated,OwnTable1p7andTable2p8explicituntreated/2/5/8wtpercentDHTPinitialsame228gm2plaincotton;5wtpercentMPTESpretreatmentnotuntreatedcontrol;204F1N2air10C/min30-800C5mgopenaluminapanp3. Whole9native/textpagesandcompletepublisherPIImatchedSITableS1reviewed. Tonset10percentstoredT10notT5/genericonset;R600ownexacttableonlynotR800;aircontrolresidueboundheldrawwithoutguess;variableresidueatpeakseparate;waterlossbelow100excluded;UVpreparationrinseinitialnotLC1/5/30;8wtpercentbathidentityknownaddonconflict60.4/61.4rawpreservednotusedasloading.,verified_exact,journal_article,DOI/title/authorsfullpublisherPDFp1,,,,,16.7,600,source_review_approved,0f19c03720383832d2165cf503ea95a95dba927c12d178a5e60472d0e3eecb12,5%DHTP treated,,5,,,5,,,5,,openaluminapan,,,,NativenotationTonset10percent;10percentmasslossthresholdrecordedasT10notgenericTonset/T5,,,,47.7,,NativepublisherVersionofRecord1722017pp275-283,,,Materials/preparation/TG/LOImethodsPDFp3printed277;Table1Fig4p7printed281;Table2/3p8printed282;AppendixAp9;SITableS1,,,,16.7,,276,-0.8,-0.2,"Clean15g/LNaOH+7g/LLevellingAgentOwater70C20min. MPTES5wtpercent80:20ethanol/waterRT30minmildshaking;fabricdip3min,cure120C5min. DHTP2/5/8wtpercentwithDMPA0.5wtpercentinitiator,dip5minUVirradiation20minRT;dip/UVprocessrepeated3times;DIwaterrinse,dry60Cdurationunreported. UVdose/wavelengthunreported;preparationrinseinitialnotdurabilitywash",,,,,,,,,,,,600,70.6,32,Durable flame retardant finishing of cotton fabrics with halogen-free organophosphonate by UV photoinitiated thiol-ene click chemistry,https://doi.org/10.1016/j.carbpol.2017.05.054,,,CompletepublisherCDNSITableS1XMLandoneconvertednativepage;PIIandallfourmechanicalpairsmatchprimaryp8,"Clean15g/LNaOH+7g/LLevellingAgentOwater70C20min. MPTES5wtpercent80:20ethanol/waterRT30minmildshaking;fabricdip3min,cure120C5min. DHTP2/5/8wtpercentwithDMPA0.5wtpercentinitiator,dip5minUVirradiation20minRT;dip/UVprocessrepeated3times;DIwaterrinse,dry60Cdurationunreported. UVdose/wavelengthunreported;preparationrinseinitialnotdurabilitywash",Initialaspreparedfabric,Initialasprepared;preparationrinseincluded;0durabilitywashcycles,2017
10.1016/j.carbpol.2017.05.054,AST1004050,OwnTable2PDFp8printed282,27.2,50x150,ASTM D2863-08,,,,,,,,,,289,,,,,,,204F1,800,OwnTable1Fig4PDFp7printed281,30,328,,,,,N2,48.1,600,"Cotton5wtpercentMPTESpretreatment;DHTP8wtpercentbath,DMPA0.5wtpercentUVinitiator",TG/LOImethodsPDFp3printed277,TG+LOI,2026-10-02,Codexall9native/textpagesandonecompletepublisherSITableS1;oneprimaryreviewer,10,Carbohydrate Polymers,"All9native/textprimarypagespluscompletepublisherCDNSITableS1reviewed(XMLalltabledetails,foot/endnotesempty,nodrawingmedia,oneconvertednativepage). ExactofficialElsevierPIIS0144861717305714mmc1.docxwasinitiallyacandidateendpoint;HTTP200andTableS1sameDHTP2/5/8andallfourbreakingstrength/stiffnesspairs933.2/3.02,938.6/4.57,974.7/5.41,1058/5.85matchprimaryp8,establishingcontentidentity;notclaimingScienceDirectparentfulltextreview(403). OwnTable1p7TG10C/min30-800CN2air5mgopenaluminapan204F1p3;nativeTonset10percentisT10notT5/genericonset;R600notR800despitemethodendpoint800. OwnTable2p8onlyuntreatedandDHTP2/5/8LOI18.3/26.1/26.7/27.2;MPTES-onlypretreatedTGhasnoownLOIeventhoughcaptionmentionspretreated. AircontrolR600lessthan1.0rawboundcanonicalblank;ownT10/DTGpeaksvalid. VariableR@TmaxandmaximumratesnotfixedR600;waterlossbelow100Cexcluded. Eightconditions/fourinitialstatesapproved. DHTP8addon60.4Table2versus61.4prose/conclusionrawboth;addoncanonicalblank,doseidentity2/5/8explicitandnotambiguous. Table3zeroLCduplicatesinitialnotextra;LC1/5/30ninewashedLOIrecordsnoownwashedTG;ISO6330-2012flakedsoapwashT/dryprotocolunreported;EDXsurfacefractionsnotbulkloading. Elevenheldfacts(twoMPTES-onlyTG,ninewashedLOI).",cotton,"Plain cotton woven fabric,228g/m2,SaintyearHoldingGroupChina;cotton purity percentage unreported","Plain cotton woven fabric,228g/m2,SaintyearHoldingGroupChina;cotton purity percentage unreported","Plain cotton woven fabric,228g/m2,SaintyearHoldingGroupChina;cotton purity percentage unreported",8%DHTP treated,tabulated,OwnTable1p7andTable2p8explicituntreated/2/5/8wtpercentDHTPinitialsame228gm2plaincotton;5wtpercentMPTESpretreatmentnotuntreatedcontrol;204F1N2air10C/min30-800C5mgopenaluminapanp3. Whole9native/textpagesandcompletepublisherPIImatchedSITableS1reviewed. Tonset10percentstoredT10notT5/genericonset;R600ownexacttableonlynotR800;aircontrolresidueboundheldrawwithoutguess;variableresidueatpeakseparate;waterlossbelow100excluded;UVpreparationrinseinitialnotLC1/5/30;8wtpercentbathidentityknownaddonconflict60.4/61.4rawpreservednotusedasloading.,verified_exact,journal_article,DOI/title/authorsfullpublisherPDFp1,,,,,48.1,600,source_review_approved,d776ef863f440cea25d9c9878f65a75487b611a8176c5630b64506b61750c4d3,8%DHTP treated,,8,,,5,,,5,,openaluminapan,,,,NativenotationTonset10percent;10percentmasslossthresholdrecordedasT10notgenericTonset/T5,,60.4,60.4Table2versus61.4prose/conclusion;canonicaladdonnotassigned,,61.4,NativepublisherVersionofRecord1722017pp275-283,,,Materials/preparation/TG/LOImethodsPDFp3printed277;Table1Fig4p7printed281;Table2/3p8printed282;AppendixAp9;SITableS1,,,,48.1,,289,-0.8,,"Clean15g/LNaOH+7g/LLevellingAgentOwater70C20min. MPTES5wtpercent80:20ethanol/waterRT30minmildshaking;fabricdip3min,cure120C5min. DHTP2/5/8wtpercentwithDMPA0.5wtpercentinitiator,dip5minUVirradiation20minRT;dip/UVprocessrepeated3times;DIwaterrinse,dry60Cdurationunreported. UVdose/wavelengthunreported;preparationrinseinitialnotdurabilitywash",,,,,,,,,,,,600,71.8,,Durable flame retardant finishing of cotton fabrics with halogen-free organophosphonate by UV photoinitiated thiol-ene click chemistry,https://doi.org/10.1016/j.carbpol.2017.05.054,,,CompletepublisherCDNSITableS1XMLandoneconvertednativepage;PIIandallfourmechanicalpairsmatchprimaryp8,"Clean15g/LNaOH+7g/LLevellingAgentOwater70C20min. MPTES5wtpercent80:20ethanol/waterRT30minmildshaking;fabricdip3min,cure120C5min. DHTP2/5/8wtpercentwithDMPA0.5wtpercentinitiator,dip5minUVirradiation20minRT;dip/UVprocessrepeated3times;DIwaterrinse,dry60Cdurationunreported. UVdose/wavelengthunreported;preparationrinseinitialnotdurabilitywash",Initialaspreparedfabric,Initialasprepared;preparationrinseincluded;0durabilitywashcycles,2017
10.1016/j.carbpol.2017.05.054,AST1004050,OwnTable2PDFp8printed282,27.2,50x150,ASTM D2863-08,,,,,,,,,,281,,,,,,,204F1,800,OwnTable1Fig4PDFp7printed281,30,319,531,,,,air,19.8,600,"Cotton5wtpercentMPTESpretreatment;DHTP8wtpercentbath,DMPA0.5wtpercentUVinitiator",TG/LOImethodsPDFp3printed277,TG+LOI,2026-10-02,Codexall9native/textpagesandonecompletepublisherSITableS1;oneprimaryreviewer,10,Carbohydrate Polymers,"All9native/textprimarypagespluscompletepublisherCDNSITableS1reviewed(XMLalltabledetails,foot/endnotesempty,nodrawingmedia,oneconvertednativepage). ExactofficialElsevierPIIS0144861717305714mmc1.docxwasinitiallyacandidateendpoint;HTTP200andTableS1sameDHTP2/5/8andallfourbreakingstrength/stiffnesspairs933.2/3.02,938.6/4.57,974.7/5.41,1058/5.85matchprimaryp8,establishingcontentidentity;notclaimingScienceDirectparentfulltextreview(403). OwnTable1p7TG10C/min30-800CN2air5mgopenaluminapan204F1p3;nativeTonset10percentisT10notT5/genericonset;R600notR800despitemethodendpoint800. OwnTable2p8onlyuntreatedandDHTP2/5/8LOI18.3/26.1/26.7/27.2;MPTES-onlypretreatedTGhasnoownLOIeventhoughcaptionmentionspretreated. AircontrolR600lessthan1.0rawboundcanonicalblank;ownT10/DTGpeaksvalid. VariableR@TmaxandmaximumratesnotfixedR600;waterlossbelow100Cexcluded. Eightconditions/fourinitialstatesapproved. DHTP8addon60.4Table2versus61.4prose/conclusionrawboth;addoncanonicalblank,doseidentity2/5/8explicitandnotambiguous. Table3zeroLCduplicatesinitialnotextra;LC1/5/30ninewashedLOIrecordsnoownwashedTG;ISO6330-2012flakedsoapwashT/dryprotocolunreported;EDXsurfacefractionsnotbulkloading. Elevenheldfacts(twoMPTES-onlyTG,ninewashedLOI).",cotton,"Plain cotton woven fabric,228g/m2,SaintyearHoldingGroupChina;cotton purity percentage unreported","Plain cotton woven fabric,228g/m2,SaintyearHoldingGroupChina;cotton purity percentage unreported","Plain cotton woven fabric,228g/m2,SaintyearHoldingGroupChina;cotton purity percentage unreported",8%DHTP treated,tabulated,OwnTable1p7andTable2p8explicituntreated/2/5/8wtpercentDHTPinitialsame228gm2plaincotton;5wtpercentMPTESpretreatmentnotuntreatedcontrol;204F1N2air10C/min30-800C5mgopenaluminapanp3. Whole9native/textpagesandcompletepublisherPIImatchedSITableS1reviewed. Tonset10percentstoredT10notT5/genericonset;R600ownexacttableonlynotR800;aircontrolresidueboundheldrawwithoutguess;variableresidueatpeakseparate;waterlossbelow100excluded;UVpreparationrinseinitialnotLC1/5/30;8wtpercentbathidentityknownaddonconflict60.4/61.4rawpreservednotusedasloading.,verified_exact,journal_article,DOI/title/authorsfullpublisherPDFp1,,,,,19.8,600,source_review_approved,e606dd25bf1a6a97ded9193fc83809a23d5a8ec7a1c0e79395fcc6cbdaf21281,8%DHTP treated,,8,,,5,,,5,,openaluminapan,,,,NativenotationTonset10percent;10percentmasslossthresholdrecordedasT10notgenericTonset/T5,,60.4,60.4Table2versus61.4prose/conclusion;canonicaladdonnotassigned,,61.4,NativepublisherVersionofRecord1722017pp275-283,,,Materials/preparation/TG/LOImethodsPDFp3printed277;Table1Fig4p7printed281;Table2/3p8printed282;AppendixAp9;SITableS1,,,,19.8,,281,-0.7,-0.2,"Clean15g/LNaOH+7g/LLevellingAgentOwater70C20min. MPTES5wtpercent80:20ethanol/waterRT30minmildshaking;fabricdip3min,cure120C5min. DHTP2/5/8wtpercentwithDMPA0.5wtpercentinitiator,dip5minUVirradiation20minRT;dip/UVprocessrepeated3times;DIwaterrinse,dry60Cdurationunreported. UVdose/wavelengthunreported;preparationrinseinitialnotdurabilitywash",,,,,,,,,,,,600,72.7,33,Durable flame retardant finishing of cotton fabrics with halogen-free organophosphonate by UV photoinitiated thiol-ene click chemistry,https://doi.org/10.1016/j.carbpol.2017.05.054,,,CompletepublisherCDNSITableS1XMLandoneconvertednativepage;PIIandallfourmechanicalpairsmatchprimaryp8,"Clean15g/LNaOH+7g/LLevellingAgentOwater70C20min. MPTES5wtpercent80:20ethanol/waterRT30minmildshaking;fabricdip3min,cure120C5min. DHTP2/5/8wtpercentwithDMPA0.5wtpercentinitiator,dip5minUVirradiation20minRT;dip/UVprocessrepeated3times;DIwaterrinse,dry60Cdurationunreported. UVdose/wavelengthunreported;preparationrinseinitialnotdurabilitywash",Initialaspreparedfabric,Initialasprepared;preparationrinseincluded;0durabilitywashcycles,2017
10.1016/j.carbpol.2017.05.054,AST1004050,NoownMPTES-onlyLOI;Table2hasfourotherstatesonly,,50x150,ASTM D2863-08,,,,,,,,,,,,,,,,,,,OwnTable1PDFp7printed281,,,,,,,,,,Cotton5wtpercentMPTESpretreatmentonly;noDHTP,TG/LOImethodsPDFp3printed277,RawownpretreatedTGnotapprovedpair,2026-10-02,Codexall9native/textpagesandonecompletepublisherSITableS1;oneprimaryreviewer,,Carbohydrate Polymers,"All9native/textprimarypagespluscompletepublisherCDNSITableS1reviewed(XMLalltabledetails,foot/endnotesempty,nodrawingmedia,oneconvertednativepage). ExactofficialElsevierPIIS0144861717305714mmc1.docxwasinitiallyacandidateendpoint;HTTP200andTableS1sameDHTP2/5/8andallfourbreakingstrength/stiffnesspairs933.2/3.02,938.6/4.57,974.7/5.41,1058/5.85matchprimaryp8,establishingcontentidentity;notclaimingScienceDirectparentfulltextreview(403). OwnTable1p7TG10C/min30-800CN2air5mgopenaluminapan204F1p3;nativeTonset10percentisT10notT5/genericonset;R600notR800despitemethodendpoint800. OwnTable2p8onlyuntreatedandDHTP2/5/8LOI18.3/26.1/26.7/27.2;MPTES-onlypretreatedTGhasnoownLOIeventhoughcaptionmentionspretreated. AircontrolR600lessthan1.0rawboundcanonicalblank;ownT10/DTGpeaksvalid. VariableR@TmaxandmaximumratesnotfixedR600;waterlossbelow100Cexcluded. Eightconditions/fourinitialstatesapproved. DHTP8addon60.4Table2versus61.4prose/conclusionrawboth;addoncanonicalblank,doseidentity2/5/8explicitandnotambiguous. Table3zeroLCduplicatesinitialnotextra;LC1/5/30ninewashedLOIrecordsnoownwashedTG;ISO6330-2012flakedsoapwashT/dryprotocolunreported;EDXsurfacefractionsnotbulkloading. Elevenheldfacts(twoMPTES-onlyTG,ninewashedLOI).",cotton,"Plain cotton woven fabric,228g/m2,SaintyearHoldingGroupChina;cotton purity percentage unreported","Plain cotton woven fabric,228g/m2,SaintyearHoldingGroupChina;cotton purity percentage unreported",,Pretreated,held_source_facts,,held_MPTES_only_TG_no_own_LOI,journal_article,DOI/title/authorsfullpublisherPDFp1,,,,,,,held_outside_verified_target,,MPTES-only pretreated,,,,,,,,,,,,,,,,,,,,NativepublisherVersionofRecord1722017pp275-283,,,Materials/preparation/TG/LOImethodsPDFp3printed277;Table1Fig4p7printed281;Table2/3p8printed282;AppendixAp9;SITableS1,,,,,,,,,"Clean15g/LNaOH+7g/LLevellingAgentOwater70C20min. MPTES5wtpercent80:20ethanol/waterRT30minmildshaking;fabricdip3min,cure120C5min. DHTP2/5/8wtpercentwithDMPA0.5wtpercentinitiator,dip5minUVirradiation20minRT;dip/UVprocessrepeated3times;DIwaterrinse,dry60Cdurationunreported. UVdose/wavelengthunreported;preparationrinseinitialnotdurabilitywash",27.2,,334,363,,,N2,,10,,,,,,Durable flame retardant finishing of cotton fabrics with halogen-free organophosphonate by UV photoinitiated thiol-ene click chemistry,https://doi.org/10.1016/j.carbpol.2017.05.054,,,CompletepublisherCDNSITableS1XMLandoneconvertednativepage;PIIandallfourmechanicalpairsmatchprimaryp8,"5wtpercentMPTES80:20ethanol/waterRT30min;fabricdip3min,cure120C5min",Initialaspreparedfabric,Initialasprepared;preparationrinseincluded;0durabilitywashcycles,2017
10.1016/j.carbpol.2017.05.054,AST1004050,NoownMPTES-onlyLOI;Table2hasfourotherstatesonly,,50x150,ASTM D2863-08,,,,,,,,,,,,,,,,,,,OwnTable1PDFp7printed281,,,,,,,,,,Cotton5wtpercentMPTESpretreatmentonly;noDHTP,TG/LOImethodsPDFp3printed277,RawownpretreatedTGnotapprovedpair,2026-10-02,Codexall9native/textpagesandonecompletepublisherSITableS1;oneprimaryreviewer,,Carbohydrate Polymers,"All9native/textprimarypagespluscompletepublisherCDNSITableS1reviewed(XMLalltabledetails,foot/endnotesempty,nodrawingmedia,oneconvertednativepage). ExactofficialElsevierPIIS0144861717305714mmc1.docxwasinitiallyacandidateendpoint;HTTP200andTableS1sameDHTP2/5/8andallfourbreakingstrength/stiffnesspairs933.2/3.02,938.6/4.57,974.7/5.41,1058/5.85matchprimaryp8,establishingcontentidentity;notclaimingScienceDirectparentfulltextreview(403). OwnTable1p7TG10C/min30-800CN2air5mgopenaluminapan204F1p3;nativeTonset10percentisT10notT5/genericonset;R600notR800despitemethodendpoint800. OwnTable2p8onlyuntreatedandDHTP2/5/8LOI18.3/26.1/26.7/27.2;MPTES-onlypretreatedTGhasnoownLOIeventhoughcaptionmentionspretreated. AircontrolR600lessthan1.0rawboundcanonicalblank;ownT10/DTGpeaksvalid. VariableR@TmaxandmaximumratesnotfixedR600;waterlossbelow100Cexcluded. Eightconditions/fourinitialstatesapproved. DHTP8addon60.4Table2versus61.4prose/conclusionrawboth;addoncanonicalblank,doseidentity2/5/8explicitandnotambiguous. Table3zeroLCduplicatesinitialnotextra;LC1/5/30ninewashedLOIrecordsnoownwashedTG;ISO6330-2012flakedsoapwashT/dryprotocolunreported;EDXsurfacefractionsnotbulkloading. Elevenheldfacts(twoMPTES-onlyTG,ninewashedLOI).",cotton,"Plain cotton woven fabric,228g/m2,SaintyearHoldingGroupChina;cotton purity percentage unreported","Plain cotton woven fabric,228g/m2,SaintyearHoldingGroupChina;cotton purity percentage unreported",,Pretreated,held_source_facts,,held_MPTES_only_TG_no_own_LOI,journal_article,DOI/title/authorsfullpublisherPDFp1,,,,,,,held_outside_verified_target,,MPTES-only pretreated,,,,,,,,,,,,,,,,,,,,NativepublisherVersionofRecord1722017pp275-283,,,Materials/preparation/TG/LOImethodsPDFp3printed277;Table1Fig4p7printed281;Table2/3p8printed282;AppendixAp9;SITableS1,,,,,,,,,"Clean15g/LNaOH+7g/LLevellingAgentOwater70C20min. MPTES5wtpercent80:20ethanol/waterRT30minmildshaking;fabricdip3min,cure120C5min. DHTP2/5/8wtpercentwithDMPA0.5wtpercentinitiator,dip5minUVirradiation20minRT;dip/UVprocessrepeated3times;DIwaterrinse,dry60Cdurationunreported. UVdose/wavelengthunreported;preparationrinseinitialnotdurabilitywash",10.7,,294,332,495,,air,,10,,,,,,Durable flame retardant finishing of cotton fabrics with halogen-free organophosphonate by UV photoinitiated thiol-ene click chemistry,https://doi.org/10.1016/j.carbpol.2017.05.054,,,CompletepublisherCDNSITableS1XMLandoneconvertednativepage;PIIandallfourmechanicalpairsmatchprimaryp8,"5wtpercentMPTES80:20ethanol/waterRT30min;fabricdip3min,cure120C5min",Initialaspreparedfabric,Initialasprepared;preparationrinseincluded;0durabilitywashcycles,2017
10.1016/j.carbpol.2017.05.054,AST1004050,OwnTable3aPDFp8printed282,24.8,50x150,ASTM D2863-08,,,,,,,,,,,,,,,,,,,Noownsamewashed-stateTG,,,,,,,,,,CottonMPTES5wtpercent+DHTP2wtpercentbathUV,TG/LOImethodsPDFp3printed277,RawownwashedLOIfactnotapprovedpair,2026-10-02,Codexall9native/textpagesandonecompletepublisherSITableS1;oneprimaryreviewer,,Carbohydrate Polymers,"All9native/textprimarypagespluscompletepublisherCDNSITableS1reviewed(XMLalltabledetails,foot/endnotesempty,nodrawingmedia,oneconvertednativepage). ExactofficialElsevierPIIS0144861717305714mmc1.docxwasinitiallyacandidateendpoint;HTTP200andTableS1sameDHTP2/5/8andallfourbreakingstrength/stiffnesspairs933.2/3.02,938.6/4.57,974.7/5.41,1058/5.85matchprimaryp8,establishingcontentidentity;notclaimingScienceDirectparentfulltextreview(403). OwnTable1p7TG10C/min30-800CN2air5mgopenaluminapan204F1p3;nativeTonset10percentisT10notT5/genericonset;R600notR800despitemethodendpoint800. OwnTable2p8onlyuntreatedandDHTP2/5/8LOI18.3/26.1/26.7/27.2;MPTES-onlypretreatedTGhasnoownLOIeventhoughcaptionmentionspretreated. AircontrolR600lessthan1.0rawboundcanonicalblank;ownT10/DTGpeaksvalid. VariableR@TmaxandmaximumratesnotfixedR600;waterlossbelow100Cexcluded. Eightconditions/fourinitialstatesapproved. DHTP8addon60.4Table2versus61.4prose/conclusionrawboth;addoncanonicalblank,doseidentity2/5/8explicitandnotambiguous. Table3zeroLCduplicatesinitialnotextra;LC1/5/30ninewashedLOIrecordsnoownwashedTG;ISO6330-2012flakedsoapwashT/dryprotocolunreported;EDXsurfacefractionsnotbulkloading. Elevenheldfacts(twoMPTES-onlyTG,ninewashedLOI).",cotton,"Plain cotton woven fabric,228g/m2,SaintyearHoldingGroupChina;cotton purity percentage unreported","Plain cotton woven fabric,228g/m2,SaintyearHoldingGroupChina;cotton purity percentage unreported",,"2%DHTP treated,1washingcycles",held_source_facts,,held_washed_LOI_no_own_TG,journal_article,DOI/title/authorsfullpublisherPDFp1,,,,,,,held_outside_verified_target,,2%DHTP-LC1,,2,,,,,,,,,,,,,,,,,,NativepublisherVersionofRecord1722017pp275-283,,,Materials/preparation/TG/LOImethodsPDFp3printed277;Table1Fig4p7printed281;Table2/3p8printed282;AppendixAp9;SITableS1,,,1,,,,,,"Clean15g/LNaOH+7g/LLevellingAgentOwater70C20min. MPTES5wtpercent80:20ethanol/waterRT30minmildshaking;fabricdip3min,cure120C5min. DHTP2/5/8wtpercentwithDMPA0.5wtpercentinitiator,dip5minUVirradiation20minRT;dip/UVprocessrepeated3times;DIwaterrinse,dry60Cdurationunreported. UVdose/wavelengthunreported;preparationrinseinitialnotdurabilitywash",,,,,,,,,,,,,,,Durable flame retardant finishing of cotton fabrics with halogen-free organophosphonate by UV photoinitiated thiol-ene click chemistry,https://doi.org/10.1016/j.carbpol.2017.05.054,"ISO6330-2012flakedsoapwashingmachine;DIrinse/dry,T/timeunreported;nohomecycleconversion",1.2,CompletepublisherCDNSITableS1XMLandoneconvertednativepage;PIIandallfourmechanicalpairsmatchprimaryp8,"Clean15g/LNaOH+7g/LLevellingAgentOwater70C20min. MPTES5wtpercent80:20ethanol/waterRT30minmildshaking;fabricdip3min,cure120C5min. DHTP2/5/8wtpercentwithDMPA0.5wtpercentinitiator,dip5minUVirradiation20minRT;dip/UVprocessrepeated3times;DIwaterrinse,dry60Cdurationunreported. UVdose/wavelengthunreported;preparationrinseinitialnotdurabilitywash",After1durabilitywashcycles,After1durabilitywashcycles,2017
10.1016/j.carbpol.2017.05.054,AST1004050,OwnTable3aPDFp8printed282,23.7,50x150,ASTM D2863-08,,,,,,,,,,,,,,,,,,,Noownsamewashed-stateTG,,,,,,,,,,CottonMPTES5wtpercent+DHTP2wtpercentbathUV,TG/LOImethodsPDFp3printed277,RawownwashedLOIfactnotapprovedpair,2026-10-02,Codexall9native/textpagesandonecompletepublisherSITableS1;oneprimaryreviewer,,Carbohydrate Polymers,"All9native/textprimarypagespluscompletepublisherCDNSITableS1reviewed(XMLalltabledetails,foot/endnotesempty,nodrawingmedia,oneconvertednativepage). ExactofficialElsevierPIIS0144861717305714mmc1.docxwasinitiallyacandidateendpoint;HTTP200andTableS1sameDHTP2/5/8andallfourbreakingstrength/stiffnesspairs933.2/3.02,938.6/4.57,974.7/5.41,1058/5.85matchprimaryp8,establishingcontentidentity;notclaimingScienceDirectparentfulltextreview(403). OwnTable1p7TG10C/min30-800CN2air5mgopenaluminapan204F1p3;nativeTonset10percentisT10notT5/genericonset;R600notR800despitemethodendpoint800. OwnTable2p8onlyuntreatedandDHTP2/5/8LOI18.3/26.1/26.7/27.2;MPTES-onlypretreatedTGhasnoownLOIeventhoughcaptionmentionspretreated. AircontrolR600lessthan1.0rawboundcanonicalblank;ownT10/DTGpeaksvalid. VariableR@TmaxandmaximumratesnotfixedR600;waterlossbelow100Cexcluded. Eightconditions/fourinitialstatesapproved. DHTP8addon60.4Table2versus61.4prose/conclusionrawboth;addoncanonicalblank,doseidentity2/5/8explicitandnotambiguous. Table3zeroLCduplicatesinitialnotextra;LC1/5/30ninewashedLOIrecordsnoownwashedTG;ISO6330-2012flakedsoapwashT/dryprotocolunreported;EDXsurfacefractionsnotbulkloading. Elevenheldfacts(twoMPTES-onlyTG,ninewashedLOI).",cotton,"Plain cotton woven fabric,228g/m2,SaintyearHoldingGroupChina;cotton purity percentage unreported","Plain cotton woven fabric,228g/m2,SaintyearHoldingGroupChina;cotton purity percentage unreported",,"2%DHTP treated,5washingcycles",held_source_facts,,held_washed_LOI_no_own_TG,journal_article,DOI/title/authorsfullpublisherPDFp1,,,,,,,held_outside_verified_target,,2%DHTP-LC5,,2,,,,,,,,,,,,,,,,,,NativepublisherVersionofRecord1722017pp275-283,,,Materials/preparation/TG/LOImethodsPDFp3printed277;Table1Fig4p7printed281;Table2/3p8printed282;AppendixAp9;SITableS1,,,5,,,,,,"Clean15g/LNaOH+7g/LLevellingAgentOwater70C20min. MPTES5wtpercent80:20ethanol/waterRT30minmildshaking;fabricdip3min,cure120C5min. DHTP2/5/8wtpercentwithDMPA0.5wtpercentinitiator,dip5minUVirradiation20minRT;dip/UVprocessrepeated3times;DIwaterrinse,dry60Cdurationunreported. UVdose/wavelengthunreported;preparationrinseinitialnotdurabilitywash",,,,,,,,,,,,,,,Durable flame retardant finishing of cotton fabrics with halogen-free organophosphonate by UV photoinitiated thiol-ene click chemistry,https://doi.org/10.1016/j.carbpol.2017.05.054,"ISO6330-2012flakedsoapwashingmachine;DIrinse/dry,T/timeunreported;nohomecycleconversion",3.3,CompletepublisherCDNSITableS1XMLandoneconvertednativepage;PIIandallfourmechanicalpairsmatchprimaryp8,"Clean15g/LNaOH+7g/LLevellingAgentOwater70C20min. MPTES5wtpercent80:20ethanol/waterRT30minmildshaking;fabricdip3min,cure120C5min. DHTP2/5/8wtpercentwithDMPA0.5wtpercentinitiator,dip5minUVirradiation20minRT;dip/UVprocessrepeated3times;DIwaterrinse,dry60Cdurationunreported. UVdose/wavelengthunreported;preparationrinseinitialnotdurabilitywash",After5durabilitywashcycles,After5durabilitywashcycles,2017
10.1016/j.carbpol.2017.05.054,AST1004050,OwnTable3aPDFp8printed282,23.7,50x150,ASTM D2863-08,,,,,,,,,,,,,,,,,,,Noownsamewashed-stateTG,,,,,,,,,,CottonMPTES5wtpercent+DHTP2wtpercentbathUV,TG/LOImethodsPDFp3printed277,RawownwashedLOIfactnotapprovedpair,2026-10-02,Codexall9native/textpagesandonecompletepublisherSITableS1;oneprimaryreviewer,,Carbohydrate Polymers,"All9native/textprimarypagespluscompletepublisherCDNSITableS1reviewed(XMLalltabledetails,foot/endnotesempty,nodrawingmedia,oneconvertednativepage). ExactofficialElsevierPIIS0144861717305714mmc1.docxwasinitiallyacandidateendpoint;HTTP200andTableS1sameDHTP2/5/8andallfourbreakingstrength/stiffnesspairs933.2/3.02,938.6/4.57,974.7/5.41,1058/5.85matchprimaryp8,establishingcontentidentity;notclaimingScienceDirectparentfulltextreview(403). OwnTable1p7TG10C/min30-800CN2air5mgopenaluminapan204F1p3;nativeTonset10percentisT10notT5/genericonset;R600notR800despitemethodendpoint800. OwnTable2p8onlyuntreatedandDHTP2/5/8LOI18.3/26.1/26.7/27.2;MPTES-onlypretreatedTGhasnoownLOIeventhoughcaptionmentionspretreated. AircontrolR600lessthan1.0rawboundcanonicalblank;ownT10/DTGpeaksvalid. VariableR@TmaxandmaximumratesnotfixedR600;waterlossbelow100Cexcluded. Eightconditions/fourinitialstatesapproved. DHTP8addon60.4Table2versus61.4prose/conclusionrawboth;addoncanonicalblank,doseidentity2/5/8explicitandnotambiguous. Table3zeroLCduplicatesinitialnotextra;LC1/5/30ninewashedLOIrecordsnoownwashedTG;ISO6330-2012flakedsoapwashT/dryprotocolunreported;EDXsurfacefractionsnotbulkloading. Elevenheldfacts(twoMPTES-onlyTG,ninewashedLOI).",cotton,"Plain cotton woven fabric,228g/m2,SaintyearHoldingGroupChina;cotton purity percentage unreported","Plain cotton woven fabric,228g/m2,SaintyearHoldingGroupChina;cotton purity percentage unreported",,"2%DHTP treated,30washingcycles",held_source_facts,,held_washed_LOI_no_own_TG,journal_article,DOI/title/authorsfullpublisherPDFp1,,,,,,,held_outside_verified_target,,2%DHTP-LC30,,2,,,,,,,,,,,,,,,,,,NativepublisherVersionofRecord1722017pp275-283,,,Materials/preparation/TG/LOImethodsPDFp3printed277;Table1Fig4p7printed281;Table2/3p8printed282;AppendixAp9;SITableS1,,,30,,,,,,"Clean15g/LNaOH+7g/LLevellingAgentOwater70C20min. MPTES5wtpercent80:20ethanol/waterRT30minmildshaking;fabricdip3min,cure120C5min. DHTP2/5/8wtpercentwithDMPA0.5wtpercentinitiator,dip5minUVirradiation20minRT;dip/UVprocessrepeated3times;DIwaterrinse,dry60Cdurationunreported. UVdose/wavelengthunreported;preparationrinseinitialnotdurabilitywash",,,,,,,,,,,,,,,Durable flame retardant finishing of cotton fabrics with halogen-free organophosphonate by UV photoinitiated thiol-ene click chemistry,https://doi.org/10.1016/j.carbpol.2017.05.054,"ISO6330-2012flakedsoapwashingmachine;DIrinse/dry,T/timeunreported;nohomecycleconversion",3.3,CompletepublisherCDNSITableS1XMLandoneconvertednativepage;PIIandallfourmechanicalpairsmatchprimaryp8,"Clean15g/LNaOH+7g/LLevellingAgentOwater70C20min. MPTES5wtpercent80:20ethanol/waterRT30minmildshaking;fabricdip3min,cure120C5min. DHTP2/5/8wtpercentwithDMPA0.5wtpercentinitiator,dip5minUVirradiation20minRT;dip/UVprocessrepeated3times;DIwaterrinse,dry60Cdurationunreported. UVdose/wavelengthunreported;preparationrinseinitialnotdurabilitywash",After30durabilitywashcycles,After30durabilitywashcycles,2017
10.1016/j.carbpol.2017.05.054,AST1004050,OwnTable3aPDFp8printed282,25.1,50x150,ASTM D2863-08,,,,,,,,,,,,,,,,,,,Noownsamewashed-stateTG,,,,,,,,,,CottonMPTES5wtpercent+DHTP5wtpercentbathUV,TG/LOImethodsPDFp3printed277,RawownwashedLOIfactnotapprovedpair,2026-10-02,Codexall9native/textpagesandonecompletepublisherSITableS1;oneprimaryreviewer,,Carbohydrate Polymers,"All9native/textprimarypagespluscompletepublisherCDNSITableS1reviewed(XMLalltabledetails,foot/endnotesempty,nodrawingmedia,oneconvertednativepage). ExactofficialElsevierPIIS0144861717305714mmc1.docxwasinitiallyacandidateendpoint;HTTP200andTableS1sameDHTP2/5/8andallfourbreakingstrength/stiffnesspairs933.2/3.02,938.6/4.57,974.7/5.41,1058/5.85matchprimaryp8,establishingcontentidentity;notclaimingScienceDirectparentfulltextreview(403). OwnTable1p7TG10C/min30-800CN2air5mgopenaluminapan204F1p3;nativeTonset10percentisT10notT5/genericonset;R600notR800despitemethodendpoint800. OwnTable2p8onlyuntreatedandDHTP2/5/8LOI18.3/26.1/26.7/27.2;MPTES-onlypretreatedTGhasnoownLOIeventhoughcaptionmentionspretreated. AircontrolR600lessthan1.0rawboundcanonicalblank;ownT10/DTGpeaksvalid. VariableR@TmaxandmaximumratesnotfixedR600;waterlossbelow100Cexcluded. Eightconditions/fourinitialstatesapproved. DHTP8addon60.4Table2versus61.4prose/conclusionrawboth;addoncanonicalblank,doseidentity2/5/8explicitandnotambiguous. Table3zeroLCduplicatesinitialnotextra;LC1/5/30ninewashedLOIrecordsnoownwashedTG;ISO6330-2012flakedsoapwashT/dryprotocolunreported;EDXsurfacefractionsnotbulkloading. Elevenheldfacts(twoMPTES-onlyTG,ninewashedLOI).",cotton,"Plain cotton woven fabric,228g/m2,SaintyearHoldingGroupChina;cotton purity percentage unreported","Plain cotton woven fabric,228g/m2,SaintyearHoldingGroupChina;cotton purity percentage unreported",,"5%DHTP treated,1washingcycles",held_source_facts,,held_washed_LOI_no_own_TG,journal_article,DOI/title/authorsfullpublisherPDFp1,,,,,,,held_outside_verified_target,,5%DHTP-LC1,,5,,,,,,,,,,,,,,,,,,NativepublisherVersionofRecord1722017pp275-283,,,Materials/preparation/TG/LOImethodsPDFp3printed277;Table1Fig4p7printed281;Table2/3p8printed282;AppendixAp9;SITableS1,,,1,,,,,,"Clean15g/LNaOH+7g/LLevellingAgentOwater70C20min. MPTES5wtpercent80:20ethanol/waterRT30minmildshaking;fabricdip3min,cure120C5min. DHTP2/5/8wtpercentwithDMPA0.5wtpercentinitiator,dip5minUVirradiation20minRT;dip/UVprocessrepeated3times;DIwaterrinse,dry60Cdurationunreported. UVdose/wavelengthunreported;preparationrinseinitialnotdurabilitywash",,,,,,,,,,,,,,,Durable flame retardant finishing of cotton fabrics with halogen-free organophosphonate by UV photoinitiated thiol-ene click chemistry,https://doi.org/10.1016/j.carbpol.2017.05.054,"ISO6330-2012flakedsoapwashingmachine;DIrinse/dry,T/timeunreported;nohomecycleconversion",5.5,CompletepublisherCDNSITableS1XMLandoneconvertednativepage;PIIandallfourmechanicalpairsmatchprimaryp8,"Clean15g/LNaOH+7g/LLevellingAgentOwater70C20min. MPTES5wtpercent80:20ethanol/waterRT30minmildshaking;fabricdip3min,cure120C5min. DHTP2/5/8wtpercentwithDMPA0.5wtpercentinitiator,dip5minUVirradiation20minRT;dip/UVprocessrepeated3times;DIwaterrinse,dry60Cdurationunreported. UVdose/wavelengthunreported;preparationrinseinitialnotdurabilitywash",After1durabilitywashcycles,After1durabilitywashcycles,2017
10.1016/j.carbpol.2017.05.054,AST1004050,OwnTable3aPDFp8printed282,24.2,50x150,ASTM D2863-08,,,,,,,,,,,,,,,,,,,Noownsamewashed-stateTG,,,,,,,,,,CottonMPTES5wtpercent+DHTP5wtpercentbathUV,TG/LOImethodsPDFp3printed277,RawownwashedLOIfactnotapprovedpair,2026-10-02,Codexall9native/textpagesandonecompletepublisherSITableS1;oneprimaryreviewer,,Carbohydrate Polymers,"All9native/textprimarypagespluscompletepublisherCDNSITableS1reviewed(XMLalltabledetails,foot/endnotesempty,nodrawingmedia,oneconvertednativepage). ExactofficialElsevierPIIS0144861717305714mmc1.docxwasinitiallyacandidateendpoint;HTTP200andTableS1sameDHTP2/5/8andallfourbreakingstrength/stiffnesspairs933.2/3.02,938.6/4.57,974.7/5.41,1058/5.85matchprimaryp8,establishingcontentidentity;notclaimingScienceDirectparentfulltextreview(403). OwnTable1p7TG10C/min30-800CN2air5mgopenaluminapan204F1p3;nativeTonset10percentisT10notT5/genericonset;R600notR800despitemethodendpoint800. OwnTable2p8onlyuntreatedandDHTP2/5/8LOI18.3/26.1/26.7/27.2;MPTES-onlypretreatedTGhasnoownLOIeventhoughcaptionmentionspretreated. AircontrolR600lessthan1.0rawboundcanonicalblank;ownT10/DTGpeaksvalid. VariableR@TmaxandmaximumratesnotfixedR600;waterlossbelow100Cexcluded. Eightconditions/fourinitialstatesapproved. DHTP8addon60.4Table2versus61.4prose/conclusionrawboth;addoncanonicalblank,doseidentity2/5/8explicitandnotambiguous. Table3zeroLCduplicatesinitialnotextra;LC1/5/30ninewashedLOIrecordsnoownwashedTG;ISO6330-2012flakedsoapwashT/dryprotocolunreported;EDXsurfacefractionsnotbulkloading. Elevenheldfacts(twoMPTES-onlyTG,ninewashedLOI).",cotton,"Plain cotton woven fabric,228g/m2,SaintyearHoldingGroupChina;cotton purity percentage unreported","Plain cotton woven fabric,228g/m2,SaintyearHoldingGroupChina;cotton purity percentage unreported",,"5%DHTP treated,5washingcycles",held_source_facts,,held_washed_LOI_no_own_TG,journal_article,DOI/title/authorsfullpublisherPDFp1,,,,,,,held_outside_verified_target,,5%DHTP-LC5,,5,,,,,,,,,,,,,,,,,,NativepublisherVersionofRecord1722017pp275-283,,,Materials/preparation/TG/LOImethodsPDFp3printed277;Table1Fig4p7printed281;Table2/3p8printed282;AppendixAp9;SITableS1,,,5,,,,,,"Clean15g/LNaOH+7g/LLevellingAgentOwater70C20min. MPTES5wtpercent80:20ethanol/waterRT30minmildshaking;fabricdip3min,cure120C5min. DHTP2/5/8wtpercentwithDMPA0.5wtpercentinitiator,dip5minUVirradiation20minRT;dip/UVprocessrepeated3times;DIwaterrinse,dry60Cdurationunreported. UVdose/wavelengthunreported;preparationrinseinitialnotdurabilitywash",,,,,,,,,,,,,,,Durable flame retardant finishing of cotton fabrics with halogen-free organophosphonate by UV photoinitiated thiol-ene click chemistry,https://doi.org/10.1016/j.carbpol.2017.05.054,"ISO6330-2012flakedsoapwashingmachine;DIrinse/dry,T/timeunreported;nohomecycleconversion",6.9,CompletepublisherCDNSITableS1XMLandoneconvertednativepage;PIIandallfourmechanicalpairsmatchprimaryp8,"Clean15g/LNaOH+7g/LLevellingAgentOwater70C20min. MPTES5wtpercent80:20ethanol/waterRT30minmildshaking;fabricdip3min,cure120C5min. DHTP2/5/8wtpercentwithDMPA0.5wtpercentinitiator,dip5minUVirradiation20minRT;dip/UVprocessrepeated3times;DIwaterrinse,dry60Cdurationunreported. UVdose/wavelengthunreported;preparationrinseinitialnotdurabilitywash",After5durabilitywashcycles,After5durabilitywashcycles,2017
10.1016/j.carbpol.2017.05.054,AST1004050,OwnTable3aPDFp8printed282,24.2,50x150,ASTM D2863-08,,,,,,,,,,,,,,,,,,,Noownsamewashed-stateTG,,,,,,,,,,CottonMPTES5wtpercent+DHTP5wtpercentbathUV,TG/LOImethodsPDFp3printed277,RawownwashedLOIfactnotapprovedpair,2026-10-02,Codexall9native/textpagesandonecompletepublisherSITableS1;oneprimaryreviewer,,Carbohydrate Polymers,"All9native/textprimarypagespluscompletepublisherCDNSITableS1reviewed(XMLalltabledetails,foot/endnotesempty,nodrawingmedia,oneconvertednativepage). ExactofficialElsevierPIIS0144861717305714mmc1.docxwasinitiallyacandidateendpoint;HTTP200andTableS1sameDHTP2/5/8andallfourbreakingstrength/stiffnesspairs933.2/3.02,938.6/4.57,974.7/5.41,1058/5.85matchprimaryp8,establishingcontentidentity;notclaimingScienceDirectparentfulltextreview(403). OwnTable1p7TG10C/min30-800CN2air5mgopenaluminapan204F1p3;nativeTonset10percentisT10notT5/genericonset;R600notR800despitemethodendpoint800. OwnTable2p8onlyuntreatedandDHTP2/5/8LOI18.3/26.1/26.7/27.2;MPTES-onlypretreatedTGhasnoownLOIeventhoughcaptionmentionspretreated. AircontrolR600lessthan1.0rawboundcanonicalblank;ownT10/DTGpeaksvalid. VariableR@TmaxandmaximumratesnotfixedR600;waterlossbelow100Cexcluded. Eightconditions/fourinitialstatesapproved. DHTP8addon60.4Table2versus61.4prose/conclusionrawboth;addoncanonicalblank,doseidentity2/5/8explicitandnotambiguous. Table3zeroLCduplicatesinitialnotextra;LC1/5/30ninewashedLOIrecordsnoownwashedTG;ISO6330-2012flakedsoapwashT/dryprotocolunreported;EDXsurfacefractionsnotbulkloading. Elevenheldfacts(twoMPTES-onlyTG,ninewashedLOI).",cotton,"Plain cotton woven fabric,228g/m2,SaintyearHoldingGroupChina;cotton purity percentage unreported","Plain cotton woven fabric,228g/m2,SaintyearHoldingGroupChina;cotton purity percentage unreported",,"5%DHTP treated,30washingcycles",held_source_facts,,held_washed_LOI_no_own_TG,journal_article,DOI/title/authorsfullpublisherPDFp1,,,,,,,held_outside_verified_target,,5%DHTP-LC30,,5,,,,,,,,,,,,,,,,,,NativepublisherVersionofRecord1722017pp275-283,,,Materials/preparation/TG/LOImethodsPDFp3printed277;Table1Fig4p7printed281;Table2/3p8printed282;AppendixAp9;SITableS1,,,30,,,,,,"Clean15g/LNaOH+7g/LLevellingAgentOwater70C20min. MPTES5wtpercent80:20ethanol/waterRT30minmildshaking;fabricdip3min,cure120C5min. DHTP2/5/8wtpercentwithDMPA0.5wtpercentinitiator,dip5minUVirradiation20minRT;dip/UVprocessrepeated3times;DIwaterrinse,dry60Cdurationunreported. UVdose/wavelengthunreported;preparationrinseinitialnotdurabilitywash",,,,,,,,,,,,,,,Durable flame retardant finishing of cotton fabrics with halogen-free organophosphonate by UV photoinitiated thiol-ene click chemistry,https://doi.org/10.1016/j.carbpol.2017.05.054,"ISO6330-2012flakedsoapwashingmachine;DIrinse/dry,T/timeunreported;nohomecycleconversion",6.9,CompletepublisherCDNSITableS1XMLandoneconvertednativepage;PIIandallfourmechanicalpairsmatchprimaryp8,"Clean15g/LNaOH+7g/LLevellingAgentOwater70C20min. MPTES5wtpercent80:20ethanol/waterRT30minmildshaking;fabricdip3min,cure120C5min. DHTP2/5/8wtpercentwithDMPA0.5wtpercentinitiator,dip5minUVirradiation20minRT;dip/UVprocessrepeated3times;DIwaterrinse,dry60Cdurationunreported. UVdose/wavelengthunreported;preparationrinseinitialnotdurabilitywash",After30durabilitywashcycles,After30durabilitywashcycles,2017
10.1016/j.carbpol.2017.05.054,AST1004050,OwnTable3aPDFp8printed282,25.7,50x150,ASTM D2863-08,,,,,,,,,,,,,,,,,,,Noownsamewashed-stateTG,,,,,,,,,,CottonMPTES5wtpercent+DHTP8wtpercentbathUV,TG/LOImethodsPDFp3printed277,RawownwashedLOIfactnotapprovedpair,2026-10-02,Codexall9native/textpagesandonecompletepublisherSITableS1;oneprimaryreviewer,,Carbohydrate Polymers,"All9native/textprimarypagespluscompletepublisherCDNSITableS1reviewed(XMLalltabledetails,foot/endnotesempty,nodrawingmedia,oneconvertednativepage). ExactofficialElsevierPIIS0144861717305714mmc1.docxwasinitiallyacandidateendpoint;HTTP200andTableS1sameDHTP2/5/8andallfourbreakingstrength/stiffnesspairs933.2/3.02,938.6/4.57,974.7/5.41,1058/5.85matchprimaryp8,establishingcontentidentity;notclaimingScienceDirectparentfulltextreview(403). OwnTable1p7TG10C/min30-800CN2air5mgopenaluminapan204F1p3;nativeTonset10percentisT10notT5/genericonset;R600notR800despitemethodendpoint800. OwnTable2p8onlyuntreatedandDHTP2/5/8LOI18.3/26.1/26.7/27.2;MPTES-onlypretreatedTGhasnoownLOIeventhoughcaptionmentionspretreated. AircontrolR600lessthan1.0rawboundcanonicalblank;ownT10/DTGpeaksvalid. VariableR@TmaxandmaximumratesnotfixedR600;waterlossbelow100Cexcluded. Eightconditions/fourinitialstatesapproved. DHTP8addon60.4Table2versus61.4prose/conclusionrawboth;addoncanonicalblank,doseidentity2/5/8explicitandnotambiguous. Table3zeroLCduplicatesinitialnotextra;LC1/5/30ninewashedLOIrecordsnoownwashedTG;ISO6330-2012flakedsoapwashT/dryprotocolunreported;EDXsurfacefractionsnotbulkloading. Elevenheldfacts(twoMPTES-onlyTG,ninewashedLOI).",cotton,"Plain cotton woven fabric,228g/m2,SaintyearHoldingGroupChina;cotton purity percentage unreported","Plain cotton woven fabric,228g/m2,SaintyearHoldingGroupChina;cotton purity percentage unreported",,"8%DHTP treated,1washingcycles",held_source_facts,,held_washed_LOI_no_own_TG,journal_article,DOI/title/authorsfullpublisherPDFp1,,,,,,,held_outside_verified_target,,8%DHTP-LC1,,8,,,,,,,,,,,,,,,,,,NativepublisherVersionofRecord1722017pp275-283,,,Materials/preparation/TG/LOImethodsPDFp3printed277;Table1Fig4p7printed281;Table2/3p8printed282;AppendixAp9;SITableS1,,,1,,,,,,"Clean15g/LNaOH+7g/LLevellingAgentOwater70C20min. MPTES5wtpercent80:20ethanol/waterRT30minmildshaking;fabricdip3min,cure120C5min. DHTP2/5/8wtpercentwithDMPA0.5wtpercentinitiator,dip5minUVirradiation20minRT;dip/UVprocessrepeated3times;DIwaterrinse,dry60Cdurationunreported. UVdose/wavelengthunreported;preparationrinseinitialnotdurabilitywash",,,,,,,,,,,,,,,Durable flame retardant finishing of cotton fabrics with halogen-free organophosphonate by UV photoinitiated thiol-ene click chemistry,https://doi.org/10.1016/j.carbpol.2017.05.054,"ISO6330-2012flakedsoapwashingmachine;DIrinse/dry,T/timeunreported;nohomecycleconversion",7.1,CompletepublisherCDNSITableS1XMLandoneconvertednativepage;PIIandallfourmechanicalpairsmatchprimaryp8,"Clean15g/LNaOH+7g/LLevellingAgentOwater70C20min. MPTES5wtpercent80:20ethanol/waterRT30minmildshaking;fabricdip3min,cure120C5min. DHTP2/5/8wtpercentwithDMPA0.5wtpercentinitiator,dip5minUVirradiation20minRT;dip/UVprocessrepeated3times;DIwaterrinse,dry60Cdurationunreported. UVdose/wavelengthunreported;preparationrinseinitialnotdurabilitywash",After1durabilitywashcycles,After1durabilitywashcycles,2017
10.1016/j.carbpol.2017.05.054,AST1004050,OwnTable3aPDFp8printed282,25.1,50x150,ASTM D2863-08,,,,,,,,,,,,,,,,,,,Noownsamewashed-stateTG,,,,,,,,,,CottonMPTES5wtpercent+DHTP8wtpercentbathUV,TG/LOImethodsPDFp3printed277,RawownwashedLOIfactnotapprovedpair,2026-10-02,Codexall9native/textpagesandonecompletepublisherSITableS1;oneprimaryreviewer,,Carbohydrate Polymers,"All9native/textprimarypagespluscompletepublisherCDNSITableS1reviewed(XMLalltabledetails,foot/endnotesempty,nodrawingmedia,oneconvertednativepage). ExactofficialElsevierPIIS0144861717305714mmc1.docxwasinitiallyacandidateendpoint;HTTP200andTableS1sameDHTP2/5/8andallfourbreakingstrength/stiffnesspairs933.2/3.02,938.6/4.57,974.7/5.41,1058/5.85matchprimaryp8,establishingcontentidentity;notclaimingScienceDirectparentfulltextreview(403). OwnTable1p7TG10C/min30-800CN2air5mgopenaluminapan204F1p3;nativeTonset10percentisT10notT5/genericonset;R600notR800despitemethodendpoint800. OwnTable2p8onlyuntreatedandDHTP2/5/8LOI18.3/26.1/26.7/27.2;MPTES-onlypretreatedTGhasnoownLOIeventhoughcaptionmentionspretreated. AircontrolR600lessthan1.0rawboundcanonicalblank;ownT10/DTGpeaksvalid. VariableR@TmaxandmaximumratesnotfixedR600;waterlossbelow100Cexcluded. Eightconditions/fourinitialstatesapproved. DHTP8addon60.4Table2versus61.4prose/conclusionrawboth;addoncanonicalblank,doseidentity2/5/8explicitandnotambiguous. Table3zeroLCduplicatesinitialnotextra;LC1/5/30ninewashedLOIrecordsnoownwashedTG;ISO6330-2012flakedsoapwashT/dryprotocolunreported;EDXsurfacefractionsnotbulkloading. Elevenheldfacts(twoMPTES-onlyTG,ninewashedLOI).",cotton,"Plain cotton woven fabric,228g/m2,SaintyearHoldingGroupChina;cotton purity percentage unreported","Plain cotton woven fabric,228g/m2,SaintyearHoldingGroupChina;cotton purity percentage unreported",,"8%DHTP treated,5washingcycles",held_source_facts,,held_washed_LOI_no_own_TG,journal_article,DOI/title/authorsfullpublisherPDFp1,,,,,,,held_outside_verified_target,,8%DHTP-LC5,,8,,,,,,,,,,,,,,,,,,NativepublisherVersionofRecord1722017pp275-283,,,Materials/preparation/TG/LOImethodsPDFp3printed277;Table1Fig4p7printed281;Table2/3p8printed282;AppendixAp9;SITableS1,,,5,,,,,,"Clean15g/LNaOH+7g/LLevellingAgentOwater70C20min. MPTES5wtpercent80:20ethanol/waterRT30minmildshaking;fabricdip3min,cure120C5min. DHTP2/5/8wtpercentwithDMPA0.5wtpercentinitiator,dip5minUVirradiation20minRT;dip/UVprocessrepeated3times;DIwaterrinse,dry60Cdurationunreported. UVdose/wavelengthunreported;preparationrinseinitialnotdurabilitywash",,,,,,,,,,,,,,,Durable flame retardant finishing of cotton fabrics with halogen-free organophosphonate by UV photoinitiated thiol-ene click chemistry,https://doi.org/10.1016/j.carbpol.2017.05.054,"ISO6330-2012flakedsoapwashingmachine;DIrinse/dry,T/timeunreported;nohomecycleconversion",9.7,CompletepublisherCDNSITableS1XMLandoneconvertednativepage;PIIandallfourmechanicalpairsmatchprimaryp8,"Clean15g/LNaOH+7g/LLevellingAgentOwater70C20min. MPTES5wtpercent80:20ethanol/waterRT30minmildshaking;fabricdip3min,cure120C5min. DHTP2/5/8wtpercentwithDMPA0.5wtpercentinitiator,dip5minUVirradiation20minRT;dip/UVprocessrepeated3times;DIwaterrinse,dry60Cdurationunreported. UVdose/wavelengthunreported;preparationrinseinitialnotdurabilitywash",After5durabilitywashcycles,After5durabilitywashcycles,2017
10.1016/j.carbpol.2017.05.054,AST1004050,OwnTable3aPDFp8printed282,25.1,50x150,ASTM D2863-08,,,,,,,,,,,,,,,,,,,Noownsamewashed-stateTG,,,,,,,,,,CottonMPTES5wtpercent+DHTP8wtpercentbathUV,TG/LOImethodsPDFp3printed277,RawownwashedLOIfactnotapprovedpair,2026-10-02,Codexall9native/textpagesandonecompletepublisherSITableS1;oneprimaryreviewer,,Carbohydrate Polymers,"All9native/textprimarypagespluscompletepublisherCDNSITableS1reviewed(XMLalltabledetails,foot/endnotesempty,nodrawingmedia,oneconvertednativepage). ExactofficialElsevierPIIS0144861717305714mmc1.docxwasinitiallyacandidateendpoint;HTTP200andTableS1sameDHTP2/5/8andallfourbreakingstrength/stiffnesspairs933.2/3.02,938.6/4.57,974.7/5.41,1058/5.85matchprimaryp8,establishingcontentidentity;notclaimingScienceDirectparentfulltextreview(403). OwnTable1p7TG10C/min30-800CN2air5mgopenaluminapan204F1p3;nativeTonset10percentisT10notT5/genericonset;R600notR800despitemethodendpoint800. OwnTable2p8onlyuntreatedandDHTP2/5/8LOI18.3/26.1/26.7/27.2;MPTES-onlypretreatedTGhasnoownLOIeventhoughcaptionmentionspretreated. AircontrolR600lessthan1.0rawboundcanonicalblank;ownT10/DTGpeaksvalid. VariableR@TmaxandmaximumratesnotfixedR600;waterlossbelow100Cexcluded. Eightconditions/fourinitialstatesapproved. DHTP8addon60.4Table2versus61.4prose/conclusionrawboth;addoncanonicalblank,doseidentity2/5/8explicitandnotambiguous. Table3zeroLCduplicatesinitialnotextra;LC1/5/30ninewashedLOIrecordsnoownwashedTG;ISO6330-2012flakedsoapwashT/dryprotocolunreported;EDXsurfacefractionsnotbulkloading. Elevenheldfacts(twoMPTES-onlyTG,ninewashedLOI).",cotton,"Plain cotton woven fabric,228g/m2,SaintyearHoldingGroupChina;cotton purity percentage unreported","Plain cotton woven fabric,228g/m2,SaintyearHoldingGroupChina;cotton purity percentage unreported",,"8%DHTP treated,30washingcycles",held_source_facts,,held_washed_LOI_no_own_TG,journal_article,DOI/title/authorsfullpublisherPDFp1,,,,,,,held_outside_verified_target,,8%DHTP-LC30,,8,,,,,,,,,,,,,,,,,,NativepublisherVersionofRecord1722017pp275-283,,,Materials/preparation/TG/LOImethodsPDFp3printed277;Table1Fig4p7printed281;Table2/3p8printed282;AppendixAp9;SITableS1,,,30,,,,,,"Clean15g/LNaOH+7g/LLevellingAgentOwater70C20min. MPTES5wtpercent80:20ethanol/waterRT30minmildshaking;fabricdip3min,cure120C5min. DHTP2/5/8wtpercentwithDMPA0.5wtpercentinitiator,dip5minUVirradiation20minRT;dip/UVprocessrepeated3times;DIwaterrinse,dry60Cdurationunreported. UVdose/wavelengthunreported;preparationrinseinitialnotdurabilitywash",,,,,,,,,,,,,,,Durable flame retardant finishing of cotton fabrics with halogen-free organophosphonate by UV photoinitiated thiol-ene click chemistry,https://doi.org/10.1016/j.carbpol.2017.05.054,"ISO6330-2012flakedsoapwashingmachine;DIrinse/dry,T/timeunreported;nohomecycleconversion",9.7,CompletepublisherCDNSITableS1XMLandoneconvertednativepage;PIIandallfourmechanicalpairsmatchprimaryp8,"Clean15g/LNaOH+7g/LLevellingAgentOwater70C20min. MPTES5wtpercent80:20ethanol/waterRT30minmildshaking;fabricdip3min,cure120C5min. DHTP2/5/8wtpercentwithDMPA0.5wtpercentinitiator,dip5minUVirradiation20minRT;dip/UVprocessrepeated3times;DIwaterrinse,dry60Cdurationunreported. UVdose/wavelengthunreported;preparationrinseinitialnotdurabilitywash",After30durabilitywashcycles,After30durabilitywashcycles,2017
10.1007/s10570-019-02900-4,LFY606B,OwnTable1PDFp8,18,,GB/T5454-1997,,,,,,,,,,,,,,,,,TGA851,800,OwnTable2Fig8PDFp11,40,,,,,,,,,Scouredbleached100percentplaincotton;noDOPO-PiP-Si,TG/LOImethodsPDFp5;fabricpreparationPDFp4-5,RawowncontrolTGLOI;possiblecrosssourceidentityduplicate;notnewindependentpair,2026-10-02,Codexall17native/textpagesandcompleteSpringerSI3convertednativepages/wholeXML;oneprimaryreviewer,,Cellulose,"All17native/textprimarypagesandcompleteofficialSpringerparent-linkedSIreviewed(XMLalltabledetails,foot/endnotesempty,threeconvertednativepagesincludingEMFFig1Sreactionmechanism). Nativeonlinefirstpublished5December2019recordversionexplicit;laterassignedCellulose272020pp1799-1815publisherpage. OwnTable1p8untreatedLOI18,200/300/400gLLOI24.8/26.3/27.6WG25.2/33.2/42.4. OwnTable2p11untreatedairTonset294Tmax1=344Tmax2=489R800dash;N2Tonset312Tmax1=369Tmax2dashR80017.3. AirR800dashkeptblanknotzero;genericTonsetnotT5/T10. TGA85140-800C10KminN2airp5;flow/mass/repeatsunreported. TreatedTGTable2hasgenericlabelandno200/300/400dosecrosswalkanywhereincludingSI:airTonset220Tmax234/277R80019.1,N2Tonset221Tmax235/288R80042.0heldrawwithoutownLOI. Noassignmentto400gLfromabstract/conclusion/LOI27.6. ThreeinitialdoseLOIheldnoownmatchedTG. SI2STablewashedLC5/10/15LOI26.5/26.0/25.7genericdoseunreported,noownwashedTG;0LC27.6notadditionalstate. Wash0.5percentdetergent49C15min60rpmthenDIrinse/dry70C1h;detergentidentityunreported;fivetensiletestsnotLOI/TGreplicates. Fig8theoreticaltreatedcurveandpureFRpowdercurvenotownfabricobservations;cone16plusminus1notTG19.1. Zeroindependentnewstatesapproved;alltenfactsheld. Controlheldaspossiblecross-sourceduplicateof10.1007/s10570-020-03488-w:bothsameWeifangQirongcottonsupplier,overlappingZhengZhang/DezhengKong/LingSun/ChaohongDong/ZhouLuauthors,LOI18,N2Tonset312Tmax369R80017.3and10K/min40-800Cexactmatch;airmainTmax344alsoagrees. Numerical/author/supplieridentitysuggestssharedcontrolbutdoesnotproveexperimentalindependenceorformalalias;bothDOPOcontrolgasrecordsexcludedfromnewtargetpendingidentityadjudication. Existingpairedrowsunchanged;zeroevidenceupgradesclaimed.",cotton,"Scoured bleached100percentplain woven cotton,14.75texx14.75tex,122g/m2,WeifangQirongTextilesChina","Scoured bleached100percentplain woven cotton,14.75texx14.75tex,122g/m2,WeifangQirongTextilesChina",,Untreated cotton,held_source_facts,OwnTable1PDFp8untreatedLOI18pairsownTable2PDFp11untreatedcottonN2/air;122gm2plain100percentcotton;TGA85110K/min40-800Cgas-specificnativeTonset/DTG. AirR800dashnotzero;N2Tmax2dashnotestimated;nativegenericonsetnotT5/T10. Complete17primarypagesandSpringerparentlinkedSIall3renderedpages/wholeXML2tablesFig1Schecked. Treateddoseambiguousheldinsteadassign400g/L;noSIwashedLOI/initialTGmix;theoreticalcurves/powderandconeresidueexcluded.,held_possible_cross_source_shared_control,journal_article,DOI/title/authorsOriginalResearchpublishedonlinePDFp1,,,,,,,held_outside_verified_target,,Untreated cotton,,,,,,,,,,,,,,Nativeinitialdegradationtemperature;masslossthresholdunreported;notT5/T10,,,,,,NativepublisheronlinefirstoriginalresearchPDFpublished5December2019;laterassignedCellulose27(2020)1799-1815,10.1007/s10570-020-03488-w,"Controlheldaspossiblecross-sourceduplicateof10.1007/s10570-020-03488-w:bothsameWeifangQirongcottonsupplier,overlappingZhengZhang/DezhengKong/LingSun/ChaohongDong/ZhouLuauthors,LOI18,N2Tonset312Tmax369R80017.3and10K/min40-800Cexactmatch;airmainTmax344alsoagrees. Numerical/author/supplieridentitysuggestssharedcontrolbutdoesnotproveexperimentalindependenceorformalalias;bothDOPOcontrolgasrecordsexcludedfromnewtargetpendingidentityadjudication. Existingpairedrowsunchanged;zeroevidenceupgradesclaimed.",Materialsp3;preparationp4-5;TG/LOImethodsp5;Table1p8;thermaltextp9-10;Table2Fig8p11;SITable1S/2SandFig1S,,,,,dash,,,,"Cottondistilledwatersoaked15min,dry90C30min;DOPO-PiP-Si200/300/400g/Linethanol/chloroform1:1v/v,pH3;soak15min,two dips/two nipsapproximately80percentwetpickup;dry90C30min,cure110C10min. ActualTGtreateddoseunreportedallprimary17pagesandSI;reagentnameinmaterials(trimethylamine)versusEt3Nprocedurepreservednotresolved",,,,344,489,294,air,,10,,,,,,"Preparation of a synergistic reactive flame retardant based on silicon, phosphorus and nitrogen and its application to cotton fabrics",https://doi.org/10.1007/s10570-019-02900-4,,,"CompleteofficialSpringerparentlinkedSIwholeXML,3convertednativepages,2tables1EMFreactionfigure",Untreatedcottoncontrolasreported,Initialaspreparedfabric,Initialasprepared;nodurabilitylaundering,2019
10.1007/s10570-019-02900-4,LFY606B,OwnTable1PDFp8,18,,GB/T5454-1997,,,,,,,,,,,,,,,,,TGA851,800,OwnTable2Fig8PDFp11,40,,,,,,,17.3,,Scouredbleached100percentplaincotton;noDOPO-PiP-Si,TG/LOImethodsPDFp5;fabricpreparationPDFp4-5,RawowncontrolTGLOI;possiblecrosssourceidentityduplicate;notnewindependentpair,2026-10-02,Codexall17native/textpagesandcompleteSpringerSI3convertednativepages/wholeXML;oneprimaryreviewer,,Cellulose,"All17native/textprimarypagesandcompleteofficialSpringerparent-linkedSIreviewed(XMLalltabledetails,foot/endnotesempty,threeconvertednativepagesincludingEMFFig1Sreactionmechanism). Nativeonlinefirstpublished5December2019recordversionexplicit;laterassignedCellulose272020pp1799-1815publisherpage. OwnTable1p8untreatedLOI18,200/300/400gLLOI24.8/26.3/27.6WG25.2/33.2/42.4. OwnTable2p11untreatedairTonset294Tmax1=344Tmax2=489R800dash;N2Tonset312Tmax1=369Tmax2dashR80017.3. AirR800dashkeptblanknotzero;genericTonsetnotT5/T10. TGA85140-800C10KminN2airp5;flow/mass/repeatsunreported. TreatedTGTable2hasgenericlabelandno200/300/400dosecrosswalkanywhereincludingSI:airTonset220Tmax234/277R80019.1,N2Tonset221Tmax235/288R80042.0heldrawwithoutownLOI. Noassignmentto400gLfromabstract/conclusion/LOI27.6. ThreeinitialdoseLOIheldnoownmatchedTG. SI2STablewashedLC5/10/15LOI26.5/26.0/25.7genericdoseunreported,noownwashedTG;0LC27.6notadditionalstate. Wash0.5percentdetergent49C15min60rpmthenDIrinse/dry70C1h;detergentidentityunreported;fivetensiletestsnotLOI/TGreplicates. Fig8theoreticaltreatedcurveandpureFRpowdercurvenotownfabricobservations;cone16plusminus1notTG19.1. Zeroindependentnewstatesapproved;alltenfactsheld. Controlheldaspossiblecross-sourceduplicateof10.1007/s10570-020-03488-w:bothsameWeifangQirongcottonsupplier,overlappingZhengZhang/DezhengKong/LingSun/ChaohongDong/ZhouLuauthors,LOI18,N2Tonset312Tmax369R80017.3and10K/min40-800Cexactmatch;airmainTmax344alsoagrees. Numerical/author/supplieridentitysuggestssharedcontrolbutdoesnotproveexperimentalindependenceorformalalias;bothDOPOcontrolgasrecordsexcludedfromnewtargetpendingidentityadjudication. Existingpairedrowsunchanged;zeroevidenceupgradesclaimed.",cotton,"Scoured bleached100percentplain woven cotton,14.75texx14.75tex,122g/m2,WeifangQirongTextilesChina","Scoured bleached100percentplain woven cotton,14.75texx14.75tex,122g/m2,WeifangQirongTextilesChina",,Untreated cotton,held_source_facts,OwnTable1PDFp8untreatedLOI18pairsownTable2PDFp11untreatedcottonN2/air;122gm2plain100percentcotton;TGA85110K/min40-800Cgas-specificnativeTonset/DTG. AirR800dashnotzero;N2Tmax2dashnotestimated;nativegenericonsetnotT5/T10. Complete17primarypagesandSpringerparentlinkedSIall3renderedpages/wholeXML2tablesFig1Schecked. Treateddoseambiguousheldinsteadassign400g/L;noSIwashedLOI/initialTGmix;theoreticalcurves/powderandconeresidueexcluded.,held_possible_cross_source_shared_control,journal_article,DOI/title/authorsOriginalResearchpublishedonlinePDFp1,,,,,,,held_outside_verified_target,,Untreated cotton,,,,,,,,,,,,,,Nativeinitialdegradationtemperature;masslossthresholdunreported;notT5/T10,,,,,,NativepublisheronlinefirstoriginalresearchPDFpublished5December2019;laterassignedCellulose27(2020)1799-1815,10.1007/s10570-020-03488-w,"Controlheldaspossiblecross-sourceduplicateof10.1007/s10570-020-03488-w:bothsameWeifangQirongcottonsupplier,overlappingZhengZhang/DezhengKong/LingSun/ChaohongDong/ZhouLuauthors,LOI18,N2Tonset312Tmax369R80017.3and10K/min40-800Cexactmatch;airmainTmax344alsoagrees. Numerical/author/supplieridentitysuggestssharedcontrolbutdoesnotproveexperimentalindependenceorformalalias;bothDOPOcontrolgasrecordsexcludedfromnewtargetpendingidentityadjudication. Existingpairedrowsunchanged;zeroevidenceupgradesclaimed.",Materialsp3;preparationp4-5;TG/LOImethodsp5;Table1p8;thermaltextp9-10;Table2Fig8p11;SITable1S/2SandFig1S,,,,,17.3,,,,"Cottondistilledwatersoaked15min,dry90C30min;DOPO-PiP-Si200/300/400g/Linethanol/chloroform1:1v/v,pH3;soak15min,two dips/two nipsapproximately80percentwetpickup;dry90C30min,cure110C10min. ActualTGtreateddoseunreportedallprimary17pagesandSI;reagentnameinmaterials(trimethylamine)versusEt3Nprocedurepreservednotresolved",,,,369,,312,N2,800,10,17.3,800,,,,"Preparation of a synergistic reactive flame retardant based on silicon, phosphorus and nitrogen and its application to cotton fabrics",https://doi.org/10.1007/s10570-019-02900-4,,,"CompleteofficialSpringerparentlinkedSIwholeXML,3convertednativepages,2tables1EMFreactionfigure",Untreatedcottoncontrolasreported,Initialaspreparedfabric,Initialasprepared;nodurabilitylaundering,2019
10.1007/s10570-019-02900-4,LFY606B,OwnTable1PDFp8,24.8,,GB/T5454-1997,,,,,,,,,,,,,,,,,,,GenericTable2treatedTGdoseunidentified;notassignedbyLOIorconclusion,,,,,,,,,,"CottonDOPO-PiP-Si200g/Lbath,WG25.2percent",TG/LOImethodsPDFp5;fabricpreparationPDFp4-5,Rawowndose-specificLOIfactnotapprovedpair,2026-10-02,Codexall17native/textpagesandcompleteSpringerSI3convertednativepages/wholeXML;oneprimaryreviewer,,Cellulose,"All17native/textprimarypagesandcompleteofficialSpringerparent-linkedSIreviewed(XMLalltabledetails,foot/endnotesempty,threeconvertednativepagesincludingEMFFig1Sreactionmechanism). Nativeonlinefirstpublished5December2019recordversionexplicit;laterassignedCellulose272020pp1799-1815publisherpage. OwnTable1p8untreatedLOI18,200/300/400gLLOI24.8/26.3/27.6WG25.2/33.2/42.4. OwnTable2p11untreatedairTonset294Tmax1=344Tmax2=489R800dash;N2Tonset312Tmax1=369Tmax2dashR80017.3. AirR800dashkeptblanknotzero;genericTonsetnotT5/T10. TGA85140-800C10KminN2airp5;flow/mass/repeatsunreported. TreatedTGTable2hasgenericlabelandno200/300/400dosecrosswalkanywhereincludingSI:airTonset220Tmax234/277R80019.1,N2Tonset221Tmax235/288R80042.0heldrawwithoutownLOI. Noassignmentto400gLfromabstract/conclusion/LOI27.6. ThreeinitialdoseLOIheldnoownmatchedTG. SI2STablewashedLC5/10/15LOI26.5/26.0/25.7genericdoseunreported,noownwashedTG;0LC27.6notadditionalstate. Wash0.5percentdetergent49C15min60rpmthenDIrinse/dry70C1h;detergentidentityunreported;fivetensiletestsnotLOI/TGreplicates. Fig8theoreticaltreatedcurveandpureFRpowdercurvenotownfabricobservations;cone16plusminus1notTG19.1. Zeroindependentnewstatesapproved;alltenfactsheld. Controlheldaspossiblecross-sourceduplicateof10.1007/s10570-020-03488-w:bothsameWeifangQirongcottonsupplier,overlappingZhengZhang/DezhengKong/LingSun/ChaohongDong/ZhouLuauthors,LOI18,N2Tonset312Tmax369R80017.3and10K/min40-800Cexactmatch;airmainTmax344alsoagrees. Numerical/author/supplieridentitysuggestssharedcontrolbutdoesnotproveexperimentalindependenceorformalalias;bothDOPOcontrolgasrecordsexcludedfromnewtargetpendingidentityadjudication. Existingpairedrowsunchanged;zeroevidenceupgradesclaimed.",cotton,"Scoured bleached100percentplain woven cotton,14.75texx14.75tex,122g/m2,WeifangQirongTextilesChina","Scoured bleached100percentplain woven cotton,14.75texx14.75tex,122g/m2,WeifangQirongTextilesChina",,200g/L,held_source_facts,,held_dose_specific_LOI_generic_TG_unmapped,journal_article,DOI/title/authorsOriginalResearchpublishedonlinePDFp1,,,,,,,held_outside_verified_target,,DOPO-PiP-Si-200gL,,,200,,,,,,,,,,,,25.2,,,,,NativepublisheronlinefirstoriginalresearchPDFpublished5December2019;laterassignedCellulose27(2020)1799-1815,,,Materialsp3;preparationp4-5;TG/LOImethodsp5;Table1p8;thermaltextp9-10;Table2Fig8p11;SITable1S/2SandFig1S,,,,,,,,,"Cottondistilledwatersoaked15min,dry90C30min;DOPO-PiP-Si200/300/400g/Linethanol/chloroform1:1v/v,pH3;soak15min,two dips/two nipsapproximately80percentwetpickup;dry90C30min,cure110C10min. ActualTGtreateddoseunreportedallprimary17pagesandSI;reagentnameinmaterials(trimethylamine)versusEt3Nprocedurepreservednotresolved",,,,,,,,,,,,,,,"Preparation of a synergistic reactive flame retardant based on silicon, phosphorus and nitrogen and its application to cotton fabrics",https://doi.org/10.1007/s10570-019-02900-4,,,"CompleteofficialSpringerparentlinkedSIwholeXML,3convertednativepages,2tables1EMFreactionfigure","Cottondistilledwatersoaked15min,dry90C30min;DOPO-PiP-Si200/300/400g/Linethanol/chloroform1:1v/v,pH3;soak15min,two dips/two nipsapproximately80percentwetpickup;dry90C30min,cure110C10min. ActualTGtreateddoseunreportedallprimary17pagesandSI;reagentnameinmaterials(trimethylamine)versusEt3Nprocedurepreservednotresolved",Initialaspreparedfabric,Initialasprepared;nodurabilitylaundering,2019
10.1007/s10570-019-02900-4,LFY606B,OwnTable1PDFp8,26.3,,GB/T5454-1997,,,,,,,,,,,,,,,,,,,GenericTable2treatedTGdoseunidentified;notassignedbyLOIorconclusion,,,,,,,,,,"CottonDOPO-PiP-Si300g/Lbath,WG33.2percent",TG/LOImethodsPDFp5;fabricpreparationPDFp4-5,Rawowndose-specificLOIfactnotapprovedpair,2026-10-02,Codexall17native/textpagesandcompleteSpringerSI3convertednativepages/wholeXML;oneprimaryreviewer,,Cellulose,"All17native/textprimarypagesandcompleteofficialSpringerparent-linkedSIreviewed(XMLalltabledetails,foot/endnotesempty,threeconvertednativepagesincludingEMFFig1Sreactionmechanism). Nativeonlinefirstpublished5December2019recordversionexplicit;laterassignedCellulose272020pp1799-1815publisherpage. OwnTable1p8untreatedLOI18,200/300/400gLLOI24.8/26.3/27.6WG25.2/33.2/42.4. OwnTable2p11untreatedairTonset294Tmax1=344Tmax2=489R800dash;N2Tonset312Tmax1=369Tmax2dashR80017.3. AirR800dashkeptblanknotzero;genericTonsetnotT5/T10. TGA85140-800C10KminN2airp5;flow/mass/repeatsunreported. TreatedTGTable2hasgenericlabelandno200/300/400dosecrosswalkanywhereincludingSI:airTonset220Tmax234/277R80019.1,N2Tonset221Tmax235/288R80042.0heldrawwithoutownLOI. Noassignmentto400gLfromabstract/conclusion/LOI27.6. ThreeinitialdoseLOIheldnoownmatchedTG. SI2STablewashedLC5/10/15LOI26.5/26.0/25.7genericdoseunreported,noownwashedTG;0LC27.6notadditionalstate. Wash0.5percentdetergent49C15min60rpmthenDIrinse/dry70C1h;detergentidentityunreported;fivetensiletestsnotLOI/TGreplicates. Fig8theoreticaltreatedcurveandpureFRpowdercurvenotownfabricobservations;cone16plusminus1notTG19.1. Zeroindependentnewstatesapproved;alltenfactsheld. Controlheldaspossiblecross-sourceduplicateof10.1007/s10570-020-03488-w:bothsameWeifangQirongcottonsupplier,overlappingZhengZhang/DezhengKong/LingSun/ChaohongDong/ZhouLuauthors,LOI18,N2Tonset312Tmax369R80017.3and10K/min40-800Cexactmatch;airmainTmax344alsoagrees. Numerical/author/supplieridentitysuggestssharedcontrolbutdoesnotproveexperimentalindependenceorformalalias;bothDOPOcontrolgasrecordsexcludedfromnewtargetpendingidentityadjudication. Existingpairedrowsunchanged;zeroevidenceupgradesclaimed.",cotton,"Scoured bleached100percentplain woven cotton,14.75texx14.75tex,122g/m2,WeifangQirongTextilesChina","Scoured bleached100percentplain woven cotton,14.75texx14.75tex,122g/m2,WeifangQirongTextilesChina",,300g/L,held_source_facts,,held_dose_specific_LOI_generic_TG_unmapped,journal_article,DOI/title/authorsOriginalResearchpublishedonlinePDFp1,,,,,,,held_outside_verified_target,,DOPO-PiP-Si-300gL,,,300,,,,,,,,,,,,33.2,,,,,NativepublisheronlinefirstoriginalresearchPDFpublished5December2019;laterassignedCellulose27(2020)1799-1815,,,Materialsp3;preparationp4-5;TG/LOImethodsp5;Table1p8;thermaltextp9-10;Table2Fig8p11;SITable1S/2SandFig1S,,,,,,,,,"Cottondistilledwatersoaked15min,dry90C30min;DOPO-PiP-Si200/300/400g/Linethanol/chloroform1:1v/v,pH3;soak15min,two dips/two nipsapproximately80percentwetpickup;dry90C30min,cure110C10min. ActualTGtreateddoseunreportedallprimary17pagesandSI;reagentnameinmaterials(trimethylamine)versusEt3Nprocedurepreservednotresolved",,,,,,,,,,,,,,,"Preparation of a synergistic reactive flame retardant based on silicon, phosphorus and nitrogen and its application to cotton fabrics",https://doi.org/10.1007/s10570-019-02900-4,,,"CompleteofficialSpringerparentlinkedSIwholeXML,3convertednativepages,2tables1EMFreactionfigure","Cottondistilledwatersoaked15min,dry90C30min;DOPO-PiP-Si200/300/400g/Linethanol/chloroform1:1v/v,pH3;soak15min,two dips/two nipsapproximately80percentwetpickup;dry90C30min,cure110C10min. ActualTGtreateddoseunreportedallprimary17pagesandSI;reagentnameinmaterials(trimethylamine)versusEt3Nprocedurepreservednotresolved",Initialaspreparedfabric,Initialasprepared;nodurabilitylaundering,2019
10.1007/s10570-019-02900-4,LFY606B,OwnTable1PDFp8,27.6,,GB/T5454-1997,,,,,,,,,,,,,,,,,,,GenericTable2treatedTGdoseunidentified;notassignedbyLOIorconclusion,,,,,,,,,,"CottonDOPO-PiP-Si400g/Lbath,WG42.4percent",TG/LOImethodsPDFp5;fabricpreparationPDFp4-5,Rawowndose-specificLOIfactnotapprovedpair,2026-10-02,Codexall17native/textpagesandcompleteSpringerSI3convertednativepages/wholeXML;oneprimaryreviewer,,Cellulose,"All17native/textprimarypagesandcompleteofficialSpringerparent-linkedSIreviewed(XMLalltabledetails,foot/endnotesempty,threeconvertednativepagesincludingEMFFig1Sreactionmechanism). Nativeonlinefirstpublished5December2019recordversionexplicit;laterassignedCellulose272020pp1799-1815publisherpage. OwnTable1p8untreatedLOI18,200/300/400gLLOI24.8/26.3/27.6WG25.2/33.2/42.4. OwnTable2p11untreatedairTonset294Tmax1=344Tmax2=489R800dash;N2Tonset312Tmax1=369Tmax2dashR80017.3. AirR800dashkeptblanknotzero;genericTonsetnotT5/T10. TGA85140-800C10KminN2airp5;flow/mass/repeatsunreported. TreatedTGTable2hasgenericlabelandno200/300/400dosecrosswalkanywhereincludingSI:airTonset220Tmax234/277R80019.1,N2Tonset221Tmax235/288R80042.0heldrawwithoutownLOI. Noassignmentto400gLfromabstract/conclusion/LOI27.6. ThreeinitialdoseLOIheldnoownmatchedTG. SI2STablewashedLC5/10/15LOI26.5/26.0/25.7genericdoseunreported,noownwashedTG;0LC27.6notadditionalstate. Wash0.5percentdetergent49C15min60rpmthenDIrinse/dry70C1h;detergentidentityunreported;fivetensiletestsnotLOI/TGreplicates. Fig8theoreticaltreatedcurveandpureFRpowdercurvenotownfabricobservations;cone16plusminus1notTG19.1. Zeroindependentnewstatesapproved;alltenfactsheld. Controlheldaspossiblecross-sourceduplicateof10.1007/s10570-020-03488-w:bothsameWeifangQirongcottonsupplier,overlappingZhengZhang/DezhengKong/LingSun/ChaohongDong/ZhouLuauthors,LOI18,N2Tonset312Tmax369R80017.3and10K/min40-800Cexactmatch;airmainTmax344alsoagrees. Numerical/author/supplieridentitysuggestssharedcontrolbutdoesnotproveexperimentalindependenceorformalalias;bothDOPOcontrolgasrecordsexcludedfromnewtargetpendingidentityadjudication. Existingpairedrowsunchanged;zeroevidenceupgradesclaimed.",cotton,"Scoured bleached100percentplain woven cotton,14.75texx14.75tex,122g/m2,WeifangQirongTextilesChina","Scoured bleached100percentplain woven cotton,14.75texx14.75tex,122g/m2,WeifangQirongTextilesChina",,400g/L,held_source_facts,,held_dose_specific_LOI_generic_TG_unmapped,journal_article,DOI/title/authorsOriginalResearchpublishedonlinePDFp1,,,,,,,held_outside_verified_target,,DOPO-PiP-Si-400gL,,,400,,,,,,,,,,,,42.4,,,,,NativepublisheronlinefirstoriginalresearchPDFpublished5December2019;laterassignedCellulose27(2020)1799-1815,,,Materialsp3;preparationp4-5;TG/LOImethodsp5;Table1p8;thermaltextp9-10;Table2Fig8p11;SITable1S/2SandFig1S,,,,,,,,,"Cottondistilledwatersoaked15min,dry90C30min;DOPO-PiP-Si200/300/400g/Linethanol/chloroform1:1v/v,pH3;soak15min,two dips/two nipsapproximately80percentwetpickup;dry90C30min,cure110C10min. ActualTGtreateddoseunreportedallprimary17pagesandSI;reagentnameinmaterials(trimethylamine)versusEt3Nprocedurepreservednotresolved",,,,,,,,,,,,,,,"Preparation of a synergistic reactive flame retardant based on silicon, phosphorus and nitrogen and its application to cotton fabrics",https://doi.org/10.1007/s10570-019-02900-4,,,"CompleteofficialSpringerparentlinkedSIwholeXML,3convertednativepages,2tables1EMFreactionfigure","Cottondistilledwatersoaked15min,dry90C30min;DOPO-PiP-Si200/300/400g/Linethanol/chloroform1:1v/v,pH3;soak15min,two dips/two nipsapproximately80percentwetpickup;dry90C30min,cure110C10min. ActualTGtreateddoseunreportedallprimary17pagesandSI;reagentnameinmaterials(trimethylamine)versusEt3Nprocedurepreservednotresolved",Initialaspreparedfabric,Initialasprepared;nodurabilitylaundering,2019
10.1007/s10570-019-02900-4,LFY606B,NoownLOImappedtogenericTGtreatedsample,,,GB/T5454-1997,,,,,,,,,,,,,,,,,,,OwnTable2Fig8PDFp11,,,,,,,,,,CottonDOPO-PiP-Si;TGtreatedbathdoseunreported,TG/LOImethodsPDFp5;fabricpreparationPDFp4-5,RawowngenericTGfactnotapprovedpair,2026-10-02,Codexall17native/textpagesandcompleteSpringerSI3convertednativepages/wholeXML;oneprimaryreviewer,,Cellulose,"All17native/textprimarypagesandcompleteofficialSpringerparent-linkedSIreviewed(XMLalltabledetails,foot/endnotesempty,threeconvertednativepagesincludingEMFFig1Sreactionmechanism). Nativeonlinefirstpublished5December2019recordversionexplicit;laterassignedCellulose272020pp1799-1815publisherpage. OwnTable1p8untreatedLOI18,200/300/400gLLOI24.8/26.3/27.6WG25.2/33.2/42.4. OwnTable2p11untreatedairTonset294Tmax1=344Tmax2=489R800dash;N2Tonset312Tmax1=369Tmax2dashR80017.3. AirR800dashkeptblanknotzero;genericTonsetnotT5/T10. TGA85140-800C10KminN2airp5;flow/mass/repeatsunreported. TreatedTGTable2hasgenericlabelandno200/300/400dosecrosswalkanywhereincludingSI:airTonset220Tmax234/277R80019.1,N2Tonset221Tmax235/288R80042.0heldrawwithoutownLOI. Noassignmentto400gLfromabstract/conclusion/LOI27.6. ThreeinitialdoseLOIheldnoownmatchedTG. SI2STablewashedLC5/10/15LOI26.5/26.0/25.7genericdoseunreported,noownwashedTG;0LC27.6notadditionalstate. Wash0.5percentdetergent49C15min60rpmthenDIrinse/dry70C1h;detergentidentityunreported;fivetensiletestsnotLOI/TGreplicates. Fig8theoreticaltreatedcurveandpureFRpowdercurvenotownfabricobservations;cone16plusminus1notTG19.1. Zeroindependentnewstatesapproved;alltenfactsheld. Controlheldaspossiblecross-sourceduplicateof10.1007/s10570-020-03488-w:bothsameWeifangQirongcottonsupplier,overlappingZhengZhang/DezhengKong/LingSun/ChaohongDong/ZhouLuauthors,LOI18,N2Tonset312Tmax369R80017.3and10K/min40-800Cexactmatch;airmainTmax344alsoagrees. Numerical/author/supplieridentitysuggestssharedcontrolbutdoesnotproveexperimentalindependenceorformalalias;bothDOPOcontrolgasrecordsexcludedfromnewtargetpendingidentityadjudication. Existingpairedrowsunchanged;zeroevidenceupgradesclaimed.",cotton,"Scoured bleached100percentplain woven cotton,14.75texx14.75tex,122g/m2,WeifangQirongTextilesChina","Scoured bleached100percentplain woven cotton,14.75texx14.75tex,122g/m2,WeifangQirongTextilesChina",,Treated cotton,held_source_facts,,held_generic_TG_dose_unmapped,journal_article,DOI/title/authorsOriginalResearchpublishedonlinePDFp1,,,,,,,held_outside_verified_target,,Treated cotton unspecified dose,,,,,,,,,,,,,,,,,,,,NativepublisheronlinefirstoriginalresearchPDFpublished5December2019;laterassignedCellulose27(2020)1799-1815,,,Materialsp3;preparationp4-5;TG/LOImethodsp5;Table1p8;thermaltextp9-10;Table2Fig8p11;SITable1S/2SandFig1S,,,,,,,,,"Cottondistilledwatersoaked15min,dry90C30min;DOPO-PiP-Si200/300/400g/Linethanol/chloroform1:1v/v,pH3;soak15min,two dips/two nipsapproximately80percentwetpickup;dry90C30min,cure110C10min. ActualTGtreateddoseunreportedallprimary17pagesandSI;reagentnameinmaterials(trimethylamine)versusEt3Nprocedurepreservednotresolved",,19.1,,234,277,220,air,,10,,,,,,"Preparation of a synergistic reactive flame retardant based on silicon, phosphorus and nitrogen and its application to cotton fabrics",https://doi.org/10.1007/s10570-019-02900-4,,,"CompleteofficialSpringerparentlinkedSIwholeXML,3convertednativepages,2tables1EMFreactionfigure","Cottondistilledwatersoaked15min,dry90C30min;DOPO-PiP-Si200/300/400g/Linethanol/chloroform1:1v/v,pH3;soak15min,two dips/two nipsapproximately80percentwetpickup;dry90C30min,cure110C10min. ActualTGtreateddoseunreportedallprimary17pagesandSI;reagentnameinmaterials(trimethylamine)versusEt3Nprocedurepreservednotresolved",Initialaspreparedfabric,Initialasprepared;nodurabilitylaundering,2019
10.1007/s10570-019-02900-4,LFY606B,NoownLOImappedtogenericTGtreatedsample,,,GB/T5454-1997,,,,,,,,,,,,,,,,,,,OwnTable2Fig8PDFp11,,,,,,,,,,CottonDOPO-PiP-Si;TGtreatedbathdoseunreported,TG/LOImethodsPDFp5;fabricpreparationPDFp4-5,RawowngenericTGfactnotapprovedpair,2026-10-02,Codexall17native/textpagesandcompleteSpringerSI3convertednativepages/wholeXML;oneprimaryreviewer,,Cellulose,"All17native/textprimarypagesandcompleteofficialSpringerparent-linkedSIreviewed(XMLalltabledetails,foot/endnotesempty,threeconvertednativepagesincludingEMFFig1Sreactionmechanism). Nativeonlinefirstpublished5December2019recordversionexplicit;laterassignedCellulose272020pp1799-1815publisherpage. OwnTable1p8untreatedLOI18,200/300/400gLLOI24.8/26.3/27.6WG25.2/33.2/42.4. OwnTable2p11untreatedairTonset294Tmax1=344Tmax2=489R800dash;N2Tonset312Tmax1=369Tmax2dashR80017.3. AirR800dashkeptblanknotzero;genericTonsetnotT5/T10. TGA85140-800C10KminN2airp5;flow/mass/repeatsunreported. TreatedTGTable2hasgenericlabelandno200/300/400dosecrosswalkanywhereincludingSI:airTonset220Tmax234/277R80019.1,N2Tonset221Tmax235/288R80042.0heldrawwithoutownLOI. Noassignmentto400gLfromabstract/conclusion/LOI27.6. ThreeinitialdoseLOIheldnoownmatchedTG. SI2STablewashedLC5/10/15LOI26.5/26.0/25.7genericdoseunreported,noownwashedTG;0LC27.6notadditionalstate. Wash0.5percentdetergent49C15min60rpmthenDIrinse/dry70C1h;detergentidentityunreported;fivetensiletestsnotLOI/TGreplicates. Fig8theoreticaltreatedcurveandpureFRpowdercurvenotownfabricobservations;cone16plusminus1notTG19.1. Zeroindependentnewstatesapproved;alltenfactsheld. Controlheldaspossiblecross-sourceduplicateof10.1007/s10570-020-03488-w:bothsameWeifangQirongcottonsupplier,overlappingZhengZhang/DezhengKong/LingSun/ChaohongDong/ZhouLuauthors,LOI18,N2Tonset312Tmax369R80017.3and10K/min40-800Cexactmatch;airmainTmax344alsoagrees. Numerical/author/supplieridentitysuggestssharedcontrolbutdoesnotproveexperimentalindependenceorformalalias;bothDOPOcontrolgasrecordsexcludedfromnewtargetpendingidentityadjudication. Existingpairedrowsunchanged;zeroevidenceupgradesclaimed.",cotton,"Scoured bleached100percentplain woven cotton,14.75texx14.75tex,122g/m2,WeifangQirongTextilesChina","Scoured bleached100percentplain woven cotton,14.75texx14.75tex,122g/m2,WeifangQirongTextilesChina",,Treated cotton,held_source_facts,,held_generic_TG_dose_unmapped,journal_article,DOI/title/authorsOriginalResearchpublishedonlinePDFp1,,,,,,,held_outside_verified_target,,Treated cotton unspecified dose,,,,,,,,,,,,,,,,,,,,NativepublisheronlinefirstoriginalresearchPDFpublished5December2019;laterassignedCellulose27(2020)1799-1815,,,Materialsp3;preparationp4-5;TG/LOImethodsp5;Table1p8;thermaltextp9-10;Table2Fig8p11;SITable1S/2SandFig1S,,,,,,,,,"Cottondistilledwatersoaked15min,dry90C30min;DOPO-PiP-Si200/300/400g/Linethanol/chloroform1:1v/v,pH3;soak15min,two dips/two nipsapproximately80percentwetpickup;dry90C30min,cure110C10min. ActualTGtreateddoseunreportedallprimary17pagesandSI;reagentnameinmaterials(trimethylamine)versusEt3Nprocedurepreservednotresolved",,42.0,,235,288,221,N2,,10,,,,,,"Preparation of a synergistic reactive flame retardant based on silicon, phosphorus and nitrogen and its application to cotton fabrics",https://doi.org/10.1007/s10570-019-02900-4,,,"CompleteofficialSpringerparentlinkedSIwholeXML,3convertednativepages,2tables1EMFreactionfigure","Cottondistilledwatersoaked15min,dry90C30min;DOPO-PiP-Si200/300/400g/Linethanol/chloroform1:1v/v,pH3;soak15min,two dips/two nipsapproximately80percentwetpickup;dry90C30min,cure110C10min. ActualTGtreateddoseunreportedallprimary17pagesandSI;reagentnameinmaterials(trimethylamine)versusEt3Nprocedurepreservednotresolved",Initialaspreparedfabric,Initialasprepared;nodurabilitylaundering,2019
10.1007/s10570-019-02900-4,LFY606B,"OfficialSITable2S,convertedPDFp2",26.5,,GB/T5454-1997,,,,,,,,,,,,,,,,,,,Noownsamewashed-stateTG,,,,,,,,,,CottonDOPO-PiP-Si;washedsampledoseunreported,TG/LOImethodsPDFp5;fabricpreparationPDFp4-5,RawownwashedLOIfactnotapprovedpair,2026-10-02,Codexall17native/textpagesandcompleteSpringerSI3convertednativepages/wholeXML;oneprimaryreviewer,,Cellulose,"All17native/textprimarypagesandcompleteofficialSpringerparent-linkedSIreviewed(XMLalltabledetails,foot/endnotesempty,threeconvertednativepagesincludingEMFFig1Sreactionmechanism). Nativeonlinefirstpublished5December2019recordversionexplicit;laterassignedCellulose272020pp1799-1815publisherpage. OwnTable1p8untreatedLOI18,200/300/400gLLOI24.8/26.3/27.6WG25.2/33.2/42.4. OwnTable2p11untreatedairTonset294Tmax1=344Tmax2=489R800dash;N2Tonset312Tmax1=369Tmax2dashR80017.3. AirR800dashkeptblanknotzero;genericTonsetnotT5/T10. TGA85140-800C10KminN2airp5;flow/mass/repeatsunreported. TreatedTGTable2hasgenericlabelandno200/300/400dosecrosswalkanywhereincludingSI:airTonset220Tmax234/277R80019.1,N2Tonset221Tmax235/288R80042.0heldrawwithoutownLOI. Noassignmentto400gLfromabstract/conclusion/LOI27.6. ThreeinitialdoseLOIheldnoownmatchedTG. SI2STablewashedLC5/10/15LOI26.5/26.0/25.7genericdoseunreported,noownwashedTG;0LC27.6notadditionalstate. Wash0.5percentdetergent49C15min60rpmthenDIrinse/dry70C1h;detergentidentityunreported;fivetensiletestsnotLOI/TGreplicates. Fig8theoreticaltreatedcurveandpureFRpowdercurvenotownfabricobservations;cone16plusminus1notTG19.1. Zeroindependentnewstatesapproved;alltenfactsheld. Controlheldaspossiblecross-sourceduplicateof10.1007/s10570-020-03488-w:bothsameWeifangQirongcottonsupplier,overlappingZhengZhang/DezhengKong/LingSun/ChaohongDong/ZhouLuauthors,LOI18,N2Tonset312Tmax369R80017.3and10K/min40-800Cexactmatch;airmainTmax344alsoagrees. Numerical/author/supplieridentitysuggestssharedcontrolbutdoesnotproveexperimentalindependenceorformalalias;bothDOPOcontrolgasrecordsexcludedfromnewtargetpendingidentityadjudication. Existingpairedrowsunchanged;zeroevidenceupgradesclaimed.",cotton,"Scoured bleached100percentplain woven cotton,14.75texx14.75tex,122g/m2,WeifangQirongTextilesChina","Scoured bleached100percentplain woven cotton,14.75texx14.75tex,122g/m2,WeifangQirongTextilesChina",,Treated cotton after5washing times,held_source_facts,,held_washed_LOI_no_own_TG_dose_unreported,journal_article,DOI/title/authorsOriginalResearchpublishedonlinePDFp1,,,,,,,held_outside_verified_target,,DOPO-PiP-Si unspecified dose-LC5,,,,,,,,,,,,,,,,,,,,NativepublisheronlinefirstoriginalresearchPDFpublished5December2019;laterassignedCellulose27(2020)1799-1815,,,Materialsp3;preparationp4-5;TG/LOImethodsp5;Table1p8;thermaltextp9-10;Table2Fig8p11;SITable1S/2SandFig1S,,,5,,,,,,"Cottondistilledwatersoaked15min,dry90C30min;DOPO-PiP-Si200/300/400g/Linethanol/chloroform1:1v/v,pH3;soak15min,two dips/two nipsapproximately80percentwetpickup;dry90C30min,cure110C10min. ActualTGtreateddoseunreportedallprimary17pagesandSI;reagentnameinmaterials(trimethylamine)versusEt3Nprocedurepreservednotresolved",,,,,,,,,,,,,,,"Preparation of a synergistic reactive flame retardant based on silicon, phosphorus and nitrogen and its application to cotton fabrics",https://doi.org/10.1007/s10570-019-02900-4,"SI:0.5percentdetergentidentityunreported49C15min60rpm;distilledwaterrinse,dry70C1h;nohomecycleconversion",,"CompleteofficialSpringerparentlinkedSIwholeXML,3convertednativepages,2tables1EMFreactionfigure","Cottondistilledwatersoaked15min,dry90C30min;DOPO-PiP-Si200/300/400g/Linethanol/chloroform1:1v/v,pH3;soak15min,two dips/two nipsapproximately80percentwetpickup;dry90C30min,cure110C10min. ActualTGtreateddoseunreportedallprimary17pagesandSI;reagentnameinmaterials(trimethylamine)versusEt3Nprocedurepreservednotresolved",After5durabilitywashcycles,After5durabilitywashcycles,2019
10.1007/s10570-019-02900-4,LFY606B,"OfficialSITable2S,convertedPDFp2",26.0,,GB/T5454-1997,,,,,,,,,,,,,,,,,,,Noownsamewashed-stateTG,,,,,,,,,,CottonDOPO-PiP-Si;washedsampledoseunreported,TG/LOImethodsPDFp5;fabricpreparationPDFp4-5,RawownwashedLOIfactnotapprovedpair,2026-10-02,Codexall17native/textpagesandcompleteSpringerSI3convertednativepages/wholeXML;oneprimaryreviewer,,Cellulose,"All17native/textprimarypagesandcompleteofficialSpringerparent-linkedSIreviewed(XMLalltabledetails,foot/endnotesempty,threeconvertednativepagesincludingEMFFig1Sreactionmechanism). Nativeonlinefirstpublished5December2019recordversionexplicit;laterassignedCellulose272020pp1799-1815publisherpage. OwnTable1p8untreatedLOI18,200/300/400gLLOI24.8/26.3/27.6WG25.2/33.2/42.4. OwnTable2p11untreatedairTonset294Tmax1=344Tmax2=489R800dash;N2Tonset312Tmax1=369Tmax2dashR80017.3. AirR800dashkeptblanknotzero;genericTonsetnotT5/T10. TGA85140-800C10KminN2airp5;flow/mass/repeatsunreported. TreatedTGTable2hasgenericlabelandno200/300/400dosecrosswalkanywhereincludingSI:airTonset220Tmax234/277R80019.1,N2Tonset221Tmax235/288R80042.0heldrawwithoutownLOI. Noassignmentto400gLfromabstract/conclusion/LOI27.6. ThreeinitialdoseLOIheldnoownmatchedTG. SI2STablewashedLC5/10/15LOI26.5/26.0/25.7genericdoseunreported,noownwashedTG;0LC27.6notadditionalstate. Wash0.5percentdetergent49C15min60rpmthenDIrinse/dry70C1h;detergentidentityunreported;fivetensiletestsnotLOI/TGreplicates. Fig8theoreticaltreatedcurveandpureFRpowdercurvenotownfabricobservations;cone16plusminus1notTG19.1. Zeroindependentnewstatesapproved;alltenfactsheld. Controlheldaspossiblecross-sourceduplicateof10.1007/s10570-020-03488-w:bothsameWeifangQirongcottonsupplier,overlappingZhengZhang/DezhengKong/LingSun/ChaohongDong/ZhouLuauthors,LOI18,N2Tonset312Tmax369R80017.3and10K/min40-800Cexactmatch;airmainTmax344alsoagrees. Numerical/author/supplieridentitysuggestssharedcontrolbutdoesnotproveexperimentalindependenceorformalalias;bothDOPOcontrolgasrecordsexcludedfromnewtargetpendingidentityadjudication. Existingpairedrowsunchanged;zeroevidenceupgradesclaimed.",cotton,"Scoured bleached100percentplain woven cotton,14.75texx14.75tex,122g/m2,WeifangQirongTextilesChina","Scoured bleached100percentplain woven cotton,14.75texx14.75tex,122g/m2,WeifangQirongTextilesChina",,Treated cotton after10washing times,held_source_facts,,held_washed_LOI_no_own_TG_dose_unreported,journal_article,DOI/title/authorsOriginalResearchpublishedonlinePDFp1,,,,,,,held_outside_verified_target,,DOPO-PiP-Si unspecified dose-LC10,,,,,,,,,,,,,,,,,,,,NativepublisheronlinefirstoriginalresearchPDFpublished5December2019;laterassignedCellulose27(2020)1799-1815,,,Materialsp3;preparationp4-5;TG/LOImethodsp5;Table1p8;thermaltextp9-10;Table2Fig8p11;SITable1S/2SandFig1S,,,10,,,,,,"Cottondistilledwatersoaked15min,dry90C30min;DOPO-PiP-Si200/300/400g/Linethanol/chloroform1:1v/v,pH3;soak15min,two dips/two nipsapproximately80percentwetpickup;dry90C30min,cure110C10min. ActualTGtreateddoseunreportedallprimary17pagesandSI;reagentnameinmaterials(trimethylamine)versusEt3Nprocedurepreservednotresolved",,,,,,,,,,,,,,,"Preparation of a synergistic reactive flame retardant based on silicon, phosphorus and nitrogen and its application to cotton fabrics",https://doi.org/10.1007/s10570-019-02900-4,"SI:0.5percentdetergentidentityunreported49C15min60rpm;distilledwaterrinse,dry70C1h;nohomecycleconversion",,"CompleteofficialSpringerparentlinkedSIwholeXML,3convertednativepages,2tables1EMFreactionfigure","Cottondistilledwatersoaked15min,dry90C30min;DOPO-PiP-Si200/300/400g/Linethanol/chloroform1:1v/v,pH3;soak15min,two dips/two nipsapproximately80percentwetpickup;dry90C30min,cure110C10min. ActualTGtreateddoseunreportedallprimary17pagesandSI;reagentnameinmaterials(trimethylamine)versusEt3Nprocedurepreservednotresolved",After10durabilitywashcycles,After10durabilitywashcycles,2019
10.1007/s10570-019-02900-4,LFY606B,"OfficialSITable2S,convertedPDFp2",25.7,,GB/T5454-1997,,,,,,,,,,,,,,,,,,,Noownsamewashed-stateTG,,,,,,,,,,CottonDOPO-PiP-Si;washedsampledoseunreported,TG/LOImethodsPDFp5;fabricpreparationPDFp4-5,RawownwashedLOIfactnotapprovedpair,2026-10-02,Codexall17native/textpagesandcompleteSpringerSI3convertednativepages/wholeXML;oneprimaryreviewer,,Cellulose,"All17native/textprimarypagesandcompleteofficialSpringerparent-linkedSIreviewed(XMLalltabledetails,foot/endnotesempty,threeconvertednativepagesincludingEMFFig1Sreactionmechanism). Nativeonlinefirstpublished5December2019recordversionexplicit;laterassignedCellulose272020pp1799-1815publisherpage. OwnTable1p8untreatedLOI18,200/300/400gLLOI24.8/26.3/27.6WG25.2/33.2/42.4. OwnTable2p11untreatedairTonset294Tmax1=344Tmax2=489R800dash;N2Tonset312Tmax1=369Tmax2dashR80017.3. AirR800dashkeptblanknotzero;genericTonsetnotT5/T10. TGA85140-800C10KminN2airp5;flow/mass/repeatsunreported. TreatedTGTable2hasgenericlabelandno200/300/400dosecrosswalkanywhereincludingSI:airTonset220Tmax234/277R80019.1,N2Tonset221Tmax235/288R80042.0heldrawwithoutownLOI. Noassignmentto400gLfromabstract/conclusion/LOI27.6. ThreeinitialdoseLOIheldnoownmatchedTG. SI2STablewashedLC5/10/15LOI26.5/26.0/25.7genericdoseunreported,noownwashedTG;0LC27.6notadditionalstate. Wash0.5percentdetergent49C15min60rpmthenDIrinse/dry70C1h;detergentidentityunreported;fivetensiletestsnotLOI/TGreplicates. Fig8theoreticaltreatedcurveandpureFRpowdercurvenotownfabricobservations;cone16plusminus1notTG19.1. Zeroindependentnewstatesapproved;alltenfactsheld. Controlheldaspossiblecross-sourceduplicateof10.1007/s10570-020-03488-w:bothsameWeifangQirongcottonsupplier,overlappingZhengZhang/DezhengKong/LingSun/ChaohongDong/ZhouLuauthors,LOI18,N2Tonset312Tmax369R80017.3and10K/min40-800Cexactmatch;airmainTmax344alsoagrees. Numerical/author/supplieridentitysuggestssharedcontrolbutdoesnotproveexperimentalindependenceorformalalias;bothDOPOcontrolgasrecordsexcludedfromnewtargetpendingidentityadjudication. Existingpairedrowsunchanged;zeroevidenceupgradesclaimed.",cotton,"Scoured bleached100percentplain woven cotton,14.75texx14.75tex,122g/m2,WeifangQirongTextilesChina","Scoured bleached100percentplain woven cotton,14.75texx14.75tex,122g/m2,WeifangQirongTextilesChina",,Treated cotton after15washing times,held_source_facts,,held_washed_LOI_no_own_TG_dose_unreported,journal_article,DOI/title/authorsOriginalResearchpublishedonlinePDFp1,,,,,,,held_outside_verified_target,,DOPO-PiP-Si unspecified dose-LC15,,,,,,,,,,,,,,,,,,,,NativepublisheronlinefirstoriginalresearchPDFpublished5December2019;laterassignedCellulose27(2020)1799-1815,,,Materialsp3;preparationp4-5;TG/LOImethodsp5;Table1p8;thermaltextp9-10;Table2Fig8p11;SITable1S/2SandFig1S,,,15,,,,,,"Cottondistilledwatersoaked15min,dry90C30min;DOPO-PiP-Si200/300/400g/Linethanol/chloroform1:1v/v,pH3;soak15min,two dips/two nipsapproximately80percentwetpickup;dry90C30min,cure110C10min. ActualTGtreateddoseunreportedallprimary17pagesandSI;reagentnameinmaterials(trimethylamine)versusEt3Nprocedurepreservednotresolved",,,,,,,,,,,,,,,"Preparation of a synergistic reactive flame retardant based on silicon, phosphorus and nitrogen and its application to cotton fabrics",https://doi.org/10.1007/s10570-019-02900-4,"SI:0.5percentdetergentidentityunreported49C15min60rpm;distilledwaterrinse,dry70C1h;nohomecycleconversion",,"CompleteofficialSpringerparentlinkedSIwholeXML,3convertednativepages,2tables1EMFreactionfigure","Cottondistilledwatersoaked15min,dry90C30min;DOPO-PiP-Si200/300/400g/Linethanol/chloroform1:1v/v,pH3;soak15min,two dips/two nipsapproximately80percentwetpickup;dry90C30min,cure110C10min. ActualTGtreateddoseunreportedallprimary17pagesandSI;reagentnameinmaterials(trimethylamine)versusEt3Nprocedurepreservednotresolved",After15durabilitywashcycles,After15durabilitywashcycles,2019
