DOI,LOI_instrument,LOI_locator,LOI_pct,LOI_standard,R700_pct,R800_pct,T50_C,T5_C,TGA_instrument,TG_end_C,TG_locator,TG_start_C,Tmax1_C,Tmax2_C,Tonset_C,atmosphere,composition,direct_numeric_use,evidence_reviewed_at,evidence_reviewed_by,heating_rate_C_min,journal,limitations,material_category,material_form,material_form_LOI,material_form_TGA,numeric_evidence_type,pairing_evidence,pairing_status,publication_type,publication_type_evidence,residue_pct,residue_temp_C,review_disposition,reviewed_measurement_fingerprint,sample_state,source_DSC_MCC_scope,source_EGDA_wt_pct,source_LOI_dimensions,source_LOI_dimensions_repeats,source_LOI_plusminus,source_LOI_readout,source_LOI_repeats,source_LOI_temperature,source_LOI_uncertainty_definition,source_PA_basis,source_P_measured_wt_pct,source_SPI_bath_wt_pct,source_T5_definition,source_TG_mass_flow,source_TG_mass_mg,source_TG_mass_pan_flow,source_TG_pan,source_TG_pan_flow,source_TG_program,source_Tonset_definition,source_addon_definition,source_addon_pct,source_document_version,source_grafting_after_pct,source_grafting_before_pct,source_grafting_definition,source_grafting_pct,source_location,source_monomer_bath_g_L,source_native_global_Tmax_C,source_peak_definition,source_raw_LOI,source_raw_LOI_range,source_raw_TG_profile,source_raw_abstract_delta,source_raw_char_pct,source_raw_char_temp_C,source_raw_control_peak_conflict,source_raw_historic_R650_pct,source_raw_intermediate_peak_C,source_raw_observation,source_residue_conflict,source_residue_definition,source_thiourea_bath_wt_pct,source_title,source_url,supplement_review_status,treatment_method,treatment_state,washing_state,year
10.1016/j.porgcoat.2020.105835,"JF-3,JiangningChina",OwnTable1PDFp2;chosenSPI5/TU10/60CPDFp3,20.5,ISO4589-1994,2.8,,393,354,HENVEN HCT-1,800,OwnTable2PDFp5;methodsPDFp2,30,403,,,N2,PA66;SPI0wt%andthiourea0wt%treatmentbath;addon0%weightgain,TG+LOI,2026-10-04,Codex complete native-text/table review;one primary reviewer,10,Progress in Organic Coatings,"All8ownprimaryTEXTpages. MainTables1/2exactSPI5wt%/thiourea10wt%andcontrolgroups;Toneset5%/50%areT5/T50notTonset. First206peakbelowT5=244retainednative;notcorrected. Owncontrolfull354/393/403/R7002.8profilehasnoexistingrawmatch;403literaturecitationcontext retained,notproofreusedwholeprofile. Thiourea10LOIcannotborrow15TG. SPI5LOIcannotborrow15photosorneatSPI-TG. CitedS1/S2unread;officialownPIIidentified,CDNdocx/doc/pdf404notproofabsence. Allrequiredacceptednumbersinprimary;SI-dependentvariantsheld. Plusminusdefinitionunknown;cone3repsnotLOI. Noextraunreportedcureinvented;noimages.",polyamide,"Own PA66 textile fabric165g/m2,ChengduHairongSpecialTextile","Own PA66 textile fabric165g/m2,ChengduHairongSpecialTextile","Own PA66 textile fabric165g/m2,ChengduHairongSpecialTextile",tabulated,Own165gsmPA66initialcontrolandselectedSPI5wt%/thiourea10wt%fabricidentitiesexplicitlysharedbyTables1/2andchosenformulationprose;all8TEXTpagesreviewed;SI-dependentotherstatesheld.,verified_exact,journal_article,OwncoverDOI/title/journal;allnativeprimaryTEXTpagesreviewed,2.8,700,source_review_approved,e3a7aafd187610afa749ed929b4d3dfaf0b95f9932bc68cfc2dd3310705a9c50,PA66 control initial,,,15x6cm2,,0.2,,Unreported;cone3repsnotborrowed,,Native +/- definitionunreported,,,0,NativeToneset5%is5%masslossthreshold;Toneset50%is50%massloss;notundefinedonset,,5 +/-0.3,,,Unreported,,,(Wt-W0)/W0*100;weightgainnotfinalfabriccomposition,0,Own publisher VOR,,,,,OwnTables1/2PDFp2/5;methodsPDFp2;selectedformulationPDFp3,,,NativeTable2Tmax1/Tmax2;firstthioureacoatinglossnotwater;control403citesearliermicrowaveworkascomparison,,,,,,,,,,,,,0,The fire performance of polyamide66 fabric coated with soybean protein isolation,https://doi.org/10.1016/j.porgcoat.2020.105835,CitedS1/S2unread;ownofficialPIIS0300944020303933 title/DOImatched;CDNmmc1docx/doc/pdf404notproofabsence;primaryall8TEXTcomplete,Na2CO34gLboil30min/acetone10hextract/65C6hdry;treatedgroupsSPI/thioureawater300rpm60C30min2dip2nip0.3MPa65C6hdry;pad-dry;noextraunreportedcure,OwninitialTable1/Table2cohort,Initial0durabilitycycles;preparationcarbonate/acetonecleaningnotdurability,2020
10.1016/j.porgcoat.2020.105835,"JF-3,JiangningChina",OwnTable1PDFp2;chosenSPI5/TU10/60CPDFp3,25.5,ISO4589-1994,2.3,,415,244,HENVEN HCT-1,800,OwnTable2PDFp5;methodsPDFp2,30,206,413,,N2,PA66;SPI5wt%andthiourea10wt%treatmentbath;addon9.1%weightgain,TG+LOI,2026-10-04,Codex complete native-text/table review;one primary reviewer,10,Progress in Organic Coatings,"All8ownprimaryTEXTpages. MainTables1/2exactSPI5wt%/thiourea10wt%andcontrolgroups;Toneset5%/50%areT5/T50notTonset. First206peakbelowT5=244retainednative;notcorrected. Owncontrolfull354/393/403/R7002.8profilehasnoexistingrawmatch;403literaturecitationcontext retained,notproofreusedwholeprofile. Thiourea10LOIcannotborrow15TG. SPI5LOIcannotborrow15photosorneatSPI-TG. CitedS1/S2unread;officialownPIIidentified,CDNdocx/doc/pdf404notproofabsence. Allrequiredacceptednumbersinprimary;SI-dependentvariantsheld. Plusminusdefinitionunknown;cone3repsnotLOI. Noextraunreportedcureinvented;noimages.",polyamide,"Own PA66 textile fabric165g/m2,ChengduHairongSpecialTextile","Own PA66 textile fabric165g/m2,ChengduHairongSpecialTextile","Own PA66 textile fabric165g/m2,ChengduHairongSpecialTextile",tabulated,Own165gsmPA66initialcontrolandselectedSPI5wt%/thiourea10wt%fabricidentitiesexplicitlysharedbyTables1/2andchosenformulationprose;all8TEXTpagesreviewed;SI-dependentotherstatesheld.,verified_exact,journal_article,OwncoverDOI/title/journal;allnativeprimaryTEXTpagesreviewed,2.3,700,source_review_approved,4b62c6097227705f9de638afdb3ccae01a7aac8b12da333d5e5c5ed41183f86c,PA66 SPI5 TU10 initial,,,15x6cm2,,0.2,,Unreported;cone3repsnotborrowed,,Native +/- definitionunreported,,,5,NativeToneset5%is5%masslossthreshold;Toneset50%is50%massloss;notundefinedonset,,5 +/-0.3,,,Unreported,,,(Wt-W0)/W0*100;weightgainnotfinalfabriccomposition,9.1,Own publisher VOR,,,,,OwnTables1/2PDFp2/5;methodsPDFp2;selectedformulationPDFp3,,,NativeTable2Tmax1/Tmax2;firstthioureacoatinglossnotwater;control403citesearliermicrowaveworkascomparison,,,,,,,,,,,,,10,The fire performance of polyamide66 fabric coated with soybean protein isolation,https://doi.org/10.1016/j.porgcoat.2020.105835,CitedS1/S2unread;ownofficialPIIS0300944020303933 title/DOImatched;CDNmmc1docx/doc/pdf404notproofabsence;primaryall8TEXTcomplete,Na2CO34gLboil30min/acetone10hextract/65C6hdry;treatedgroupsSPI/thioureawater300rpm60C30min2dip2nip0.3MPa65C6hdry;pad-dry;noextraunreportedcure,OwninitialTable1/Table2cohort,Initial0durabilitycycles;preparationcarbonate/acetonecleaningnotdurability,2020
10.1016/j.porgcoat.2020.105835,,,21.6,,,,,,,,,,,,,,,Rawsourcefacts only;notpaired,2026-10-04,Codex complete native-text/table review;one primary reviewer,,Progress in Organic Coatings,"All8ownprimaryTEXTpages. MainTables1/2exactSPI5wt%/thiourea10wt%andcontrolgroups;Toneset5%/50%areT5/T50notTonset. First206peakbelowT5=244retainednative;notcorrected. Owncontrolfull354/393/403/R7002.8profilehasnoexistingrawmatch;403literaturecitationcontext retained,notproofreusedwholeprofile. Thiourea10LOIcannotborrow15TG. SPI5LOIcannotborrow15photosorneatSPI-TG. CitedS1/S2unread;officialownPIIidentified,CDNdocx/doc/pdf404notproofabsence. Allrequiredacceptednumbersinprimary;SI-dependentvariantsheld. Plusminusdefinitionunknown;cone3repsnotLOI. Noextraunreportedcureinvented;noimages.",polyamide,"Own PA66 textile fabric165g/m2,ChengduHairongSpecialTextile","Own PA66 textile fabric165g/m2,ChengduHairongSpecialTextile","Own PA66 textile fabric165g/m2,ChengduHairongSpecialTextile",tabulated,,held_LOI_without_exact_TG,journal_article,OwncoverDOI/title/journal;allnativeprimaryTEXTpagesreviewed,,,held_outside_verified_target,,PA66 Table1sample1 SPI0TU10,,,,,0.3,,,,,,,0,,,,,,,,,,8.1,Own publisher VOR,,,,,OwnTable1PDFp2;Table2PDFp5differentTGstates,,,,,,,,,,,,,,,,10,The fire performance of polyamide66 fabric coated with soybean protein isolation,https://doi.org/10.1016/j.porgcoat.2020.105835,CitedS1/S2unread;ownofficialPIIS0300944020303933 title/DOImatched;CDNmmc1docx/doc/pdf404notproofabsence;primaryall8TEXTcomplete,,,,2020
10.1016/j.porgcoat.2020.105835,,,23.4,,,,,,,,,,,,,,,Rawsourcefacts only;notpaired,2026-10-04,Codex complete native-text/table review;one primary reviewer,,Progress in Organic Coatings,"All8ownprimaryTEXTpages. MainTables1/2exactSPI5wt%/thiourea10wt%andcontrolgroups;Toneset5%/50%areT5/T50notTonset. First206peakbelowT5=244retainednative;notcorrected. Owncontrolfull354/393/403/R7002.8profilehasnoexistingrawmatch;403literaturecitationcontext retained,notproofreusedwholeprofile. Thiourea10LOIcannotborrow15TG. SPI5LOIcannotborrow15photosorneatSPI-TG. CitedS1/S2unread;officialownPIIidentified,CDNdocx/doc/pdf404notproofabsence. Allrequiredacceptednumbersinprimary;SI-dependentvariantsheld. Plusminusdefinitionunknown;cone3repsnotLOI. Noextraunreportedcureinvented;noimages.",polyamide,"Own PA66 textile fabric165g/m2,ChengduHairongSpecialTextile","Own PA66 textile fabric165g/m2,ChengduHairongSpecialTextile","Own PA66 textile fabric165g/m2,ChengduHairongSpecialTextile",tabulated,,held_LOI_without_exact_TG,journal_article,OwncoverDOI/title/journal;allnativeprimaryTEXTpagesreviewed,,,held_outside_verified_target,,PA66 Table1sample2 SPI3TU10,,,,,0.2,,,,,,,3,,,,,,,,,,8.5,Own publisher VOR,,,,,OwnTable1PDFp2;Table2PDFp5differentTGstates,,,,,,,,,,,,,,,,10,The fire performance of polyamide66 fabric coated with soybean protein isolation,https://doi.org/10.1016/j.porgcoat.2020.105835,CitedS1/S2unread;ownofficialPIIS0300944020303933 title/DOImatched;CDNmmc1docx/doc/pdf404notproofabsence;primaryall8TEXTcomplete,,,,2020
10.1016/j.porgcoat.2020.105835,,,24,,,,,,,,,,,,,,,Rawsourcefacts only;notpaired,2026-10-04,Codex complete native-text/table review;one primary reviewer,,Progress in Organic Coatings,"All8ownprimaryTEXTpages. MainTables1/2exactSPI5wt%/thiourea10wt%andcontrolgroups;Toneset5%/50%areT5/T50notTonset. First206peakbelowT5=244retainednative;notcorrected. Owncontrolfull354/393/403/R7002.8profilehasnoexistingrawmatch;403literaturecitationcontext retained,notproofreusedwholeprofile. Thiourea10LOIcannotborrow15TG. SPI5LOIcannotborrow15photosorneatSPI-TG. CitedS1/S2unread;officialownPIIidentified,CDNdocx/doc/pdf404notproofabsence. Allrequiredacceptednumbersinprimary;SI-dependentvariantsheld. Plusminusdefinitionunknown;cone3repsnotLOI. Noextraunreportedcureinvented;noimages.",polyamide,"Own PA66 textile fabric165g/m2,ChengduHairongSpecialTextile","Own PA66 textile fabric165g/m2,ChengduHairongSpecialTextile","Own PA66 textile fabric165g/m2,ChengduHairongSpecialTextile",tabulated,,held_LOI_without_exact_TG,journal_article,OwncoverDOI/title/journal;allnativeprimaryTEXTpagesreviewed,,,held_outside_verified_target,,PA66 Table1sample3 SPI4TU10,,,,,0.3,,,,,,,4,,,,,,,,,,8.6,Own publisher VOR,,,,,OwnTable1PDFp2;Table2PDFp5differentTGstates,,,,,,,,,,,,,,,,10,The fire performance of polyamide66 fabric coated with soybean protein isolation,https://doi.org/10.1016/j.porgcoat.2020.105835,CitedS1/S2unread;ownofficialPIIS0300944020303933 title/DOImatched;CDNmmc1docx/doc/pdf404notproofabsence;primaryall8TEXTcomplete,,,,2020
10.1016/j.porgcoat.2020.105835,,,25.1,,,,,,,,,,,,,,,Rawsourcefacts only;notpaired,2026-10-04,Codex complete native-text/table review;one primary reviewer,,Progress in Organic Coatings,"All8ownprimaryTEXTpages. MainTables1/2exactSPI5wt%/thiourea10wt%andcontrolgroups;Toneset5%/50%areT5/T50notTonset. First206peakbelowT5=244retainednative;notcorrected. Owncontrolfull354/393/403/R7002.8profilehasnoexistingrawmatch;403literaturecitationcontext retained,notproofreusedwholeprofile. Thiourea10LOIcannotborrow15TG. SPI5LOIcannotborrow15photosorneatSPI-TG. CitedS1/S2unread;officialownPIIidentified,CDNdocx/doc/pdf404notproofabsence. Allrequiredacceptednumbersinprimary;SI-dependentvariantsheld. Plusminusdefinitionunknown;cone3repsnotLOI. Noextraunreportedcureinvented;noimages.",polyamide,"Own PA66 textile fabric165g/m2,ChengduHairongSpecialTextile","Own PA66 textile fabric165g/m2,ChengduHairongSpecialTextile","Own PA66 textile fabric165g/m2,ChengduHairongSpecialTextile",tabulated,,held_LOI_without_exact_TG,journal_article,OwncoverDOI/title/journal;allnativeprimaryTEXTpagesreviewed,,,held_outside_verified_target,,PA66 Table1sample5 SPI6TU10,,,,,0.3,,,,,,,6,,,,,,,,,,9.5,Own publisher VOR,,,,,OwnTable1PDFp2;Table2PDFp5differentTGstates,,,,,,,,,,,,,,,,10,The fire performance of polyamide66 fabric coated with soybean protein isolation,https://doi.org/10.1016/j.porgcoat.2020.105835,CitedS1/S2unread;ownofficialPIIS0300944020303933 title/DOImatched;CDNmmc1docx/doc/pdf404notproofabsence;primaryall8TEXTcomplete,,,,2020
10.1016/j.porgcoat.2020.105835,,,25,,,,,,,,,,,,,,,Rawsourcefacts only;notpaired,2026-10-04,Codex complete native-text/table review;one primary reviewer,,Progress in Organic Coatings,"All8ownprimaryTEXTpages. MainTables1/2exactSPI5wt%/thiourea10wt%andcontrolgroups;Toneset5%/50%areT5/T50notTonset. First206peakbelowT5=244retainednative;notcorrected. Owncontrolfull354/393/403/R7002.8profilehasnoexistingrawmatch;403literaturecitationcontext retained,notproofreusedwholeprofile. Thiourea10LOIcannotborrow15TG. SPI5LOIcannotborrow15photosorneatSPI-TG. CitedS1/S2unread;officialownPIIidentified,CDNdocx/doc/pdf404notproofabsence. Allrequiredacceptednumbersinprimary;SI-dependentvariantsheld. Plusminusdefinitionunknown;cone3repsnotLOI. Noextraunreportedcureinvented;noimages.",polyamide,"Own PA66 textile fabric165g/m2,ChengduHairongSpecialTextile","Own PA66 textile fabric165g/m2,ChengduHairongSpecialTextile","Own PA66 textile fabric165g/m2,ChengduHairongSpecialTextile",tabulated,,held_LOI_without_exact_TG,journal_article,OwncoverDOI/title/journal;allnativeprimaryTEXTpagesreviewed,,,held_outside_verified_target,,PA66 Table1sample6 SPI7TU10,,,,,0.4,,,,,,,7,,,,,,,,,,9.4,Own publisher VOR,,,,,OwnTable1PDFp2;Table2PDFp5differentTGstates,,,,,,,,,,,,,,,,10,The fire performance of polyamide66 fabric coated with soybean protein isolation,https://doi.org/10.1016/j.porgcoat.2020.105835,CitedS1/S2unread;ownofficialPIIS0300944020303933 title/DOImatched;CDNmmc1docx/doc/pdf404notproofabsence;primaryall8TEXTcomplete,,,,2020
10.1016/j.porgcoat.2020.105835,,,20.7,,,,,,,,,,,,,,,Rawsourcefacts only;notpaired,2026-10-04,Codex complete native-text/table review;one primary reviewer,,Progress in Organic Coatings,"All8ownprimaryTEXTpages. MainTables1/2exactSPI5wt%/thiourea10wt%andcontrolgroups;Toneset5%/50%areT5/T50notTonset. First206peakbelowT5=244retainednative;notcorrected. Owncontrolfull354/393/403/R7002.8profilehasnoexistingrawmatch;403literaturecitationcontext retained,notproofreusedwholeprofile. Thiourea10LOIcannotborrow15TG. SPI5LOIcannotborrow15photosorneatSPI-TG. CitedS1/S2unread;officialownPIIidentified,CDNdocx/doc/pdf404notproofabsence. Allrequiredacceptednumbersinprimary;SI-dependentvariantsheld. Plusminusdefinitionunknown;cone3repsnotLOI. Noextraunreportedcureinvented;noimages.",polyamide,"Own PA66 textile fabric165g/m2,ChengduHairongSpecialTextile","Own PA66 textile fabric165g/m2,ChengduHairongSpecialTextile","Own PA66 textile fabric165g/m2,ChengduHairongSpecialTextile",explicit_text,,held_SPI5_LOI_without_fabric_TG,journal_article,OwncoverDOI/title/journal;allnativeprimaryTEXTpagesreviewed,,,held_outside_verified_target,,PA66 SPI5 only LOI,,,,,,,,,,,,5,,,,,,,,,,,Own publisher VOR,,,,,OwnPDFp2prose;Fig2PDFp3SPI15photosdifferent,,,,,,,,,,,,,,,,,The fire performance of polyamide66 fabric coated with soybean protein isolation,https://doi.org/10.1016/j.porgcoat.2020.105835,CitedS1/S2unread;ownofficialPIIS0300944020303933 title/DOImatched;CDNmmc1docx/doc/pdf404notproofabsence;primaryall8TEXTcomplete,,,,2020
10.1016/j.porgcoat.2020.105835,,,,,2.8,,405,191,,,,,203,407,,N2,,Rawsourcefacts only;notpaired,2026-10-04,Codex complete native-text/table review;one primary reviewer,10,Progress in Organic Coatings,"All8ownprimaryTEXTpages. MainTables1/2exactSPI5wt%/thiourea10wt%andcontrolgroups;Toneset5%/50%areT5/T50notTonset. First206peakbelowT5=244retainednative;notcorrected. Owncontrolfull354/393/403/R7002.8profilehasnoexistingrawmatch;403literaturecitationcontext retained,notproofreusedwholeprofile. Thiourea10LOIcannotborrow15TG. SPI5LOIcannotborrow15photosorneatSPI-TG. CitedS1/S2unread;officialownPIIidentified,CDNdocx/doc/pdf404notproofabsence. Allrequiredacceptednumbersinprimary;SI-dependentvariantsheld. Plusminusdefinitionunknown;cone3repsnotLOI. Noextraunreportedcureinvented;noimages.",polyamide,"Own PA66 textile fabric165g/m2,ChengduHairongSpecialTextile","Own PA66 textile fabric165g/m2,ChengduHairongSpecialTextile","Own PA66 textile fabric165g/m2,ChengduHairongSpecialTextile",tabulated,,held_TU15_TG_without_own_LOI,journal_article,OwncoverDOI/title/journal;allnativeprimaryTEXTpagesreviewed,2.8,700,held_outside_verified_target,,PA66 TU15 initial TGonly,,,,,,,,,,,,,,,,,,,,,,,Own publisher VOR,,,,,OwnTable2PDFp5;Table1TU10notTU15,,,,,,,,,,,,,,,,15,The fire performance of polyamide66 fabric coated with soybean protein isolation,https://doi.org/10.1016/j.porgcoat.2020.105835,CitedS1/S2unread;ownofficialPIIS0300944020303933 title/DOImatched;CDNmmc1docx/doc/pdf404notproofabsence;primaryall8TEXTcomplete,,,,2020
10.1016/j.porgcoat.2020.105835,,,,,2.2,,219,201,,,,,218,,,N2,,Rawsourcefacts only;notpaired,2026-10-04,Codex complete native-text/table review;one primary reviewer,10,Progress in Organic Coatings,"All8ownprimaryTEXTpages. MainTables1/2exactSPI5wt%/thiourea10wt%andcontrolgroups;Toneset5%/50%areT5/T50notTonset. First206peakbelowT5=244retainednative;notcorrected. Owncontrolfull354/393/403/R7002.8profilehasnoexistingrawmatch;403literaturecitationcontext retained,notproofreusedwholeprofile. Thiourea10LOIcannotborrow15TG. SPI5LOIcannotborrow15photosorneatSPI-TG. CitedS1/S2unread;officialownPIIidentified,CDNdocx/doc/pdf404notproofabsence. Allrequiredacceptednumbersinprimary;SI-dependentvariantsheld. Plusminusdefinitionunknown;cone3repsnotLOI. Noextraunreportedcureinvented;noimages.",polyamide,"Neat additive,nottextilefabric",Unreported,"Neat additive,nottextilefabric",tabulated,,held_neat_additive_not_fabric_pair,journal_article,OwncoverDOI/title/journal;allnativeprimaryTEXTpagesreviewed,2.2,700,held_outside_verified_target,,Neat thiourea,,,,,,,,,,,,,,,,,,,,,,,Own publisher VOR,,,,,OwnTable2PDFp5,,,,,,,,,,,,,,,,,The fire performance of polyamide66 fabric coated with soybean protein isolation,https://doi.org/10.1016/j.porgcoat.2020.105835,CitedS1/S2unread;ownofficialPIIS0300944020303933 title/DOImatched;CDNmmc1docx/doc/pdf404notproofabsence;primaryall8TEXTcomplete,,,,2020
10.1016/j.porgcoat.2020.105835,,,,,22.1,,334,207,,,,,308,,,N2,,Rawsourcefacts only;notpaired,2026-10-04,Codex complete native-text/table review;one primary reviewer,10,Progress in Organic Coatings,"All8ownprimaryTEXTpages. MainTables1/2exactSPI5wt%/thiourea10wt%andcontrolgroups;Toneset5%/50%areT5/T50notTonset. First206peakbelowT5=244retainednative;notcorrected. Owncontrolfull354/393/403/R7002.8profilehasnoexistingrawmatch;403literaturecitationcontext retained,notproofreusedwholeprofile. Thiourea10LOIcannotborrow15TG. SPI5LOIcannotborrow15photosorneatSPI-TG. CitedS1/S2unread;officialownPIIidentified,CDNdocx/doc/pdf404notproofabsence. Allrequiredacceptednumbersinprimary;SI-dependentvariantsheld. Plusminusdefinitionunknown;cone3repsnotLOI. Noextraunreportedcureinvented;noimages.",polyamide,"Neat additive,nottextilefabric",Unreported,"Neat additive,nottextilefabric",tabulated,,held_neat_additive_not_fabric_pair,journal_article,OwncoverDOI/title/journal;allnativeprimaryTEXTpagesreviewed,22.1,700,held_outside_verified_target,,Neat SPI,,,,,,,,,,,,,,,,,,,,,,,Own publisher VOR,,,,,OwnTable2PDFp5,,,,,,,,,,,,,,,,,The fire performance of polyamide66 fabric coated with soybean protein isolation,https://doi.org/10.1016/j.porgcoat.2020.105835,CitedS1/S2unread;ownofficialPIIS0300944020303933 title/DOImatched;CDNmmc1docx/doc/pdf404notproofabsence;primaryall8TEXTcomplete,,,,2020
10.1016/j.porgcoat.2020.105835,,,,,,,,,,,,,,,,,,Rawsourcefacts only;notpaired,2026-10-04,Codex complete native-text/table review;one primary reviewer,,Progress in Organic Coatings,"All8ownprimaryTEXTpages. MainTables1/2exactSPI5wt%/thiourea10wt%andcontrolgroups;Toneset5%/50%areT5/T50notTonset. First206peakbelowT5=244retainednative;notcorrected. Owncontrolfull354/393/403/R7002.8profilehasnoexistingrawmatch;403literaturecitationcontext retained,notproofreusedwholeprofile. Thiourea10LOIcannotborrow15TG. SPI5LOIcannotborrow15photosorneatSPI-TG. CitedS1/S2unread;officialownPIIidentified,CDNdocx/doc/pdf404notproofabsence. Allrequiredacceptednumbersinprimary;SI-dependentvariantsheld. Plusminusdefinitionunknown;cone3repsnotLOI. Noextraunreportedcureinvented;noimages.",polyamide,"Own PA66 textile fabric165g/m2,ChengduHairongSpecialTextile","Own PA66 textile fabric165g/m2,ChengduHairongSpecialTextile","Own PA66 textile fabric165g/m2,ChengduHairongSpecialTextile",held_source_facts,,held_unmatched_or_SI_dependent_fact,journal_article,OwncoverDOI/title/journal;allnativeprimaryTEXTpagesreviewed,,,held_outside_verified_target,,PA66 SPI15 photos,,,,,,,,,,,,,,,,,,,,,,,Own publisher VOR,,,,,OwnPDFp2-3S1/S2discussion;PDFp6durability,,,,,,,,,,,,,SPI15photosnotSPI5LOIandnotneatSPI-TG,,,,The fire performance of polyamide66 fabric coated with soybean protein isolation,https://doi.org/10.1016/j.porgcoat.2020.105835,CitedS1/S2unread;ownofficialPIIS0300944020303933 title/DOImatched;CDNmmc1docx/doc/pdf404notproofabsence;primaryall8TEXTcomplete,,,,2020
10.1016/j.porgcoat.2020.105835,,,,,,,,,,,,,,,,,,Rawsourcefacts only;notpaired,2026-10-04,Codex complete native-text/table review;one primary reviewer,,Progress in Organic Coatings,"All8ownprimaryTEXTpages. MainTables1/2exactSPI5wt%/thiourea10wt%andcontrolgroups;Toneset5%/50%areT5/T50notTonset. First206peakbelowT5=244retainednative;notcorrected. Owncontrolfull354/393/403/R7002.8profilehasnoexistingrawmatch;403literaturecitationcontext retained,notproofreusedwholeprofile. Thiourea10LOIcannotborrow15TG. SPI5LOIcannotborrow15photosorneatSPI-TG. CitedS1/S2unread;officialownPIIidentified,CDNdocx/doc/pdf404notproofabsence. Allrequiredacceptednumbersinprimary;SI-dependentvariantsheld. Plusminusdefinitionunknown;cone3repsnotLOI. Noextraunreportedcureinvented;noimages.",polyamide,"Own PA66 textile fabric165g/m2,ChengduHairongSpecialTextile","Own PA66 textile fabric165g/m2,ChengduHairongSpecialTextile","Own PA66 textile fabric165g/m2,ChengduHairongSpecialTextile",held_source_facts,,held_unmatched_or_SI_dependent_fact,journal_article,OwncoverDOI/title/journal;allnativeprimaryTEXTpagesreviewed,,,held_outside_verified_target,,Theoretical combined LOI,,,,,,,,,,,,,,,,,,,,,,,Own publisher VOR,,,,,OwnPDFp2-3S1/S2discussion;PDFp6durability,,,,,,,,,,,,,Theoretical21.3notmeasured25.5,,,,The fire performance of polyamide66 fabric coated with soybean protein isolation,https://doi.org/10.1016/j.porgcoat.2020.105835,CitedS1/S2unread;ownofficialPIIS0300944020303933 title/DOImatched;CDNmmc1docx/doc/pdf404notproofabsence;primaryall8TEXTcomplete,,,,2020
10.1016/j.porgcoat.2020.105835,,,,,,,,,,,,,,,,,,Rawsourcefacts only;notpaired,2026-10-04,Codex complete native-text/table review;one primary reviewer,,Progress in Organic Coatings,"All8ownprimaryTEXTpages. MainTables1/2exactSPI5wt%/thiourea10wt%andcontrolgroups;Toneset5%/50%areT5/T50notTonset. First206peakbelowT5=244retainednative;notcorrected. Owncontrolfull354/393/403/R7002.8profilehasnoexistingrawmatch;403literaturecitationcontext retained,notproofreusedwholeprofile. Thiourea10LOIcannotborrow15TG. SPI5LOIcannotborrow15photosorneatSPI-TG. CitedS1/S2unread;officialownPIIidentified,CDNdocx/doc/pdf404notproofabsence. Allrequiredacceptednumbersinprimary;SI-dependentvariantsheld. Plusminusdefinitionunknown;cone3repsnotLOI. Noextraunreportedcureinvented;noimages.",polyamide,"Own PA66 textile fabric165g/m2,ChengduHairongSpecialTextile","Own PA66 textile fabric165g/m2,ChengduHairongSpecialTextile","Own PA66 textile fabric165g/m2,ChengduHairongSpecialTextile",held_source_facts,,held_unmatched_or_SI_dependent_fact,journal_article,OwncoverDOI/title/journal;allnativeprimaryTEXTpagesreviewed,,,held_outside_verified_target,,PA66 SPI5 TU10 temperature25C,,,,,,,,,,,,,,,,,,,,,,,Own publisher VOR,,,,,OwnPDFp2-3S1/S2discussion;PDFp6durability,,,,,,,,,,,,,SI-dependentformulationtemperature;noexactprimaryLOI/TG,,,,The fire performance of polyamide66 fabric coated with soybean protein isolation,https://doi.org/10.1016/j.porgcoat.2020.105835,CitedS1/S2unread;ownofficialPIIS0300944020303933 title/DOImatched;CDNmmc1docx/doc/pdf404notproofabsence;primaryall8TEXTcomplete,,,,2020
10.1016/j.porgcoat.2020.105835,,,,,,,,,,,,,,,,,,Rawsourcefacts only;notpaired,2026-10-04,Codex complete native-text/table review;one primary reviewer,,Progress in Organic Coatings,"All8ownprimaryTEXTpages. MainTables1/2exactSPI5wt%/thiourea10wt%andcontrolgroups;Toneset5%/50%areT5/T50notTonset. First206peakbelowT5=244retainednative;notcorrected. Owncontrolfull354/393/403/R7002.8profilehasnoexistingrawmatch;403literaturecitationcontext retained,notproofreusedwholeprofile. Thiourea10LOIcannotborrow15TG. SPI5LOIcannotborrow15photosorneatSPI-TG. CitedS1/S2unread;officialownPIIidentified,CDNdocx/doc/pdf404notproofabsence. Allrequiredacceptednumbersinprimary;SI-dependentvariantsheld. Plusminusdefinitionunknown;cone3repsnotLOI. Noextraunreportedcureinvented;noimages.",polyamide,"Own PA66 textile fabric165g/m2,ChengduHairongSpecialTextile","Own PA66 textile fabric165g/m2,ChengduHairongSpecialTextile","Own PA66 textile fabric165g/m2,ChengduHairongSpecialTextile",held_source_facts,,held_unmatched_or_SI_dependent_fact,journal_article,OwncoverDOI/title/journal;allnativeprimaryTEXTpagesreviewed,,,held_outside_verified_target,,PA66 SPI5 TU10 temperature100C,,,,,,,,,,,,,,,,,,,,,,,Own publisher VOR,,,,,OwnPDFp2-3S1/S2discussion;PDFp6durability,,,,,,,,,,,,,S2slightlydecreasedLOI;noexactprimarynumber/TG,,,,The fire performance of polyamide66 fabric coated with soybean protein isolation,https://doi.org/10.1016/j.porgcoat.2020.105835,CitedS1/S2unread;ownofficialPIIS0300944020303933 title/DOImatched;CDNmmc1docx/doc/pdf404notproofabsence;primaryall8TEXTcomplete,,,,2020
10.1016/j.porgcoat.2020.105835,,,,,,,,,,,,,,,,,,Rawsourcefacts only;notpaired,2026-10-04,Codex complete native-text/table review;one primary reviewer,,Progress in Organic Coatings,"All8ownprimaryTEXTpages. MainTables1/2exactSPI5wt%/thiourea10wt%andcontrolgroups;Toneset5%/50%areT5/T50notTonset. First206peakbelowT5=244retainednative;notcorrected. Owncontrolfull354/393/403/R7002.8profilehasnoexistingrawmatch;403literaturecitationcontext retained,notproofreusedwholeprofile. Thiourea10LOIcannotborrow15TG. SPI5LOIcannotborrow15photosorneatSPI-TG. CitedS1/S2unread;officialownPIIidentified,CDNdocx/doc/pdf404notproofabsence. Allrequiredacceptednumbersinprimary;SI-dependentvariantsheld. Plusminusdefinitionunknown;cone3repsnotLOI. Noextraunreportedcureinvented;noimages.",polyamide,"Own PA66 textile fabric165g/m2,ChengduHairongSpecialTextile","Own PA66 textile fabric165g/m2,ChengduHairongSpecialTextile","Own PA66 textile fabric165g/m2,ChengduHairongSpecialTextile",held_source_facts,,held_unmatched_or_SI_dependent_fact,journal_article,OwncoverDOI/title/journal;allnativeprimaryTEXTpagesreviewed,,,held_outside_verified_target,,PA66 SPI5 TU15 LOIapproximate,,,,,,,,,,,,,,,,,,,,,,,Own publisher VOR,,,,,OwnPDFp2-3S1/S2discussion;PDFp6durability,,,,,,,,,,,,,Around25.1LOIPDFp3;TU15onlyTable2differentformulation,,,,The fire performance of polyamide66 fabric coated with soybean protein isolation,https://doi.org/10.1016/j.porgcoat.2020.105835,CitedS1/S2unread;ownofficialPIIS0300944020303933 title/DOImatched;CDNmmc1docx/doc/pdf404notproofabsence;primaryall8TEXTcomplete,,,,2020
10.1016/j.porgcoat.2020.105835,,,,,,,,,,,,,,,,,,Rawsourcefacts only;notpaired,2026-10-04,Codex complete native-text/table review;one primary reviewer,,Progress in Organic Coatings,"All8ownprimaryTEXTpages. MainTables1/2exactSPI5wt%/thiourea10wt%andcontrolgroups;Toneset5%/50%areT5/T50notTonset. First206peakbelowT5=244retainednative;notcorrected. Owncontrolfull354/393/403/R7002.8profilehasnoexistingrawmatch;403literaturecitationcontext retained,notproofreusedwholeprofile. Thiourea10LOIcannotborrow15TG. SPI5LOIcannotborrow15photosorneatSPI-TG. CitedS1/S2unread;officialownPIIidentified,CDNdocx/doc/pdf404notproofabsence. Allrequiredacceptednumbersinprimary;SI-dependentvariantsheld. Plusminusdefinitionunknown;cone3repsnotLOI. Noextraunreportedcureinvented;noimages.",polyamide,"Own PA66 textile fabric165g/m2,ChengduHairongSpecialTextile","Own PA66 textile fabric165g/m2,ChengduHairongSpecialTextile","Own PA66 textile fabric165g/m2,ChengduHairongSpecialTextile",held_source_facts,,held_unmatched_or_SI_dependent_fact,journal_article,OwncoverDOI/title/journal;allnativeprimaryTEXTpagesreviewed,,,held_outside_verified_target,,Washed PA66 qualitative durability,,,,,,,,,,,,,,,,,,,,,,,Own publisher VOR,,,,,OwnPDFp2-3S1/S2discussion;PDFp6durability,,,,,,,,,,,,,Unabletowithstandwashing;noquantitativewashedTG/LOI,,,,The fire performance of polyamide66 fabric coated with soybean protein isolation,https://doi.org/10.1016/j.porgcoat.2020.105835,CitedS1/S2unread;ownofficialPIIS0300944020303933 title/DOImatched;CDNmmc1docx/doc/pdf404notproofabsence;primaryall8TEXTcomplete,,,,2020
10.1016/j.porgcoat.2021.106296,"COI,MoticsChina",OwnTable4PDFp7initialcolumn;methodsPDFp2,19.4,ASTMD2863;editionunreported,18.4,,,394,"TG500,ThermoFisherUK",700,OwnTable1PDFp6N2/Table2PDFp7air;methodsPDFp2,40,434,,,N2,OwnPETinitialnativepristine/PDMS-SiO2/APP/fullAg-containingcoating;partial-groupamountsunreportednotassumed,TG+LOI,2026-10-04,Codex complete native-text/table review;one primary reviewer,20,Progress in Organic Coatings,All10ownprimaryTEXTpages;fourinitialstateswithN2andair20C/minTG. Table4initialLOIpairedwithTables1/2;four10washLOIsheldwithoutwashedTG. TwentywashantibacterialnotTGLOI. Ag-freeAPP@PDA-SiO2state notassignedAg-finalTG. Abstractrelativeincrease9.5versustabledelta9.6raw-only;controlTable19.4notderived19.5. Partialmodifierrecipeandcontrolalkalitreatmentunassignedunknown. AluminaTGpanexplicit;massflowunknown. R700totalresidueincludesinorganicSiO2notpurecarbon. NoSIcited/noimages.,polyester,"Own plain-woven PET fabric260g/m2,ShaoxingYonghongLightTextile","Own plain-woven PET fabric260g/m2,ShaoxingYonghongLightTextile","Own plain-woven PET fabric260g/m2,ShaoxingYonghongLightTextile",tabulated,ExactfourowninitialPETfabricgroupssharedbyTables1N2/2AIRandTable4initialLOI;secondgasnotadditionalindependentsample;all10nativeTEXTpagesreviewed;washedandAg-freeunpairedstatesheld.,verified_exact,journal_article,OwncoverDOI/title/journal;allnativeprimaryTEXTpagesreviewed,18.4,700,source_review_approved,5f72c2e45da2433eec74a4ae1225ec63447ab65477fbb59ce182772f6d699bdd,PET pristine initial,,,,Unreported;VFT300x70mmnotLOIspecimen,0.1,,,Roomtemperature,Native +/- definitionandreplicatesunreported,,,,,Unreported,,,Alumina,,,,,,Own publisher VOR,,,,,OwnTables1/2/4PDFp6-7;methodsPDFp2,,,NativeTable1singleTmax;noadditionalpeakestimated,,,,9.5%higherabstractversusTable29-19.4=9.6;notderivedcontrol19.5,,,,,,,,700CtotalresidueincludesinorganicsSiO2;notpurecarbon,,"Fabrication of multifunctional PET fabrics with flame retardant, antibacterial and superhydrophobic properties",https://doi.org/10.1016/j.porgcoat.2021.106296,NoSIcitedinallprimaryTEXTpages,Coatedgroups1MNaOH80C30min;fullAgcoating100mLEtOHAPP4gTEOS4gDA0.1gHPDMS2g30minstirNH3pH9/30C8h/EtOH-DIrinse100C30mindry;Ag10gLAgNO3bathratio1:2030C8h/rinse50C12hdry;partialmodifierrecipesunreported;controlalkalipretreatmentunassigned,OwninitialnativeTable1/2/4group;Ag-freegroupnotaliased,Initial0durabilitycycles;processrinsesnotISOdurabilitywash,2021
10.1016/j.porgcoat.2021.106296,"COI,MoticsChina",OwnTable4PDFp7initialcolumn;methodsPDFp2,19.4,ASTMD2863;editionunreported,0.4,,,384,"TG500,ThermoFisherUK",700,OwnTable1PDFp6N2/Table2PDFp7air;methodsPDFp2,40,441,565,,air,OwnPETinitialnativepristine/PDMS-SiO2/APP/fullAg-containingcoating;partial-groupamountsunreportednotassumed,TG+LOI,2026-10-04,Codex complete native-text/table review;one primary reviewer,20,Progress in Organic Coatings,All10ownprimaryTEXTpages;fourinitialstateswithN2andair20C/minTG. Table4initialLOIpairedwithTables1/2;four10washLOIsheldwithoutwashedTG. TwentywashantibacterialnotTGLOI. Ag-freeAPP@PDA-SiO2state notassignedAg-finalTG. Abstractrelativeincrease9.5versustabledelta9.6raw-only;controlTable19.4notderived19.5. Partialmodifierrecipeandcontrolalkalitreatmentunassignedunknown. AluminaTGpanexplicit;massflowunknown. R700totalresidueincludesinorganicSiO2notpurecarbon. NoSIcited/noimages.,polyester,"Own plain-woven PET fabric260g/m2,ShaoxingYonghongLightTextile","Own plain-woven PET fabric260g/m2,ShaoxingYonghongLightTextile","Own plain-woven PET fabric260g/m2,ShaoxingYonghongLightTextile",tabulated,ExactfourowninitialPETfabricgroupssharedbyTables1N2/2AIRandTable4initialLOI;secondgasnotadditionalindependentsample;all10nativeTEXTpagesreviewed;washedandAg-freeunpairedstatesheld.,verified_exact,journal_article,OwncoverDOI/title/journal;allnativeprimaryTEXTpagesreviewed,0.4,700,source_review_approved,73d19f2fd542b5b81643a4c1c41a64ca091137c77610c5030f4bb5f1392b189a,PET pristine initial,,,,Unreported;VFT300x70mmnotLOIspecimen,0.1,,,Roomtemperature,Native +/- definitionandreplicatesunreported,,,,,Unreported,,,Alumina,,,,,,Own publisher VOR,,,,,OwnTables1/2/4PDFp6-7;methodsPDFp2,,,NativeTable2firstdecompositionandsecondthermooxidationpeaks,,,,9.5%higherabstractversusTable29-19.4=9.6;notderivedcontrol19.5,,,,,,,,700CtotalresidueincludesinorganicsSiO2;notpurecarbon,,"Fabrication of multifunctional PET fabrics with flame retardant, antibacterial and superhydrophobic properties",https://doi.org/10.1016/j.porgcoat.2021.106296,NoSIcitedinallprimaryTEXTpages,Coatedgroups1MNaOH80C30min;fullAgcoating100mLEtOHAPP4gTEOS4gDA0.1gHPDMS2g30minstirNH3pH9/30C8h/EtOH-DIrinse100C30mindry;Ag10gLAgNO3bathratio1:2030C8h/rinse50C12hdry;partialmodifierrecipesunreported;controlalkalipretreatmentunassigned,OwninitialnativeTable1/2/4group;Ag-freegroupnotaliased,Initial0durabilitycycles;processrinsesnotISOdurabilitywash,2021
10.1016/j.porgcoat.2021.106296,"COI,MoticsChina",OwnTable4PDFp7initialcolumn;methodsPDFp2,23.6,ASTMD2863;editionunreported,19.5,,,398,"TG500,ThermoFisherUK",700,OwnTable1PDFp6N2/Table2PDFp7air;methodsPDFp2,40,435,,,N2,OwnPETinitialnativepristine/PDMS-SiO2/APP/fullAg-containingcoating;partial-groupamountsunreportednotassumed,TG+LOI,2026-10-04,Codex complete native-text/table review;one primary reviewer,20,Progress in Organic Coatings,All10ownprimaryTEXTpages;fourinitialstateswithN2andair20C/minTG. Table4initialLOIpairedwithTables1/2;four10washLOIsheldwithoutwashedTG. TwentywashantibacterialnotTGLOI. Ag-freeAPP@PDA-SiO2state notassignedAg-finalTG. Abstractrelativeincrease9.5versustabledelta9.6raw-only;controlTable19.4notderived19.5. Partialmodifierrecipeandcontrolalkalitreatmentunassignedunknown. AluminaTGpanexplicit;massflowunknown. R700totalresidueincludesinorganicSiO2notpurecarbon. NoSIcited/noimages.,polyester,"Own plain-woven PET fabric260g/m2,ShaoxingYonghongLightTextile","Own plain-woven PET fabric260g/m2,ShaoxingYonghongLightTextile","Own plain-woven PET fabric260g/m2,ShaoxingYonghongLightTextile",tabulated,ExactfourowninitialPETfabricgroupssharedbyTables1N2/2AIRandTable4initialLOI;secondgasnotadditionalindependentsample;all10nativeTEXTpagesreviewed;washedandAg-freeunpairedstatesheld.,verified_exact,journal_article,OwncoverDOI/title/journal;allnativeprimaryTEXTpagesreviewed,19.5,700,source_review_approved,797f7962e1f8fe8b8b65d5ff130bb518d28a6b6ff1990bdf4c82d453d1e2e62b,PDMS-SiO2@PET initial,,,,Unreported;VFT300x70mmnotLOIspecimen,0.1,,,Roomtemperature,Native +/- definitionandreplicatesunreported,,,,,Unreported,,,Alumina,,,,,,Own publisher VOR,,,,,OwnTables1/2/4PDFp6-7;methodsPDFp2,,,NativeTable1singleTmax;noadditionalpeakestimated,,,,9.5%higherabstractversusTable29-19.4=9.6;notderivedcontrol19.5,,,,,,,,700CtotalresidueincludesinorganicsSiO2;notpurecarbon,,"Fabrication of multifunctional PET fabrics with flame retardant, antibacterial and superhydrophobic properties",https://doi.org/10.1016/j.porgcoat.2021.106296,NoSIcitedinallprimaryTEXTpages,Coatedgroups1MNaOH80C30min;fullAgcoating100mLEtOHAPP4gTEOS4gDA0.1gHPDMS2g30minstirNH3pH9/30C8h/EtOH-DIrinse100C30mindry;Ag10gLAgNO3bathratio1:2030C8h/rinse50C12hdry;partialmodifierrecipesunreported;controlalkalipretreatmentunassigned,OwninitialnativeTable1/2/4group;Ag-freegroupnotaliased,Initial0durabilitycycles;processrinsesnotISOdurabilitywash,2021
10.1016/j.porgcoat.2021.106296,"COI,MoticsChina",OwnTable4PDFp7initialcolumn;methodsPDFp2,23.6,ASTMD2863;editionunreported,5.2,,,389,"TG500,ThermoFisherUK",700,OwnTable1PDFp6N2/Table2PDFp7air;methodsPDFp2,40,431,556,,air,OwnPETinitialnativepristine/PDMS-SiO2/APP/fullAg-containingcoating;partial-groupamountsunreportednotassumed,TG+LOI,2026-10-04,Codex complete native-text/table review;one primary reviewer,20,Progress in Organic Coatings,All10ownprimaryTEXTpages;fourinitialstateswithN2andair20C/minTG. Table4initialLOIpairedwithTables1/2;four10washLOIsheldwithoutwashedTG. TwentywashantibacterialnotTGLOI. Ag-freeAPP@PDA-SiO2state notassignedAg-finalTG. Abstractrelativeincrease9.5versustabledelta9.6raw-only;controlTable19.4notderived19.5. Partialmodifierrecipeandcontrolalkalitreatmentunassignedunknown. AluminaTGpanexplicit;massflowunknown. R700totalresidueincludesinorganicSiO2notpurecarbon. NoSIcited/noimages.,polyester,"Own plain-woven PET fabric260g/m2,ShaoxingYonghongLightTextile","Own plain-woven PET fabric260g/m2,ShaoxingYonghongLightTextile","Own plain-woven PET fabric260g/m2,ShaoxingYonghongLightTextile",tabulated,ExactfourowninitialPETfabricgroupssharedbyTables1N2/2AIRandTable4initialLOI;secondgasnotadditionalindependentsample;all10nativeTEXTpagesreviewed;washedandAg-freeunpairedstatesheld.,verified_exact,journal_article,OwncoverDOI/title/journal;allnativeprimaryTEXTpagesreviewed,5.2,700,source_review_approved,42c82729d76c95772a158f41bee9ab040c4a78f87a7c476b6ecd58c2b2567949,PDMS-SiO2@PET initial,,,,Unreported;VFT300x70mmnotLOIspecimen,0.1,,,Roomtemperature,Native +/- definitionandreplicatesunreported,,,,,Unreported,,,Alumina,,,,,,Own publisher VOR,,,,,OwnTables1/2/4PDFp6-7;methodsPDFp2,,,NativeTable2firstdecompositionandsecondthermooxidationpeaks,,,,9.5%higherabstractversusTable29-19.4=9.6;notderivedcontrol19.5,,,,,,,,700CtotalresidueincludesinorganicsSiO2;notpurecarbon,,"Fabrication of multifunctional PET fabrics with flame retardant, antibacterial and superhydrophobic properties",https://doi.org/10.1016/j.porgcoat.2021.106296,NoSIcitedinallprimaryTEXTpages,Coatedgroups1MNaOH80C30min;fullAgcoating100mLEtOHAPP4gTEOS4gDA0.1gHPDMS2g30minstirNH3pH9/30C8h/EtOH-DIrinse100C30mindry;Ag10gLAgNO3bathratio1:2030C8h/rinse50C12hdry;partialmodifierrecipesunreported;controlalkalipretreatmentunassigned,OwninitialnativeTable1/2/4group;Ag-freegroupnotaliased,Initial0durabilitycycles;processrinsesnotISOdurabilitywash,2021
10.1016/j.porgcoat.2021.106296,"COI,MoticsChina",OwnTable4PDFp7initialcolumn;methodsPDFp2,27.5,ASTMD2863;editionunreported,22.6,,,348,"TG500,ThermoFisherUK",700,OwnTable1PDFp6N2/Table2PDFp7air;methodsPDFp2,40,424,,,N2,OwnPETinitialnativepristine/PDMS-SiO2/APP/fullAg-containingcoating;partial-groupamountsunreportednotassumed,TG+LOI,2026-10-04,Codex complete native-text/table review;one primary reviewer,20,Progress in Organic Coatings,All10ownprimaryTEXTpages;fourinitialstateswithN2andair20C/minTG. Table4initialLOIpairedwithTables1/2;four10washLOIsheldwithoutwashedTG. TwentywashantibacterialnotTGLOI. Ag-freeAPP@PDA-SiO2state notassignedAg-finalTG. Abstractrelativeincrease9.5versustabledelta9.6raw-only;controlTable19.4notderived19.5. Partialmodifierrecipeandcontrolalkalitreatmentunassignedunknown. AluminaTGpanexplicit;massflowunknown. R700totalresidueincludesinorganicSiO2notpurecarbon. NoSIcited/noimages.,polyester,"Own plain-woven PET fabric260g/m2,ShaoxingYonghongLightTextile","Own plain-woven PET fabric260g/m2,ShaoxingYonghongLightTextile","Own plain-woven PET fabric260g/m2,ShaoxingYonghongLightTextile",tabulated,ExactfourowninitialPETfabricgroupssharedbyTables1N2/2AIRandTable4initialLOI;secondgasnotadditionalindependentsample;all10nativeTEXTpagesreviewed;washedandAg-freeunpairedstatesheld.,verified_exact,journal_article,OwncoverDOI/title/journal;allnativeprimaryTEXTpagesreviewed,22.6,700,source_review_approved,fc4f60fa3cbe37fe81b911737a362f9fbc094eb4f93b85ad5e804acc7ce241e6,APP@PET initial,,,,Unreported;VFT300x70mmnotLOIspecimen,0.2,,,Roomtemperature,Native +/- definitionandreplicatesunreported,,,,,Unreported,,,Alumina,,,,,,Own publisher VOR,,,,,OwnTables1/2/4PDFp6-7;methodsPDFp2,,,NativeTable1singleTmax;noadditionalpeakestimated,,,,9.5%higherabstractversusTable29-19.4=9.6;notderivedcontrol19.5,,,,,,,,700CtotalresidueincludesinorganicsSiO2;notpurecarbon,,"Fabrication of multifunctional PET fabrics with flame retardant, antibacterial and superhydrophobic properties",https://doi.org/10.1016/j.porgcoat.2021.106296,NoSIcitedinallprimaryTEXTpages,Coatedgroups1MNaOH80C30min;fullAgcoating100mLEtOHAPP4gTEOS4gDA0.1gHPDMS2g30minstirNH3pH9/30C8h/EtOH-DIrinse100C30mindry;Ag10gLAgNO3bathratio1:2030C8h/rinse50C12hdry;partialmodifierrecipesunreported;controlalkalipretreatmentunassigned,OwninitialnativeTable1/2/4group;Ag-freegroupnotaliased,Initial0durabilitycycles;processrinsesnotISOdurabilitywash,2021
10.1016/j.porgcoat.2021.106296,"COI,MoticsChina",OwnTable4PDFp7initialcolumn;methodsPDFp2,27.5,ASTMD2863;editionunreported,2.9,,,344,"TG500,ThermoFisherUK",700,OwnTable1PDFp6N2/Table2PDFp7air;methodsPDFp2,40,434,543,,air,OwnPETinitialnativepristine/PDMS-SiO2/APP/fullAg-containingcoating;partial-groupamountsunreportednotassumed,TG+LOI,2026-10-04,Codex complete native-text/table review;one primary reviewer,20,Progress in Organic Coatings,All10ownprimaryTEXTpages;fourinitialstateswithN2andair20C/minTG. Table4initialLOIpairedwithTables1/2;four10washLOIsheldwithoutwashedTG. TwentywashantibacterialnotTGLOI. Ag-freeAPP@PDA-SiO2state notassignedAg-finalTG. Abstractrelativeincrease9.5versustabledelta9.6raw-only;controlTable19.4notderived19.5. Partialmodifierrecipeandcontrolalkalitreatmentunassignedunknown. AluminaTGpanexplicit;massflowunknown. R700totalresidueincludesinorganicSiO2notpurecarbon. NoSIcited/noimages.,polyester,"Own plain-woven PET fabric260g/m2,ShaoxingYonghongLightTextile","Own plain-woven PET fabric260g/m2,ShaoxingYonghongLightTextile","Own plain-woven PET fabric260g/m2,ShaoxingYonghongLightTextile",tabulated,ExactfourowninitialPETfabricgroupssharedbyTables1N2/2AIRandTable4initialLOI;secondgasnotadditionalindependentsample;all10nativeTEXTpagesreviewed;washedandAg-freeunpairedstatesheld.,verified_exact,journal_article,OwncoverDOI/title/journal;allnativeprimaryTEXTpagesreviewed,2.9,700,source_review_approved,9e97cf607b8a72a690a6ea8409763e90b08004f6e55249f87f65892e7f4aad77,APP@PET initial,,,,Unreported;VFT300x70mmnotLOIspecimen,0.2,,,Roomtemperature,Native +/- definitionandreplicatesunreported,,,,,Unreported,,,Alumina,,,,,,Own publisher VOR,,,,,OwnTables1/2/4PDFp6-7;methodsPDFp2,,,NativeTable2firstdecompositionandsecondthermooxidationpeaks,,,,9.5%higherabstractversusTable29-19.4=9.6;notderivedcontrol19.5,,,,,,,,700CtotalresidueincludesinorganicsSiO2;notpurecarbon,,"Fabrication of multifunctional PET fabrics with flame retardant, antibacterial and superhydrophobic properties",https://doi.org/10.1016/j.porgcoat.2021.106296,NoSIcitedinallprimaryTEXTpages,Coatedgroups1MNaOH80C30min;fullAgcoating100mLEtOHAPP4gTEOS4gDA0.1gHPDMS2g30minstirNH3pH9/30C8h/EtOH-DIrinse100C30mindry;Ag10gLAgNO3bathratio1:2030C8h/rinse50C12hdry;partialmodifierrecipesunreported;controlalkalipretreatmentunassigned,OwninitialnativeTable1/2/4group;Ag-freegroupnotaliased,Initial0durabilitycycles;processrinsesnotISOdurabilitywash,2021
10.1016/j.porgcoat.2021.106296,"COI,MoticsChina",OwnTable4PDFp7initialcolumn;methodsPDFp2,29,ASTMD2863;editionunreported,26.3,,,386,"TG500,ThermoFisherUK",700,OwnTable1PDFp6N2/Table2PDFp7air;methodsPDFp2,40,440,,,N2,OwnPETinitialnativepristine/PDMS-SiO2/APP/fullAg-containingcoating;partial-groupamountsunreportednotassumed,TG+LOI,2026-10-04,Codex complete native-text/table review;one primary reviewer,20,Progress in Organic Coatings,All10ownprimaryTEXTpages;fourinitialstateswithN2andair20C/minTG. Table4initialLOIpairedwithTables1/2;four10washLOIsheldwithoutwashedTG. TwentywashantibacterialnotTGLOI. Ag-freeAPP@PDA-SiO2state notassignedAg-finalTG. Abstractrelativeincrease9.5versustabledelta9.6raw-only;controlTable19.4notderived19.5. Partialmodifierrecipeandcontrolalkalitreatmentunassignedunknown. AluminaTGpanexplicit;massflowunknown. R700totalresidueincludesinorganicSiO2notpurecarbon. NoSIcited/noimages.,polyester,"Own plain-woven PET fabric260g/m2,ShaoxingYonghongLightTextile","Own plain-woven PET fabric260g/m2,ShaoxingYonghongLightTextile","Own plain-woven PET fabric260g/m2,ShaoxingYonghongLightTextile",tabulated,ExactfourowninitialPETfabricgroupssharedbyTables1N2/2AIRandTable4initialLOI;secondgasnotadditionalindependentsample;all10nativeTEXTpagesreviewed;washedandAg-freeunpairedstatesheld.,verified_exact,journal_article,OwncoverDOI/title/journal;allnativeprimaryTEXTpagesreviewed,26.3,700,source_review_approved,c72bba875689b3822cadaf5f59a5841df2c17b2b7f6214e44823ed4a153266f7,APP@SiO2-PDA@Ag PET initial,,,,Unreported;VFT300x70mmnotLOIspecimen,0.2,,,Roomtemperature,Native +/- definitionandreplicatesunreported,,,,,Unreported,,,Alumina,,,,,,Own publisher VOR,,,,,OwnTables1/2/4PDFp6-7;methodsPDFp2,,,NativeTable1singleTmax;noadditionalpeakestimated,,,,9.5%higherabstractversusTable29-19.4=9.6;notderivedcontrol19.5,,,,,,,,700CtotalresidueincludesinorganicsSiO2;notpurecarbon,,"Fabrication of multifunctional PET fabrics with flame retardant, antibacterial and superhydrophobic properties",https://doi.org/10.1016/j.porgcoat.2021.106296,NoSIcitedinallprimaryTEXTpages,Coatedgroups1MNaOH80C30min;fullAgcoating100mLEtOHAPP4gTEOS4gDA0.1gHPDMS2g30minstirNH3pH9/30C8h/EtOH-DIrinse100C30mindry;Ag10gLAgNO3bathratio1:2030C8h/rinse50C12hdry;partialmodifierrecipesunreported;controlalkalipretreatmentunassigned,OwninitialnativeTable1/2/4group;Ag-freegroupnotaliased,Initial0durabilitycycles;processrinsesnotISOdurabilitywash,2021
10.1016/j.porgcoat.2021.106296,"COI,MoticsChina",OwnTable4PDFp7initialcolumn;methodsPDFp2,29,ASTMD2863;editionunreported,11.2,,,365,"TG500,ThermoFisherUK",700,OwnTable1PDFp6N2/Table2PDFp7air;methodsPDFp2,40,435,576,,air,OwnPETinitialnativepristine/PDMS-SiO2/APP/fullAg-containingcoating;partial-groupamountsunreportednotassumed,TG+LOI,2026-10-04,Codex complete native-text/table review;one primary reviewer,20,Progress in Organic Coatings,All10ownprimaryTEXTpages;fourinitialstateswithN2andair20C/minTG. Table4initialLOIpairedwithTables1/2;four10washLOIsheldwithoutwashedTG. TwentywashantibacterialnotTGLOI. Ag-freeAPP@PDA-SiO2state notassignedAg-finalTG. Abstractrelativeincrease9.5versustabledelta9.6raw-only;controlTable19.4notderived19.5. Partialmodifierrecipeandcontrolalkalitreatmentunassignedunknown. AluminaTGpanexplicit;massflowunknown. R700totalresidueincludesinorganicSiO2notpurecarbon. NoSIcited/noimages.,polyester,"Own plain-woven PET fabric260g/m2,ShaoxingYonghongLightTextile","Own plain-woven PET fabric260g/m2,ShaoxingYonghongLightTextile","Own plain-woven PET fabric260g/m2,ShaoxingYonghongLightTextile",tabulated,ExactfourowninitialPETfabricgroupssharedbyTables1N2/2AIRandTable4initialLOI;secondgasnotadditionalindependentsample;all10nativeTEXTpagesreviewed;washedandAg-freeunpairedstatesheld.,verified_exact,journal_article,OwncoverDOI/title/journal;allnativeprimaryTEXTpagesreviewed,11.2,700,source_review_approved,0ce4a16f92d2efbba7ae29728eef61cac4ee470288bd596210de5e82c4a6001e,APP@SiO2-PDA@Ag PET initial,,,,Unreported;VFT300x70mmnotLOIspecimen,0.2,,,Roomtemperature,Native +/- definitionandreplicatesunreported,,,,,Unreported,,,Alumina,,,,,,Own publisher VOR,,,,,OwnTables1/2/4PDFp6-7;methodsPDFp2,,,NativeTable2firstdecompositionandsecondthermooxidationpeaks,,,,9.5%higherabstractversusTable29-19.4=9.6;notderivedcontrol19.5,,,,,,,,700CtotalresidueincludesinorganicsSiO2;notpurecarbon,,"Fabrication of multifunctional PET fabrics with flame retardant, antibacterial and superhydrophobic properties",https://doi.org/10.1016/j.porgcoat.2021.106296,NoSIcitedinallprimaryTEXTpages,Coatedgroups1MNaOH80C30min;fullAgcoating100mLEtOHAPP4gTEOS4gDA0.1gHPDMS2g30minstirNH3pH9/30C8h/EtOH-DIrinse100C30mindry;Ag10gLAgNO3bathratio1:2030C8h/rinse50C12hdry;partialmodifierrecipesunreported;controlalkalipretreatmentunassigned,OwninitialnativeTable1/2/4group;Ag-freegroupnotaliased,Initial0durabilitycycles;processrinsesnotISOdurabilitywash,2021
10.1016/j.porgcoat.2021.106296,,,19.3,,,,,,,,,,,,,,,Rawsourcefacts only;notpaired,2026-10-04,Codex complete native-text/table review;one primary reviewer,,Progress in Organic Coatings,All10ownprimaryTEXTpages;fourinitialstateswithN2andair20C/minTG. Table4initialLOIpairedwithTables1/2;four10washLOIsheldwithoutwashedTG. TwentywashantibacterialnotTGLOI. Ag-freeAPP@PDA-SiO2state notassignedAg-finalTG. Abstractrelativeincrease9.5versustabledelta9.6raw-only;controlTable19.4notderived19.5. Partialmodifierrecipeandcontrolalkalitreatmentunassignedunknown. AluminaTGpanexplicit;massflowunknown. R700totalresidueincludesinorganicSiO2notpurecarbon. NoSIcited/noimages.,polyester,"Own plain-woven PET fabric260g/m2,ShaoxingYonghongLightTextile","Own plain-woven PET fabric260g/m2,ShaoxingYonghongLightTextile","Own plain-woven PET fabric260g/m2,ShaoxingYonghongLightTextile",tabulated,,held_washed_LOI_without_TG,journal_article,OwncoverDOI/title/journal;allnativeprimaryTEXTpagesreviewed,,,held_outside_verified_target,,PET pristine after10nativewashes,,,,,0.1,,,,,,,,,,,,,,,,,,Own publisher VOR,,,,,OwnTable4PDFp7;washingmethodPDFp3,,,,,,,,,,,,,,,,,"Fabrication of multifunctional PET fabrics with flame retardant, antibacterial and superhydrophobic properties",https://doi.org/10.1016/j.porgcoat.2021.106296,NoSIcitedinallprimaryTEXTpages,,,ISO105-C06:2010 10nativecycles;liquorratio1:50soap5gLNa2CO32gL60C;cycletimeunreported,2021
10.1016/j.porgcoat.2021.106296,,,23.1,,,,,,,,,,,,,,,Rawsourcefacts only;notpaired,2026-10-04,Codex complete native-text/table review;one primary reviewer,,Progress in Organic Coatings,All10ownprimaryTEXTpages;fourinitialstateswithN2andair20C/minTG. Table4initialLOIpairedwithTables1/2;four10washLOIsheldwithoutwashedTG. TwentywashantibacterialnotTGLOI. Ag-freeAPP@PDA-SiO2state notassignedAg-finalTG. Abstractrelativeincrease9.5versustabledelta9.6raw-only;controlTable19.4notderived19.5. Partialmodifierrecipeandcontrolalkalitreatmentunassignedunknown. AluminaTGpanexplicit;massflowunknown. R700totalresidueincludesinorganicSiO2notpurecarbon. NoSIcited/noimages.,polyester,"Own plain-woven PET fabric260g/m2,ShaoxingYonghongLightTextile","Own plain-woven PET fabric260g/m2,ShaoxingYonghongLightTextile","Own plain-woven PET fabric260g/m2,ShaoxingYonghongLightTextile",tabulated,,held_washed_LOI_without_TG,journal_article,OwncoverDOI/title/journal;allnativeprimaryTEXTpagesreviewed,,,held_outside_verified_target,,PDMS-SiO2@PET after10nativewashes,,,,,0.1,,,,,,,,,,,,,,,,,,Own publisher VOR,,,,,OwnTable4PDFp7;washingmethodPDFp3,,,,,,,,,,,,,,,,,"Fabrication of multifunctional PET fabrics with flame retardant, antibacterial and superhydrophobic properties",https://doi.org/10.1016/j.porgcoat.2021.106296,NoSIcitedinallprimaryTEXTpages,,,ISO105-C06:2010 10nativecycles;liquorratio1:50soap5gLNa2CO32gL60C;cycletimeunreported,2021
10.1016/j.porgcoat.2021.106296,,,21,,,,,,,,,,,,,,,Rawsourcefacts only;notpaired,2026-10-04,Codex complete native-text/table review;one primary reviewer,,Progress in Organic Coatings,All10ownprimaryTEXTpages;fourinitialstateswithN2andair20C/minTG. Table4initialLOIpairedwithTables1/2;four10washLOIsheldwithoutwashedTG. TwentywashantibacterialnotTGLOI. Ag-freeAPP@PDA-SiO2state notassignedAg-finalTG. Abstractrelativeincrease9.5versustabledelta9.6raw-only;controlTable19.4notderived19.5. Partialmodifierrecipeandcontrolalkalitreatmentunassignedunknown. AluminaTGpanexplicit;massflowunknown. R700totalresidueincludesinorganicSiO2notpurecarbon. NoSIcited/noimages.,polyester,"Own plain-woven PET fabric260g/m2,ShaoxingYonghongLightTextile","Own plain-woven PET fabric260g/m2,ShaoxingYonghongLightTextile","Own plain-woven PET fabric260g/m2,ShaoxingYonghongLightTextile",tabulated,,held_washed_LOI_without_TG,journal_article,OwncoverDOI/title/journal;allnativeprimaryTEXTpagesreviewed,,,held_outside_verified_target,,APP@PET after10nativewashes,,,,,0.2,,,,,,,,,,,,,,,,,,Own publisher VOR,,,,,OwnTable4PDFp7;washingmethodPDFp3,,,,,,,,,,,,,,,,,"Fabrication of multifunctional PET fabrics with flame retardant, antibacterial and superhydrophobic properties",https://doi.org/10.1016/j.porgcoat.2021.106296,NoSIcitedinallprimaryTEXTpages,,,ISO105-C06:2010 10nativecycles;liquorratio1:50soap5gLNa2CO32gL60C;cycletimeunreported,2021
10.1016/j.porgcoat.2021.106296,,,28.4,,,,,,,,,,,,,,,Rawsourcefacts only;notpaired,2026-10-04,Codex complete native-text/table review;one primary reviewer,,Progress in Organic Coatings,All10ownprimaryTEXTpages;fourinitialstateswithN2andair20C/minTG. Table4initialLOIpairedwithTables1/2;four10washLOIsheldwithoutwashedTG. TwentywashantibacterialnotTGLOI. Ag-freeAPP@PDA-SiO2state notassignedAg-finalTG. Abstractrelativeincrease9.5versustabledelta9.6raw-only;controlTable19.4notderived19.5. Partialmodifierrecipeandcontrolalkalitreatmentunassignedunknown. AluminaTGpanexplicit;massflowunknown. R700totalresidueincludesinorganicSiO2notpurecarbon. NoSIcited/noimages.,polyester,"Own plain-woven PET fabric260g/m2,ShaoxingYonghongLightTextile","Own plain-woven PET fabric260g/m2,ShaoxingYonghongLightTextile","Own plain-woven PET fabric260g/m2,ShaoxingYonghongLightTextile",tabulated,,held_washed_LOI_without_TG,journal_article,OwncoverDOI/title/journal;allnativeprimaryTEXTpagesreviewed,,,held_outside_verified_target,,APP@SiO2-PDA@Ag PET after10nativewashes,,,,,0.1,,,,,,,,,,,,,,,,,,Own publisher VOR,,,,,OwnTable4PDFp7;washingmethodPDFp3,,,,,,,,,,,,,,,,,"Fabrication of multifunctional PET fabrics with flame retardant, antibacterial and superhydrophobic properties",https://doi.org/10.1016/j.porgcoat.2021.106296,NoSIcitedinallprimaryTEXTpages,,,ISO105-C06:2010 10nativecycles;liquorratio1:50soap5gLNa2CO32gL60C;cycletimeunreported,2021
10.1016/j.porgcoat.2021.106296,,,,,,,,,,,,,,,,,,Rawsourcefacts only;notpaired,2026-10-04,Codex complete native-text/table review;one primary reviewer,,Progress in Organic Coatings,All10ownprimaryTEXTpages;fourinitialstateswithN2andair20C/minTG. Table4initialLOIpairedwithTables1/2;four10washLOIsheldwithoutwashedTG. TwentywashantibacterialnotTGLOI. Ag-freeAPP@PDA-SiO2state notassignedAg-finalTG. Abstractrelativeincrease9.5versustabledelta9.6raw-only;controlTable19.4notderived19.5. Partialmodifierrecipeandcontrolalkalitreatmentunassignedunknown. AluminaTGpanexplicit;massflowunknown. R700totalresidueincludesinorganicSiO2notpurecarbon. NoSIcited/noimages.,polyester,"Own plain-woven PET fabric260g/m2,ShaoxingYonghongLightTextile","Own plain-woven PET fabric260g/m2,ShaoxingYonghongLightTextile","Own plain-woven PET fabric260g/m2,ShaoxingYonghongLightTextile",held_source_facts,,held_antibacterial_only_unpaired,journal_article,OwncoverDOI/title/journal;allnativeprimaryTEXTpagesreviewed,,,held_outside_verified_target,,APP@PDA-SiO2 PET without Ag,,,,,,,,,,,,,,,,,,,,,,,Own publisher VOR,,,,,OwnmethodPDFp2/Table5PDFp8,,,,,,,,,,,,,Antibacterialonlycomparison;noownexactTG/LOI;finalAgTGnotborrowed,,,,"Fabrication of multifunctional PET fabrics with flame retardant, antibacterial and superhydrophobic properties",https://doi.org/10.1016/j.porgcoat.2021.106296,NoSIcitedinallprimaryTEXTpages,,,,2021
10.1016/j.porgcoat.2021.106296,,,,,,,,,,,,,,,,,,Rawsourcefacts only;notpaired,2026-10-04,Codex complete native-text/table review;one primary reviewer,,Progress in Organic Coatings,All10ownprimaryTEXTpages;fourinitialstateswithN2andair20C/minTG. Table4initialLOIpairedwithTables1/2;four10washLOIsheldwithoutwashedTG. TwentywashantibacterialnotTGLOI. Ag-freeAPP@PDA-SiO2state notassignedAg-finalTG. Abstractrelativeincrease9.5versustabledelta9.6raw-only;controlTable19.4notderived19.5. Partialmodifierrecipeandcontrolalkalitreatmentunassignedunknown. AluminaTGpanexplicit;massflowunknown. R700totalresidueincludesinorganicSiO2notpurecarbon. NoSIcited/noimages.,polyester,"Own plain-woven PET fabric260g/m2,ShaoxingYonghongLightTextile","Own plain-woven PET fabric260g/m2,ShaoxingYonghongLightTextile","Own plain-woven PET fabric260g/m2,ShaoxingYonghongLightTextile",held_source_facts,,held_antibacterial_only_unpaired,journal_article,OwncoverDOI/title/journal;allnativeprimaryTEXTpagesreviewed,,,held_outside_verified_target,,APP@SiO2-PDA@Ag PET after20washes,,,,,,,,,,,,,,,,,,,,,,,Own publisher VOR,,,,,OwnmethodPDFp2/Table5PDFp8,,,,,,,,,,,,,Table5antibacterialretentionnotTG/LOI;Table4LOIonly10cycles,,,,"Fabrication of multifunctional PET fabrics with flame retardant, antibacterial and superhydrophobic properties",https://doi.org/10.1016/j.porgcoat.2021.106296,NoSIcitedinallprimaryTEXTpages,,,,2021
10.1016/j.porgcoat.2017.07.022,FTA,OwnTable6PDFp7initialcolumn;methodsPDFp2,18,ISO4589-2;editionunreported,,43.53,,305,NetzschSTA409PC,800,OwnTable2PDFp4N2/Table3PDFp5AIR;methodsPDFp2,,,,,N2,Own400gsmPAN95wt%AN/5wt%vinylacetate;nativeSi/SiP/SiPNcoatings;addonweightgainnotfinalmassfraction,Rawsourcefacts only;notpaired,2026-10-04,Codex complete native-text/table review;one primary reviewer,10,Progress in Organic Coatings,"All9ownprimaryTEXTpages. OnlySiPAN/SiPPANinitialstatesacceptedatN2/air10C/min. PANcontrolT5=305/R80043.53sameexistingAPS2017.09.155;LOI18versus18.1doesnotproveindependence,bothgasrecordsheld. SiPNLOI42.1abstract/bodyversus34.1Table/conclusionunresolved,bothgasrecordsheld. N2nativeglobalTmax322/413preservedinoriginalheadingmetadata,notassignedchronologicalpeakindex;SiPintermediate324separate. AirnativeTmax1/Tmax2numberingpreserved;secondistotalcharoxidation,notinventedthirdindex. LowT5includeswater/ethanol;DSC-onset/MCCpeaksnotTG. Addon123.8%isweightgainnotfinalmassfraction. TwelvewashedLOIsnoTG. NoSIcited/noimages.",polyacrylonitrile,"Own scoured plain-woven PAN fabric400g/m2;95wt%AN/5wt%vinylacetate;JilinChemicalFiber,TianjinPolytechnic","Own scoured plain-woven PAN fabric400g/m2;95wt%AN/5wt%vinylacetate;JilinChemicalFiber,TianjinPolytechnic","Own scoured plain-woven PAN fabric400g/m2;95wt%AN/5wt%vinylacetate;JilinChemicalFiber,TianjinPolytechnic",tabulated,ExactowninitialSiPANandSiPPANnativeTG/LOIgroups;PANcontrolcrosssourceprofileheldandSiPNconflictingLOIheld;N2/AIRnotextraindependentsamples;all9TEXTpagesreviewed.,held_crosssource_control_independence_unproven,journal_article,OwncoverDOI/title/journal;allnativeprimaryTEXTpagesreviewed,43.53,800,held_outside_verified_target,,PAN control initial,"DSCTonset300/306/279/290,Tpeak306/314/317/311notTG;MCC1C/s80mLminnotTGmethod",,,Unreported;horizontal5x15mmnotLOIdimensions,,,,,,SiP70wt%solutionexplicit;SiPNwordPA9.43gbasisunclear;notconvertedpurePAgrams,,,Native5%masslossthreshold;lowSiP/SiPNincludeschemicalwater/ethanol;notTonset,,,Unreported,,,Roomtemperatureto800C;numericstartunreported,,(W2-W1)/W1*100;SiPN123.8%allowedweightgainnotcomponentfraction,,Own publisher VOR,,,,,OwnTables2/3/6/7PDFp4/5/7;methodsPDFp2,,319,NativeTable2globalTmaxheadingnotchronologicalstageindex,,,,,,,Table319vsprose318;second392.6vs414,,,,,,,Flame retardant polyacrylonitrile fabrics prepared by organic-inorganic hybrid silica coating via sol-gel technique,https://doi.org/10.1016/j.porgcoat.2017.07.022,NoSIcitedinallprimaryTEXTpages,TEOS6.72mL0.03molEtOH3.5mL0.06molwater2.16mL0.12molHCl2.5mL0.01M4hRT;SiP9.43g70wt%PAsolution1hRT;SiPN9.43gPAplusurea3.6g0.06mol80C2hthen1hsilica;allcoats30mindip60C30mindry160C5mincure,Owninitialnativegroup;noaging/washing,Initial0durabilitycycles;AATCCwashedstatesseparate,2017
10.1016/j.porgcoat.2017.07.022,FTA,OwnTable6PDFp7initialcolumn;methodsPDFp2,18,ISO4589-2;editionunreported,,0,,298,NetzschSTA409PC,800,OwnTable2PDFp4N2/Table3PDFp5AIR;methodsPDFp2,,317,620,,air,Own400gsmPAN95wt%AN/5wt%vinylacetate;nativeSi/SiP/SiPNcoatings;addonweightgainnotfinalmassfraction,Rawsourcefacts only;notpaired,2026-10-04,Codex complete native-text/table review;one primary reviewer,10,Progress in Organic Coatings,"All9ownprimaryTEXTpages. OnlySiPAN/SiPPANinitialstatesacceptedatN2/air10C/min. PANcontrolT5=305/R80043.53sameexistingAPS2017.09.155;LOI18versus18.1doesnotproveindependence,bothgasrecordsheld. SiPNLOI42.1abstract/bodyversus34.1Table/conclusionunresolved,bothgasrecordsheld. N2nativeglobalTmax322/413preservedinoriginalheadingmetadata,notassignedchronologicalpeakindex;SiPintermediate324separate. AirnativeTmax1/Tmax2numberingpreserved;secondistotalcharoxidation,notinventedthirdindex. LowT5includeswater/ethanol;DSC-onset/MCCpeaksnotTG. Addon123.8%isweightgainnotfinalmassfraction. TwelvewashedLOIsnoTG. NoSIcited/noimages.",polyacrylonitrile,"Own scoured plain-woven PAN fabric400g/m2;95wt%AN/5wt%vinylacetate;JilinChemicalFiber,TianjinPolytechnic","Own scoured plain-woven PAN fabric400g/m2;95wt%AN/5wt%vinylacetate;JilinChemicalFiber,TianjinPolytechnic","Own scoured plain-woven PAN fabric400g/m2;95wt%AN/5wt%vinylacetate;JilinChemicalFiber,TianjinPolytechnic",tabulated,ExactowninitialSiPANandSiPPANnativeTG/LOIgroups;PANcontrolcrosssourceprofileheldandSiPNconflictingLOIheld;N2/AIRnotextraindependentsamples;all9TEXTpagesreviewed.,held_crosssource_control_independence_unproven,journal_article,OwncoverDOI/title/journal;allnativeprimaryTEXTpagesreviewed,0,800,held_outside_verified_target,,PAN control initial,"DSCTonset300/306/279/290,Tpeak306/314/317/311notTG;MCC1C/s80mLminnotTGmethod",,,Unreported;horizontal5x15mmnotLOIdimensions,,,,,,SiP70wt%solutionexplicit;SiPNwordPA9.43gbasisunclear;notconvertedpurePAgrams,,,Native5%masslossthreshold;lowSiP/SiPNincludeschemicalwater/ethanol;notTonset,,,Unreported,,,Roomtemperatureto800C;numericstartunreported,,(W2-W1)/W1*100;SiPN123.8%allowedweightgainnotcomponentfraction,,Own publisher VOR,,,,,OwnTables2/3/6/7PDFp4/5/7;methodsPDFp2,,,NativeTable3Tmax1/Tmax2numbering;secondlistedpeakcharthermooxidation;notrelabelledthird,,,,,,,,,,,,,,Flame retardant polyacrylonitrile fabrics prepared by organic-inorganic hybrid silica coating via sol-gel technique,https://doi.org/10.1016/j.porgcoat.2017.07.022,NoSIcitedinallprimaryTEXTpages,TEOS6.72mL0.03molEtOH3.5mL0.06molwater2.16mL0.12molHCl2.5mL0.01M4hRT;SiP9.43g70wt%PAsolution1hRT;SiPN9.43gPAplusurea3.6g0.06mol80C2hthen1hsilica;allcoats30mindip60C30mindry160C5mincure,Owninitialnativegroup;noaging/washing,Initial0durabilitycycles;AATCCwashedstatesseparate,2017
10.1016/j.porgcoat.2017.07.022,FTA,OwnTable6PDFp7initialcolumn;methodsPDFp2,25.1,ISO4589-2;editionunreported,,61.48,,314,NetzschSTA409PC,800,OwnTable2PDFp4N2/Table3PDFp5AIR;methodsPDFp2,,,,,N2,Own400gsmPAN95wt%AN/5wt%vinylacetate;nativeSi/SiP/SiPNcoatings;addonweightgainnotfinalmassfraction,TG+LOI,2026-10-04,Codex complete native-text/table review;one primary reviewer,10,Progress in Organic Coatings,"All9ownprimaryTEXTpages. OnlySiPAN/SiPPANinitialstatesacceptedatN2/air10C/min. PANcontrolT5=305/R80043.53sameexistingAPS2017.09.155;LOI18versus18.1doesnotproveindependence,bothgasrecordsheld. SiPNLOI42.1abstract/bodyversus34.1Table/conclusionunresolved,bothgasrecordsheld. N2nativeglobalTmax322/413preservedinoriginalheadingmetadata,notassignedchronologicalpeakindex;SiPintermediate324separate. AirnativeTmax1/Tmax2numberingpreserved;secondistotalcharoxidation,notinventedthirdindex. LowT5includeswater/ethanol;DSC-onset/MCCpeaksnotTG. Addon123.8%isweightgainnotfinalmassfraction. TwelvewashedLOIsnoTG. NoSIcited/noimages.",polyacrylonitrile,"Own scoured plain-woven PAN fabric400g/m2;95wt%AN/5wt%vinylacetate;JilinChemicalFiber,TianjinPolytechnic","Own scoured plain-woven PAN fabric400g/m2;95wt%AN/5wt%vinylacetate;JilinChemicalFiber,TianjinPolytechnic","Own scoured plain-woven PAN fabric400g/m2;95wt%AN/5wt%vinylacetate;JilinChemicalFiber,TianjinPolytechnic",tabulated,ExactowninitialSiPANandSiPPANnativeTG/LOIgroups;PANcontrolcrosssourceprofileheldandSiPNconflictingLOIheld;N2/AIRnotextraindependentsamples;all9TEXTpagesreviewed.,verified_exact,journal_article,OwncoverDOI/title/journal;allnativeprimaryTEXTpagesreviewed,61.48,800,source_review_approved,ff368528200b8c4e595d42194336330f16e32c0da71f5d0137ce5c5a231da59c,Si-PAN initial,"DSCTonset300/306/279/290,Tpeak306/314/317/311notTG;MCC1C/s80mLminnotTGmethod",,,Unreported;horizontal5x15mmnotLOIdimensions,,,,,,SiP70wt%solutionexplicit;SiPNwordPA9.43gbasisunclear;notconvertedpurePAgrams,,,Native5%masslossthreshold;lowSiP/SiPNincludeschemicalwater/ethanol;notTonset,,,Unreported,,,Roomtemperatureto800C;numericstartunreported,,(W2-W1)/W1*100;SiPN123.8%allowedweightgainnotcomponentfraction,30.7,Own publisher VOR,,,,,OwnTables2/3/6/7PDFp4/5/7;methodsPDFp2,,322,NativeTable2globalTmaxheadingnotchronologicalstageindex,,,,,,,,,,,,,,Flame retardant polyacrylonitrile fabrics prepared by organic-inorganic hybrid silica coating via sol-gel technique,https://doi.org/10.1016/j.porgcoat.2017.07.022,NoSIcitedinallprimaryTEXTpages,TEOS6.72mL0.03molEtOH3.5mL0.06molwater2.16mL0.12molHCl2.5mL0.01M4hRT;SiP9.43g70wt%PAsolution1hRT;SiPN9.43gPAplusurea3.6g0.06mol80C2hthen1hsilica;allcoats30mindip60C30mindry160C5mincure,Owninitialnativegroup;noaging/washing,Initial0durabilitycycles;AATCCwashedstatesseparate,2017
10.1016/j.porgcoat.2017.07.022,FTA,OwnTable6PDFp7initialcolumn;methodsPDFp2,25.1,ISO4589-2;editionunreported,,20.17,,297,NetzschSTA409PC,800,OwnTable2PDFp4N2/Table3PDFp5AIR;methodsPDFp2,,321,572,,air,Own400gsmPAN95wt%AN/5wt%vinylacetate;nativeSi/SiP/SiPNcoatings;addonweightgainnotfinalmassfraction,TG+LOI,2026-10-04,Codex complete native-text/table review;one primary reviewer,10,Progress in Organic Coatings,"All9ownprimaryTEXTpages. OnlySiPAN/SiPPANinitialstatesacceptedatN2/air10C/min. PANcontrolT5=305/R80043.53sameexistingAPS2017.09.155;LOI18versus18.1doesnotproveindependence,bothgasrecordsheld. SiPNLOI42.1abstract/bodyversus34.1Table/conclusionunresolved,bothgasrecordsheld. N2nativeglobalTmax322/413preservedinoriginalheadingmetadata,notassignedchronologicalpeakindex;SiPintermediate324separate. AirnativeTmax1/Tmax2numberingpreserved;secondistotalcharoxidation,notinventedthirdindex. LowT5includeswater/ethanol;DSC-onset/MCCpeaksnotTG. Addon123.8%isweightgainnotfinalmassfraction. TwelvewashedLOIsnoTG. NoSIcited/noimages.",polyacrylonitrile,"Own scoured plain-woven PAN fabric400g/m2;95wt%AN/5wt%vinylacetate;JilinChemicalFiber,TianjinPolytechnic","Own scoured plain-woven PAN fabric400g/m2;95wt%AN/5wt%vinylacetate;JilinChemicalFiber,TianjinPolytechnic","Own scoured plain-woven PAN fabric400g/m2;95wt%AN/5wt%vinylacetate;JilinChemicalFiber,TianjinPolytechnic",tabulated,ExactowninitialSiPANandSiPPANnativeTG/LOIgroups;PANcontrolcrosssourceprofileheldandSiPNconflictingLOIheld;N2/AIRnotextraindependentsamples;all9TEXTpagesreviewed.,verified_exact,journal_article,OwncoverDOI/title/journal;allnativeprimaryTEXTpagesreviewed,20.17,800,source_review_approved,97a62e3a355273293ca08d6288beaab2a59f7dcc0227dc03ee67286f23694e13,Si-PAN initial,"DSCTonset300/306/279/290,Tpeak306/314/317/311notTG;MCC1C/s80mLminnotTGmethod",,,Unreported;horizontal5x15mmnotLOIdimensions,,,,,,SiP70wt%solutionexplicit;SiPNwordPA9.43gbasisunclear;notconvertedpurePAgrams,,,Native5%masslossthreshold;lowSiP/SiPNincludeschemicalwater/ethanol;notTonset,,,Unreported,,,Roomtemperatureto800C;numericstartunreported,,(W2-W1)/W1*100;SiPN123.8%allowedweightgainnotcomponentfraction,30.7,Own publisher VOR,,,,,OwnTables2/3/6/7PDFp4/5/7;methodsPDFp2,,,NativeTable3Tmax1/Tmax2numbering;secondlistedpeakcharthermooxidation;notrelabelledthird,,,,,,,,,,,,,,Flame retardant polyacrylonitrile fabrics prepared by organic-inorganic hybrid silica coating via sol-gel technique,https://doi.org/10.1016/j.porgcoat.2017.07.022,NoSIcitedinallprimaryTEXTpages,TEOS6.72mL0.03molEtOH3.5mL0.06molwater2.16mL0.12molHCl2.5mL0.01M4hRT;SiP9.43g70wt%PAsolution1hRT;SiPN9.43gPAplusurea3.6g0.06mol80C2hthen1hsilica;allcoats30mindip60C30mindry160C5mincure,Owninitialnativegroup;noaging/washing,Initial0durabilitycycles;AATCCwashedstatesseparate,2017
10.1016/j.porgcoat.2017.07.022,FTA,OwnTable6PDFp7initialcolumn;methodsPDFp2,30.3,ISO4589-2;editionunreported,,67.73,,125,NetzschSTA409PC,800,OwnTable2PDFp4N2/Table3PDFp5AIR;methodsPDFp2,,,,,N2,Own400gsmPAN95wt%AN/5wt%vinylacetate;nativeSi/SiP/SiPNcoatings;addonweightgainnotfinalmassfraction,TG+LOI,2026-10-04,Codex complete native-text/table review;one primary reviewer,10,Progress in Organic Coatings,"All9ownprimaryTEXTpages. OnlySiPAN/SiPPANinitialstatesacceptedatN2/air10C/min. PANcontrolT5=305/R80043.53sameexistingAPS2017.09.155;LOI18versus18.1doesnotproveindependence,bothgasrecordsheld. SiPNLOI42.1abstract/bodyversus34.1Table/conclusionunresolved,bothgasrecordsheld. N2nativeglobalTmax322/413preservedinoriginalheadingmetadata,notassignedchronologicalpeakindex;SiPintermediate324separate. AirnativeTmax1/Tmax2numberingpreserved;secondistotalcharoxidation,notinventedthirdindex. LowT5includeswater/ethanol;DSC-onset/MCCpeaksnotTG. Addon123.8%isweightgainnotfinalmassfraction. TwelvewashedLOIsnoTG. NoSIcited/noimages.",polyacrylonitrile,"Own scoured plain-woven PAN fabric400g/m2;95wt%AN/5wt%vinylacetate;JilinChemicalFiber,TianjinPolytechnic","Own scoured plain-woven PAN fabric400g/m2;95wt%AN/5wt%vinylacetate;JilinChemicalFiber,TianjinPolytechnic","Own scoured plain-woven PAN fabric400g/m2;95wt%AN/5wt%vinylacetate;JilinChemicalFiber,TianjinPolytechnic",tabulated,ExactowninitialSiPANandSiPPANnativeTG/LOIgroups;PANcontrolcrosssourceprofileheldandSiPNconflictingLOIheld;N2/AIRnotextraindependentsamples;all9TEXTpagesreviewed.,verified_exact,journal_article,OwncoverDOI/title/journal;allnativeprimaryTEXTpagesreviewed,67.73,800,source_review_approved,5a37cb99658b3908c772b2954f73b97febdda128c8c0ac74a63abec38b7e073a,Si-P-PAN initial,"DSCTonset300/306/279/290,Tpeak306/314/317/311notTG;MCC1C/s80mLminnotTGmethod",,,Unreported;horizontal5x15mmnotLOIdimensions,,,,,,SiP70wt%solutionexplicit;SiPNwordPA9.43gbasisunclear;notconvertedpurePAgrams,,,Native5%masslossthreshold;lowSiP/SiPNincludeschemicalwater/ethanol;notTonset,,,Unreported,,,Roomtemperatureto800C;numericstartunreported,,(W2-W1)/W1*100;SiPN123.8%allowedweightgainnotcomponentfraction,76.1,Own publisher VOR,,,,,OwnTables2/3/6/7PDFp4/5/7;methodsPDFp2,,413,NativeTable2globalTmaxheadingnotchronologicalstageindex,,,,,,,,,324,,,,,Flame retardant polyacrylonitrile fabrics prepared by organic-inorganic hybrid silica coating via sol-gel technique,https://doi.org/10.1016/j.porgcoat.2017.07.022,NoSIcitedinallprimaryTEXTpages,TEOS6.72mL0.03molEtOH3.5mL0.06molwater2.16mL0.12molHCl2.5mL0.01M4hRT;SiP9.43g70wt%PAsolution1hRT;SiPN9.43gPAplusurea3.6g0.06mol80C2hthen1hsilica;allcoats30mindip60C30mindry160C5mincure,Owninitialnativegroup;noaging/washing,Initial0durabilitycycles;AATCCwashedstatesseparate,2017
10.1016/j.porgcoat.2017.07.022,FTA,OwnTable6PDFp7initialcolumn;methodsPDFp2,30.3,ISO4589-2;editionunreported,,30.2,,129,NetzschSTA409PC,800,OwnTable2PDFp4N2/Table3PDFp5AIR;methodsPDFp2,,152,652,,air,Own400gsmPAN95wt%AN/5wt%vinylacetate;nativeSi/SiP/SiPNcoatings;addonweightgainnotfinalmassfraction,TG+LOI,2026-10-04,Codex complete native-text/table review;one primary reviewer,10,Progress in Organic Coatings,"All9ownprimaryTEXTpages. OnlySiPAN/SiPPANinitialstatesacceptedatN2/air10C/min. PANcontrolT5=305/R80043.53sameexistingAPS2017.09.155;LOI18versus18.1doesnotproveindependence,bothgasrecordsheld. SiPNLOI42.1abstract/bodyversus34.1Table/conclusionunresolved,bothgasrecordsheld. N2nativeglobalTmax322/413preservedinoriginalheadingmetadata,notassignedchronologicalpeakindex;SiPintermediate324separate. AirnativeTmax1/Tmax2numberingpreserved;secondistotalcharoxidation,notinventedthirdindex. LowT5includeswater/ethanol;DSC-onset/MCCpeaksnotTG. Addon123.8%isweightgainnotfinalmassfraction. TwelvewashedLOIsnoTG. NoSIcited/noimages.",polyacrylonitrile,"Own scoured plain-woven PAN fabric400g/m2;95wt%AN/5wt%vinylacetate;JilinChemicalFiber,TianjinPolytechnic","Own scoured plain-woven PAN fabric400g/m2;95wt%AN/5wt%vinylacetate;JilinChemicalFiber,TianjinPolytechnic","Own scoured plain-woven PAN fabric400g/m2;95wt%AN/5wt%vinylacetate;JilinChemicalFiber,TianjinPolytechnic",tabulated,ExactowninitialSiPANandSiPPANnativeTG/LOIgroups;PANcontrolcrosssourceprofileheldandSiPNconflictingLOIheld;N2/AIRnotextraindependentsamples;all9TEXTpagesreviewed.,verified_exact,journal_article,OwncoverDOI/title/journal;allnativeprimaryTEXTpagesreviewed,30.2,800,source_review_approved,5649c41d36ca056443a31374640373b30a9006b2e3c5cc26ec670506ac2af77a,Si-P-PAN initial,"DSCTonset300/306/279/290,Tpeak306/314/317/311notTG;MCC1C/s80mLminnotTGmethod",,,Unreported;horizontal5x15mmnotLOIdimensions,,,,,,SiP70wt%solutionexplicit;SiPNwordPA9.43gbasisunclear;notconvertedpurePAgrams,,,Native5%masslossthreshold;lowSiP/SiPNincludeschemicalwater/ethanol;notTonset,,,Unreported,,,Roomtemperatureto800C;numericstartunreported,,(W2-W1)/W1*100;SiPN123.8%allowedweightgainnotcomponentfraction,76.1,Own publisher VOR,,,,,OwnTables2/3/6/7PDFp4/5/7;methodsPDFp2,,,NativeTable3Tmax1/Tmax2numbering;secondlistedpeakcharthermooxidation;notrelabelledthird,,,,,,,,,,,,,,Flame retardant polyacrylonitrile fabrics prepared by organic-inorganic hybrid silica coating via sol-gel technique,https://doi.org/10.1016/j.porgcoat.2017.07.022,NoSIcitedinallprimaryTEXTpages,TEOS6.72mL0.03molEtOH3.5mL0.06molwater2.16mL0.12molHCl2.5mL0.01M4hRT;SiP9.43g70wt%PAsolution1hRT;SiPN9.43gPAplusurea3.6g0.06mol80C2hthen1hsilica;allcoats30mindip60C30mindry160C5mincure,Owninitialnativegroup;noaging/washing,Initial0durabilitycycles;AATCCwashedstatesseparate,2017
10.1016/j.porgcoat.2017.07.022,FTA,OwnTable6PDFp7initialcolumn;methodsPDFp2,,ISO4589-2;editionunreported,,55.94,,146,NetzschSTA409PC,800,OwnTable2PDFp4N2/Table3PDFp5AIR;methodsPDFp2,,,,,N2,Own400gsmPAN95wt%AN/5wt%vinylacetate;nativeSi/SiP/SiPNcoatings;addonweightgainnotfinalmassfraction,Rawsourcefacts only;notpaired,2026-10-04,Codex complete native-text/table review;one primary reviewer,10,Progress in Organic Coatings,"All9ownprimaryTEXTpages. OnlySiPAN/SiPPANinitialstatesacceptedatN2/air10C/min. PANcontrolT5=305/R80043.53sameexistingAPS2017.09.155;LOI18versus18.1doesnotproveindependence,bothgasrecordsheld. SiPNLOI42.1abstract/bodyversus34.1Table/conclusionunresolved,bothgasrecordsheld. N2nativeglobalTmax322/413preservedinoriginalheadingmetadata,notassignedchronologicalpeakindex;SiPintermediate324separate. AirnativeTmax1/Tmax2numberingpreserved;secondistotalcharoxidation,notinventedthirdindex. LowT5includeswater/ethanol;DSC-onset/MCCpeaksnotTG. Addon123.8%isweightgainnotfinalmassfraction. TwelvewashedLOIsnoTG. NoSIcited/noimages.",polyacrylonitrile,"Own scoured plain-woven PAN fabric400g/m2;95wt%AN/5wt%vinylacetate;JilinChemicalFiber,TianjinPolytechnic","Own scoured plain-woven PAN fabric400g/m2;95wt%AN/5wt%vinylacetate;JilinChemicalFiber,TianjinPolytechnic","Own scoured plain-woven PAN fabric400g/m2;95wt%AN/5wt%vinylacetate;JilinChemicalFiber,TianjinPolytechnic",tabulated,ExactowninitialSiPANandSiPPANnativeTG/LOIgroups;PANcontrolcrosssourceprofileheldandSiPNconflictingLOIheld;N2/AIRnotextraindependentsamples;all9TEXTpagesreviewed.,held_conflicting_initial_LOI,journal_article,OwncoverDOI/title/journal;allnativeprimaryTEXTpagesreviewed,55.94,800,held_outside_verified_target,,Si-P-N-PAN initial,"DSCTonset300/306/279/290,Tpeak306/314/317/311notTG;MCC1C/s80mLminnotTGmethod",,,Unreported;horizontal5x15mmnotLOIdimensions,,,,,,SiP70wt%solutionexplicit;SiPNwordPA9.43gbasisunclear;notconvertedpurePAgrams,,,Native5%masslossthreshold;lowSiP/SiPNincludeschemicalwater/ethanol;notTonset,,,Unreported,,,Roomtemperatureto800C;numericstartunreported,,(W2-W1)/W1*100;SiPN123.8%allowedweightgainnotcomponentfraction,123.8,Own publisher VOR,,,,,OwnTables2/3/6/7PDFp4/5/7;methodsPDFp2,,171,NativeTable2globalTmaxheadingnotchronologicalstageindex,42.1abstractPDFp1/bodyPDFp8vs34.1Table6PDFp7/conclusionPDFp8,,,,,,,,,,,,,Flame retardant polyacrylonitrile fabrics prepared by organic-inorganic hybrid silica coating via sol-gel technique,https://doi.org/10.1016/j.porgcoat.2017.07.022,NoSIcitedinallprimaryTEXTpages,TEOS6.72mL0.03molEtOH3.5mL0.06molwater2.16mL0.12molHCl2.5mL0.01M4hRT;SiP9.43g70wt%PAsolution1hRT;SiPN9.43gPAplusurea3.6g0.06mol80C2hthen1hsilica;allcoats30mindip60C30mindry160C5mincure,Owninitialnativegroup;noaging/washing,Initial0durabilitycycles;AATCCwashedstatesseparate,2017
10.1016/j.porgcoat.2017.07.022,FTA,OwnTable6PDFp7initialcolumn;methodsPDFp2,,ISO4589-2;editionunreported,,23.37,,146,NetzschSTA409PC,800,OwnTable2PDFp4N2/Table3PDFp5AIR;methodsPDFp2,,168,609,,air,Own400gsmPAN95wt%AN/5wt%vinylacetate;nativeSi/SiP/SiPNcoatings;addonweightgainnotfinalmassfraction,Rawsourcefacts only;notpaired,2026-10-04,Codex complete native-text/table review;one primary reviewer,10,Progress in Organic Coatings,"All9ownprimaryTEXTpages. OnlySiPAN/SiPPANinitialstatesacceptedatN2/air10C/min. PANcontrolT5=305/R80043.53sameexistingAPS2017.09.155;LOI18versus18.1doesnotproveindependence,bothgasrecordsheld. SiPNLOI42.1abstract/bodyversus34.1Table/conclusionunresolved,bothgasrecordsheld. N2nativeglobalTmax322/413preservedinoriginalheadingmetadata,notassignedchronologicalpeakindex;SiPintermediate324separate. AirnativeTmax1/Tmax2numberingpreserved;secondistotalcharoxidation,notinventedthirdindex. LowT5includeswater/ethanol;DSC-onset/MCCpeaksnotTG. Addon123.8%isweightgainnotfinalmassfraction. TwelvewashedLOIsnoTG. NoSIcited/noimages.",polyacrylonitrile,"Own scoured plain-woven PAN fabric400g/m2;95wt%AN/5wt%vinylacetate;JilinChemicalFiber,TianjinPolytechnic","Own scoured plain-woven PAN fabric400g/m2;95wt%AN/5wt%vinylacetate;JilinChemicalFiber,TianjinPolytechnic","Own scoured plain-woven PAN fabric400g/m2;95wt%AN/5wt%vinylacetate;JilinChemicalFiber,TianjinPolytechnic",tabulated,ExactowninitialSiPANandSiPPANnativeTG/LOIgroups;PANcontrolcrosssourceprofileheldandSiPNconflictingLOIheld;N2/AIRnotextraindependentsamples;all9TEXTpagesreviewed.,held_conflicting_initial_LOI,journal_article,OwncoverDOI/title/journal;allnativeprimaryTEXTpagesreviewed,23.37,800,held_outside_verified_target,,Si-P-N-PAN initial,"DSCTonset300/306/279/290,Tpeak306/314/317/311notTG;MCC1C/s80mLminnotTGmethod",,,Unreported;horizontal5x15mmnotLOIdimensions,,,,,,SiP70wt%solutionexplicit;SiPNwordPA9.43gbasisunclear;notconvertedpurePAgrams,,,Native5%masslossthreshold;lowSiP/SiPNincludeschemicalwater/ethanol;notTonset,,,Unreported,,,Roomtemperatureto800C;numericstartunreported,,(W2-W1)/W1*100;SiPN123.8%allowedweightgainnotcomponentfraction,123.8,Own publisher VOR,,,,,OwnTables2/3/6/7PDFp4/5/7;methodsPDFp2,,,NativeTable3Tmax1/Tmax2numbering;secondlistedpeakcharthermooxidation;notrelabelledthird,42.1abstractPDFp1/bodyPDFp8vs34.1Table6PDFp7/conclusionPDFp8,,,,,,,,,,,,,Flame retardant polyacrylonitrile fabrics prepared by organic-inorganic hybrid silica coating via sol-gel technique,https://doi.org/10.1016/j.porgcoat.2017.07.022,NoSIcitedinallprimaryTEXTpages,TEOS6.72mL0.03molEtOH3.5mL0.06molwater2.16mL0.12molHCl2.5mL0.01M4hRT;SiP9.43g70wt%PAsolution1hRT;SiPN9.43gPAplusurea3.6g0.06mol80C2hthen1hsilica;allcoats30mindip60C30mindry160C5mincure,Owninitialnativegroup;noaging/washing,Initial0durabilitycycles;AATCCwashedstatesseparate,2017
10.1016/j.porgcoat.2017.07.022,,,23.4,,,,,,,,,,,,,,,Rawsourcefacts only;notpaired,2026-10-04,Codex complete native-text/table review;one primary reviewer,,Progress in Organic Coatings,"All9ownprimaryTEXTpages. OnlySiPAN/SiPPANinitialstatesacceptedatN2/air10C/min. PANcontrolT5=305/R80043.53sameexistingAPS2017.09.155;LOI18versus18.1doesnotproveindependence,bothgasrecordsheld. SiPNLOI42.1abstract/bodyversus34.1Table/conclusionunresolved,bothgasrecordsheld. N2nativeglobalTmax322/413preservedinoriginalheadingmetadata,notassignedchronologicalpeakindex;SiPintermediate324separate. AirnativeTmax1/Tmax2numberingpreserved;secondistotalcharoxidation,notinventedthirdindex. LowT5includeswater/ethanol;DSC-onset/MCCpeaksnotTG. Addon123.8%isweightgainnotfinalmassfraction. TwelvewashedLOIsnoTG. NoSIcited/noimages.",polyacrylonitrile,"Own scoured plain-woven PAN fabric400g/m2;95wt%AN/5wt%vinylacetate;JilinChemicalFiber,TianjinPolytechnic","Own scoured plain-woven PAN fabric400g/m2;95wt%AN/5wt%vinylacetate;JilinChemicalFiber,TianjinPolytechnic","Own scoured plain-woven PAN fabric400g/m2;95wt%AN/5wt%vinylacetate;JilinChemicalFiber,TianjinPolytechnic",tabulated,,held_washed_LOI_without_TG,journal_article,OwncoverDOI/title/journal;allnativeprimaryTEXTpagesreviewed,,,held_outside_verified_target,,Si-PAN after1nativecycles,,,,,,,,,,,,,,,,,,,,,,,Own publisher VOR,,,,,OwnTable6PDFp7;methodPDFp2,,,,,,,,,,,,,,,,,Flame retardant polyacrylonitrile fabrics prepared by organic-inorganic hybrid silica coating via sol-gel technique,https://doi.org/10.1016/j.porgcoat.2017.07.022,NoSIcitedinallprimaryTEXTpages,,,AATCC61-2003NO1A 1nativecycles;0.37wt%detergent45min;temperatureunreported;1nativecycle5commercialequivalentsnotextrasamples,2017
10.1016/j.porgcoat.2017.07.022,,,21.2,,,,,,,,,,,,,,,Rawsourcefacts only;notpaired,2026-10-04,Codex complete native-text/table review;one primary reviewer,,Progress in Organic Coatings,"All9ownprimaryTEXTpages. OnlySiPAN/SiPPANinitialstatesacceptedatN2/air10C/min. PANcontrolT5=305/R80043.53sameexistingAPS2017.09.155;LOI18versus18.1doesnotproveindependence,bothgasrecordsheld. SiPNLOI42.1abstract/bodyversus34.1Table/conclusionunresolved,bothgasrecordsheld. N2nativeglobalTmax322/413preservedinoriginalheadingmetadata,notassignedchronologicalpeakindex;SiPintermediate324separate. AirnativeTmax1/Tmax2numberingpreserved;secondistotalcharoxidation,notinventedthirdindex. LowT5includeswater/ethanol;DSC-onset/MCCpeaksnotTG. Addon123.8%isweightgainnotfinalmassfraction. TwelvewashedLOIsnoTG. NoSIcited/noimages.",polyacrylonitrile,"Own scoured plain-woven PAN fabric400g/m2;95wt%AN/5wt%vinylacetate;JilinChemicalFiber,TianjinPolytechnic","Own scoured plain-woven PAN fabric400g/m2;95wt%AN/5wt%vinylacetate;JilinChemicalFiber,TianjinPolytechnic","Own scoured plain-woven PAN fabric400g/m2;95wt%AN/5wt%vinylacetate;JilinChemicalFiber,TianjinPolytechnic",tabulated,,held_washed_LOI_without_TG,journal_article,OwncoverDOI/title/journal;allnativeprimaryTEXTpagesreviewed,,,held_outside_verified_target,,Si-PAN after2nativecycles,,,,,,,,,,,,,,,,,,,,,,,Own publisher VOR,,,,,OwnTable6PDFp7;methodPDFp2,,,,,,,,,,,,,,,,,Flame retardant polyacrylonitrile fabrics prepared by organic-inorganic hybrid silica coating via sol-gel technique,https://doi.org/10.1016/j.porgcoat.2017.07.022,NoSIcitedinallprimaryTEXTpages,,,AATCC61-2003NO1A 2nativecycles;0.37wt%detergent45min;temperatureunreported;1nativecycle5commercialequivalentsnotextrasamples,2017
10.1016/j.porgcoat.2017.07.022,,,19.6,,,,,,,,,,,,,,,Rawsourcefacts only;notpaired,2026-10-04,Codex complete native-text/table review;one primary reviewer,,Progress in Organic Coatings,"All9ownprimaryTEXTpages. OnlySiPAN/SiPPANinitialstatesacceptedatN2/air10C/min. PANcontrolT5=305/R80043.53sameexistingAPS2017.09.155;LOI18versus18.1doesnotproveindependence,bothgasrecordsheld. SiPNLOI42.1abstract/bodyversus34.1Table/conclusionunresolved,bothgasrecordsheld. N2nativeglobalTmax322/413preservedinoriginalheadingmetadata,notassignedchronologicalpeakindex;SiPintermediate324separate. AirnativeTmax1/Tmax2numberingpreserved;secondistotalcharoxidation,notinventedthirdindex. LowT5includeswater/ethanol;DSC-onset/MCCpeaksnotTG. Addon123.8%isweightgainnotfinalmassfraction. TwelvewashedLOIsnoTG. NoSIcited/noimages.",polyacrylonitrile,"Own scoured plain-woven PAN fabric400g/m2;95wt%AN/5wt%vinylacetate;JilinChemicalFiber,TianjinPolytechnic","Own scoured plain-woven PAN fabric400g/m2;95wt%AN/5wt%vinylacetate;JilinChemicalFiber,TianjinPolytechnic","Own scoured plain-woven PAN fabric400g/m2;95wt%AN/5wt%vinylacetate;JilinChemicalFiber,TianjinPolytechnic",tabulated,,held_washed_LOI_without_TG,journal_article,OwncoverDOI/title/journal;allnativeprimaryTEXTpagesreviewed,,,held_outside_verified_target,,Si-PAN after3nativecycles,,,,,,,,,,,,,,,,,,,,,,,Own publisher VOR,,,,,OwnTable6PDFp7;methodPDFp2,,,,,,,,,,,,,,,,,Flame retardant polyacrylonitrile fabrics prepared by organic-inorganic hybrid silica coating via sol-gel technique,https://doi.org/10.1016/j.porgcoat.2017.07.022,NoSIcitedinallprimaryTEXTpages,,,AATCC61-2003NO1A 3nativecycles;0.37wt%detergent45min;temperatureunreported;1nativecycle5commercialequivalentsnotextrasamples,2017
10.1016/j.porgcoat.2017.07.022,,,18.3,,,,,,,,,,,,,,,Rawsourcefacts only;notpaired,2026-10-04,Codex complete native-text/table review;one primary reviewer,,Progress in Organic Coatings,"All9ownprimaryTEXTpages. OnlySiPAN/SiPPANinitialstatesacceptedatN2/air10C/min. PANcontrolT5=305/R80043.53sameexistingAPS2017.09.155;LOI18versus18.1doesnotproveindependence,bothgasrecordsheld. SiPNLOI42.1abstract/bodyversus34.1Table/conclusionunresolved,bothgasrecordsheld. N2nativeglobalTmax322/413preservedinoriginalheadingmetadata,notassignedchronologicalpeakindex;SiPintermediate324separate. AirnativeTmax1/Tmax2numberingpreserved;secondistotalcharoxidation,notinventedthirdindex. LowT5includeswater/ethanol;DSC-onset/MCCpeaksnotTG. Addon123.8%isweightgainnotfinalmassfraction. TwelvewashedLOIsnoTG. NoSIcited/noimages.",polyacrylonitrile,"Own scoured plain-woven PAN fabric400g/m2;95wt%AN/5wt%vinylacetate;JilinChemicalFiber,TianjinPolytechnic","Own scoured plain-woven PAN fabric400g/m2;95wt%AN/5wt%vinylacetate;JilinChemicalFiber,TianjinPolytechnic","Own scoured plain-woven PAN fabric400g/m2;95wt%AN/5wt%vinylacetate;JilinChemicalFiber,TianjinPolytechnic",tabulated,,held_washed_LOI_without_TG,journal_article,OwncoverDOI/title/journal;allnativeprimaryTEXTpagesreviewed,,,held_outside_verified_target,,Si-PAN after4nativecycles,,,,,,,,,,,,,,,,,,,,,,,Own publisher VOR,,,,,OwnTable6PDFp7;methodPDFp2,,,,,,,,,,,,,,,,,Flame retardant polyacrylonitrile fabrics prepared by organic-inorganic hybrid silica coating via sol-gel technique,https://doi.org/10.1016/j.porgcoat.2017.07.022,NoSIcitedinallprimaryTEXTpages,,,AATCC61-2003NO1A 4nativecycles;0.37wt%detergent45min;temperatureunreported;1nativecycle5commercialequivalentsnotextrasamples,2017
10.1016/j.porgcoat.2017.07.022,,,28.3,,,,,,,,,,,,,,,Rawsourcefacts only;notpaired,2026-10-04,Codex complete native-text/table review;one primary reviewer,,Progress in Organic Coatings,"All9ownprimaryTEXTpages. OnlySiPAN/SiPPANinitialstatesacceptedatN2/air10C/min. PANcontrolT5=305/R80043.53sameexistingAPS2017.09.155;LOI18versus18.1doesnotproveindependence,bothgasrecordsheld. SiPNLOI42.1abstract/bodyversus34.1Table/conclusionunresolved,bothgasrecordsheld. N2nativeglobalTmax322/413preservedinoriginalheadingmetadata,notassignedchronologicalpeakindex;SiPintermediate324separate. AirnativeTmax1/Tmax2numberingpreserved;secondistotalcharoxidation,notinventedthirdindex. LowT5includeswater/ethanol;DSC-onset/MCCpeaksnotTG. Addon123.8%isweightgainnotfinalmassfraction. TwelvewashedLOIsnoTG. NoSIcited/noimages.",polyacrylonitrile,"Own scoured plain-woven PAN fabric400g/m2;95wt%AN/5wt%vinylacetate;JilinChemicalFiber,TianjinPolytechnic","Own scoured plain-woven PAN fabric400g/m2;95wt%AN/5wt%vinylacetate;JilinChemicalFiber,TianjinPolytechnic","Own scoured plain-woven PAN fabric400g/m2;95wt%AN/5wt%vinylacetate;JilinChemicalFiber,TianjinPolytechnic",tabulated,,held_washed_LOI_without_TG,journal_article,OwncoverDOI/title/journal;allnativeprimaryTEXTpagesreviewed,,,held_outside_verified_target,,Si-P-PAN after1nativecycles,,,,,,,,,,,,,,,,,,,,,,,Own publisher VOR,,,,,OwnTable6PDFp7;methodPDFp2,,,,,,,,,,,,,,,,,Flame retardant polyacrylonitrile fabrics prepared by organic-inorganic hybrid silica coating via sol-gel technique,https://doi.org/10.1016/j.porgcoat.2017.07.022,NoSIcitedinallprimaryTEXTpages,,,AATCC61-2003NO1A 1nativecycles;0.37wt%detergent45min;temperatureunreported;1nativecycle5commercialequivalentsnotextrasamples,2017
10.1016/j.porgcoat.2017.07.022,,,27.1,,,,,,,,,,,,,,,Rawsourcefacts only;notpaired,2026-10-04,Codex complete native-text/table review;one primary reviewer,,Progress in Organic Coatings,"All9ownprimaryTEXTpages. OnlySiPAN/SiPPANinitialstatesacceptedatN2/air10C/min. PANcontrolT5=305/R80043.53sameexistingAPS2017.09.155;LOI18versus18.1doesnotproveindependence,bothgasrecordsheld. SiPNLOI42.1abstract/bodyversus34.1Table/conclusionunresolved,bothgasrecordsheld. N2nativeglobalTmax322/413preservedinoriginalheadingmetadata,notassignedchronologicalpeakindex;SiPintermediate324separate. AirnativeTmax1/Tmax2numberingpreserved;secondistotalcharoxidation,notinventedthirdindex. LowT5includeswater/ethanol;DSC-onset/MCCpeaksnotTG. Addon123.8%isweightgainnotfinalmassfraction. TwelvewashedLOIsnoTG. NoSIcited/noimages.",polyacrylonitrile,"Own scoured plain-woven PAN fabric400g/m2;95wt%AN/5wt%vinylacetate;JilinChemicalFiber,TianjinPolytechnic","Own scoured plain-woven PAN fabric400g/m2;95wt%AN/5wt%vinylacetate;JilinChemicalFiber,TianjinPolytechnic","Own scoured plain-woven PAN fabric400g/m2;95wt%AN/5wt%vinylacetate;JilinChemicalFiber,TianjinPolytechnic",tabulated,,held_washed_LOI_without_TG,journal_article,OwncoverDOI/title/journal;allnativeprimaryTEXTpagesreviewed,,,held_outside_verified_target,,Si-P-PAN after2nativecycles,,,,,,,,,,,,,,,,,,,,,,,Own publisher VOR,,,,,OwnTable6PDFp7;methodPDFp2,,,,,,,,,,,,,,,,,Flame retardant polyacrylonitrile fabrics prepared by organic-inorganic hybrid silica coating via sol-gel technique,https://doi.org/10.1016/j.porgcoat.2017.07.022,NoSIcitedinallprimaryTEXTpages,,,AATCC61-2003NO1A 2nativecycles;0.37wt%detergent45min;temperatureunreported;1nativecycle5commercialequivalentsnotextrasamples,2017
10.1016/j.porgcoat.2017.07.022,,,25.4,,,,,,,,,,,,,,,Rawsourcefacts only;notpaired,2026-10-04,Codex complete native-text/table review;one primary reviewer,,Progress in Organic Coatings,"All9ownprimaryTEXTpages. OnlySiPAN/SiPPANinitialstatesacceptedatN2/air10C/min. PANcontrolT5=305/R80043.53sameexistingAPS2017.09.155;LOI18versus18.1doesnotproveindependence,bothgasrecordsheld. SiPNLOI42.1abstract/bodyversus34.1Table/conclusionunresolved,bothgasrecordsheld. N2nativeglobalTmax322/413preservedinoriginalheadingmetadata,notassignedchronologicalpeakindex;SiPintermediate324separate. AirnativeTmax1/Tmax2numberingpreserved;secondistotalcharoxidation,notinventedthirdindex. LowT5includeswater/ethanol;DSC-onset/MCCpeaksnotTG. Addon123.8%isweightgainnotfinalmassfraction. TwelvewashedLOIsnoTG. NoSIcited/noimages.",polyacrylonitrile,"Own scoured plain-woven PAN fabric400g/m2;95wt%AN/5wt%vinylacetate;JilinChemicalFiber,TianjinPolytechnic","Own scoured plain-woven PAN fabric400g/m2;95wt%AN/5wt%vinylacetate;JilinChemicalFiber,TianjinPolytechnic","Own scoured plain-woven PAN fabric400g/m2;95wt%AN/5wt%vinylacetate;JilinChemicalFiber,TianjinPolytechnic",tabulated,,held_washed_LOI_without_TG,journal_article,OwncoverDOI/title/journal;allnativeprimaryTEXTpagesreviewed,,,held_outside_verified_target,,Si-P-PAN after3nativecycles,,,,,,,,,,,,,,,,,,,,,,,Own publisher VOR,,,,,OwnTable6PDFp7;methodPDFp2,,,,,,,,,,,,,,,,,Flame retardant polyacrylonitrile fabrics prepared by organic-inorganic hybrid silica coating via sol-gel technique,https://doi.org/10.1016/j.porgcoat.2017.07.022,NoSIcitedinallprimaryTEXTpages,,,AATCC61-2003NO1A 3nativecycles;0.37wt%detergent45min;temperatureunreported;1nativecycle5commercialequivalentsnotextrasamples,2017
10.1016/j.porgcoat.2017.07.022,,,22.6,,,,,,,,,,,,,,,Rawsourcefacts only;notpaired,2026-10-04,Codex complete native-text/table review;one primary reviewer,,Progress in Organic Coatings,"All9ownprimaryTEXTpages. OnlySiPAN/SiPPANinitialstatesacceptedatN2/air10C/min. PANcontrolT5=305/R80043.53sameexistingAPS2017.09.155;LOI18versus18.1doesnotproveindependence,bothgasrecordsheld. SiPNLOI42.1abstract/bodyversus34.1Table/conclusionunresolved,bothgasrecordsheld. N2nativeglobalTmax322/413preservedinoriginalheadingmetadata,notassignedchronologicalpeakindex;SiPintermediate324separate. AirnativeTmax1/Tmax2numberingpreserved;secondistotalcharoxidation,notinventedthirdindex. LowT5includeswater/ethanol;DSC-onset/MCCpeaksnotTG. Addon123.8%isweightgainnotfinalmassfraction. TwelvewashedLOIsnoTG. NoSIcited/noimages.",polyacrylonitrile,"Own scoured plain-woven PAN fabric400g/m2;95wt%AN/5wt%vinylacetate;JilinChemicalFiber,TianjinPolytechnic","Own scoured plain-woven PAN fabric400g/m2;95wt%AN/5wt%vinylacetate;JilinChemicalFiber,TianjinPolytechnic","Own scoured plain-woven PAN fabric400g/m2;95wt%AN/5wt%vinylacetate;JilinChemicalFiber,TianjinPolytechnic",tabulated,,held_washed_LOI_without_TG,journal_article,OwncoverDOI/title/journal;allnativeprimaryTEXTpagesreviewed,,,held_outside_verified_target,,Si-P-PAN after4nativecycles,,,,,,,,,,,,,,,,,,,,,,,Own publisher VOR,,,,,OwnTable6PDFp7;methodPDFp2,,,,,,,,,,,,,,,,,Flame retardant polyacrylonitrile fabrics prepared by organic-inorganic hybrid silica coating via sol-gel technique,https://doi.org/10.1016/j.porgcoat.2017.07.022,NoSIcitedinallprimaryTEXTpages,,,AATCC61-2003NO1A 4nativecycles;0.37wt%detergent45min;temperatureunreported;1nativecycle5commercialequivalentsnotextrasamples,2017
10.1016/j.porgcoat.2017.07.022,,,29.2,,,,,,,,,,,,,,,Rawsourcefacts only;notpaired,2026-10-04,Codex complete native-text/table review;one primary reviewer,,Progress in Organic Coatings,"All9ownprimaryTEXTpages. OnlySiPAN/SiPPANinitialstatesacceptedatN2/air10C/min. PANcontrolT5=305/R80043.53sameexistingAPS2017.09.155;LOI18versus18.1doesnotproveindependence,bothgasrecordsheld. SiPNLOI42.1abstract/bodyversus34.1Table/conclusionunresolved,bothgasrecordsheld. N2nativeglobalTmax322/413preservedinoriginalheadingmetadata,notassignedchronologicalpeakindex;SiPintermediate324separate. AirnativeTmax1/Tmax2numberingpreserved;secondistotalcharoxidation,notinventedthirdindex. LowT5includeswater/ethanol;DSC-onset/MCCpeaksnotTG. Addon123.8%isweightgainnotfinalmassfraction. TwelvewashedLOIsnoTG. NoSIcited/noimages.",polyacrylonitrile,"Own scoured plain-woven PAN fabric400g/m2;95wt%AN/5wt%vinylacetate;JilinChemicalFiber,TianjinPolytechnic","Own scoured plain-woven PAN fabric400g/m2;95wt%AN/5wt%vinylacetate;JilinChemicalFiber,TianjinPolytechnic","Own scoured plain-woven PAN fabric400g/m2;95wt%AN/5wt%vinylacetate;JilinChemicalFiber,TianjinPolytechnic",tabulated,,held_washed_LOI_without_TG,journal_article,OwncoverDOI/title/journal;allnativeprimaryTEXTpagesreviewed,,,held_outside_verified_target,,Si-P-N-PAN after1nativecycles,,,,,,,,,,,,,,,,,,,,,,,Own publisher VOR,,,,,OwnTable6PDFp7;methodPDFp2,,,,,,,,,,,,,,,,,Flame retardant polyacrylonitrile fabrics prepared by organic-inorganic hybrid silica coating via sol-gel technique,https://doi.org/10.1016/j.porgcoat.2017.07.022,NoSIcitedinallprimaryTEXTpages,,,AATCC61-2003NO1A 1nativecycles;0.37wt%detergent45min;temperatureunreported;1nativecycle5commercialequivalentsnotextrasamples,2017
10.1016/j.porgcoat.2017.07.022,,,28.4,,,,,,,,,,,,,,,Rawsourcefacts only;notpaired,2026-10-04,Codex complete native-text/table review;one primary reviewer,,Progress in Organic Coatings,"All9ownprimaryTEXTpages. OnlySiPAN/SiPPANinitialstatesacceptedatN2/air10C/min. PANcontrolT5=305/R80043.53sameexistingAPS2017.09.155;LOI18versus18.1doesnotproveindependence,bothgasrecordsheld. SiPNLOI42.1abstract/bodyversus34.1Table/conclusionunresolved,bothgasrecordsheld. N2nativeglobalTmax322/413preservedinoriginalheadingmetadata,notassignedchronologicalpeakindex;SiPintermediate324separate. AirnativeTmax1/Tmax2numberingpreserved;secondistotalcharoxidation,notinventedthirdindex. LowT5includeswater/ethanol;DSC-onset/MCCpeaksnotTG. Addon123.8%isweightgainnotfinalmassfraction. TwelvewashedLOIsnoTG. NoSIcited/noimages.",polyacrylonitrile,"Own scoured plain-woven PAN fabric400g/m2;95wt%AN/5wt%vinylacetate;JilinChemicalFiber,TianjinPolytechnic","Own scoured plain-woven PAN fabric400g/m2;95wt%AN/5wt%vinylacetate;JilinChemicalFiber,TianjinPolytechnic","Own scoured plain-woven PAN fabric400g/m2;95wt%AN/5wt%vinylacetate;JilinChemicalFiber,TianjinPolytechnic",tabulated,,held_washed_LOI_without_TG,journal_article,OwncoverDOI/title/journal;allnativeprimaryTEXTpagesreviewed,,,held_outside_verified_target,,Si-P-N-PAN after2nativecycles,,,,,,,,,,,,,,,,,,,,,,,Own publisher VOR,,,,,OwnTable6PDFp7;methodPDFp2,,,,,,,,,,,,,,,,,Flame retardant polyacrylonitrile fabrics prepared by organic-inorganic hybrid silica coating via sol-gel technique,https://doi.org/10.1016/j.porgcoat.2017.07.022,NoSIcitedinallprimaryTEXTpages,,,AATCC61-2003NO1A 2nativecycles;0.37wt%detergent45min;temperatureunreported;1nativecycle5commercialequivalentsnotextrasamples,2017
10.1016/j.porgcoat.2017.07.022,,,26.5,,,,,,,,,,,,,,,Rawsourcefacts only;notpaired,2026-10-04,Codex complete native-text/table review;one primary reviewer,,Progress in Organic Coatings,"All9ownprimaryTEXTpages. OnlySiPAN/SiPPANinitialstatesacceptedatN2/air10C/min. PANcontrolT5=305/R80043.53sameexistingAPS2017.09.155;LOI18versus18.1doesnotproveindependence,bothgasrecordsheld. SiPNLOI42.1abstract/bodyversus34.1Table/conclusionunresolved,bothgasrecordsheld. N2nativeglobalTmax322/413preservedinoriginalheadingmetadata,notassignedchronologicalpeakindex;SiPintermediate324separate. AirnativeTmax1/Tmax2numberingpreserved;secondistotalcharoxidation,notinventedthirdindex. LowT5includeswater/ethanol;DSC-onset/MCCpeaksnotTG. Addon123.8%isweightgainnotfinalmassfraction. TwelvewashedLOIsnoTG. NoSIcited/noimages.",polyacrylonitrile,"Own scoured plain-woven PAN fabric400g/m2;95wt%AN/5wt%vinylacetate;JilinChemicalFiber,TianjinPolytechnic","Own scoured plain-woven PAN fabric400g/m2;95wt%AN/5wt%vinylacetate;JilinChemicalFiber,TianjinPolytechnic","Own scoured plain-woven PAN fabric400g/m2;95wt%AN/5wt%vinylacetate;JilinChemicalFiber,TianjinPolytechnic",tabulated,,held_washed_LOI_without_TG,journal_article,OwncoverDOI/title/journal;allnativeprimaryTEXTpagesreviewed,,,held_outside_verified_target,,Si-P-N-PAN after3nativecycles,,,,,,,,,,,,,,,,,,,,,,,Own publisher VOR,,,,,OwnTable6PDFp7;methodPDFp2,,,,,,,,,,,,,,,,,Flame retardant polyacrylonitrile fabrics prepared by organic-inorganic hybrid silica coating via sol-gel technique,https://doi.org/10.1016/j.porgcoat.2017.07.022,NoSIcitedinallprimaryTEXTpages,,,AATCC61-2003NO1A 3nativecycles;0.37wt%detergent45min;temperatureunreported;1nativecycle5commercialequivalentsnotextrasamples,2017
10.1016/j.porgcoat.2017.07.022,,,23.4,,,,,,,,,,,,,,,Rawsourcefacts only;notpaired,2026-10-04,Codex complete native-text/table review;one primary reviewer,,Progress in Organic Coatings,"All9ownprimaryTEXTpages. OnlySiPAN/SiPPANinitialstatesacceptedatN2/air10C/min. PANcontrolT5=305/R80043.53sameexistingAPS2017.09.155;LOI18versus18.1doesnotproveindependence,bothgasrecordsheld. SiPNLOI42.1abstract/bodyversus34.1Table/conclusionunresolved,bothgasrecordsheld. N2nativeglobalTmax322/413preservedinoriginalheadingmetadata,notassignedchronologicalpeakindex;SiPintermediate324separate. AirnativeTmax1/Tmax2numberingpreserved;secondistotalcharoxidation,notinventedthirdindex. LowT5includeswater/ethanol;DSC-onset/MCCpeaksnotTG. Addon123.8%isweightgainnotfinalmassfraction. TwelvewashedLOIsnoTG. NoSIcited/noimages.",polyacrylonitrile,"Own scoured plain-woven PAN fabric400g/m2;95wt%AN/5wt%vinylacetate;JilinChemicalFiber,TianjinPolytechnic","Own scoured plain-woven PAN fabric400g/m2;95wt%AN/5wt%vinylacetate;JilinChemicalFiber,TianjinPolytechnic","Own scoured plain-woven PAN fabric400g/m2;95wt%AN/5wt%vinylacetate;JilinChemicalFiber,TianjinPolytechnic",tabulated,,held_washed_LOI_without_TG,journal_article,OwncoverDOI/title/journal;allnativeprimaryTEXTpagesreviewed,,,held_outside_verified_target,,Si-P-N-PAN after4nativecycles,,,,,,,,,,,,,,,,,,,,,,,Own publisher VOR,,,,,OwnTable6PDFp7;methodPDFp2,,,,,,,,,,,,,,,,,Flame retardant polyacrylonitrile fabrics prepared by organic-inorganic hybrid silica coating via sol-gel technique,https://doi.org/10.1016/j.porgcoat.2017.07.022,NoSIcitedinallprimaryTEXTpages,,,AATCC61-2003NO1A 4nativecycles;0.37wt%detergent45min;temperatureunreported;1nativecycle5commercialequivalentsnotextrasamples,2017
10.1016/j.surfcoat.2006.05.002,FireInstrumentationResearchEquipmentLTD,OwnTables2/3PDFp9-10/printed2607-2608;methodPDFp4,19,ISO4589-2;editionunreported,,,,,NetzschSTA409C,650,OwnTable3PDFp10/printed2608;TGprosePDFp9/2607;methodPDFp4/2602,20,350,,320,Ar,Own120gsmcotton;Untreatedmonomer;nativeGNone%weightgainandPNone%fabricmeasurednotbathfraction,TG+LOI,2026-10-04,Codex complete native-text/table review;one primary reviewer,10,Surface and Coatings Technology,All12ownprimaryTEXTpages. ExactTable3initial120gsmcottoncontrolandfivegraftsmapTable2monomer/bath/EGDA/graftloading;allhaveargon10K/minTG. SourceonsetcriterionunknownNOTT5/T10. NativeTable3charat1060Cconflictsmethod20-650C;sixresiduemetricsheldnotchangedto650. SixTable4initialgraftloadingsdifferfromTables2/3;notaliased. Eight120gsmandthree210gsmwashedLOIslackwashedTG;210gsmLOI-onlyandhistoricPANTable6notborrowed. NeatpolymerfilmTG570CnotfabricTG. Tonset-onlymatchesdifferenttriazine/MGHP/ASXPEAchemistriesnotduplicatedPIGPformulations;LOIsdiffer. NoSIcited/noimages.,cotton,Own bleached cotton textile fabric120g/m2;separate210gsmcohort;DHJInternational/CREAT suppliers not individually mapped,Own bleached cotton textile fabric120g/m2;separate210gsmcohort;DHJInternational/CREAT suppliers not individually mapped,Own bleached cotton textile fabric120g/m2;separate210gsmcohort;DHJInternational/CREAT suppliers not individually mapped,tabulated,OwnTable3exactinitial120gsmcottonmonomer/G/P/LOI/onsetrowswithTable2matchingbath/EGDA/G;native1060Cresidueconflictexcludedonlymetric;neatfilm/historicPAN/210gsm/washedstatesnotborrowed;all12TEXTpagesreviewed.,verified_exact,journal_article,OwncoverDOI/title/journal;allnativeprimaryTEXTpagesreviewed,,,source_review_approved,11dd24c1b924af5c5c23503eb382d0419d7e2d121c43d47b2ddecc00f89d75b3,Untreated cotton120 initial Table3,,,,Replicates/LOIspecimendimensionsunreported;preparation52x140mmnotexplicitLOIspecification,,Digitaloxygenconcentrationresolution+/-0.1notstatisticalsampleuncertainty,,,,,,,,,About25,,,Unreported;plasma125sccmnotTGflow,,NativeTable3onsetofdegradation;criterionunreportedNOTT5/T10;controlproseabout320,,,Own publisher VOR,,,(Wg-W0)/W0*100afterprocessSoxhletmethanol/waterrinses,,OwnTables2/3PDFp9-10;methodsPDFp3-4,,,OwnfabricTGprosePDFp9maincellulosepyrolysisDTG350;below300physicalweightlossnotdecompositionpeak,,,,,0.72,1060,,,,,Table3/prose1060Cversusmethod20-650C;canonicalresiduemissingnotcorrectedto650,,,Flame retardancy of cotton textiles by plasma-induced graft-polymerization (PIGP),https://doi.org/10.1016/j.surfcoat.2006.05.002,NoSIcitedinallprimaryTEXTpages,Treatedgroups52x140mmcotton1min20mLmethanolmonomer5wt%BAPOwithnativeEGDA;MWargon100W15min125sccm0.66mbar;Soxhletmethanol24hthenwater24hthenairdry;untreatedcontrolnotgrafted,Owninitial120gsmTable3group;not210gsmorTable4differentgraftloadings,Initial0acceleratedlaunderingcycles;SoxhletpreparationrinsesnotMcSherrydurabilitywash,2006
10.1016/j.surfcoat.2006.05.002,,,,,,,,,,,,,,,,,,Rawsourcefacts only;notpaired,2026-10-04,Codex complete native-text/table review;one primary reviewer,,Surface and Coatings Technology,All12ownprimaryTEXTpages. ExactTable3initial120gsmcottoncontrolandfivegraftsmapTable2monomer/bath/EGDA/graftloading;allhaveargon10K/minTG. SourceonsetcriterionunknownNOTT5/T10. NativeTable3charat1060Cconflictsmethod20-650C;sixresiduemetricsheldnotchangedto650. SixTable4initialgraftloadingsdifferfromTables2/3;notaliased. Eight120gsmandthree210gsmwashedLOIslackwashedTG;210gsmLOI-onlyandhistoricPANTable6notborrowed. NeatpolymerfilmTG570CnotfabricTG. Tonset-onlymatchesdifferenttriazine/MGHP/ASXPEAchemistriesnotduplicatedPIGPformulations;LOIsdiffer. NoSIcited/noimages.,cotton,Own bleached cotton textile fabric120g/m2;separate210gsmcohort;DHJInternational/CREAT suppliers not individually mapped,Own bleached cotton textile fabric120g/m2;separate210gsmcohort;DHJInternational/CREAT suppliers not individually mapped,Own bleached cotton textile fabric120g/m2;separate210gsmcohort;DHJInternational/CREAT suppliers not individually mapped,held_source_facts,,held_residue_temperature_method_conflict,journal_article,OwncoverDOI/title/journal;allnativeprimaryTEXTpagesreviewed,,,held_outside_verified_target,,Untreated Table3 residue endpoint conflict,,,,,,,,,,,,,,,,,,,,,,,Own publisher VOR,,,,,OwnTable3PDFp10/2608;methods20-650CPDFp4,,,,,,,,0.72,1060,,,,,,,,Flame retardancy of cotton textiles by plasma-induced graft-polymerization (PIGP),https://doi.org/10.1016/j.surfcoat.2006.05.002,NoSIcitedinallprimaryTEXTpages,,,,2006
10.1016/j.surfcoat.2006.05.002,FireInstrumentationResearchEquipmentLTD,OwnTables2/3PDFp9-10/printed2607-2608;methodPDFp4,26,ISO4589-2;editionunreported,,,,,NetzschSTA409C,650,OwnTable3PDFp10/printed2608;TGprosePDFp9/2607;methodPDFp4/2602,20,,,240,Ar,Own120gsmcotton;DEAEPmonomer;nativeG28.6%weightgainandP2.75%fabricmeasurednotbathfraction,TG+LOI,2026-10-04,Codex complete native-text/table review;one primary reviewer,10,Surface and Coatings Technology,All12ownprimaryTEXTpages. ExactTable3initial120gsmcottoncontrolandfivegraftsmapTable2monomer/bath/EGDA/graftloading;allhaveargon10K/minTG. SourceonsetcriterionunknownNOTT5/T10. NativeTable3charat1060Cconflictsmethod20-650C;sixresiduemetricsheldnotchangedto650. SixTable4initialgraftloadingsdifferfromTables2/3;notaliased. Eight120gsmandthree210gsmwashedLOIslackwashedTG;210gsmLOI-onlyandhistoricPANTable6notborrowed. NeatpolymerfilmTG570CnotfabricTG. Tonset-onlymatchesdifferenttriazine/MGHP/ASXPEAchemistriesnotduplicatedPIGPformulations;LOIsdiffer. NoSIcited/noimages.,cotton,Own bleached cotton textile fabric120g/m2;separate210gsmcohort;DHJInternational/CREAT suppliers not individually mapped,Own bleached cotton textile fabric120g/m2;separate210gsmcohort;DHJInternational/CREAT suppliers not individually mapped,Own bleached cotton textile fabric120g/m2;separate210gsmcohort;DHJInternational/CREAT suppliers not individually mapped,tabulated,OwnTable3exactinitial120gsmcottonmonomer/G/P/LOI/onsetrowswithTable2matchingbath/EGDA/G;native1060Cresidueconflictexcludedonlymetric;neatfilm/historicPAN/210gsm/washedstatesnotborrowed;all12TEXTpagesreviewed.,verified_exact,journal_article,OwncoverDOI/title/journal;allnativeprimaryTEXTpagesreviewed,,,source_review_approved,3e199e6921382a0fd3383868bfc0532f65ead4e86702ab5d3b216b39649e48ee,DEAEP cotton120 initial Table3,,5,,Replicates/LOIspecimendimensionsunreported;preparation52x140mmnotexplicitLOIspecification,,Digitaloxygenconcentrationresolution+/-0.1notstatisticalsampleuncertainty,,,,,2.75,,,,About25,,,Unreported;plasma125sccmnotTGflow,,NativeTable3onsetofdegradation;criterionunreportedNOTT5/T10;controlproseabout320,,,Own publisher VOR,,,(Wg-W0)/W0*100afterprocessSoxhletmethanol/waterrinses,28.6,OwnTables2/3PDFp9-10;methodsPDFp3-4,300,,,,,,,16.3,1060,,,,,Table3/prose1060Cversusmethod20-650C;canonicalresiduemissingnotcorrectedto650,,,Flame retardancy of cotton textiles by plasma-induced graft-polymerization (PIGP),https://doi.org/10.1016/j.surfcoat.2006.05.002,NoSIcitedinallprimaryTEXTpages,Treatedgroups52x140mmcotton1min20mLmethanolmonomer5wt%BAPOwithnativeEGDA;MWargon100W15min125sccm0.66mbar;Soxhletmethanol24hthenwater24hthenairdry;untreatedcontrolnotgrafted,Owninitial120gsmTable3group;not210gsmorTable4differentgraftloadings,Initial0acceleratedlaunderingcycles;SoxhletpreparationrinsesnotMcSherrydurabilitywash,2006
10.1016/j.surfcoat.2006.05.002,,,,,,,,,,,,,,,,,,Rawsourcefacts only;notpaired,2026-10-04,Codex complete native-text/table review;one primary reviewer,,Surface and Coatings Technology,All12ownprimaryTEXTpages. ExactTable3initial120gsmcottoncontrolandfivegraftsmapTable2monomer/bath/EGDA/graftloading;allhaveargon10K/minTG. SourceonsetcriterionunknownNOTT5/T10. NativeTable3charat1060Cconflictsmethod20-650C;sixresiduemetricsheldnotchangedto650. SixTable4initialgraftloadingsdifferfromTables2/3;notaliased. Eight120gsmandthree210gsmwashedLOIslackwashedTG;210gsmLOI-onlyandhistoricPANTable6notborrowed. NeatpolymerfilmTG570CnotfabricTG. Tonset-onlymatchesdifferenttriazine/MGHP/ASXPEAchemistriesnotduplicatedPIGPformulations;LOIsdiffer. NoSIcited/noimages.,cotton,Own bleached cotton textile fabric120g/m2;separate210gsmcohort;DHJInternational/CREAT suppliers not individually mapped,Own bleached cotton textile fabric120g/m2;separate210gsmcohort;DHJInternational/CREAT suppliers not individually mapped,Own bleached cotton textile fabric120g/m2;separate210gsmcohort;DHJInternational/CREAT suppliers not individually mapped,held_source_facts,,held_residue_temperature_method_conflict,journal_article,OwncoverDOI/title/journal;allnativeprimaryTEXTpagesreviewed,,,held_outside_verified_target,,DEAEP Table3 residue endpoint conflict,,,,,,,,,,,,,,,,,,,,,,,Own publisher VOR,,,,,OwnTable3PDFp10/2608;methods20-650CPDFp4,,,,,,,,16.3,1060,,,,,,,,Flame retardancy of cotton textiles by plasma-induced graft-polymerization (PIGP),https://doi.org/10.1016/j.surfcoat.2006.05.002,NoSIcitedinallprimaryTEXTpages,,,,2006
10.1016/j.surfcoat.2006.05.002,FireInstrumentationResearchEquipmentLTD,OwnTables2/3PDFp9-10/printed2607-2608;methodPDFp4,23,ISO4589-2;editionunreported,,,,,NetzschSTA409C,650,OwnTable3PDFp10/printed2608;TGprosePDFp9/2607;methodPDFp4/2602,20,,,250,Ar,Own120gsmcotton;DEAMPmonomer;nativeG34.7%weightgainandP3.28%fabricmeasurednotbathfraction,TG+LOI,2026-10-04,Codex complete native-text/table review;one primary reviewer,10,Surface and Coatings Technology,All12ownprimaryTEXTpages. ExactTable3initial120gsmcottoncontrolandfivegraftsmapTable2monomer/bath/EGDA/graftloading;allhaveargon10K/minTG. SourceonsetcriterionunknownNOTT5/T10. NativeTable3charat1060Cconflictsmethod20-650C;sixresiduemetricsheldnotchangedto650. SixTable4initialgraftloadingsdifferfromTables2/3;notaliased. Eight120gsmandthree210gsmwashedLOIslackwashedTG;210gsmLOI-onlyandhistoricPANTable6notborrowed. NeatpolymerfilmTG570CnotfabricTG. Tonset-onlymatchesdifferenttriazine/MGHP/ASXPEAchemistriesnotduplicatedPIGPformulations;LOIsdiffer. NoSIcited/noimages.,cotton,Own bleached cotton textile fabric120g/m2;separate210gsmcohort;DHJInternational/CREAT suppliers not individually mapped,Own bleached cotton textile fabric120g/m2;separate210gsmcohort;DHJInternational/CREAT suppliers not individually mapped,Own bleached cotton textile fabric120g/m2;separate210gsmcohort;DHJInternational/CREAT suppliers not individually mapped,tabulated,OwnTable3exactinitial120gsmcottonmonomer/G/P/LOI/onsetrowswithTable2matchingbath/EGDA/G;native1060Cresidueconflictexcludedonlymetric;neatfilm/historicPAN/210gsm/washedstatesnotborrowed;all12TEXTpagesreviewed.,verified_exact,journal_article,OwncoverDOI/title/journal;allnativeprimaryTEXTpagesreviewed,,,source_review_approved,fd1b45ebe70c8ffba4f07fb2fe41780d88410c8002199cec76d16f9410f84b2a,DEAMP cotton120 initial Table3,,5,,Replicates/LOIspecimendimensionsunreported;preparation52x140mmnotexplicitLOIspecification,,Digitaloxygenconcentrationresolution+/-0.1notstatisticalsampleuncertainty,,,,,3.28,,,,About25,,,Unreported;plasma125sccmnotTGflow,,NativeTable3onsetofdegradation;criterionunreportedNOTT5/T10;controlproseabout320,,,Own publisher VOR,,,(Wg-W0)/W0*100afterprocessSoxhletmethanol/waterrinses,34.7,OwnTables2/3PDFp9-10;methodsPDFp3-4,300,,,,,,,23.4,1060,,,,,Table3/prose1060Cversusmethod20-650C;canonicalresiduemissingnotcorrectedto650,,,Flame retardancy of cotton textiles by plasma-induced graft-polymerization (PIGP),https://doi.org/10.1016/j.surfcoat.2006.05.002,NoSIcitedinallprimaryTEXTpages,Treatedgroups52x140mmcotton1min20mLmethanolmonomer5wt%BAPOwithnativeEGDA;MWargon100W15min125sccm0.66mbar;Soxhletmethanol24hthenwater24hthenairdry;untreatedcontrolnotgrafted,Owninitial120gsmTable3group;not210gsmorTable4differentgraftloadings,Initial0acceleratedlaunderingcycles;SoxhletpreparationrinsesnotMcSherrydurabilitywash,2006
10.1016/j.surfcoat.2006.05.002,,,,,,,,,,,,,,,,,,Rawsourcefacts only;notpaired,2026-10-04,Codex complete native-text/table review;one primary reviewer,,Surface and Coatings Technology,All12ownprimaryTEXTpages. ExactTable3initial120gsmcottoncontrolandfivegraftsmapTable2monomer/bath/EGDA/graftloading;allhaveargon10K/minTG. SourceonsetcriterionunknownNOTT5/T10. NativeTable3charat1060Cconflictsmethod20-650C;sixresiduemetricsheldnotchangedto650. SixTable4initialgraftloadingsdifferfromTables2/3;notaliased. Eight120gsmandthree210gsmwashedLOIslackwashedTG;210gsmLOI-onlyandhistoricPANTable6notborrowed. NeatpolymerfilmTG570CnotfabricTG. Tonset-onlymatchesdifferenttriazine/MGHP/ASXPEAchemistriesnotduplicatedPIGPformulations;LOIsdiffer. NoSIcited/noimages.,cotton,Own bleached cotton textile fabric120g/m2;separate210gsmcohort;DHJInternational/CREAT suppliers not individually mapped,Own bleached cotton textile fabric120g/m2;separate210gsmcohort;DHJInternational/CREAT suppliers not individually mapped,Own bleached cotton textile fabric120g/m2;separate210gsmcohort;DHJInternational/CREAT suppliers not individually mapped,held_source_facts,,held_residue_temperature_method_conflict,journal_article,OwncoverDOI/title/journal;allnativeprimaryTEXTpagesreviewed,,,held_outside_verified_target,,DEAMP Table3 residue endpoint conflict,,,,,,,,,,,,,,,,,,,,,,,Own publisher VOR,,,,,OwnTable3PDFp10/2608;methods20-650CPDFp4,,,,,,,,23.4,1060,,,,,,,,Flame retardancy of cotton textiles by plasma-induced graft-polymerization (PIGP),https://doi.org/10.1016/j.surfcoat.2006.05.002,NoSIcitedinallprimaryTEXTpages,,,,2006
10.1016/j.surfcoat.2006.05.002,FireInstrumentationResearchEquipmentLTD,OwnTables2/3PDFp9-10/printed2607-2608;methodPDFp4,26,ISO4589-2;editionunreported,,,,,NetzschSTA409C,650,OwnTable3PDFp10/printed2608;TGprosePDFp9/2607;methodPDFp4/2602,20,,,245,Ar,Own120gsmcotton;DMAMPmonomer;nativeG37.8%weightgainandP4.1%fabricmeasurednotbathfraction,TG+LOI,2026-10-04,Codex complete native-text/table review;one primary reviewer,10,Surface and Coatings Technology,All12ownprimaryTEXTpages. ExactTable3initial120gsmcottoncontrolandfivegraftsmapTable2monomer/bath/EGDA/graftloading;allhaveargon10K/minTG. SourceonsetcriterionunknownNOTT5/T10. NativeTable3charat1060Cconflictsmethod20-650C;sixresiduemetricsheldnotchangedto650. SixTable4initialgraftloadingsdifferfromTables2/3;notaliased. Eight120gsmandthree210gsmwashedLOIslackwashedTG;210gsmLOI-onlyandhistoricPANTable6notborrowed. NeatpolymerfilmTG570CnotfabricTG. Tonset-onlymatchesdifferenttriazine/MGHP/ASXPEAchemistriesnotduplicatedPIGPformulations;LOIsdiffer. NoSIcited/noimages.,cotton,Own bleached cotton textile fabric120g/m2;separate210gsmcohort;DHJInternational/CREAT suppliers not individually mapped,Own bleached cotton textile fabric120g/m2;separate210gsmcohort;DHJInternational/CREAT suppliers not individually mapped,Own bleached cotton textile fabric120g/m2;separate210gsmcohort;DHJInternational/CREAT suppliers not individually mapped,tabulated,OwnTable3exactinitial120gsmcottonmonomer/G/P/LOI/onsetrowswithTable2matchingbath/EGDA/G;native1060Cresidueconflictexcludedonlymetric;neatfilm/historicPAN/210gsm/washedstatesnotborrowed;all12TEXTpagesreviewed.,verified_exact,journal_article,OwncoverDOI/title/journal;allnativeprimaryTEXTpagesreviewed,,,source_review_approved,994a5b1118dc0d1a11165c3c43cde58832fb140a0dbd32952740e51fc7d85893,DMAMP cotton120 initial Table3,,5,,Replicates/LOIspecimendimensionsunreported;preparation52x140mmnotexplicitLOIspecification,,Digitaloxygenconcentrationresolution+/-0.1notstatisticalsampleuncertainty,,,,,4.1,,,,About25,,,Unreported;plasma125sccmnotTGflow,,NativeTable3onsetofdegradation;criterionunreportedNOTT5/T10;controlproseabout320,,,Own publisher VOR,,,(Wg-W0)/W0*100afterprocessSoxhletmethanol/waterrinses,37.8,OwnTables2/3PDFp9-10;methodsPDFp3-4,300,,,,,,,25.8,1060,,,,,Table3/prose1060Cversusmethod20-650C;canonicalresiduemissingnotcorrectedto650,,,Flame retardancy of cotton textiles by plasma-induced graft-polymerization (PIGP),https://doi.org/10.1016/j.surfcoat.2006.05.002,NoSIcitedinallprimaryTEXTpages,Treatedgroups52x140mmcotton1min20mLmethanolmonomer5wt%BAPOwithnativeEGDA;MWargon100W15min125sccm0.66mbar;Soxhletmethanol24hthenwater24hthenairdry;untreatedcontrolnotgrafted,Owninitial120gsmTable3group;not210gsmorTable4differentgraftloadings,Initial0acceleratedlaunderingcycles;SoxhletpreparationrinsesnotMcSherrydurabilitywash,2006
10.1016/j.surfcoat.2006.05.002,,,,,,,,,,,,,,,,,,Rawsourcefacts only;notpaired,2026-10-04,Codex complete native-text/table review;one primary reviewer,,Surface and Coatings Technology,All12ownprimaryTEXTpages. ExactTable3initial120gsmcottoncontrolandfivegraftsmapTable2monomer/bath/EGDA/graftloading;allhaveargon10K/minTG. SourceonsetcriterionunknownNOTT5/T10. NativeTable3charat1060Cconflictsmethod20-650C;sixresiduemetricsheldnotchangedto650. SixTable4initialgraftloadingsdifferfromTables2/3;notaliased. Eight120gsmandthree210gsmwashedLOIslackwashedTG;210gsmLOI-onlyandhistoricPANTable6notborrowed. NeatpolymerfilmTG570CnotfabricTG. Tonset-onlymatchesdifferenttriazine/MGHP/ASXPEAchemistriesnotduplicatedPIGPformulations;LOIsdiffer. NoSIcited/noimages.,cotton,Own bleached cotton textile fabric120g/m2;separate210gsmcohort;DHJInternational/CREAT suppliers not individually mapped,Own bleached cotton textile fabric120g/m2;separate210gsmcohort;DHJInternational/CREAT suppliers not individually mapped,Own bleached cotton textile fabric120g/m2;separate210gsmcohort;DHJInternational/CREAT suppliers not individually mapped,held_source_facts,,held_residue_temperature_method_conflict,journal_article,OwncoverDOI/title/journal;allnativeprimaryTEXTpagesreviewed,,,held_outside_verified_target,,DMAMP Table3 residue endpoint conflict,,,,,,,,,,,,,,,,,,,,,,,Own publisher VOR,,,,,OwnTable3PDFp10/2608;methods20-650CPDFp4,,,,,,,,25.8,1060,,,,,,,,Flame retardancy of cotton textiles by plasma-induced graft-polymerization (PIGP),https://doi.org/10.1016/j.surfcoat.2006.05.002,NoSIcitedinallprimaryTEXTpages,,,,2006
10.1016/j.surfcoat.2006.05.002,FireInstrumentationResearchEquipmentLTD,OwnTables2/3PDFp9-10/printed2607-2608;methodPDFp4,27.5,ISO4589-2;editionunreported,,,,,NetzschSTA409C,650,OwnTable3PDFp10/printed2608;TGprosePDFp9/2607;methodPDFp4/2602,20,,,232,Ar,Own120gsmcotton;DEAEPNmonomer;nativeG32.4%weightgainandP2.77%fabricmeasurednotbathfraction,TG+LOI,2026-10-04,Codex complete native-text/table review;one primary reviewer,10,Surface and Coatings Technology,All12ownprimaryTEXTpages. ExactTable3initial120gsmcottoncontrolandfivegraftsmapTable2monomer/bath/EGDA/graftloading;allhaveargon10K/minTG. SourceonsetcriterionunknownNOTT5/T10. NativeTable3charat1060Cconflictsmethod20-650C;sixresiduemetricsheldnotchangedto650. SixTable4initialgraftloadingsdifferfromTables2/3;notaliased. Eight120gsmandthree210gsmwashedLOIslackwashedTG;210gsmLOI-onlyandhistoricPANTable6notborrowed. NeatpolymerfilmTG570CnotfabricTG. Tonset-onlymatchesdifferenttriazine/MGHP/ASXPEAchemistriesnotduplicatedPIGPformulations;LOIsdiffer. NoSIcited/noimages.,cotton,Own bleached cotton textile fabric120g/m2;separate210gsmcohort;DHJInternational/CREAT suppliers not individually mapped,Own bleached cotton textile fabric120g/m2;separate210gsmcohort;DHJInternational/CREAT suppliers not individually mapped,Own bleached cotton textile fabric120g/m2;separate210gsmcohort;DHJInternational/CREAT suppliers not individually mapped,tabulated,OwnTable3exactinitial120gsmcottonmonomer/G/P/LOI/onsetrowswithTable2matchingbath/EGDA/G;native1060Cresidueconflictexcludedonlymetric;neatfilm/historicPAN/210gsm/washedstatesnotborrowed;all12TEXTpagesreviewed.,verified_exact,journal_article,OwncoverDOI/title/journal;allnativeprimaryTEXTpagesreviewed,,,source_review_approved,cf58cc95106b64ff5cca16a9f8e2b0adcf6360b38bd5b2f6d89764db8fcc9abd,DEAEPN cotton120 initial Table3,,10,,Replicates/LOIspecimendimensionsunreported;preparation52x140mmnotexplicitLOIspecification,,Digitaloxygenconcentrationresolution+/-0.1notstatisticalsampleuncertainty,,,,,2.77,,,,About25,,,Unreported;plasma125sccmnotTGflow,,NativeTable3onsetofdegradation;criterionunreportedNOTT5/T10;controlproseabout320,,,Own publisher VOR,,,(Wg-W0)/W0*100afterprocessSoxhletmethanol/waterrinses,32.4,OwnTables2/3PDFp9-10;methodsPDFp3-4,200,,,,,,,21.1,1060,,,,,Table3/prose1060Cversusmethod20-650C;canonicalresiduemissingnotcorrectedto650,,,Flame retardancy of cotton textiles by plasma-induced graft-polymerization (PIGP),https://doi.org/10.1016/j.surfcoat.2006.05.002,NoSIcitedinallprimaryTEXTpages,Treatedgroups52x140mmcotton1min20mLmethanolmonomer5wt%BAPOwithnativeEGDA;MWargon100W15min125sccm0.66mbar;Soxhletmethanol24hthenwater24hthenairdry;untreatedcontrolnotgrafted,Owninitial120gsmTable3group;not210gsmorTable4differentgraftloadings,Initial0acceleratedlaunderingcycles;SoxhletpreparationrinsesnotMcSherrydurabilitywash,2006
10.1016/j.surfcoat.2006.05.002,,,,,,,,,,,,,,,,,,Rawsourcefacts only;notpaired,2026-10-04,Codex complete native-text/table review;one primary reviewer,,Surface and Coatings Technology,All12ownprimaryTEXTpages. ExactTable3initial120gsmcottoncontrolandfivegraftsmapTable2monomer/bath/EGDA/graftloading;allhaveargon10K/minTG. SourceonsetcriterionunknownNOTT5/T10. NativeTable3charat1060Cconflictsmethod20-650C;sixresiduemetricsheldnotchangedto650. SixTable4initialgraftloadingsdifferfromTables2/3;notaliased. Eight120gsmandthree210gsmwashedLOIslackwashedTG;210gsmLOI-onlyandhistoricPANTable6notborrowed. NeatpolymerfilmTG570CnotfabricTG. Tonset-onlymatchesdifferenttriazine/MGHP/ASXPEAchemistriesnotduplicatedPIGPformulations;LOIsdiffer. NoSIcited/noimages.,cotton,Own bleached cotton textile fabric120g/m2;separate210gsmcohort;DHJInternational/CREAT suppliers not individually mapped,Own bleached cotton textile fabric120g/m2;separate210gsmcohort;DHJInternational/CREAT suppliers not individually mapped,Own bleached cotton textile fabric120g/m2;separate210gsmcohort;DHJInternational/CREAT suppliers not individually mapped,held_source_facts,,held_residue_temperature_method_conflict,journal_article,OwncoverDOI/title/journal;allnativeprimaryTEXTpagesreviewed,,,held_outside_verified_target,,DEAEPN Table3 residue endpoint conflict,,,,,,,,,,,,,,,,,,,,,,,Own publisher VOR,,,,,OwnTable3PDFp10/2608;methods20-650CPDFp4,,,,,,,,21.1,1060,,,,,,,,Flame retardancy of cotton textiles by plasma-induced graft-polymerization (PIGP),https://doi.org/10.1016/j.surfcoat.2006.05.002,NoSIcitedinallprimaryTEXTpages,,,,2006
10.1016/j.surfcoat.2006.05.002,FireInstrumentationResearchEquipmentLTD,OwnTables2/3PDFp9-10/printed2607-2608;methodPDFp4,29.5,ISO4589-2;editionunreported,,,,,NetzschSTA409C,650,OwnTable3PDFp10/printed2608;TGprosePDFp9/2607;methodPDFp4/2602,20,,,223,Ar,Own120gsmcotton;BisDEAEPNmonomer;nativeG29.7%weightgainandP3.29%fabricmeasurednotbathfraction,TG+LOI,2026-10-04,Codex complete native-text/table review;one primary reviewer,10,Surface and Coatings Technology,All12ownprimaryTEXTpages. ExactTable3initial120gsmcottoncontrolandfivegraftsmapTable2monomer/bath/EGDA/graftloading;allhaveargon10K/minTG. SourceonsetcriterionunknownNOTT5/T10. NativeTable3charat1060Cconflictsmethod20-650C;sixresiduemetricsheldnotchangedto650. SixTable4initialgraftloadingsdifferfromTables2/3;notaliased. Eight120gsmandthree210gsmwashedLOIslackwashedTG;210gsmLOI-onlyandhistoricPANTable6notborrowed. NeatpolymerfilmTG570CnotfabricTG. Tonset-onlymatchesdifferenttriazine/MGHP/ASXPEAchemistriesnotduplicatedPIGPformulations;LOIsdiffer. NoSIcited/noimages.,cotton,Own bleached cotton textile fabric120g/m2;separate210gsmcohort;DHJInternational/CREAT suppliers not individually mapped,Own bleached cotton textile fabric120g/m2;separate210gsmcohort;DHJInternational/CREAT suppliers not individually mapped,Own bleached cotton textile fabric120g/m2;separate210gsmcohort;DHJInternational/CREAT suppliers not individually mapped,tabulated,OwnTable3exactinitial120gsmcottonmonomer/G/P/LOI/onsetrowswithTable2matchingbath/EGDA/G;native1060Cresidueconflictexcludedonlymetric;neatfilm/historicPAN/210gsm/washedstatesnotborrowed;all12TEXTpagesreviewed.,verified_exact,journal_article,OwncoverDOI/title/journal;allnativeprimaryTEXTpagesreviewed,,,source_review_approved,0b5b26f4392cbe7ec740b60b0592c42f9875c5c3184eaa2e83e8a2fb39bc9b07,BisDEAEPN cotton120 initial Table3,,5,,Replicates/LOIspecimendimensionsunreported;preparation52x140mmnotexplicitLOIspecification,,Digitaloxygenconcentrationresolution+/-0.1notstatisticalsampleuncertainty,,,,,3.29,,,,About25,,,Unreported;plasma125sccmnotTGflow,,NativeTable3onsetofdegradation;criterionunreportedNOTT5/T10;controlproseabout320,,,Own publisher VOR,,,(Wg-W0)/W0*100afterprocessSoxhletmethanol/waterrinses,29.7,OwnTables2/3PDFp9-10;methodsPDFp3-4,200,,,,,,,23.4,1060,,,,,Table3/prose1060Cversusmethod20-650C;canonicalresiduemissingnotcorrectedto650,,,Flame retardancy of cotton textiles by plasma-induced graft-polymerization (PIGP),https://doi.org/10.1016/j.surfcoat.2006.05.002,NoSIcitedinallprimaryTEXTpages,Treatedgroups52x140mmcotton1min20mLmethanolmonomer5wt%BAPOwithnativeEGDA;MWargon100W15min125sccm0.66mbar;Soxhletmethanol24hthenwater24hthenairdry;untreatedcontrolnotgrafted,Owninitial120gsmTable3group;not210gsmorTable4differentgraftloadings,Initial0acceleratedlaunderingcycles;SoxhletpreparationrinsesnotMcSherrydurabilitywash,2006
10.1016/j.surfcoat.2006.05.002,,,,,,,,,,,,,,,,,,Rawsourcefacts only;notpaired,2026-10-04,Codex complete native-text/table review;one primary reviewer,,Surface and Coatings Technology,All12ownprimaryTEXTpages. ExactTable3initial120gsmcottoncontrolandfivegraftsmapTable2monomer/bath/EGDA/graftloading;allhaveargon10K/minTG. SourceonsetcriterionunknownNOTT5/T10. NativeTable3charat1060Cconflictsmethod20-650C;sixresiduemetricsheldnotchangedto650. SixTable4initialgraftloadingsdifferfromTables2/3;notaliased. Eight120gsmandthree210gsmwashedLOIslackwashedTG;210gsmLOI-onlyandhistoricPANTable6notborrowed. NeatpolymerfilmTG570CnotfabricTG. Tonset-onlymatchesdifferenttriazine/MGHP/ASXPEAchemistriesnotduplicatedPIGPformulations;LOIsdiffer. NoSIcited/noimages.,cotton,Own bleached cotton textile fabric120g/m2;separate210gsmcohort;DHJInternational/CREAT suppliers not individually mapped,Own bleached cotton textile fabric120g/m2;separate210gsmcohort;DHJInternational/CREAT suppliers not individually mapped,Own bleached cotton textile fabric120g/m2;separate210gsmcohort;DHJInternational/CREAT suppliers not individually mapped,held_source_facts,,held_residue_temperature_method_conflict,journal_article,OwncoverDOI/title/journal;allnativeprimaryTEXTpagesreviewed,,,held_outside_verified_target,,BisDEAEPN Table3 residue endpoint conflict,,,,,,,,,,,,,,,,,,,,,,,Own publisher VOR,,,,,OwnTable3PDFp10/2608;methods20-650CPDFp4,,,,,,,,23.4,1060,,,,,,,,Flame retardancy of cotton textiles by plasma-induced graft-polymerization (PIGP),https://doi.org/10.1016/j.surfcoat.2006.05.002,NoSIcitedinallprimaryTEXTpages,,,,2006
10.1016/j.surfcoat.2006.05.002,,,19,,,,,,,,,,,,,,,Rawsourcefacts only;notpaired,2026-10-04,Codex complete native-text/table review;one primary reviewer,,Surface and Coatings Technology,All12ownprimaryTEXTpages. ExactTable3initial120gsmcottoncontrolandfivegraftsmapTable2monomer/bath/EGDA/graftloading;allhaveargon10K/minTG. SourceonsetcriterionunknownNOTT5/T10. NativeTable3charat1060Cconflictsmethod20-650C;sixresiduemetricsheldnotchangedto650. SixTable4initialgraftloadingsdifferfromTables2/3;notaliased. Eight120gsmandthree210gsmwashedLOIslackwashedTG;210gsmLOI-onlyandhistoricPANTable6notborrowed. NeatpolymerfilmTG570CnotfabricTG. Tonset-onlymatchesdifferenttriazine/MGHP/ASXPEAchemistriesnotduplicatedPIGPformulations;LOIsdiffer. NoSIcited/noimages.,cotton,Own bleached cotton textile fabric120g/m2;separate210gsmcohort;DHJInternational/CREAT suppliers not individually mapped,Own bleached cotton textile fabric120g/m2;separate210gsmcohort;DHJInternational/CREAT suppliers not individually mapped,Own bleached cotton textile fabric120g/m2;separate210gsmcohort;DHJInternational/CREAT suppliers not individually mapped,tabulated,,held_LOI_without_exact_fabric_TG,journal_article,OwncoverDOI/title/journal;allnativeprimaryTEXTpagesreviewed,,,held_outside_verified_target,,DEMEP cotton120 Table2 bath200EGDANoneGNone,,,,,,,,,,,,,,,,,,,,,,,Own publisher VOR,,,,,OwnTable2PDFp9/2607;ownTable3differentselectedloading,200,,,,,,,,,,,,,,,,Flame retardancy of cotton textiles by plasma-induced graft-polymerization (PIGP),https://doi.org/10.1016/j.surfcoat.2006.05.002,NoSIcitedinallprimaryTEXTpages,,,,2006
10.1016/j.surfcoat.2006.05.002,,,21,,,,,,,,,,,,,,,Rawsourcefacts only;notpaired,2026-10-04,Codex complete native-text/table review;one primary reviewer,,Surface and Coatings Technology,All12ownprimaryTEXTpages. ExactTable3initial120gsmcottoncontrolandfivegraftsmapTable2monomer/bath/EGDA/graftloading;allhaveargon10K/minTG. SourceonsetcriterionunknownNOTT5/T10. NativeTable3charat1060Cconflictsmethod20-650C;sixresiduemetricsheldnotchangedto650. SixTable4initialgraftloadingsdifferfromTables2/3;notaliased. Eight120gsmandthree210gsmwashedLOIslackwashedTG;210gsmLOI-onlyandhistoricPANTable6notborrowed. NeatpolymerfilmTG570CnotfabricTG. Tonset-onlymatchesdifferenttriazine/MGHP/ASXPEAchemistriesnotduplicatedPIGPformulations;LOIsdiffer. NoSIcited/noimages.,cotton,Own bleached cotton textile fabric120g/m2;separate210gsmcohort;DHJInternational/CREAT suppliers not individually mapped,Own bleached cotton textile fabric120g/m2;separate210gsmcohort;DHJInternational/CREAT suppliers not individually mapped,Own bleached cotton textile fabric120g/m2;separate210gsmcohort;DHJInternational/CREAT suppliers not individually mapped,tabulated,,held_LOI_without_exact_fabric_TG,journal_article,OwncoverDOI/title/journal;allnativeprimaryTEXTpagesreviewed,,,held_outside_verified_target,,DEMEP cotton120 Table2 bath200EGDA10G6.3,,10,,,,,,,,,,,,,,,,,,,,,Own publisher VOR,,,,6.3,OwnTable2PDFp9/2607;ownTable3differentselectedloading,200,,,,,,,,,,,,,,,,Flame retardancy of cotton textiles by plasma-induced graft-polymerization (PIGP),https://doi.org/10.1016/j.surfcoat.2006.05.002,NoSIcitedinallprimaryTEXTpages,,,,2006
10.1016/j.surfcoat.2006.05.002,,,24.5,,,,,,,,,,,,,,,Rawsourcefacts only;notpaired,2026-10-04,Codex complete native-text/table review;one primary reviewer,,Surface and Coatings Technology,All12ownprimaryTEXTpages. ExactTable3initial120gsmcottoncontrolandfivegraftsmapTable2monomer/bath/EGDA/graftloading;allhaveargon10K/minTG. SourceonsetcriterionunknownNOTT5/T10. NativeTable3charat1060Cconflictsmethod20-650C;sixresiduemetricsheldnotchangedto650. SixTable4initialgraftloadingsdifferfromTables2/3;notaliased. Eight120gsmandthree210gsmwashedLOIslackwashedTG;210gsmLOI-onlyandhistoricPANTable6notborrowed. NeatpolymerfilmTG570CnotfabricTG. Tonset-onlymatchesdifferenttriazine/MGHP/ASXPEAchemistriesnotduplicatedPIGPformulations;LOIsdiffer. NoSIcited/noimages.,cotton,Own bleached cotton textile fabric120g/m2;separate210gsmcohort;DHJInternational/CREAT suppliers not individually mapped,Own bleached cotton textile fabric120g/m2;separate210gsmcohort;DHJInternational/CREAT suppliers not individually mapped,Own bleached cotton textile fabric120g/m2;separate210gsmcohort;DHJInternational/CREAT suppliers not individually mapped,tabulated,,held_LOI_without_exact_fabric_TG,journal_article,OwncoverDOI/title/journal;allnativeprimaryTEXTpagesreviewed,,,held_outside_verified_target,,DEMEP cotton120 Table2 bath300EGDA10G19.3,,10,,,,,,,,,1.96,,,,,,,,,,,,Own publisher VOR,,,,19.3,OwnTable2PDFp9/2607;ownTable3differentselectedloading,300,,,,,,,,,,,,,,,,Flame retardancy of cotton textiles by plasma-induced graft-polymerization (PIGP),https://doi.org/10.1016/j.surfcoat.2006.05.002,NoSIcitedinallprimaryTEXTpages,,,,2006
10.1016/j.surfcoat.2006.05.002,,,,,,,,,,,,,,,,,,Rawsourcefacts only;notpaired,2026-10-04,Codex complete native-text/table review;one primary reviewer,,Surface and Coatings Technology,All12ownprimaryTEXTpages. ExactTable3initial120gsmcottoncontrolandfivegraftsmapTable2monomer/bath/EGDA/graftloading;allhaveargon10K/minTG. SourceonsetcriterionunknownNOTT5/T10. NativeTable3charat1060Cconflictsmethod20-650C;sixresiduemetricsheldnotchangedto650. SixTable4initialgraftloadingsdifferfromTables2/3;notaliased. Eight120gsmandthree210gsmwashedLOIslackwashedTG;210gsmLOI-onlyandhistoricPANTable6notborrowed. NeatpolymerfilmTG570CnotfabricTG. Tonset-onlymatchesdifferenttriazine/MGHP/ASXPEAchemistriesnotduplicatedPIGPformulations;LOIsdiffer. NoSIcited/noimages.,cotton,Own bleached cotton textile fabric120g/m2;separate210gsmcohort;DHJInternational/CREAT suppliers not individually mapped,Own bleached cotton textile fabric120g/m2;separate210gsmcohort;DHJInternational/CREAT suppliers not individually mapped,Own bleached cotton textile fabric120g/m2;separate210gsmcohort;DHJInternational/CREAT suppliers not individually mapped,tabulated,,held_LOI_without_exact_fabric_TG,journal_article,OwncoverDOI/title/journal;allnativeprimaryTEXTpagesreviewed,,,held_outside_verified_target,,DEMEP cotton120 Table2 bath300EGDA20G29.2,,20,,,,,,,,,,,,,,,,,,,,,Own publisher VOR,,,,29.2,OwnTable2PDFp9/2607;ownTable3differentselectedloading,300,,,,25.5-26,,,,,,,,,,,,Flame retardancy of cotton textiles by plasma-induced graft-polymerization (PIGP),https://doi.org/10.1016/j.surfcoat.2006.05.002,NoSIcitedinallprimaryTEXTpages,,,,2006
10.1016/j.surfcoat.2006.05.002,,,21.5,,,,,,,,,,,,,,,Rawsourcefacts only;notpaired,2026-10-04,Codex complete native-text/table review;one primary reviewer,,Surface and Coatings Technology,All12ownprimaryTEXTpages. ExactTable3initial120gsmcottoncontrolandfivegraftsmapTable2monomer/bath/EGDA/graftloading;allhaveargon10K/minTG. SourceonsetcriterionunknownNOTT5/T10. NativeTable3charat1060Cconflictsmethod20-650C;sixresiduemetricsheldnotchangedto650. SixTable4initialgraftloadingsdifferfromTables2/3;notaliased. Eight120gsmandthree210gsmwashedLOIslackwashedTG;210gsmLOI-onlyandhistoricPANTable6notborrowed. NeatpolymerfilmTG570CnotfabricTG. Tonset-onlymatchesdifferenttriazine/MGHP/ASXPEAchemistriesnotduplicatedPIGPformulations;LOIsdiffer. NoSIcited/noimages.,cotton,Own bleached cotton textile fabric120g/m2;separate210gsmcohort;DHJInternational/CREAT suppliers not individually mapped,Own bleached cotton textile fabric120g/m2;separate210gsmcohort;DHJInternational/CREAT suppliers not individually mapped,Own bleached cotton textile fabric120g/m2;separate210gsmcohort;DHJInternational/CREAT suppliers not individually mapped,tabulated,,held_LOI_without_exact_fabric_TG,journal_article,OwncoverDOI/title/journal;allnativeprimaryTEXTpagesreviewed,,,held_outside_verified_target,,DEAEP cotton120 Table2 bath200EGDANoneG6.9,,,,,,,,,,,,,,,,,,,,,,,Own publisher VOR,,,,6.9,OwnTable2PDFp9/2607;ownTable3differentselectedloading,200,,,,,,,,,,,,,,,,Flame retardancy of cotton textiles by plasma-induced graft-polymerization (PIGP),https://doi.org/10.1016/j.surfcoat.2006.05.002,NoSIcitedinallprimaryTEXTpages,,,,2006
10.1016/j.surfcoat.2006.05.002,,,25.5,,,,,,,,,,,,,,,Rawsourcefacts only;notpaired,2026-10-04,Codex complete native-text/table review;one primary reviewer,,Surface and Coatings Technology,All12ownprimaryTEXTpages. ExactTable3initial120gsmcottoncontrolandfivegraftsmapTable2monomer/bath/EGDA/graftloading;allhaveargon10K/minTG. SourceonsetcriterionunknownNOTT5/T10. NativeTable3charat1060Cconflictsmethod20-650C;sixresiduemetricsheldnotchangedto650. SixTable4initialgraftloadingsdifferfromTables2/3;notaliased. Eight120gsmandthree210gsmwashedLOIslackwashedTG;210gsmLOI-onlyandhistoricPANTable6notborrowed. NeatpolymerfilmTG570CnotfabricTG. Tonset-onlymatchesdifferenttriazine/MGHP/ASXPEAchemistriesnotduplicatedPIGPformulations;LOIsdiffer. NoSIcited/noimages.,cotton,Own bleached cotton textile fabric120g/m2;separate210gsmcohort;DHJInternational/CREAT suppliers not individually mapped,Own bleached cotton textile fabric120g/m2;separate210gsmcohort;DHJInternational/CREAT suppliers not individually mapped,Own bleached cotton textile fabric120g/m2;separate210gsmcohort;DHJInternational/CREAT suppliers not individually mapped,tabulated,,held_LOI_without_exact_fabric_TG,journal_article,OwncoverDOI/title/journal;allnativeprimaryTEXTpagesreviewed,,,held_outside_verified_target,,DEAEP cotton120 Table2 bath200EGDA10G24.4,,10,,,,,,,,,,,,,,,,,,,,,Own publisher VOR,,,,24.4,OwnTable2PDFp9/2607;ownTable3differentselectedloading,200,,,,,,,,,,,,,,,,Flame retardancy of cotton textiles by plasma-induced graft-polymerization (PIGP),https://doi.org/10.1016/j.surfcoat.2006.05.002,NoSIcitedinallprimaryTEXTpages,,,,2006
10.1016/j.surfcoat.2006.05.002,,,26.5,,,,,,,,,,,,,,,Rawsourcefacts only;notpaired,2026-10-04,Codex complete native-text/table review;one primary reviewer,,Surface and Coatings Technology,All12ownprimaryTEXTpages. ExactTable3initial120gsmcottoncontrolandfivegraftsmapTable2monomer/bath/EGDA/graftloading;allhaveargon10K/minTG. SourceonsetcriterionunknownNOTT5/T10. NativeTable3charat1060Cconflictsmethod20-650C;sixresiduemetricsheldnotchangedto650. SixTable4initialgraftloadingsdifferfromTables2/3;notaliased. Eight120gsmandthree210gsmwashedLOIslackwashedTG;210gsmLOI-onlyandhistoricPANTable6notborrowed. NeatpolymerfilmTG570CnotfabricTG. Tonset-onlymatchesdifferenttriazine/MGHP/ASXPEAchemistriesnotduplicatedPIGPformulations;LOIsdiffer. NoSIcited/noimages.,cotton,Own bleached cotton textile fabric120g/m2;separate210gsmcohort;DHJInternational/CREAT suppliers not individually mapped,Own bleached cotton textile fabric120g/m2;separate210gsmcohort;DHJInternational/CREAT suppliers not individually mapped,Own bleached cotton textile fabric120g/m2;separate210gsmcohort;DHJInternational/CREAT suppliers not individually mapped,tabulated,,held_LOI_without_exact_fabric_TG,journal_article,OwncoverDOI/title/journal;allnativeprimaryTEXTpagesreviewed,,,held_outside_verified_target,,DEAEP cotton120 Table2 bath300EGDA10G42.7,,10,,,,,,,,,,,,,,,,,,,,,Own publisher VOR,,,,42.7,OwnTable2PDFp9/2607;ownTable3differentselectedloading,300,,,,,,,,,,,,,,,,Flame retardancy of cotton textiles by plasma-induced graft-polymerization (PIGP),https://doi.org/10.1016/j.surfcoat.2006.05.002,NoSIcitedinallprimaryTEXTpages,,,,2006
10.1016/j.surfcoat.2006.05.002,,,19,,,,,,,,,,,,,,,Rawsourcefacts only;notpaired,2026-10-04,Codex complete native-text/table review;one primary reviewer,,Surface and Coatings Technology,All12ownprimaryTEXTpages. ExactTable3initial120gsmcottoncontrolandfivegraftsmapTable2monomer/bath/EGDA/graftloading;allhaveargon10K/minTG. SourceonsetcriterionunknownNOTT5/T10. NativeTable3charat1060Cconflictsmethod20-650C;sixresiduemetricsheldnotchangedto650. SixTable4initialgraftloadingsdifferfromTables2/3;notaliased. Eight120gsmandthree210gsmwashedLOIslackwashedTG;210gsmLOI-onlyandhistoricPANTable6notborrowed. NeatpolymerfilmTG570CnotfabricTG. Tonset-onlymatchesdifferenttriazine/MGHP/ASXPEAchemistriesnotduplicatedPIGPformulations;LOIsdiffer. NoSIcited/noimages.,cotton,Own bleached cotton textile fabric120g/m2;separate210gsmcohort;DHJInternational/CREAT suppliers not individually mapped,Own bleached cotton textile fabric120g/m2;separate210gsmcohort;DHJInternational/CREAT suppliers not individually mapped,Own bleached cotton textile fabric120g/m2;separate210gsmcohort;DHJInternational/CREAT suppliers not individually mapped,tabulated,,held_LOI_without_exact_fabric_TG,journal_article,OwncoverDOI/title/journal;allnativeprimaryTEXTpagesreviewed,,,held_outside_verified_target,,DEAMP cotton120 Table2 bath200EGDA0G1.7,,0,,,,,,,,,,,,,,,,,,,,,Own publisher VOR,,,,1.7,OwnTable2PDFp9/2607;ownTable3differentselectedloading,200,,,,,,,,,,,,,,,,Flame retardancy of cotton textiles by plasma-induced graft-polymerization (PIGP),https://doi.org/10.1016/j.surfcoat.2006.05.002,NoSIcitedinallprimaryTEXTpages,,,,2006
10.1016/j.surfcoat.2006.05.002,,,,,,,,,,,,,,,,,,Rawsourcefacts only;notpaired,2026-10-04,Codex complete native-text/table review;one primary reviewer,,Surface and Coatings Technology,All12ownprimaryTEXTpages. ExactTable3initial120gsmcottoncontrolandfivegraftsmapTable2monomer/bath/EGDA/graftloading;allhaveargon10K/minTG. SourceonsetcriterionunknownNOTT5/T10. NativeTable3charat1060Cconflictsmethod20-650C;sixresiduemetricsheldnotchangedto650. SixTable4initialgraftloadingsdifferfromTables2/3;notaliased. Eight120gsmandthree210gsmwashedLOIslackwashedTG;210gsmLOI-onlyandhistoricPANTable6notborrowed. NeatpolymerfilmTG570CnotfabricTG. Tonset-onlymatchesdifferenttriazine/MGHP/ASXPEAchemistriesnotduplicatedPIGPformulations;LOIsdiffer. NoSIcited/noimages.,cotton,Own bleached cotton textile fabric120g/m2;separate210gsmcohort;DHJInternational/CREAT suppliers not individually mapped,Own bleached cotton textile fabric120g/m2;separate210gsmcohort;DHJInternational/CREAT suppliers not individually mapped,Own bleached cotton textile fabric120g/m2;separate210gsmcohort;DHJInternational/CREAT suppliers not individually mapped,tabulated,,held_LOI_without_exact_fabric_TG,journal_article,OwncoverDOI/title/journal;allnativeprimaryTEXTpagesreviewed,,,held_outside_verified_target,,DEAMP cotton120 Table2 bath200EGDA10G23.8,,10,,,,,,,,,,,,,,,,,,,,,Own publisher VOR,,,,23.8,OwnTable2PDFp9/2607;ownTable3differentselectedloading,200,,,,22.5-23,,,,,,,,,,,,Flame retardancy of cotton textiles by plasma-induced graft-polymerization (PIGP),https://doi.org/10.1016/j.surfcoat.2006.05.002,NoSIcitedinallprimaryTEXTpages,,,,2006
10.1016/j.surfcoat.2006.05.002,,,,,,,,,,,,,,,,,,Rawsourcefacts only;notpaired,2026-10-04,Codex complete native-text/table review;one primary reviewer,,Surface and Coatings Technology,All12ownprimaryTEXTpages. ExactTable3initial120gsmcottoncontrolandfivegraftsmapTable2monomer/bath/EGDA/graftloading;allhaveargon10K/minTG. SourceonsetcriterionunknownNOTT5/T10. NativeTable3charat1060Cconflictsmethod20-650C;sixresiduemetricsheldnotchangedto650. SixTable4initialgraftloadingsdifferfromTables2/3;notaliased. Eight120gsmandthree210gsmwashedLOIslackwashedTG;210gsmLOI-onlyandhistoricPANTable6notborrowed. NeatpolymerfilmTG570CnotfabricTG. Tonset-onlymatchesdifferenttriazine/MGHP/ASXPEAchemistriesnotduplicatedPIGPformulations;LOIsdiffer. NoSIcited/noimages.,cotton,Own bleached cotton textile fabric120g/m2;separate210gsmcohort;DHJInternational/CREAT suppliers not individually mapped,Own bleached cotton textile fabric120g/m2;separate210gsmcohort;DHJInternational/CREAT suppliers not individually mapped,Own bleached cotton textile fabric120g/m2;separate210gsmcohort;DHJInternational/CREAT suppliers not individually mapped,tabulated,,held_LOI_without_exact_fabric_TG,journal_article,OwncoverDOI/title/journal;allnativeprimaryTEXTpagesreviewed,,,held_outside_verified_target,,DEAMP cotton120 Table2 bath300EGDA10G44.3,,10,,,,,,,,,,,,,,,,,,,,,Own publisher VOR,,,,44.3,OwnTable2PDFp9/2607;ownTable3differentselectedloading,300,,,,23-23.5,,,,,,,,,,,,Flame retardancy of cotton textiles by plasma-induced graft-polymerization (PIGP),https://doi.org/10.1016/j.surfcoat.2006.05.002,NoSIcitedinallprimaryTEXTpages,,,,2006
10.1016/j.surfcoat.2006.05.002,,,20,,,,,,,,,,,,,,,Rawsourcefacts only;notpaired,2026-10-04,Codex complete native-text/table review;one primary reviewer,,Surface and Coatings Technology,All12ownprimaryTEXTpages. ExactTable3initial120gsmcottoncontrolandfivegraftsmapTable2monomer/bath/EGDA/graftloading;allhaveargon10K/minTG. SourceonsetcriterionunknownNOTT5/T10. NativeTable3charat1060Cconflictsmethod20-650C;sixresiduemetricsheldnotchangedto650. SixTable4initialgraftloadingsdifferfromTables2/3;notaliased. Eight120gsmandthree210gsmwashedLOIslackwashedTG;210gsmLOI-onlyandhistoricPANTable6notborrowed. NeatpolymerfilmTG570CnotfabricTG. Tonset-onlymatchesdifferenttriazine/MGHP/ASXPEAchemistriesnotduplicatedPIGPformulations;LOIsdiffer. NoSIcited/noimages.,cotton,Own bleached cotton textile fabric120g/m2;separate210gsmcohort;DHJInternational/CREAT suppliers not individually mapped,Own bleached cotton textile fabric120g/m2;separate210gsmcohort;DHJInternational/CREAT suppliers not individually mapped,Own bleached cotton textile fabric120g/m2;separate210gsmcohort;DHJInternational/CREAT suppliers not individually mapped,tabulated,,held_LOI_without_exact_fabric_TG,journal_article,OwncoverDOI/title/journal;allnativeprimaryTEXTpagesreviewed,,,held_outside_verified_target,,DMAMP cotton120 Table2 bath200EGDANoneG3.3,,,,,,,,,,,,,,,,,,,,,,,Own publisher VOR,,,,3.3,OwnTable2PDFp9/2607;ownTable3differentselectedloading,200,,,,,,,,,,,,,,,,Flame retardancy of cotton textiles by plasma-induced graft-polymerization (PIGP),https://doi.org/10.1016/j.surfcoat.2006.05.002,NoSIcitedinallprimaryTEXTpages,,,,2006
10.1016/j.surfcoat.2006.05.002,,,,,,,,,,,,,,,,,,Rawsourcefacts only;notpaired,2026-10-04,Codex complete native-text/table review;one primary reviewer,,Surface and Coatings Technology,All12ownprimaryTEXTpages. ExactTable3initial120gsmcottoncontrolandfivegraftsmapTable2monomer/bath/EGDA/graftloading;allhaveargon10K/minTG. SourceonsetcriterionunknownNOTT5/T10. NativeTable3charat1060Cconflictsmethod20-650C;sixresiduemetricsheldnotchangedto650. SixTable4initialgraftloadingsdifferfromTables2/3;notaliased. Eight120gsmandthree210gsmwashedLOIslackwashedTG;210gsmLOI-onlyandhistoricPANTable6notborrowed. NeatpolymerfilmTG570CnotfabricTG. Tonset-onlymatchesdifferenttriazine/MGHP/ASXPEAchemistriesnotduplicatedPIGPformulations;LOIsdiffer. NoSIcited/noimages.,cotton,Own bleached cotton textile fabric120g/m2;separate210gsmcohort;DHJInternational/CREAT suppliers not individually mapped,Own bleached cotton textile fabric120g/m2;separate210gsmcohort;DHJInternational/CREAT suppliers not individually mapped,Own bleached cotton textile fabric120g/m2;separate210gsmcohort;DHJInternational/CREAT suppliers not individually mapped,tabulated,,held_LOI_without_exact_fabric_TG,journal_article,OwncoverDOI/title/journal;allnativeprimaryTEXTpagesreviewed,,,held_outside_verified_target,,DMAMP cotton120 Table2 bath200EGDA10G29,,10,,,,,,,,,3.27,,,,,,,,,,,,Own publisher VOR,,,,29,OwnTable2PDFp9/2607;ownTable3differentselectedloading,200,,,,25.5-26,,,,,,,,,,,,Flame retardancy of cotton textiles by plasma-induced graft-polymerization (PIGP),https://doi.org/10.1016/j.surfcoat.2006.05.002,NoSIcitedinallprimaryTEXTpages,,,,2006
10.1016/j.surfcoat.2006.05.002,,,26,,,,,,,,,,,,,,,Rawsourcefacts only;notpaired,2026-10-04,Codex complete native-text/table review;one primary reviewer,,Surface and Coatings Technology,All12ownprimaryTEXTpages. ExactTable3initial120gsmcottoncontrolandfivegraftsmapTable2monomer/bath/EGDA/graftloading;allhaveargon10K/minTG. SourceonsetcriterionunknownNOTT5/T10. NativeTable3charat1060Cconflictsmethod20-650C;sixresiduemetricsheldnotchangedto650. SixTable4initialgraftloadingsdifferfromTables2/3;notaliased. Eight120gsmandthree210gsmwashedLOIslackwashedTG;210gsmLOI-onlyandhistoricPANTable6notborrowed. NeatpolymerfilmTG570CnotfabricTG. Tonset-onlymatchesdifferenttriazine/MGHP/ASXPEAchemistriesnotduplicatedPIGPformulations;LOIsdiffer. NoSIcited/noimages.,cotton,Own bleached cotton textile fabric120g/m2;separate210gsmcohort;DHJInternational/CREAT suppliers not individually mapped,Own bleached cotton textile fabric120g/m2;separate210gsmcohort;DHJInternational/CREAT suppliers not individually mapped,Own bleached cotton textile fabric120g/m2;separate210gsmcohort;DHJInternational/CREAT suppliers not individually mapped,tabulated,,held_LOI_without_exact_fabric_TG,journal_article,OwncoverDOI/title/journal;allnativeprimaryTEXTpagesreviewed,,,held_outside_verified_target,,DMAMP cotton120 Table2 bath300EGDA10G41.2,,10,,,,,,,,,,,,,,,,,,,,,Own publisher VOR,,,,41.2,OwnTable2PDFp9/2607;ownTable3differentselectedloading,300,,,,,,,,,,,,,,,,Flame retardancy of cotton textiles by plasma-induced graft-polymerization (PIGP),https://doi.org/10.1016/j.surfcoat.2006.05.002,NoSIcitedinallprimaryTEXTpages,,,,2006
10.1016/j.surfcoat.2006.05.002,,,26.5,,,,,,,,,,,,,,,Rawsourcefacts only;notpaired,2026-10-04,Codex complete native-text/table review;one primary reviewer,,Surface and Coatings Technology,All12ownprimaryTEXTpages. ExactTable3initial120gsmcottoncontrolandfivegraftsmapTable2monomer/bath/EGDA/graftloading;allhaveargon10K/minTG. SourceonsetcriterionunknownNOTT5/T10. NativeTable3charat1060Cconflictsmethod20-650C;sixresiduemetricsheldnotchangedto650. SixTable4initialgraftloadingsdifferfromTables2/3;notaliased. Eight120gsmandthree210gsmwashedLOIslackwashedTG;210gsmLOI-onlyandhistoricPANTable6notborrowed. NeatpolymerfilmTG570CnotfabricTG. Tonset-onlymatchesdifferenttriazine/MGHP/ASXPEAchemistriesnotduplicatedPIGPformulations;LOIsdiffer. NoSIcited/noimages.,cotton,Own bleached cotton textile fabric120g/m2;separate210gsmcohort;DHJInternational/CREAT suppliers not individually mapped,Own bleached cotton textile fabric120g/m2;separate210gsmcohort;DHJInternational/CREAT suppliers not individually mapped,Own bleached cotton textile fabric120g/m2;separate210gsmcohort;DHJInternational/CREAT suppliers not individually mapped,tabulated,,held_LOI_without_exact_fabric_TG,journal_article,OwncoverDOI/title/journal;allnativeprimaryTEXTpagesreviewed,,,held_outside_verified_target,,DEAEPN cotton120 Table2 bath200EGDANoneG20.9,,,,,,,,,,,,,,,,,,,,,,,Own publisher VOR,,,,20.9,OwnTable2PDFp9/2607;ownTable3differentselectedloading,200,,,,,,,,,,,,,,,,Flame retardancy of cotton textiles by plasma-induced graft-polymerization (PIGP),https://doi.org/10.1016/j.surfcoat.2006.05.002,NoSIcitedinallprimaryTEXTpages,,,,2006
10.1016/j.surfcoat.2006.05.002,,,26.5,,,,,,,,,,,,,,,Rawsourcefacts only;notpaired,2026-10-04,Codex complete native-text/table review;one primary reviewer,,Surface and Coatings Technology,All12ownprimaryTEXTpages. ExactTable3initial120gsmcottoncontrolandfivegraftsmapTable2monomer/bath/EGDA/graftloading;allhaveargon10K/minTG. SourceonsetcriterionunknownNOTT5/T10. NativeTable3charat1060Cconflictsmethod20-650C;sixresiduemetricsheldnotchangedto650. SixTable4initialgraftloadingsdifferfromTables2/3;notaliased. Eight120gsmandthree210gsmwashedLOIslackwashedTG;210gsmLOI-onlyandhistoricPANTable6notborrowed. NeatpolymerfilmTG570CnotfabricTG. Tonset-onlymatchesdifferenttriazine/MGHP/ASXPEAchemistriesnotduplicatedPIGPformulations;LOIsdiffer. NoSIcited/noimages.,cotton,Own bleached cotton textile fabric120g/m2;separate210gsmcohort;DHJInternational/CREAT suppliers not individually mapped,Own bleached cotton textile fabric120g/m2;separate210gsmcohort;DHJInternational/CREAT suppliers not individually mapped,Own bleached cotton textile fabric120g/m2;separate210gsmcohort;DHJInternational/CREAT suppliers not individually mapped,tabulated,,held_LOI_without_exact_fabric_TG,journal_article,OwncoverDOI/title/journal;allnativeprimaryTEXTpagesreviewed,,,held_outside_verified_target,,DEAEPN cotton120 Table2 bath200EGDA5G24,,5,,,,,,,,,,,,,,,,,,,,,Own publisher VOR,,,,24,OwnTable2PDFp9/2607;ownTable3differentselectedloading,200,,,,,,,,,,,,,,,,Flame retardancy of cotton textiles by plasma-induced graft-polymerization (PIGP),https://doi.org/10.1016/j.surfcoat.2006.05.002,NoSIcitedinallprimaryTEXTpages,,,,2006
10.1016/j.surfcoat.2006.05.002,,,28.5,,,,,,,,,,,,,,,Rawsourcefacts only;notpaired,2026-10-04,Codex complete native-text/table review;one primary reviewer,,Surface and Coatings Technology,All12ownprimaryTEXTpages. ExactTable3initial120gsmcottoncontrolandfivegraftsmapTable2monomer/bath/EGDA/graftloading;allhaveargon10K/minTG. SourceonsetcriterionunknownNOTT5/T10. NativeTable3charat1060Cconflictsmethod20-650C;sixresiduemetricsheldnotchangedto650. SixTable4initialgraftloadingsdifferfromTables2/3;notaliased. Eight120gsmandthree210gsmwashedLOIslackwashedTG;210gsmLOI-onlyandhistoricPANTable6notborrowed. NeatpolymerfilmTG570CnotfabricTG. Tonset-onlymatchesdifferenttriazine/MGHP/ASXPEAchemistriesnotduplicatedPIGPformulations;LOIsdiffer. NoSIcited/noimages.,cotton,Own bleached cotton textile fabric120g/m2;separate210gsmcohort;DHJInternational/CREAT suppliers not individually mapped,Own bleached cotton textile fabric120g/m2;separate210gsmcohort;DHJInternational/CREAT suppliers not individually mapped,Own bleached cotton textile fabric120g/m2;separate210gsmcohort;DHJInternational/CREAT suppliers not individually mapped,tabulated,,held_LOI_without_exact_fabric_TG,journal_article,OwncoverDOI/title/journal;allnativeprimaryTEXTpagesreviewed,,,held_outside_verified_target,,DEAEPN cotton120 Table2 bath300EGDANoneG36.2,,,,,,,,,,,3.16,,,,,,,,,,,,Own publisher VOR,,,,36.2,OwnTable2PDFp9/2607;ownTable3differentselectedloading,300,,,,,,,,,,,,,,,,Flame retardancy of cotton textiles by plasma-induced graft-polymerization (PIGP),https://doi.org/10.1016/j.surfcoat.2006.05.002,NoSIcitedinallprimaryTEXTpages,,,,2006
10.1016/j.surfcoat.2006.05.002,,,28.5,,,,,,,,,,,,,,,Rawsourcefacts only;notpaired,2026-10-04,Codex complete native-text/table review;one primary reviewer,,Surface and Coatings Technology,All12ownprimaryTEXTpages. ExactTable3initial120gsmcottoncontrolandfivegraftsmapTable2monomer/bath/EGDA/graftloading;allhaveargon10K/minTG. SourceonsetcriterionunknownNOTT5/T10. NativeTable3charat1060Cconflictsmethod20-650C;sixresiduemetricsheldnotchangedto650. SixTable4initialgraftloadingsdifferfromTables2/3;notaliased. Eight120gsmandthree210gsmwashedLOIslackwashedTG;210gsmLOI-onlyandhistoricPANTable6notborrowed. NeatpolymerfilmTG570CnotfabricTG. Tonset-onlymatchesdifferenttriazine/MGHP/ASXPEAchemistriesnotduplicatedPIGPformulations;LOIsdiffer. NoSIcited/noimages.,cotton,Own bleached cotton textile fabric120g/m2;separate210gsmcohort;DHJInternational/CREAT suppliers not individually mapped,Own bleached cotton textile fabric120g/m2;separate210gsmcohort;DHJInternational/CREAT suppliers not individually mapped,Own bleached cotton textile fabric120g/m2;separate210gsmcohort;DHJInternational/CREAT suppliers not individually mapped,tabulated,,held_LOI_without_exact_fabric_TG,journal_article,OwncoverDOI/title/journal;allnativeprimaryTEXTpagesreviewed,,,held_outside_verified_target,,DEAEPN cotton120 Table2 bath300EGDA5G38.6,,5,,,,,,,,,3.36,,,,,,,,,,,,Own publisher VOR,,,,38.6,OwnTable2PDFp9/2607;ownTable3differentselectedloading,300,,,,,,,,,,,,,,,,Flame retardancy of cotton textiles by plasma-induced graft-polymerization (PIGP),https://doi.org/10.1016/j.surfcoat.2006.05.002,NoSIcitedinallprimaryTEXTpages,,,,2006
10.1016/j.surfcoat.2006.05.002,,,28,,,,,,,,,,,,,,,Rawsourcefacts only;notpaired,2026-10-04,Codex complete native-text/table review;one primary reviewer,,Surface and Coatings Technology,All12ownprimaryTEXTpages. ExactTable3initial120gsmcottoncontrolandfivegraftsmapTable2monomer/bath/EGDA/graftloading;allhaveargon10K/minTG. SourceonsetcriterionunknownNOTT5/T10. NativeTable3charat1060Cconflictsmethod20-650C;sixresiduemetricsheldnotchangedto650. SixTable4initialgraftloadingsdifferfromTables2/3;notaliased. Eight120gsmandthree210gsmwashedLOIslackwashedTG;210gsmLOI-onlyandhistoricPANTable6notborrowed. NeatpolymerfilmTG570CnotfabricTG. Tonset-onlymatchesdifferenttriazine/MGHP/ASXPEAchemistriesnotduplicatedPIGPformulations;LOIsdiffer. NoSIcited/noimages.,cotton,Own bleached cotton textile fabric120g/m2;separate210gsmcohort;DHJInternational/CREAT suppliers not individually mapped,Own bleached cotton textile fabric120g/m2;separate210gsmcohort;DHJInternational/CREAT suppliers not individually mapped,Own bleached cotton textile fabric120g/m2;separate210gsmcohort;DHJInternational/CREAT suppliers not individually mapped,tabulated,,held_LOI_without_exact_fabric_TG,journal_article,OwncoverDOI/title/journal;allnativeprimaryTEXTpagesreviewed,,,held_outside_verified_target,,DEAEPN cotton120 Table2 bath300EGDA10G42.5,,10,,,,,,,,,,,,,,,,,,,,,Own publisher VOR,,,,42.5,OwnTable2PDFp9/2607;ownTable3differentselectedloading,300,,,,,,,,,,,,,,,,Flame retardancy of cotton textiles by plasma-induced graft-polymerization (PIGP),https://doi.org/10.1016/j.surfcoat.2006.05.002,NoSIcitedinallprimaryTEXTpages,,,,2006
10.1016/j.surfcoat.2006.05.002,,,25,,,,,,,,,,,,,,,Rawsourcefacts only;notpaired,2026-10-04,Codex complete native-text/table review;one primary reviewer,,Surface and Coatings Technology,All12ownprimaryTEXTpages. ExactTable3initial120gsmcottoncontrolandfivegraftsmapTable2monomer/bath/EGDA/graftloading;allhaveargon10K/minTG. SourceonsetcriterionunknownNOTT5/T10. NativeTable3charat1060Cconflictsmethod20-650C;sixresiduemetricsheldnotchangedto650. SixTable4initialgraftloadingsdifferfromTables2/3;notaliased. Eight120gsmandthree210gsmwashedLOIslackwashedTG;210gsmLOI-onlyandhistoricPANTable6notborrowed. NeatpolymerfilmTG570CnotfabricTG. Tonset-onlymatchesdifferenttriazine/MGHP/ASXPEAchemistriesnotduplicatedPIGPformulations;LOIsdiffer. NoSIcited/noimages.,cotton,Own bleached cotton textile fabric120g/m2;separate210gsmcohort;DHJInternational/CREAT suppliers not individually mapped,Own bleached cotton textile fabric120g/m2;separate210gsmcohort;DHJInternational/CREAT suppliers not individually mapped,Own bleached cotton textile fabric120g/m2;separate210gsmcohort;DHJInternational/CREAT suppliers not individually mapped,tabulated,,held_LOI_without_exact_fabric_TG,journal_article,OwncoverDOI/title/journal;allnativeprimaryTEXTpagesreviewed,,,held_outside_verified_target,,BisDEAEPN cotton120 Table2 bath100EGDA10G13,,10,,,,,,,,,1.48,,,,,,,,,,,,Own publisher VOR,,,,13,OwnTable2PDFp9/2607;ownTable3differentselectedloading,100,,,,,,,,,,,,,,,,Flame retardancy of cotton textiles by plasma-induced graft-polymerization (PIGP),https://doi.org/10.1016/j.surfcoat.2006.05.002,NoSIcitedinallprimaryTEXTpages,,,,2006
10.1016/j.surfcoat.2006.05.002,,,29.5,,,,,,,,,,,,,,,Rawsourcefacts only;notpaired,2026-10-04,Codex complete native-text/table review;one primary reviewer,,Surface and Coatings Technology,All12ownprimaryTEXTpages. ExactTable3initial120gsmcottoncontrolandfivegraftsmapTable2monomer/bath/EGDA/graftloading;allhaveargon10K/minTG. SourceonsetcriterionunknownNOTT5/T10. NativeTable3charat1060Cconflictsmethod20-650C;sixresiduemetricsheldnotchangedto650. SixTable4initialgraftloadingsdifferfromTables2/3;notaliased. Eight120gsmandthree210gsmwashedLOIslackwashedTG;210gsmLOI-onlyandhistoricPANTable6notborrowed. NeatpolymerfilmTG570CnotfabricTG. Tonset-onlymatchesdifferenttriazine/MGHP/ASXPEAchemistriesnotduplicatedPIGPformulations;LOIsdiffer. NoSIcited/noimages.,cotton,Own bleached cotton textile fabric120g/m2;separate210gsmcohort;DHJInternational/CREAT suppliers not individually mapped,Own bleached cotton textile fabric120g/m2;separate210gsmcohort;DHJInternational/CREAT suppliers not individually mapped,Own bleached cotton textile fabric120g/m2;separate210gsmcohort;DHJInternational/CREAT suppliers not individually mapped,tabulated,,held_LOI_without_exact_fabric_TG,journal_article,OwncoverDOI/title/journal;allnativeprimaryTEXTpagesreviewed,,,held_outside_verified_target,,BisDEAEPN cotton120 Table2 bath200EGDA10G34.7,,10,,,,,,,,,,,,,,,,,,,,,Own publisher VOR,,,,34.7,OwnTable2PDFp9/2607;ownTable3differentselectedloading,200,,,,,,,,,,,,,,,,Flame retardancy of cotton textiles by plasma-induced graft-polymerization (PIGP),https://doi.org/10.1016/j.surfcoat.2006.05.002,NoSIcitedinallprimaryTEXTpages,,,,2006
10.1016/j.surfcoat.2006.05.002,,,26,,,,,,,,,,,,,,,Rawsourcefacts only;notpaired,2026-10-04,Codex complete native-text/table review;one primary reviewer,,Surface and Coatings Technology,All12ownprimaryTEXTpages. ExactTable3initial120gsmcottoncontrolandfivegraftsmapTable2monomer/bath/EGDA/graftloading;allhaveargon10K/minTG. SourceonsetcriterionunknownNOTT5/T10. NativeTable3charat1060Cconflictsmethod20-650C;sixresiduemetricsheldnotchangedto650. SixTable4initialgraftloadingsdifferfromTables2/3;notaliased. Eight120gsmandthree210gsmwashedLOIslackwashedTG;210gsmLOI-onlyandhistoricPANTable6notborrowed. NeatpolymerfilmTG570CnotfabricTG. Tonset-onlymatchesdifferenttriazine/MGHP/ASXPEAchemistriesnotduplicatedPIGPformulations;LOIsdiffer. NoSIcited/noimages.,cotton,Own bleached cotton textile fabric120g/m2;separate210gsmcohort;DHJInternational/CREAT suppliers not individually mapped,Own bleached cotton textile fabric120g/m2;separate210gsmcohort;DHJInternational/CREAT suppliers not individually mapped,Own bleached cotton textile fabric120g/m2;separate210gsmcohort;DHJInternational/CREAT suppliers not individually mapped,tabulated,,held_initial_graftloading_unmapped_TG,journal_article,OwncoverDOI/title/journal;allnativeprimaryTEXTpagesreviewed,,,held_outside_verified_target,,DEAEP cotton120 Table4 initial G30.6,,5,,,,,,,,,,,,,,,,,,,,,Own publisher VOR,,,,30.6,OwnTable4PDFp10/2608;differentGfromTables2/3,300,,,,,,,,,,,,,,,,Flame retardancy of cotton textiles by plasma-induced graft-polymerization (PIGP),https://doi.org/10.1016/j.surfcoat.2006.05.002,NoSIcitedinallprimaryTEXTpages,,,,2006
10.1016/j.surfcoat.2006.05.002,,,23.5,,,,,,,,,,,,,,,Rawsourcefacts only;notpaired,2026-10-04,Codex complete native-text/table review;one primary reviewer,,Surface and Coatings Technology,All12ownprimaryTEXTpages. ExactTable3initial120gsmcottoncontrolandfivegraftsmapTable2monomer/bath/EGDA/graftloading;allhaveargon10K/minTG. SourceonsetcriterionunknownNOTT5/T10. NativeTable3charat1060Cconflictsmethod20-650C;sixresiduemetricsheldnotchangedto650. SixTable4initialgraftloadingsdifferfromTables2/3;notaliased. Eight120gsmandthree210gsmwashedLOIslackwashedTG;210gsmLOI-onlyandhistoricPANTable6notborrowed. NeatpolymerfilmTG570CnotfabricTG. Tonset-onlymatchesdifferenttriazine/MGHP/ASXPEAchemistriesnotduplicatedPIGPformulations;LOIsdiffer. NoSIcited/noimages.,cotton,Own bleached cotton textile fabric120g/m2;separate210gsmcohort;DHJInternational/CREAT suppliers not individually mapped,Own bleached cotton textile fabric120g/m2;separate210gsmcohort;DHJInternational/CREAT suppliers not individually mapped,Own bleached cotton textile fabric120g/m2;separate210gsmcohort;DHJInternational/CREAT suppliers not individually mapped,tabulated,,held_washed_LOI_without_TG,journal_article,OwncoverDOI/title/journal;allnativeprimaryTEXTpagesreviewed,,,held_outside_verified_target,,DEAEP cotton120 Table4 afterMcSherry bath300EGDA5,,,,,,,,,,,,,,,,,,,,,,,Own publisher VOR,17,30.6,,,OwnTable4PDFp10;methodPDFp4,,,,,,,,,,,,,,,,,Flame retardancy of cotton textiles by plasma-induced graft-polymerization (PIGP),https://doi.org/10.1016/j.surfcoat.2006.05.002,NoSIcitedinallprimaryTEXTpages,,,McSherryboil4h0.5%Na3PO4.12H2O0.1%TritonX100approxliquorratio40:1,2006
10.1016/j.surfcoat.2006.05.002,,,26.5,,,,,,,,,,,,,,,Rawsourcefacts only;notpaired,2026-10-04,Codex complete native-text/table review;one primary reviewer,,Surface and Coatings Technology,All12ownprimaryTEXTpages. ExactTable3initial120gsmcottoncontrolandfivegraftsmapTable2monomer/bath/EGDA/graftloading;allhaveargon10K/minTG. SourceonsetcriterionunknownNOTT5/T10. NativeTable3charat1060Cconflictsmethod20-650C;sixresiduemetricsheldnotchangedto650. SixTable4initialgraftloadingsdifferfromTables2/3;notaliased. Eight120gsmandthree210gsmwashedLOIslackwashedTG;210gsmLOI-onlyandhistoricPANTable6notborrowed. NeatpolymerfilmTG570CnotfabricTG. Tonset-onlymatchesdifferenttriazine/MGHP/ASXPEAchemistriesnotduplicatedPIGPformulations;LOIsdiffer. NoSIcited/noimages.,cotton,Own bleached cotton textile fabric120g/m2;separate210gsmcohort;DHJInternational/CREAT suppliers not individually mapped,Own bleached cotton textile fabric120g/m2;separate210gsmcohort;DHJInternational/CREAT suppliers not individually mapped,Own bleached cotton textile fabric120g/m2;separate210gsmcohort;DHJInternational/CREAT suppliers not individually mapped,tabulated,,held_initial_graftloading_unmapped_TG,journal_article,OwncoverDOI/title/journal;allnativeprimaryTEXTpagesreviewed,,,held_outside_verified_target,,DEAEP cotton120 Table4 initial G43.2,,10,,,,,,,,,,,,,,,,,,,,,Own publisher VOR,,,,43.2,OwnTable4PDFp10/2608;differentGfromTables2/3,300,,,,,,,,,,,,,,,,Flame retardancy of cotton textiles by plasma-induced graft-polymerization (PIGP),https://doi.org/10.1016/j.surfcoat.2006.05.002,NoSIcitedinallprimaryTEXTpages,,,,2006
10.1016/j.surfcoat.2006.05.002,,,25.5,,,,,,,,,,,,,,,Rawsourcefacts only;notpaired,2026-10-04,Codex complete native-text/table review;one primary reviewer,,Surface and Coatings Technology,All12ownprimaryTEXTpages. ExactTable3initial120gsmcottoncontrolandfivegraftsmapTable2monomer/bath/EGDA/graftloading;allhaveargon10K/minTG. SourceonsetcriterionunknownNOTT5/T10. NativeTable3charat1060Cconflictsmethod20-650C;sixresiduemetricsheldnotchangedto650. SixTable4initialgraftloadingsdifferfromTables2/3;notaliased. Eight120gsmandthree210gsmwashedLOIslackwashedTG;210gsmLOI-onlyandhistoricPANTable6notborrowed. NeatpolymerfilmTG570CnotfabricTG. Tonset-onlymatchesdifferenttriazine/MGHP/ASXPEAchemistriesnotduplicatedPIGPformulations;LOIsdiffer. NoSIcited/noimages.,cotton,Own bleached cotton textile fabric120g/m2;separate210gsmcohort;DHJInternational/CREAT suppliers not individually mapped,Own bleached cotton textile fabric120g/m2;separate210gsmcohort;DHJInternational/CREAT suppliers not individually mapped,Own bleached cotton textile fabric120g/m2;separate210gsmcohort;DHJInternational/CREAT suppliers not individually mapped,tabulated,,held_washed_LOI_without_TG,journal_article,OwncoverDOI/title/journal;allnativeprimaryTEXTpagesreviewed,,,held_outside_verified_target,,DEAEP cotton120 Table4 afterMcSherry bath300EGDA10,,,,,,,,,,,,,,,,,,,,,,,Own publisher VOR,35.5,43.2,,,OwnTable4PDFp10;methodPDFp4,,,,,,,,,,,,,,,,,Flame retardancy of cotton textiles by plasma-induced graft-polymerization (PIGP),https://doi.org/10.1016/j.surfcoat.2006.05.002,NoSIcitedinallprimaryTEXTpages,,,McSherryboil4h0.5%Na3PO4.12H2O0.1%TritonX100approxliquorratio40:1,2006
10.1016/j.surfcoat.2006.05.002,,,26,,,,,,,,,,,,,,,Rawsourcefacts only;notpaired,2026-10-04,Codex complete native-text/table review;one primary reviewer,,Surface and Coatings Technology,All12ownprimaryTEXTpages. ExactTable3initial120gsmcottoncontrolandfivegraftsmapTable2monomer/bath/EGDA/graftloading;allhaveargon10K/minTG. SourceonsetcriterionunknownNOTT5/T10. NativeTable3charat1060Cconflictsmethod20-650C;sixresiduemetricsheldnotchangedto650. SixTable4initialgraftloadingsdifferfromTables2/3;notaliased. Eight120gsmandthree210gsmwashedLOIslackwashedTG;210gsmLOI-onlyandhistoricPANTable6notborrowed. NeatpolymerfilmTG570CnotfabricTG. Tonset-onlymatchesdifferenttriazine/MGHP/ASXPEAchemistriesnotduplicatedPIGPformulations;LOIsdiffer. NoSIcited/noimages.,cotton,Own bleached cotton textile fabric120g/m2;separate210gsmcohort;DHJInternational/CREAT suppliers not individually mapped,Own bleached cotton textile fabric120g/m2;separate210gsmcohort;DHJInternational/CREAT suppliers not individually mapped,Own bleached cotton textile fabric120g/m2;separate210gsmcohort;DHJInternational/CREAT suppliers not individually mapped,tabulated,,held_initial_graftloading_unmapped_TG,journal_article,OwncoverDOI/title/journal;allnativeprimaryTEXTpagesreviewed,,,held_outside_verified_target,,DMAMP cotton120 Table4 initial G31.1,,10,,,,,,,,,,,,,,,,,,,,,Own publisher VOR,,,,31.1,OwnTable4PDFp10/2608;differentGfromTables2/3,200,,,,,,,,,,,,,,,,Flame retardancy of cotton textiles by plasma-induced graft-polymerization (PIGP),https://doi.org/10.1016/j.surfcoat.2006.05.002,NoSIcitedinallprimaryTEXTpages,,,,2006
10.1016/j.surfcoat.2006.05.002,,,22.5,,,,,,,,,,,,,,,Rawsourcefacts only;notpaired,2026-10-04,Codex complete native-text/table review;one primary reviewer,,Surface and Coatings Technology,All12ownprimaryTEXTpages. ExactTable3initial120gsmcottoncontrolandfivegraftsmapTable2monomer/bath/EGDA/graftloading;allhaveargon10K/minTG. SourceonsetcriterionunknownNOTT5/T10. NativeTable3charat1060Cconflictsmethod20-650C;sixresiduemetricsheldnotchangedto650. SixTable4initialgraftloadingsdifferfromTables2/3;notaliased. Eight120gsmandthree210gsmwashedLOIslackwashedTG;210gsmLOI-onlyandhistoricPANTable6notborrowed. NeatpolymerfilmTG570CnotfabricTG. Tonset-onlymatchesdifferenttriazine/MGHP/ASXPEAchemistriesnotduplicatedPIGPformulations;LOIsdiffer. NoSIcited/noimages.,cotton,Own bleached cotton textile fabric120g/m2;separate210gsmcohort;DHJInternational/CREAT suppliers not individually mapped,Own bleached cotton textile fabric120g/m2;separate210gsmcohort;DHJInternational/CREAT suppliers not individually mapped,Own bleached cotton textile fabric120g/m2;separate210gsmcohort;DHJInternational/CREAT suppliers not individually mapped,tabulated,,held_washed_LOI_without_TG,journal_article,OwncoverDOI/title/journal;allnativeprimaryTEXTpagesreviewed,,,held_outside_verified_target,,DMAMP cotton120 Table4 afterMcSherry bath200EGDA10,,,,,,,,,,,,,,,,,,,,,,,Own publisher VOR,24.2,31.1,,,OwnTable4PDFp10;methodPDFp4,,,,,,,,,,,,,,,,,Flame retardancy of cotton textiles by plasma-induced graft-polymerization (PIGP),https://doi.org/10.1016/j.surfcoat.2006.05.002,NoSIcitedinallprimaryTEXTpages,,,McSherryboil4h0.5%Na3PO4.12H2O0.1%TritonX100approxliquorratio40:1,2006
10.1016/j.surfcoat.2006.05.002,,,22.5,,,,,,,,,,,,,,,Rawsourcefacts only;notpaired,2026-10-04,Codex complete native-text/table review;one primary reviewer,,Surface and Coatings Technology,All12ownprimaryTEXTpages. ExactTable3initial120gsmcottoncontrolandfivegraftsmapTable2monomer/bath/EGDA/graftloading;allhaveargon10K/minTG. SourceonsetcriterionunknownNOTT5/T10. NativeTable3charat1060Cconflictsmethod20-650C;sixresiduemetricsheldnotchangedto650. SixTable4initialgraftloadingsdifferfromTables2/3;notaliased. Eight120gsmandthree210gsmwashedLOIslackwashedTG;210gsmLOI-onlyandhistoricPANTable6notborrowed. NeatpolymerfilmTG570CnotfabricTG. Tonset-onlymatchesdifferenttriazine/MGHP/ASXPEAchemistriesnotduplicatedPIGPformulations;LOIsdiffer. NoSIcited/noimages.,cotton,Own bleached cotton textile fabric120g/m2;separate210gsmcohort;DHJInternational/CREAT suppliers not individually mapped,Own bleached cotton textile fabric120g/m2;separate210gsmcohort;DHJInternational/CREAT suppliers not individually mapped,Own bleached cotton textile fabric120g/m2;separate210gsmcohort;DHJInternational/CREAT suppliers not individually mapped,tabulated,,held_washed_LOI_without_TG,journal_article,OwncoverDOI/title/journal;allnativeprimaryTEXTpagesreviewed,,,held_outside_verified_target,,DEAEPN cotton120 Table4 afterMcSherry bath200EGDANone,,,,,,,,,,,,,,,,,,,,,,,Own publisher VOR,8.7,20.9,,,OwnTable4PDFp10;methodPDFp4,,,,,,,,,,,,,,,,,Flame retardancy of cotton textiles by plasma-induced graft-polymerization (PIGP),https://doi.org/10.1016/j.surfcoat.2006.05.002,NoSIcitedinallprimaryTEXTpages,,,McSherryboil4h0.5%Na3PO4.12H2O0.1%TritonX100approxliquorratio40:1,2006
10.1016/j.surfcoat.2006.05.002,,,27.5,,,,,,,,,,,,,,,Rawsourcefacts only;notpaired,2026-10-04,Codex complete native-text/table review;one primary reviewer,,Surface and Coatings Technology,All12ownprimaryTEXTpages. ExactTable3initial120gsmcottoncontrolandfivegraftsmapTable2monomer/bath/EGDA/graftloading;allhaveargon10K/minTG. SourceonsetcriterionunknownNOTT5/T10. NativeTable3charat1060Cconflictsmethod20-650C;sixresiduemetricsheldnotchangedto650. SixTable4initialgraftloadingsdifferfromTables2/3;notaliased. Eight120gsmandthree210gsmwashedLOIslackwashedTG;210gsmLOI-onlyandhistoricPANTable6notborrowed. NeatpolymerfilmTG570CnotfabricTG. Tonset-onlymatchesdifferenttriazine/MGHP/ASXPEAchemistriesnotduplicatedPIGPformulations;LOIsdiffer. NoSIcited/noimages.,cotton,Own bleached cotton textile fabric120g/m2;separate210gsmcohort;DHJInternational/CREAT suppliers not individually mapped,Own bleached cotton textile fabric120g/m2;separate210gsmcohort;DHJInternational/CREAT suppliers not individually mapped,Own bleached cotton textile fabric120g/m2;separate210gsmcohort;DHJInternational/CREAT suppliers not individually mapped,tabulated,,held_initial_graftloading_unmapped_TG,journal_article,OwncoverDOI/title/journal;allnativeprimaryTEXTpagesreviewed,,,held_outside_verified_target,,DEAEPN cotton120 Table4 initial G34,,10,,,,,,,,,,,,,,,,,,,,,Own publisher VOR,,,,34,OwnTable4PDFp10/2608;differentGfromTables2/3,200,,,,,,,,,,,,,,,,Flame retardancy of cotton textiles by plasma-induced graft-polymerization (PIGP),https://doi.org/10.1016/j.surfcoat.2006.05.002,NoSIcitedinallprimaryTEXTpages,,,,2006
10.1016/j.surfcoat.2006.05.002,,,24.5,,,,,,,,,,,,,,,Rawsourcefacts only;notpaired,2026-10-04,Codex complete native-text/table review;one primary reviewer,,Surface and Coatings Technology,All12ownprimaryTEXTpages. ExactTable3initial120gsmcottoncontrolandfivegraftsmapTable2monomer/bath/EGDA/graftloading;allhaveargon10K/minTG. SourceonsetcriterionunknownNOTT5/T10. NativeTable3charat1060Cconflictsmethod20-650C;sixresiduemetricsheldnotchangedto650. SixTable4initialgraftloadingsdifferfromTables2/3;notaliased. Eight120gsmandthree210gsmwashedLOIslackwashedTG;210gsmLOI-onlyandhistoricPANTable6notborrowed. NeatpolymerfilmTG570CnotfabricTG. Tonset-onlymatchesdifferenttriazine/MGHP/ASXPEAchemistriesnotduplicatedPIGPformulations;LOIsdiffer. NoSIcited/noimages.,cotton,Own bleached cotton textile fabric120g/m2;separate210gsmcohort;DHJInternational/CREAT suppliers not individually mapped,Own bleached cotton textile fabric120g/m2;separate210gsmcohort;DHJInternational/CREAT suppliers not individually mapped,Own bleached cotton textile fabric120g/m2;separate210gsmcohort;DHJInternational/CREAT suppliers not individually mapped,tabulated,,held_washed_LOI_without_TG,journal_article,OwncoverDOI/title/journal;allnativeprimaryTEXTpagesreviewed,,,held_outside_verified_target,,DEAEPN cotton120 Table4 afterMcSherry bath200EGDA10,,,,,,,,,,,,,,,,,,,,,,,Own publisher VOR,23.6,34,,,OwnTable4PDFp10;methodPDFp4,,,,,,,,,,,,,,,,,Flame retardancy of cotton textiles by plasma-induced graft-polymerization (PIGP),https://doi.org/10.1016/j.surfcoat.2006.05.002,NoSIcitedinallprimaryTEXTpages,,,McSherryboil4h0.5%Na3PO4.12H2O0.1%TritonX100approxliquorratio40:1,2006
10.1016/j.surfcoat.2006.05.002,,,28.5,,,,,,,,,,,,,,,Rawsourcefacts only;notpaired,2026-10-04,Codex complete native-text/table review;one primary reviewer,,Surface and Coatings Technology,All12ownprimaryTEXTpages. ExactTable3initial120gsmcottoncontrolandfivegraftsmapTable2monomer/bath/EGDA/graftloading;allhaveargon10K/minTG. SourceonsetcriterionunknownNOTT5/T10. NativeTable3charat1060Cconflictsmethod20-650C;sixresiduemetricsheldnotchangedto650. SixTable4initialgraftloadingsdifferfromTables2/3;notaliased. Eight120gsmandthree210gsmwashedLOIslackwashedTG;210gsmLOI-onlyandhistoricPANTable6notborrowed. NeatpolymerfilmTG570CnotfabricTG. Tonset-onlymatchesdifferenttriazine/MGHP/ASXPEAchemistriesnotduplicatedPIGPformulations;LOIsdiffer. NoSIcited/noimages.,cotton,Own bleached cotton textile fabric120g/m2;separate210gsmcohort;DHJInternational/CREAT suppliers not individually mapped,Own bleached cotton textile fabric120g/m2;separate210gsmcohort;DHJInternational/CREAT suppliers not individually mapped,Own bleached cotton textile fabric120g/m2;separate210gsmcohort;DHJInternational/CREAT suppliers not individually mapped,tabulated,,held_initial_graftloading_unmapped_TG,journal_article,OwncoverDOI/title/journal;allnativeprimaryTEXTpagesreviewed,,,held_outside_verified_target,,DEAEPN cotton120 Table4 initial G38.1,,,,,,,,,,,,,,,,,,,,,,,Own publisher VOR,,,,38.1,OwnTable4PDFp10/2608;differentGfromTables2/3,300,,,,,,,,,,,,,,,,Flame retardancy of cotton textiles by plasma-induced graft-polymerization (PIGP),https://doi.org/10.1016/j.surfcoat.2006.05.002,NoSIcitedinallprimaryTEXTpages,,,,2006
10.1016/j.surfcoat.2006.05.002,,,25,,,,,,,,,,,,,,,Rawsourcefacts only;notpaired,2026-10-04,Codex complete native-text/table review;one primary reviewer,,Surface and Coatings Technology,All12ownprimaryTEXTpages. ExactTable3initial120gsmcottoncontrolandfivegraftsmapTable2monomer/bath/EGDA/graftloading;allhaveargon10K/minTG. SourceonsetcriterionunknownNOTT5/T10. NativeTable3charat1060Cconflictsmethod20-650C;sixresiduemetricsheldnotchangedto650. SixTable4initialgraftloadingsdifferfromTables2/3;notaliased. Eight120gsmandthree210gsmwashedLOIslackwashedTG;210gsmLOI-onlyandhistoricPANTable6notborrowed. NeatpolymerfilmTG570CnotfabricTG. Tonset-onlymatchesdifferenttriazine/MGHP/ASXPEAchemistriesnotduplicatedPIGPformulations;LOIsdiffer. NoSIcited/noimages.,cotton,Own bleached cotton textile fabric120g/m2;separate210gsmcohort;DHJInternational/CREAT suppliers not individually mapped,Own bleached cotton textile fabric120g/m2;separate210gsmcohort;DHJInternational/CREAT suppliers not individually mapped,Own bleached cotton textile fabric120g/m2;separate210gsmcohort;DHJInternational/CREAT suppliers not individually mapped,tabulated,,held_washed_LOI_without_TG,journal_article,OwncoverDOI/title/journal;allnativeprimaryTEXTpagesreviewed,,,held_outside_verified_target,,DEAEPN cotton120 Table4 afterMcSherry bath300EGDANone,,,,,,,,,,,,,,,,,,,,,,,Own publisher VOR,17.8,38.1,,,OwnTable4PDFp10;methodPDFp4,,,,,,,,,,,,,,,,,Flame retardancy of cotton textiles by plasma-induced graft-polymerization (PIGP),https://doi.org/10.1016/j.surfcoat.2006.05.002,NoSIcitedinallprimaryTEXTpages,,,McSherryboil4h0.5%Na3PO4.12H2O0.1%TritonX100approxliquorratio40:1,2006
10.1016/j.surfcoat.2006.05.002,,,25.5,,,,,,,,,,,,,,,Rawsourcefacts only;notpaired,2026-10-04,Codex complete native-text/table review;one primary reviewer,,Surface and Coatings Technology,All12ownprimaryTEXTpages. ExactTable3initial120gsmcottoncontrolandfivegraftsmapTable2monomer/bath/EGDA/graftloading;allhaveargon10K/minTG. SourceonsetcriterionunknownNOTT5/T10. NativeTable3charat1060Cconflictsmethod20-650C;sixresiduemetricsheldnotchangedto650. SixTable4initialgraftloadingsdifferfromTables2/3;notaliased. Eight120gsmandthree210gsmwashedLOIslackwashedTG;210gsmLOI-onlyandhistoricPANTable6notborrowed. NeatpolymerfilmTG570CnotfabricTG. Tonset-onlymatchesdifferenttriazine/MGHP/ASXPEAchemistriesnotduplicatedPIGPformulations;LOIsdiffer. NoSIcited/noimages.,cotton,Own bleached cotton textile fabric120g/m2;separate210gsmcohort;DHJInternational/CREAT suppliers not individually mapped,Own bleached cotton textile fabric120g/m2;separate210gsmcohort;DHJInternational/CREAT suppliers not individually mapped,Own bleached cotton textile fabric120g/m2;separate210gsmcohort;DHJInternational/CREAT suppliers not individually mapped,tabulated,,held_washed_LOI_without_TG,journal_article,OwncoverDOI/title/journal;allnativeprimaryTEXTpagesreviewed,,,held_outside_verified_target,,DEAEPN cotton120 Table4 afterMcSherry bath300EGDA5,,,,,,,,,,,,,,,,,,,,,,,Own publisher VOR,25.4,38.6,,,OwnTable4PDFp10;methodPDFp4,,,,,,,,,,,,,,,,,Flame retardancy of cotton textiles by plasma-induced graft-polymerization (PIGP),https://doi.org/10.1016/j.surfcoat.2006.05.002,NoSIcitedinallprimaryTEXTpages,,,McSherryboil4h0.5%Na3PO4.12H2O0.1%TritonX100approxliquorratio40:1,2006
10.1016/j.surfcoat.2006.05.002,,,29.5,,,,,,,,,,,,,,,Rawsourcefacts only;notpaired,2026-10-04,Codex complete native-text/table review;one primary reviewer,,Surface and Coatings Technology,All12ownprimaryTEXTpages. ExactTable3initial120gsmcottoncontrolandfivegraftsmapTable2monomer/bath/EGDA/graftloading;allhaveargon10K/minTG. SourceonsetcriterionunknownNOTT5/T10. NativeTable3charat1060Cconflictsmethod20-650C;sixresiduemetricsheldnotchangedto650. SixTable4initialgraftloadingsdifferfromTables2/3;notaliased. Eight120gsmandthree210gsmwashedLOIslackwashedTG;210gsmLOI-onlyandhistoricPANTable6notborrowed. NeatpolymerfilmTG570CnotfabricTG. Tonset-onlymatchesdifferenttriazine/MGHP/ASXPEAchemistriesnotduplicatedPIGPformulations;LOIsdiffer. NoSIcited/noimages.,cotton,Own bleached cotton textile fabric120g/m2;separate210gsmcohort;DHJInternational/CREAT suppliers not individually mapped,Own bleached cotton textile fabric120g/m2;separate210gsmcohort;DHJInternational/CREAT suppliers not individually mapped,Own bleached cotton textile fabric120g/m2;separate210gsmcohort;DHJInternational/CREAT suppliers not individually mapped,tabulated,,held_initial_graftloading_unmapped_TG,journal_article,OwncoverDOI/title/journal;allnativeprimaryTEXTpagesreviewed,,,held_outside_verified_target,,BisDEAEPN cotton120 Table4 initial G29.8,,5,,,,,,,,,,,,,,,,,,,,,Own publisher VOR,,,,29.8,OwnTable4PDFp10/2608;differentGfromTables2/3,200,,,,,,,,,,,,,,,,Flame retardancy of cotton textiles by plasma-induced graft-polymerization (PIGP),https://doi.org/10.1016/j.surfcoat.2006.05.002,NoSIcitedinallprimaryTEXTpages,,,,2006
10.1016/j.surfcoat.2006.05.002,,,25,,,,,,,,,,,,,,,Rawsourcefacts only;notpaired,2026-10-04,Codex complete native-text/table review;one primary reviewer,,Surface and Coatings Technology,All12ownprimaryTEXTpages. ExactTable3initial120gsmcottoncontrolandfivegraftsmapTable2monomer/bath/EGDA/graftloading;allhaveargon10K/minTG. SourceonsetcriterionunknownNOTT5/T10. NativeTable3charat1060Cconflictsmethod20-650C;sixresiduemetricsheldnotchangedto650. SixTable4initialgraftloadingsdifferfromTables2/3;notaliased. Eight120gsmandthree210gsmwashedLOIslackwashedTG;210gsmLOI-onlyandhistoricPANTable6notborrowed. NeatpolymerfilmTG570CnotfabricTG. Tonset-onlymatchesdifferenttriazine/MGHP/ASXPEAchemistriesnotduplicatedPIGPformulations;LOIsdiffer. NoSIcited/noimages.,cotton,Own bleached cotton textile fabric120g/m2;separate210gsmcohort;DHJInternational/CREAT suppliers not individually mapped,Own bleached cotton textile fabric120g/m2;separate210gsmcohort;DHJInternational/CREAT suppliers not individually mapped,Own bleached cotton textile fabric120g/m2;separate210gsmcohort;DHJInternational/CREAT suppliers not individually mapped,tabulated,,held_washed_LOI_without_TG,journal_article,OwncoverDOI/title/journal;allnativeprimaryTEXTpagesreviewed,,,held_outside_verified_target,,BisDEAEPN cotton120 Table4 afterMcSherry bath200EGDA5,,,,,,,,,,,,,,,,,,,,,,,Own publisher VOR,26.7,29.8,,,OwnTable4PDFp10;methodPDFp4,,,,,,,,,,,,,,,,,Flame retardancy of cotton textiles by plasma-induced graft-polymerization (PIGP),https://doi.org/10.1016/j.surfcoat.2006.05.002,NoSIcitedinallprimaryTEXTpages,,,McSherryboil4h0.5%Na3PO4.12H2O0.1%TritonX100approxliquorratio40:1,2006
10.1016/j.surfcoat.2006.05.002,,,26.5,,,,,,,,,,,,,,,Rawsourcefacts only;notpaired,2026-10-04,Codex complete native-text/table review;one primary reviewer,,Surface and Coatings Technology,All12ownprimaryTEXTpages. ExactTable3initial120gsmcottoncontrolandfivegraftsmapTable2monomer/bath/EGDA/graftloading;allhaveargon10K/minTG. SourceonsetcriterionunknownNOTT5/T10. NativeTable3charat1060Cconflictsmethod20-650C;sixresiduemetricsheldnotchangedto650. SixTable4initialgraftloadingsdifferfromTables2/3;notaliased. Eight120gsmandthree210gsmwashedLOIslackwashedTG;210gsmLOI-onlyandhistoricPANTable6notborrowed. NeatpolymerfilmTG570CnotfabricTG. Tonset-onlymatchesdifferenttriazine/MGHP/ASXPEAchemistriesnotduplicatedPIGPformulations;LOIsdiffer. NoSIcited/noimages.,cotton,Ownbleachedcottontextilefabric210g/m2,Ownbleachedcottontextilefabric210g/m2,Ownbleachedcottontextilefabric210g/m2,tabulated,,held_cotton210_without_own_TG,journal_article,OwncoverDOI/title/journal;allnativeprimaryTEXTpagesreviewed,,,held_outside_verified_target,,DEAEP cotton210 Table5 initialbath300,,10,,,,,,,,,,,,,,,,,,,,,Own publisher VOR,,,,29.7,OwnTable5PDFp11/2609,300,,,,,,,,,,,,,,,,Flame retardancy of cotton textiles by plasma-induced graft-polymerization (PIGP),https://doi.org/10.1016/j.surfcoat.2006.05.002,NoSIcitedinallprimaryTEXTpages,,,initial;McSherryboil4hconditionsasprimarymethod,2006
10.1016/j.surfcoat.2006.05.002,,,25,,,,,,,,,,,,,,,Rawsourcefacts only;notpaired,2026-10-04,Codex complete native-text/table review;one primary reviewer,,Surface and Coatings Technology,All12ownprimaryTEXTpages. ExactTable3initial120gsmcottoncontrolandfivegraftsmapTable2monomer/bath/EGDA/graftloading;allhaveargon10K/minTG. SourceonsetcriterionunknownNOTT5/T10. NativeTable3charat1060Cconflictsmethod20-650C;sixresiduemetricsheldnotchangedto650. SixTable4initialgraftloadingsdifferfromTables2/3;notaliased. Eight120gsmandthree210gsmwashedLOIslackwashedTG;210gsmLOI-onlyandhistoricPANTable6notborrowed. NeatpolymerfilmTG570CnotfabricTG. Tonset-onlymatchesdifferenttriazine/MGHP/ASXPEAchemistriesnotduplicatedPIGPformulations;LOIsdiffer. NoSIcited/noimages.,cotton,Ownbleachedcottontextilefabric210g/m2,Ownbleachedcottontextilefabric210g/m2,Ownbleachedcottontextilefabric210g/m2,tabulated,,held_cotton210_without_own_TG,journal_article,OwncoverDOI/title/journal;allnativeprimaryTEXTpagesreviewed,,,held_outside_verified_target,,DEAEP cotton210 Table5 afterMcSherrybath300,,10,,,,,,,,,,,,,,,,,,,,,Own publisher VOR,,,,23.6,OwnTable5PDFp11/2609,300,,,,,,,,,,,,,,,,Flame retardancy of cotton textiles by plasma-induced graft-polymerization (PIGP),https://doi.org/10.1016/j.surfcoat.2006.05.002,NoSIcitedinallprimaryTEXTpages,,,afterMcSherry;McSherryboil4hconditionsasprimarymethod,2006
10.1016/j.surfcoat.2006.05.002,,,27.5,,,,,,,,,,,,,,,Rawsourcefacts only;notpaired,2026-10-04,Codex complete native-text/table review;one primary reviewer,,Surface and Coatings Technology,All12ownprimaryTEXTpages. ExactTable3initial120gsmcottoncontrolandfivegraftsmapTable2monomer/bath/EGDA/graftloading;allhaveargon10K/minTG. SourceonsetcriterionunknownNOTT5/T10. NativeTable3charat1060Cconflictsmethod20-650C;sixresiduemetricsheldnotchangedto650. SixTable4initialgraftloadingsdifferfromTables2/3;notaliased. Eight120gsmandthree210gsmwashedLOIslackwashedTG;210gsmLOI-onlyandhistoricPANTable6notborrowed. NeatpolymerfilmTG570CnotfabricTG. Tonset-onlymatchesdifferenttriazine/MGHP/ASXPEAchemistriesnotduplicatedPIGPformulations;LOIsdiffer. NoSIcited/noimages.,cotton,Ownbleachedcottontextilefabric210g/m2,Ownbleachedcottontextilefabric210g/m2,Ownbleachedcottontextilefabric210g/m2,tabulated,,held_cotton210_without_own_TG,journal_article,OwncoverDOI/title/journal;allnativeprimaryTEXTpagesreviewed,,,held_outside_verified_target,,DEAEPN cotton210 Table5 initialbath200,,10,,,,,,,,,,,,,,,,,,,,,Own publisher VOR,,,,18.8,OwnTable5PDFp11/2609,200,,,,,,,,,,,,,,,,Flame retardancy of cotton textiles by plasma-induced graft-polymerization (PIGP),https://doi.org/10.1016/j.surfcoat.2006.05.002,NoSIcitedinallprimaryTEXTpages,,,initial;McSherryboil4hconditionsasprimarymethod,2006
10.1016/j.surfcoat.2006.05.002,,,24,,,,,,,,,,,,,,,Rawsourcefacts only;notpaired,2026-10-04,Codex complete native-text/table review;one primary reviewer,,Surface and Coatings Technology,All12ownprimaryTEXTpages. ExactTable3initial120gsmcottoncontrolandfivegraftsmapTable2monomer/bath/EGDA/graftloading;allhaveargon10K/minTG. SourceonsetcriterionunknownNOTT5/T10. NativeTable3charat1060Cconflictsmethod20-650C;sixresiduemetricsheldnotchangedto650. SixTable4initialgraftloadingsdifferfromTables2/3;notaliased. Eight120gsmandthree210gsmwashedLOIslackwashedTG;210gsmLOI-onlyandhistoricPANTable6notborrowed. NeatpolymerfilmTG570CnotfabricTG. Tonset-onlymatchesdifferenttriazine/MGHP/ASXPEAchemistriesnotduplicatedPIGPformulations;LOIsdiffer. NoSIcited/noimages.,cotton,Ownbleachedcottontextilefabric210g/m2,Ownbleachedcottontextilefabric210g/m2,Ownbleachedcottontextilefabric210g/m2,tabulated,,held_cotton210_without_own_TG,journal_article,OwncoverDOI/title/journal;allnativeprimaryTEXTpagesreviewed,,,held_outside_verified_target,,DEAEPN cotton210 Table5 afterMcSherrybath200,,10,,,,,,,,,,,,,,,,,,,,,Own publisher VOR,,,,14.8,OwnTable5PDFp11/2609,200,,,,,,,,,,,,,,,,Flame retardancy of cotton textiles by plasma-induced graft-polymerization (PIGP),https://doi.org/10.1016/j.surfcoat.2006.05.002,NoSIcitedinallprimaryTEXTpages,,,afterMcSherry;McSherryboil4hconditionsasprimarymethod,2006
10.1016/j.surfcoat.2006.05.002,,,28.5,,,,,,,,,,,,,,,Rawsourcefacts only;notpaired,2026-10-04,Codex complete native-text/table review;one primary reviewer,,Surface and Coatings Technology,All12ownprimaryTEXTpages. ExactTable3initial120gsmcottoncontrolandfivegraftsmapTable2monomer/bath/EGDA/graftloading;allhaveargon10K/minTG. SourceonsetcriterionunknownNOTT5/T10. NativeTable3charat1060Cconflictsmethod20-650C;sixresiduemetricsheldnotchangedto650. SixTable4initialgraftloadingsdifferfromTables2/3;notaliased. Eight120gsmandthree210gsmwashedLOIslackwashedTG;210gsmLOI-onlyandhistoricPANTable6notborrowed. NeatpolymerfilmTG570CnotfabricTG. Tonset-onlymatchesdifferenttriazine/MGHP/ASXPEAchemistriesnotduplicatedPIGPformulations;LOIsdiffer. NoSIcited/noimages.,cotton,Ownbleachedcottontextilefabric210g/m2,Ownbleachedcottontextilefabric210g/m2,Ownbleachedcottontextilefabric210g/m2,tabulated,,held_cotton210_without_own_TG,journal_article,OwncoverDOI/title/journal;allnativeprimaryTEXTpagesreviewed,,,held_outside_verified_target,,DEAEPN cotton210 Table5 initialbath300,,10,,,,,,,,,,,,,,,,,,,,,Own publisher VOR,,,,29,OwnTable5PDFp11/2609,300,,,,,,,,,,,,,,,,Flame retardancy of cotton textiles by plasma-induced graft-polymerization (PIGP),https://doi.org/10.1016/j.surfcoat.2006.05.002,NoSIcitedinallprimaryTEXTpages,,,initial;McSherryboil4hconditionsasprimarymethod,2006
10.1016/j.surfcoat.2006.05.002,,,24.5,,,,,,,,,,,,,,,Rawsourcefacts only;notpaired,2026-10-04,Codex complete native-text/table review;one primary reviewer,,Surface and Coatings Technology,All12ownprimaryTEXTpages. ExactTable3initial120gsmcottoncontrolandfivegraftsmapTable2monomer/bath/EGDA/graftloading;allhaveargon10K/minTG. SourceonsetcriterionunknownNOTT5/T10. NativeTable3charat1060Cconflictsmethod20-650C;sixresiduemetricsheldnotchangedto650. SixTable4initialgraftloadingsdifferfromTables2/3;notaliased. Eight120gsmandthree210gsmwashedLOIslackwashedTG;210gsmLOI-onlyandhistoricPANTable6notborrowed. NeatpolymerfilmTG570CnotfabricTG. Tonset-onlymatchesdifferenttriazine/MGHP/ASXPEAchemistriesnotduplicatedPIGPformulations;LOIsdiffer. NoSIcited/noimages.,cotton,Ownbleachedcottontextilefabric210g/m2,Ownbleachedcottontextilefabric210g/m2,Ownbleachedcottontextilefabric210g/m2,tabulated,,held_cotton210_without_own_TG,journal_article,OwncoverDOI/title/journal;allnativeprimaryTEXTpagesreviewed,,,held_outside_verified_target,,DEAEPN cotton210 Table5 afterMcSherrybath300,,10,,,,,,,,,,,,,,,,,,,,,Own publisher VOR,,,,22.9,OwnTable5PDFp11/2609,300,,,,,,,,,,,,,,,,Flame retardancy of cotton textiles by plasma-induced graft-polymerization (PIGP),https://doi.org/10.1016/j.surfcoat.2006.05.002,NoSIcitedinallprimaryTEXTpages,,,afterMcSherry;McSherryboil4hconditionsasprimarymethod,2006
10.1016/j.surfcoat.2006.05.002,,,18.5,,,,,,,,,,,,,,,Rawsourcefacts only;notpaired,2026-10-04,Codex complete native-text/table review;one primary reviewer,,Surface and Coatings Technology,All12ownprimaryTEXTpages. ExactTable3initial120gsmcottoncontrolandfivegraftsmapTable2monomer/bath/EGDA/graftloading;allhaveargon10K/minTG. SourceonsetcriterionunknownNOTT5/T10. NativeTable3charat1060Cconflictsmethod20-650C;sixresiduemetricsheldnotchangedto650. SixTable4initialgraftloadingsdifferfromTables2/3;notaliased. Eight120gsmandthree210gsmwashedLOIslackwashedTG;210gsmLOI-onlyandhistoricPANTable6notborrowed. NeatpolymerfilmTG570CnotfabricTG. Tonset-onlymatchesdifferenttriazine/MGHP/ASXPEAchemistriesnotduplicatedPIGPformulations;LOIsdiffer. NoSIcited/noimages.,cotton,HistoricPANtextilefabric300g/m2,HistoricPANtextilefabric300g/m2,HistoricPANtextilefabric300g/m2,tabulated,,held_historic_comparator_not_new_pair,journal_article,OwncoverDOI/title/journal;allnativeprimaryTEXTpagesreviewed,,,held_outside_verified_target,,PAN untreated historicTable6,,,,,,,,,,,,,,,,,,,,,,,Own publisher VOR,,,,,OwnTable6PDFp11/2609;explicitpreviousRefs10/11,,,,,,,,,,,58.3,,PreviouslypublishedPANcomparisonnotnewowncottonexperiment;revieworiginalRefs10/11beforeanycount,,,,Flame retardancy of cotton textiles by plasma-induced graft-polymerization (PIGP),https://doi.org/10.1016/j.surfcoat.2006.05.002,NoSIcitedinallprimaryTEXTpages,,,,2006
10.1016/j.surfcoat.2006.05.002,,,22,,,,,,,,,,,,,,,Rawsourcefacts only;notpaired,2026-10-04,Codex complete native-text/table review;one primary reviewer,,Surface and Coatings Technology,All12ownprimaryTEXTpages. ExactTable3initial120gsmcottoncontrolandfivegraftsmapTable2monomer/bath/EGDA/graftloading;allhaveargon10K/minTG. SourceonsetcriterionunknownNOTT5/T10. NativeTable3charat1060Cconflictsmethod20-650C;sixresiduemetricsheldnotchangedto650. SixTable4initialgraftloadingsdifferfromTables2/3;notaliased. Eight120gsmandthree210gsmwashedLOIslackwashedTG;210gsmLOI-onlyandhistoricPANTable6notborrowed. NeatpolymerfilmTG570CnotfabricTG. Tonset-onlymatchesdifferenttriazine/MGHP/ASXPEAchemistriesnotduplicatedPIGPformulations;LOIsdiffer. NoSIcited/noimages.,cotton,HistoricPANtextilefabric300g/m2,HistoricPANtextilefabric300g/m2,HistoricPANtextilefabric300g/m2,tabulated,,held_historic_comparator_not_new_pair,journal_article,OwncoverDOI/title/journal;allnativeprimaryTEXTpagesreviewed,,,held_outside_verified_target,,PAN DEAEP historicTable6,,,,,,,,,,,2,,,,,,,,,,,,Own publisher VOR,,,,24.2,OwnTable6PDFp11/2609;explicitpreviousRefs10/11,,,,,,,,,,,61,,PreviouslypublishedPANcomparisonnotnewowncottonexperiment;revieworiginalRefs10/11beforeanycount,,,,Flame retardancy of cotton textiles by plasma-induced graft-polymerization (PIGP),https://doi.org/10.1016/j.surfcoat.2006.05.002,NoSIcitedinallprimaryTEXTpages,,,,2006
10.1016/j.surfcoat.2006.05.002,,,24.5,,,,,,,,,,,,,,,Rawsourcefacts only;notpaired,2026-10-04,Codex complete native-text/table review;one primary reviewer,,Surface and Coatings Technology,All12ownprimaryTEXTpages. ExactTable3initial120gsmcottoncontrolandfivegraftsmapTable2monomer/bath/EGDA/graftloading;allhaveargon10K/minTG. SourceonsetcriterionunknownNOTT5/T10. NativeTable3charat1060Cconflictsmethod20-650C;sixresiduemetricsheldnotchangedto650. SixTable4initialgraftloadingsdifferfromTables2/3;notaliased. Eight120gsmandthree210gsmwashedLOIslackwashedTG;210gsmLOI-onlyandhistoricPANTable6notborrowed. NeatpolymerfilmTG570CnotfabricTG. Tonset-onlymatchesdifferenttriazine/MGHP/ASXPEAchemistriesnotduplicatedPIGPformulations;LOIsdiffer. NoSIcited/noimages.,cotton,HistoricPANtextilefabric300g/m2,HistoricPANtextilefabric300g/m2,HistoricPANtextilefabric300g/m2,tabulated,,held_historic_comparator_not_new_pair,journal_article,OwncoverDOI/title/journal;allnativeprimaryTEXTpagesreviewed,,,held_outside_verified_target,,PAN DMAMP historicTable6,,,,,,,,,,,3,,,,,,,,,,,,Own publisher VOR,,,,28,OwnTable6PDFp11/2609;explicitpreviousRefs10/11,,,,,,,,,,,65,,PreviouslypublishedPANcomparisonnotnewowncottonexperiment;revieworiginalRefs10/11beforeanycount,,,,Flame retardancy of cotton textiles by plasma-induced graft-polymerization (PIGP),https://doi.org/10.1016/j.surfcoat.2006.05.002,NoSIcitedinallprimaryTEXTpages,,,,2006
10.1016/j.surfcoat.2006.05.002,,,23.5,,,,,,,,,,,,,,,Rawsourcefacts only;notpaired,2026-10-04,Codex complete native-text/table review;one primary reviewer,,Surface and Coatings Technology,All12ownprimaryTEXTpages. ExactTable3initial120gsmcottoncontrolandfivegraftsmapTable2monomer/bath/EGDA/graftloading;allhaveargon10K/minTG. SourceonsetcriterionunknownNOTT5/T10. NativeTable3charat1060Cconflictsmethod20-650C;sixresiduemetricsheldnotchangedto650. SixTable4initialgraftloadingsdifferfromTables2/3;notaliased. Eight120gsmandthree210gsmwashedLOIslackwashedTG;210gsmLOI-onlyandhistoricPANTable6notborrowed. NeatpolymerfilmTG570CnotfabricTG. Tonset-onlymatchesdifferenttriazine/MGHP/ASXPEAchemistriesnotduplicatedPIGPformulations;LOIsdiffer. NoSIcited/noimages.,cotton,HistoricPANtextilefabric300g/m2,HistoricPANtextilefabric300g/m2,HistoricPANtextilefabric300g/m2,tabulated,,held_historic_comparator_not_new_pair,journal_article,OwncoverDOI/title/journal;allnativeprimaryTEXTpagesreviewed,,,held_outside_verified_target,,PAN DEAEPN historicTable6,,,,,,,,,,,2.78,,,,,,,,,,,,Own publisher VOR,,,,34.4,OwnTable6PDFp11/2609;explicitpreviousRefs10/11,,,,,,,,,,,,,PreviouslypublishedPANcomparisonnotnewowncottonexperiment;revieworiginalRefs10/11beforeanycount,,,,Flame retardancy of cotton textiles by plasma-induced graft-polymerization (PIGP),https://doi.org/10.1016/j.surfcoat.2006.05.002,NoSIcitedinallprimaryTEXTpages,,,,2006
10.1016/j.surfcoat.2006.05.002,,,19,,,,,,,,,,,,,,,Rawsourcefacts only;notpaired,2026-10-04,Codex complete native-text/table review;one primary reviewer,,Surface and Coatings Technology,All12ownprimaryTEXTpages. ExactTable3initial120gsmcottoncontrolandfivegraftsmapTable2monomer/bath/EGDA/graftloading;allhaveargon10K/minTG. SourceonsetcriterionunknownNOTT5/T10. NativeTable3charat1060Cconflictsmethod20-650C;sixresiduemetricsheldnotchangedto650. SixTable4initialgraftloadingsdifferfromTables2/3;notaliased. Eight120gsmandthree210gsmwashedLOIslackwashedTG;210gsmLOI-onlyandhistoricPANTable6notborrowed. NeatpolymerfilmTG570CnotfabricTG. Tonset-onlymatchesdifferenttriazine/MGHP/ASXPEAchemistriesnotduplicatedPIGPformulations;LOIsdiffer. NoSIcited/noimages.,cotton,Owncottontextilefabric210g/m2,Owncottontextilefabric210g/m2,Owncottontextilefabric210g/m2,tabulated,,held_cotton210_LOI_without_TG,journal_article,OwncoverDOI/title/journal;allnativeprimaryTEXTpagesreviewed,,,held_outside_verified_target,,Untreated cotton210 Table6,,,,,,,,,,,,,,,,,,,,,,,Own publisher VOR,,,,,OwnTable6PDFp11/2609;cottonresiduesnativeDASH,,,,,,,,,,,,,,,,,Flame retardancy of cotton textiles by plasma-induced graft-polymerization (PIGP),https://doi.org/10.1016/j.surfcoat.2006.05.002,NoSIcitedinallprimaryTEXTpages,,,,2006
10.1016/j.surfcoat.2006.05.002,,,26.5,,,,,,,,,,,,,,,Rawsourcefacts only;notpaired,2026-10-04,Codex complete native-text/table review;one primary reviewer,,Surface and Coatings Technology,All12ownprimaryTEXTpages. ExactTable3initial120gsmcottoncontrolandfivegraftsmapTable2monomer/bath/EGDA/graftloading;allhaveargon10K/minTG. SourceonsetcriterionunknownNOTT5/T10. NativeTable3charat1060Cconflictsmethod20-650C;sixresiduemetricsheldnotchangedto650. SixTable4initialgraftloadingsdifferfromTables2/3;notaliased. Eight120gsmandthree210gsmwashedLOIslackwashedTG;210gsmLOI-onlyandhistoricPANTable6notborrowed. NeatpolymerfilmTG570CnotfabricTG. Tonset-onlymatchesdifferenttriazine/MGHP/ASXPEAchemistriesnotduplicatedPIGPformulations;LOIsdiffer. NoSIcited/noimages.,cotton,Owncottontextilefabric210g/m2,Owncottontextilefabric210g/m2,Owncottontextilefabric210g/m2,tabulated,,held_cotton210_LOI_without_TG,journal_article,OwncoverDOI/title/journal;allnativeprimaryTEXTpagesreviewed,,,held_outside_verified_target,,DEAEP cotton210 Table6,,,,,,,,,,,2.68,,,,,,,,,,,,Own publisher VOR,,,,27.8,OwnTable6PDFp11/2609;cottonresiduesnativeDASH,,,,,,,,,,,,,,,,,Flame retardancy of cotton textiles by plasma-induced graft-polymerization (PIGP),https://doi.org/10.1016/j.surfcoat.2006.05.002,NoSIcitedinallprimaryTEXTpages,,,,2006
10.1016/j.surfcoat.2006.05.002,,,25.5,,,,,,,,,,,,,,,Rawsourcefacts only;notpaired,2026-10-04,Codex complete native-text/table review;one primary reviewer,,Surface and Coatings Technology,All12ownprimaryTEXTpages. ExactTable3initial120gsmcottoncontrolandfivegraftsmapTable2monomer/bath/EGDA/graftloading;allhaveargon10K/minTG. SourceonsetcriterionunknownNOTT5/T10. NativeTable3charat1060Cconflictsmethod20-650C;sixresiduemetricsheldnotchangedto650. SixTable4initialgraftloadingsdifferfromTables2/3;notaliased. Eight120gsmandthree210gsmwashedLOIslackwashedTG;210gsmLOI-onlyandhistoricPANTable6notborrowed. NeatpolymerfilmTG570CnotfabricTG. Tonset-onlymatchesdifferenttriazine/MGHP/ASXPEAchemistriesnotduplicatedPIGPformulations;LOIsdiffer. NoSIcited/noimages.,cotton,Owncottontextilefabric210g/m2,Owncottontextilefabric210g/m2,Owncottontextilefabric210g/m2,tabulated,,held_cotton210_LOI_without_TG,journal_article,OwncoverDOI/title/journal;allnativeprimaryTEXTpagesreviewed,,,held_outside_verified_target,,DMAMP cotton210 Table6,,,,,,,,,,,2.37,,,,,,,,,,,,Own publisher VOR,,,,23.1,OwnTable6PDFp11/2609;cottonresiduesnativeDASH,,,,,,,,,,,,,,,,,Flame retardancy of cotton textiles by plasma-induced graft-polymerization (PIGP),https://doi.org/10.1016/j.surfcoat.2006.05.002,NoSIcitedinallprimaryTEXTpages,,,,2006
10.1016/j.surfcoat.2006.05.002,,,27.5,,,,,,,,,,,,,,,Rawsourcefacts only;notpaired,2026-10-04,Codex complete native-text/table review;one primary reviewer,,Surface and Coatings Technology,All12ownprimaryTEXTpages. ExactTable3initial120gsmcottoncontrolandfivegraftsmapTable2monomer/bath/EGDA/graftloading;allhaveargon10K/minTG. SourceonsetcriterionunknownNOTT5/T10. NativeTable3charat1060Cconflictsmethod20-650C;sixresiduemetricsheldnotchangedto650. SixTable4initialgraftloadingsdifferfromTables2/3;notaliased. Eight120gsmandthree210gsmwashedLOIslackwashedTG;210gsmLOI-onlyandhistoricPANTable6notborrowed. NeatpolymerfilmTG570CnotfabricTG. Tonset-onlymatchesdifferenttriazine/MGHP/ASXPEAchemistriesnotduplicatedPIGPformulations;LOIsdiffer. NoSIcited/noimages.,cotton,Owncottontextilefabric210g/m2,Owncottontextilefabric210g/m2,Owncottontextilefabric210g/m2,tabulated,,held_cotton210_LOI_without_TG,journal_article,OwncoverDOI/title/journal;allnativeprimaryTEXTpagesreviewed,,,held_outside_verified_target,,DEAEPN cotton210 Table6,,,,,,,,,,,2.63,,,,,,,,,,,,Own publisher VOR,,,,31,OwnTable6PDFp11/2609;cottonresiduesnativeDASH,,,,,,,,,,,,,,,,,Flame retardancy of cotton textiles by plasma-induced graft-polymerization (PIGP),https://doi.org/10.1016/j.surfcoat.2006.05.002,NoSIcitedinallprimaryTEXTpages,,,,2006
10.1016/j.surfcoat.2006.05.002,,,,,,,,,,,,,,,,,,Rawsourcefacts only;notpaired,2026-10-04,Codex complete native-text/table review;one primary reviewer,,Surface and Coatings Technology,All12ownprimaryTEXTpages. ExactTable3initial120gsmcottoncontrolandfivegraftsmapTable2monomer/bath/EGDA/graftloading;allhaveargon10K/minTG. SourceonsetcriterionunknownNOTT5/T10. NativeTable3charat1060Cconflictsmethod20-650C;sixresiduemetricsheldnotchangedto650. SixTable4initialgraftloadingsdifferfromTables2/3;notaliased. Eight120gsmandthree210gsmwashedLOIslackwashedTG;210gsmLOI-onlyandhistoricPANTable6notborrowed. NeatpolymerfilmTG570CnotfabricTG. Tonset-onlymatchesdifferenttriazine/MGHP/ASXPEAchemistriesnotduplicatedPIGPformulations;LOIsdiffer. NoSIcited/noimages.,cotton,Neatplasma-polymerizedfilmnotfabric,Unreported,Neatplasma-polymerizedfilmnotfabric,held_source_facts,,held_neat_polymer_not_fabric_pair,journal_article,OwncoverDOI/title/journal;allnativeprimaryTEXTpagesreviewed,,,held_outside_verified_target,,polyDEMEP neatfilm,,,,,,,,,,,,,,,,,,,,,,,Own publisher VOR,,,,,OwnPDFp6-7/2604-2605neatfilmTG,,,,,,Approxstart230;peaks260/310;R570approx19.5,,,,,,,,,,,Flame retardancy of cotton textiles by plasma-induced graft-polymerization (PIGP),https://doi.org/10.1016/j.surfcoat.2006.05.002,NoSIcitedinallprimaryTEXTpages,,,,2006
10.1016/j.surfcoat.2006.05.002,,,,,,,,,,,,,,,,,,Rawsourcefacts only;notpaired,2026-10-04,Codex complete native-text/table review;one primary reviewer,,Surface and Coatings Technology,All12ownprimaryTEXTpages. ExactTable3initial120gsmcottoncontrolandfivegraftsmapTable2monomer/bath/EGDA/graftloading;allhaveargon10K/minTG. SourceonsetcriterionunknownNOTT5/T10. NativeTable3charat1060Cconflictsmethod20-650C;sixresiduemetricsheldnotchangedto650. SixTable4initialgraftloadingsdifferfromTables2/3;notaliased. Eight120gsmandthree210gsmwashedLOIslackwashedTG;210gsmLOI-onlyandhistoricPANTable6notborrowed. NeatpolymerfilmTG570CnotfabricTG. Tonset-onlymatchesdifferenttriazine/MGHP/ASXPEAchemistriesnotduplicatedPIGPformulations;LOIsdiffer. NoSIcited/noimages.,cotton,Neatplasma-polymerizedfilmnotfabric,Unreported,Neatplasma-polymerizedfilmnotfabric,held_source_facts,,held_neat_polymer_not_fabric_pair,journal_article,OwncoverDOI/title/journal;allnativeprimaryTEXTpagesreviewed,,,held_outside_verified_target,,polyDEAEP neatfilm,,,,,,,,,,,,,,,,,,,,,,,Own publisher VOR,,,,,OwnPDFp6-7/2604-2605neatfilmTG,,,,,,Approxstart235;peaks266/310;R570approx31.2,,,,,,,,,,,Flame retardancy of cotton textiles by plasma-induced graft-polymerization (PIGP),https://doi.org/10.1016/j.surfcoat.2006.05.002,NoSIcitedinallprimaryTEXTpages,,,,2006
10.1016/j.surfcoat.2006.05.002,,,,,,,,,,,,,,,,,,Rawsourcefacts only;notpaired,2026-10-04,Codex complete native-text/table review;one primary reviewer,,Surface and Coatings Technology,All12ownprimaryTEXTpages. ExactTable3initial120gsmcottoncontrolandfivegraftsmapTable2monomer/bath/EGDA/graftloading;allhaveargon10K/minTG. SourceonsetcriterionunknownNOTT5/T10. NativeTable3charat1060Cconflictsmethod20-650C;sixresiduemetricsheldnotchangedto650. SixTable4initialgraftloadingsdifferfromTables2/3;notaliased. Eight120gsmandthree210gsmwashedLOIslackwashedTG;210gsmLOI-onlyandhistoricPANTable6notborrowed. NeatpolymerfilmTG570CnotfabricTG. Tonset-onlymatchesdifferenttriazine/MGHP/ASXPEAchemistriesnotduplicatedPIGPformulations;LOIsdiffer. NoSIcited/noimages.,cotton,Neatplasma-polymerizedfilmnotfabric,Unreported,Neatplasma-polymerizedfilmnotfabric,held_source_facts,,held_neat_polymer_not_fabric_pair,journal_article,OwncoverDOI/title/journal;allnativeprimaryTEXTpagesreviewed,,,held_outside_verified_target,,polyDEAMP neatfilm,,,,,,,,,,,,,,,,,,,,,,,Own publisher VOR,,,,,OwnPDFp6-7/2604-2605neatfilmTG,,,,,,Start240;peaks290/310;R570approx32.1,,,,,,,,,,,Flame retardancy of cotton textiles by plasma-induced graft-polymerization (PIGP),https://doi.org/10.1016/j.surfcoat.2006.05.002,NoSIcitedinallprimaryTEXTpages,,,,2006
10.1016/j.surfcoat.2006.05.002,,,,,,,,,,,,,,,,,,Rawsourcefacts only;notpaired,2026-10-04,Codex complete native-text/table review;one primary reviewer,,Surface and Coatings Technology,All12ownprimaryTEXTpages. ExactTable3initial120gsmcottoncontrolandfivegraftsmapTable2monomer/bath/EGDA/graftloading;allhaveargon10K/minTG. SourceonsetcriterionunknownNOTT5/T10. NativeTable3charat1060Cconflictsmethod20-650C;sixresiduemetricsheldnotchangedto650. SixTable4initialgraftloadingsdifferfromTables2/3;notaliased. Eight120gsmandthree210gsmwashedLOIslackwashedTG;210gsmLOI-onlyandhistoricPANTable6notborrowed. NeatpolymerfilmTG570CnotfabricTG. Tonset-onlymatchesdifferenttriazine/MGHP/ASXPEAchemistriesnotduplicatedPIGPformulations;LOIsdiffer. NoSIcited/noimages.,cotton,Neatplasma-polymerizedfilmnotfabric,Unreported,Neatplasma-polymerizedfilmnotfabric,held_source_facts,,held_neat_polymer_not_fabric_pair,journal_article,OwncoverDOI/title/journal;allnativeprimaryTEXTpagesreviewed,,,held_outside_verified_target,,polyDMAMP neatfilm,,,,,,,,,,,,,,,,,,,,,,,Own publisher VOR,,,,,OwnPDFp6-7/2604-2605neatfilmTG,,,,,,Start244;peak324;R570approx40.0,,,,,,,,,,,Flame retardancy of cotton textiles by plasma-induced graft-polymerization (PIGP),https://doi.org/10.1016/j.surfcoat.2006.05.002,NoSIcitedinallprimaryTEXTpages,,,,2006
10.1016/j.surfcoat.2006.05.002,,,,,,,,,,,,,,,,,,Rawsourcefacts only;notpaired,2026-10-04,Codex complete native-text/table review;one primary reviewer,,Surface and Coatings Technology,All12ownprimaryTEXTpages. ExactTable3initial120gsmcottoncontrolandfivegraftsmapTable2monomer/bath/EGDA/graftloading;allhaveargon10K/minTG. SourceonsetcriterionunknownNOTT5/T10. NativeTable3charat1060Cconflictsmethod20-650C;sixresiduemetricsheldnotchangedto650. SixTable4initialgraftloadingsdifferfromTables2/3;notaliased. Eight120gsmandthree210gsmwashedLOIslackwashedTG;210gsmLOI-onlyandhistoricPANTable6notborrowed. NeatpolymerfilmTG570CnotfabricTG. Tonset-onlymatchesdifferenttriazine/MGHP/ASXPEAchemistriesnotduplicatedPIGPformulations;LOIsdiffer. NoSIcited/noimages.,cotton,Neatplasma-polymerizedfilmnotfabric,Unreported,Neatplasma-polymerizedfilmnotfabric,held_source_facts,,held_neat_polymer_not_fabric_pair,journal_article,OwncoverDOI/title/journal;allnativeprimaryTEXTpagesreviewed,,,held_outside_verified_target,,polyDEAEPN neatfilm,,,,,,,,,,,,,,,,,,,,,,,Own publisher VOR,,,,,OwnPDFp6-7/2604-2605neatfilmTG,,,,,,Approxstart215;peaks240/304/368;R570approx34.2,,,,,,,,,,,Flame retardancy of cotton textiles by plasma-induced graft-polymerization (PIGP),https://doi.org/10.1016/j.surfcoat.2006.05.002,NoSIcitedinallprimaryTEXTpages,,,,2006
10.1016/j.surfcoat.2006.05.002,,,,,,,,,,,,,,,,,,Rawsourcefacts only;notpaired,2026-10-04,Codex complete native-text/table review;one primary reviewer,,Surface and Coatings Technology,All12ownprimaryTEXTpages. ExactTable3initial120gsmcottoncontrolandfivegraftsmapTable2monomer/bath/EGDA/graftloading;allhaveargon10K/minTG. SourceonsetcriterionunknownNOTT5/T10. NativeTable3charat1060Cconflictsmethod20-650C;sixresiduemetricsheldnotchangedto650. SixTable4initialgraftloadingsdifferfromTables2/3;notaliased. Eight120gsmandthree210gsmwashedLOIslackwashedTG;210gsmLOI-onlyandhistoricPANTable6notborrowed. NeatpolymerfilmTG570CnotfabricTG. Tonset-onlymatchesdifferenttriazine/MGHP/ASXPEAchemistriesnotduplicatedPIGPformulations;LOIsdiffer. NoSIcited/noimages.,cotton,Neatplasma-polymerizedfilmnotfabric,Unreported,Neatplasma-polymerizedfilmnotfabric,held_source_facts,,held_neat_polymer_not_fabric_pair,journal_article,OwncoverDOI/title/journal;allnativeprimaryTEXTpagesreviewed,,,held_outside_verified_target,,polyBisDEAEPN neatfilm,,,,,,,,,,,,,,,,,,,,,,,Own publisher VOR,,,,,OwnPDFp6-7/2604-2605neatfilmTG,,,,,,Approxstart204;peaks231/266;R570approx29.6,,,,,,,,,,,Flame retardancy of cotton textiles by plasma-induced graft-polymerization (PIGP),https://doi.org/10.1016/j.surfcoat.2006.05.002,NoSIcitedinallprimaryTEXTpages,,,,2006
